player_id,assists,attemptatgoal,attemptatgoalagainstontarget,attemptatgoalblocked,attemptatgoalfromballprogression,attemptatgoalfromcorner,attemptatgoalfromcross,attemptatgoalfromfreekick,attemptatgoalfromfreekicks,attemptatgoalfromother,attemptatgoalfrompass,attemptatgoalfrompenalty,attemptatgoalfromrebound,attemptatgoalinsidethepenaltyarea,attemptatgoalinsidethepenaltyareaontarget,attemptatgoalofftarget,attemptatgoalontarget,attemptatgoaloutsidethepenaltyarea,attemptatgoaloutsidethepenaltyareaontarget,attemptedballprogressions,attemptedswitchesofplay,avgspeed,completedballprogressions,completedswitchesofplay,corners,crosses,crossescompleted,defensivepressuresapplied,directdefensivepressuresapplied,directfreekicks,directredcards,distancehighspeedrunning,distancehighspeedsprinting,distancejogging,distancelowspeedsprinting,distancewalking,distributionscompletedunderpressure,distributionsunderpressure,forcedturnovers,foulsagainst,foulsfor,freekicks,gksaves,gksavesontarget,goalkeeperdefensiveactionsinsidepenaltyarea,goalkeeperdefensiveactionsoutsidepenaltyarea,goalkeepersavepercentage,goalkeepersaves,goalkeepersavesontarget,goalkicks,goals,goalsfromdirectfreekicks,goalsinsidethepenaltyarea,goalsoutsidethepenaltyarea,headedattemptatgoal,indirectfreekicks,indirectredcards,linebreaksattempted,linebreaksattemptedalllines,linebreaksattemptedattackingandmidfieldline,linebreaksattemptedattackingline,linebreaksattemptedattackinglinecompleted,linebreaksattemptedattackinglinecompletedonly,linebreaksattemptedattackinglineonly,linebreaksattemptedcompleted,linebreaksattempteddefensiveline,linebreaksattempteddefensivelinecompleted,linebreaksattempteddefensivelinecompletedonly,linebreaksattempteddefensivelineonly,linebreaksattemptedmidfieldanddefensiveline,linebreaksattemptedmidfieldline,linebreaksattemptedmidfieldlinecompleted,linebreaksattemptedmidfieldlinecompletedonly,linebreaksattemptedmidfieldlineonly,linebreaksattemptedunderpressure,linebreakscompletedalllines,linebreakscompletedattackingandmidfieldline,linebreakscompletedmidfieldanddefensiveline,linebreakscompletedunderpressure,matchesplayed,numberofinvolvements,numberofpossessionsequences,numberofshotendingsequences,offerstoreceiveinbehind,offerstoreceiveinbetween,offerstoreceiveinfront,offerstoreceiveinside,offerstoreceiveoutside,offerstoreceivetotal,offsides,owngoals,passes,passescompleted,penalties,penaltiesscored,receivedofferstoreceive,receptionsbetweenmidfieldanddefensiveline,receptionsinbehind,receptionsunderdirectpressure,receptionsunderindirectpressure,receptionsundernopressure,receptionsunderpressure,redcards,speedruns,sprints,substitutionsin,substitutionsout,takeonscompleted,threat,throwins,timeplayed,topspeed,totaldistance,xg,yellowcards
174595,0.0,0.0,0.0,0.0,,,,,0.0,,,,,0.0,0.0,0.0,0.0,0.0,0.0,,,,,,0.0,0.0,0.0,,,0.0,0.0,,,,,,,,,0.0,0.0,0.0,,,,,0.0,0.0,0.0,0.0,0.0,0.0,0.0,0.0,0.0,0.0,0.0,,,,,,,,,,,,,,,,,,,,,,,1.0,,,,,,,,,,0.0,0.0,0.0,0.0,0.0,0.0,,,,,,,,0.0,,,0.0,0.0,,,0.0,,,,,1.0
177662,0.0,0.0,0.0,0.0,,,,,0.0,,,,,0.0,0.0,0.0,0.0,0.0,0.0,,,,,,0.0,0.0,0.0,,,0.0,0.0,,,,,,,,,0.0,0.0,0.0,,,,,0.0,0.0,0.0,0.0,0.0,0.0,0.0,0.0,0.0,0.0,0.0,,,,,,,,,,,,,,,,,,,,,,,1.0,,,,,,,,,,0.0,0.0,0.0,0.0,0.0,0.0,,,,,,,,0.0,,,0.0,0.0,,,0.0,,,,,1.0
179063,0.0,0.0,0.0,0.0,,,,,0.0,,,,,0.0,0.0,0.0,0.0,0.0,0.0,,,,,,0.0,0.0,0.0,,,0.0,0.0,,,,,,,,,0.0,0.0,0.0,,,,,0.0,0.0,0.0,0.0,0.0,0.0,0.0,0.0,0.0,0.0,0.0,,,,,,,,,,,,,,,,,,,,,,,1.0,,,,,,,,,,0.0,0.0,0.0,0.0,0.0,0.0,,,,,,,,0.0,,,0.0,0.0,,,0.0,,,,,1.0
197936,0.0,0.0,0.0,0.0,,,,,0.0,,,,,0.0,0.0,0.0,0.0,0.0,0.0,,,,,,0.0,0.0,0.0,,,0.0,0.0,,,,,,,,,0.0,0.0,0.0,,,,,0.0,0.0,0.0,0.0,0.0,0.0,0.0,0.0,0.0,0.0,0.0,,,,,,,,,,,,,,,,,,,,,,,1.0,,,,,,,,,,0.0,0.0,0.0,0.0,0.0,0.0,,,,,,,,0.0,,,0.0,0.0,,,0.0,,,,,1.0
201200,0.0,18.0,0.0,3.0,0.0,0.0,5.0,2.0,2.0,2.0,6.0,1.0,1.0,15.0,8.0,4.0,9.0,3.0,1.0,2.0,0.0,5.071200370788574,1.0,0.0,0.0,1.0,0.0,72.0,6.0,3.0,0.0,3577.159912109375,695.4500122070312,15116.43017578125,1801.27001953125,20313.741455078125,53.0,83.0,7.0,2.0,5.0,3.0,0.0,0.0,0.0,0.0,0.0,0.0,0.0,0.0,3.0,0.0,3.0,0.0,0.0,0.0,0.0,17.0,2.0,0.0,2.0,0.0,0.0,0.0,10.0,4.0,1.0,1.0,2.0,0.0,11.0,9.0,9.0,9.0,16.0,0.0,0.0,0.0,9.0,5.0,239.0,110.0,24.0,92.0,81.0,14.0,147.0,40.0,187.0,6.0,0.0,99.0,86.0,1.0,1.0,47.0,65.0,8.0,5.0,64.0,50.0,69.0,0.0,330.0,153.0,0.0,1.0,0.0,14.51279866695404,0.0,490.59275,31.61570930480957,41504.04931640625,2.939562126994133,0.0
215285,0.0,0.0,0.0,0.0,0.0,0.0,0.0,,0.0,0.0,0.0,0.0,0.0,0.0,0.0,0.0,0.0,0.0,0.0,0.0,0.0,0.7379191398620606,0.0,0.0,0.0,0.0,0.0,0.0,0.0,0.0,0.0,74.55999755859375,0.0,309.0199890136719,0.0,763.4400024414062,1.0,1.0,0.0,0.0,0.0,0.0,,,3.0,3.0,0.0,0.0,0.0,4.0,0.0,0.0,0.0,0.0,0.0,0.0,0.0,14.0,2.0,3.0,6.0,2.0,1.0,1.0,5.0,2.0,1.0,0.0,0.0,0.0,6.0,2.0,1.0,1.0,1.0,1.0,0.0,0.0,1.0,1.0,14.0,9.0,1.0,0.0,0.0,2.0,1.0,1.0,2.0,0.0,0.0,9.0,4.0,0.0,0.0,1.0,0.0,0.0,0.0,0.0,5.0,0.0,0.0,5.0,0.0,1.0,0.0,0.0,0.031160620972514153,0.0,18.652216666666675,18.718948364257812,1147.02001953125,0.0,0.0
215553,0.0,0.0,0.0,0.0,0.0,0.0,0.0,,0.0,0.0,0.0,0.0,0.0,0.0,0.0,0.0,0.0,0.0,0.0,0.0,0.0,0.0,0.0,0.0,0.0,0.0,0.0,0.0,0.0,0.0,0.0,0.0,0.0,0.0,0.0,0.0,0.0,0.0,0.0,0.0,0.0,0.0,,,0.0,0.0,0.0,0.0,0.0,0.0,0.0,0.0,0.0,0.0,0.0,0.0,0.0,0.0,0.0,0.0,0.0,0.0,0.0,0.0,0.0,0.0,0.0,0.0,0.0,0.0,0.0,0.0,0.0,0.0,0.0,0.0,0.0,0.0,0.0,0.0,0.0,0.0,0.0,0.0,0.0,0.0,0.0,0.0,0.0,0.0,0.0,0.0,0.0,0.0,0.0,0.0,0.0,0.0,0.0,0.0,0.0,0.0,0.0,0.0,0.0,0.0,0.0,0.0,0.0,0.0,0.0,0.0,0.0,0.0,0.0
228686,0.0,0.0,0.0,0.0,0.0,0.0,0.0,,0.0,0.0,0.0,0.0,0.0,0.0,0.0,0.0,0.0,0.0,0.0,0.0,0.0,0.0,0.0,0.0,0.0,0.0,0.0,0.0,0.0,0.0,0.0,0.0,0.0,0.0,0.0,0.0,0.0,0.0,0.0,0.0,0.0,0.0,,,0.0,0.0,0.0,0.0,0.0,0.0,0.0,0.0,0.0,0.0,0.0,0.0,0.0,0.0,0.0,0.0,0.0,0.0,0.0,0.0,0.0,0.0,0.0,0.0,0.0,0.0,0.0,0.0,0.0,0.0,0.0,0.0,0.0,0.0,0.0,0.0,0.0,0.0,0.0,0.0,0.0,0.0,0.0,0.0,0.0,0.0,0.0,0.0,0.0,0.0,0.0,0.0,0.0,0.0,0.0,0.0,0.0,0.0,0.0,0.0,0.0,0.0,0.0,0.0,0.0,0.0,0.0,0.0,0.0,0.0,0.0
228912,0.0,0.0,0.0,0.0,0.0,0.0,0.0,0.0,0.0,0.0,0.0,0.0,0.0,0.0,0.0,0.0,0.0,0.0,0.0,0.0,0.0,3.468996584415436,0.0,0.0,0.0,0.0,0.0,0.0,0.0,5.0,0.0,852.1699676513672,57.61000633239746,5409.8499755859375,233.17000579833984,19128.89111328125,7.0,10.0,0.0,0.0,2.0,6.0,0.0,0.0,61.0,45.0,2.0000000298023224,7.0,5.0,17.0,0.0,0.0,0.0,0.0,0.0,1.0,0.0,45.0,1.0,8.0,31.0,23.0,18.0,22.0,30.0,1.0,0.0,0.0,0.0,0.0,13.0,7.0,2.0,4.0,10.0,0.0,5.0,0.0,8.0,4.0,256.0,143.0,8.0,0.0,0.0,28.0,19.0,9.0,28.0,0.0,0.0,129.0,118.0,0.0,0.0,13.0,0.0,0.0,0.0,5.0,89.0,5.0,0.0,82.0,19.0,0.0,0.0,0.0,0.307685311883688,0.0,442.9462666666667,28.064788818359375,25681.6904296875,0.0,0.0
229397,4.0,35.0,0.0,5.0,3.0,0.0,1.0,12.0,10.0,3.0,15.0,2.0,1.0,16.0,10.0,11.0,19.0,19.0,9.0,61.0,5.0,4.533356249332428,40.0,4.0,38.0,46.0,18.0,194.0,23.0,30.0,0.0,5803.010070800781,490.8299939632416,14066.86962890625,2724.2799377441406,41334.38146972656,231.0,349.0,26.0,3.0,20.0,30.0,0.0,0.0,0.0,0.0,0.0,0.0,0.0,0.0,8.0,1.0,5.0,3.0,0.0,0.0,0.0,174.0,13.0,3.0,21.0,13.0,4.0,5.0,108.0,36.0,21.0,9.0,10.0,13.0,117.0,74.0,59.0,88.0,116.0,6.0,3.0,6.0,80.0,8.0,899.0,403.0,69.0,59.0,121.0,65.0,157.0,88.0,245.0,5.0,0.0,367.0,288.0,2.0,0.0,130.0,151.0,5.0,28.0,163.0,249.0,191.0,0.0,527.0,204.0,1.0,1.0,25.0,11.439310014247894,1.0,853.23305,30.765869140625,64419.37060546875,6.183634260669351,0.0
229498,0.0,0.0,0.0,0.0,0.0,0.0,0.0,,0.0,0.0,0.0,0.0,0.0,0.0,0.0,0.0,0.0,0.0,0.0,0.0,0.0,2.4973044395446777,0.0,0.0,0.0,0.0,0.0,0.0,0.0,1.0,0.0,242.08000564575195,25.300000190734863,1655.8399353027344,69.02999877929688,9076.869750976562,3.0,5.0,0.0,0.0,0.0,1.0,0.0,0.0,41.0,34.0,1.1666666865348816,4.0,4.0,7.0,0.0,0.0,0.0,0.0,0.0,0.0,0.0,35.0,1.0,11.0,19.0,10.0,3.0,7.0,18.0,1.0,0.0,0.0,0.0,0.0,15.0,8.0,1.0,3.0,2.0,0.0,7.0,0.0,2.0,3.0,144.0,74.0,5.0,0.0,0.0,28.0,19.0,9.0,28.0,0.0,0.0,71.0,57.0,0.0,0.0,12.0,0.0,0.0,0.0,0.0,56.0,0.0,0.0,22.0,7.0,0.0,1.0,0.0,0.1967985387891531,0.0,261.73685,29.6983642578125,11069.12060546875,0.0,0.0
241559,1.0,1.0,0.0,0.0,0.0,0.0,1.0,1.0,0.0,0.0,0.0,0.0,0.0,1.0,0.0,1.0,0.0,0.0,0.0,5.0,2.0,6.083644509315491,4.0,2.0,7.0,9.0,4.0,48.0,12.0,21.0,0.0,4675.049987792969,560.6200141906738,15752.319580078125,1676.9600524902344,13876.60986328125,107.0,127.0,16.0,4.0,3.0,23.0,0.0,0.0,0.0,0.0,0.0,0.0,0.0,0.0,0.0,0.0,0.0,0.0,1.0,2.0,0.0,89.0,6.0,6.0,23.0,18.0,10.0,11.0,68.0,9.0,4.0,1.0,1.0,2.0,57.0,46.0,37.0,43.0,48.0,2.0,6.0,1.0,36.0,4.0,509.0,180.0,16.0,14.0,47.0,80.0,114.0,27.0,141.0,0.0,0.0,248.0,225.0,0.0,0.0,74.0,13.0,1.0,3.0,47.0,180.0,50.0,0.0,401.0,122.0,0.0,2.0,2.0,0.4982418529689312,0.0,360.5137833333333,32.09465408325195,36541.5595703125,0.052629511803388596,1.0
261367,0.0,0.0,0.0,0.0,0.0,0.0,0.0,,0.0,0.0,0.0,0.0,0.0,0.0,0.0,0.0,0.0,0.0,0.0,5.0,0.0,5.590577761332194,5.0,0.0,0.0,1.0,1.0,21.0,12.0,4.0,0.0,2330.4801025390625,517.77001953125,9343.9208984375,1049.7599334716797,8938.850708007812,30.0,39.0,4.0,2.0,2.0,4.0,0.0,0.0,0.0,0.0,0.0,0.0,0.0,7.0,0.0,0.0,0.0,0.0,0.0,0.0,0.0,26.0,0.0,3.0,17.0,15.0,13.0,14.0,21.0,0.0,0.0,0.0,0.0,0.0,9.0,6.0,4.0,6.0,9.0,0.0,2.0,0.0,8.0,3.0,240.0,97.0,3.0,0.0,0.0,26.0,9.0,17.0,26.0,0.0,0.0,115.0,104.0,0.0,0.0,14.0,3.0,0.0,3.0,15.0,87.0,18.0,0.0,181.0,75.0,1.0,0.0,0.0,0.20137813314795494,4.0,237.04723333333334,32.92463302612305,22180.779296875,0.0,0.0
267702,0.0,0.0,0.0,0.0,0.0,0.0,0.0,,0.0,0.0,0.0,0.0,0.0,0.0,0.0,0.0,0.0,0.0,0.0,0.0,0.0,0.0,0.0,0.0,0.0,0.0,0.0,0.0,0.0,0.0,0.0,0.0,0.0,0.0,0.0,0.0,0.0,0.0,0.0,0.0,0.0,0.0,,,0.0,0.0,0.0,0.0,0.0,0.0,0.0,0.0,0.0,0.0,0.0,0.0,0.0,0.0,0.0,0.0,0.0,0.0,0.0,0.0,0.0,0.0,0.0,0.0,0.0,0.0,0.0,0.0,0.0,0.0,0.0,0.0,0.0,0.0,0.0,0.0,0.0,0.0,0.0,0.0,0.0,0.0,0.0,0.0,0.0,0.0,0.0,0.0,0.0,0.0,0.0,0.0,0.0,0.0,0.0,0.0,0.0,0.0,0.0,0.0,0.0,0.0,0.0,0.0,0.0,0.0,0.0,0.0,0.0,0.0,0.0
269058,0.0,6.0,0.0,2.0,0.0,0.0,1.0,0.0,0.0,2.0,3.0,0.0,0.0,2.0,0.0,1.0,3.0,4.0,3.0,3.0,9.0,5.953557109832763,2.0,6.0,11.0,17.0,5.0,146.0,8.0,16.0,0.0,3923.949951171875,38.54999923706055,14375.779541015625,702.7099761962891,14622.090087890625,106.0,142.0,7.0,0.0,5.0,16.0,0.0,0.0,0.0,0.0,0.0,0.0,0.0,0.0,0.0,0.0,0.0,0.0,0.0,0.0,0.0,97.0,7.0,3.0,19.0,14.0,9.0,9.0,69.0,14.0,7.0,1.0,1.0,6.0,64.0,48.0,41.0,48.0,41.0,4.0,1.0,2.0,28.0,5.0,509.0,179.0,23.0,24.0,84.0,49.0,75.0,82.0,157.0,0.0,0.0,237.0,199.0,0.0,0.0,76.0,52.0,3.0,2.0,74.0,168.0,76.0,0.0,357.0,56.0,0.0,5.0,2.0,4.271514296531677,3.0,338.71984999999995,26.813621520996094,33663.08056640625,0.24161341320723295,0.0
269514,0.0,0.0,0.0,0.0,0.0,0.0,0.0,,0.0,0.0,0.0,0.0,0.0,0.0,0.0,0.0,0.0,0.0,0.0,0.0,1.0,2.1027382214864097,0.0,0.0,0.0,1.0,0.0,2.0,1.0,1.0,0.0,305.7900085449219,14.84000015258789,406.010009765625,61.28999710083008,451.1100158691406,4.0,5.0,0.0,0.0,1.0,1.0,0.0,0.0,0.0,0.0,0.0,0.0,0.0,0.0,0.0,0.0,0.0,0.0,0.0,0.0,0.0,8.0,1.0,1.0,4.0,4.0,2.0,2.0,7.0,1.0,1.0,0.0,0.0,0.0,3.0,2.0,0.0,1.0,5.0,1.0,1.0,0.0,4.0,1.0,18.0,6.0,0.0,1.0,2.0,1.0,1.0,3.0,4.0,0.0,0.0,8.0,8.0,0.0,0.0,3.0,1.0,0.0,0.0,3.0,6.0,3.0,0.0,18.0,4.0,1.0,0.0,0.0,0.12955671548843384,0.0,11.765833333333333,27.16216278076172,1239.0400390625,0.0,0.0
269592,0.0,0.0,0.0,0.0,0.0,0.0,0.0,,0.0,0.0,0.0,0.0,0.0,0.0,0.0,0.0,0.0,0.0,0.0,0.0,0.0,0.0,0.0,0.0,0.0,0.0,0.0,0.0,0.0,0.0,0.0,0.0,0.0,0.0,0.0,0.0,0.0,0.0,0.0,0.0,0.0,0.0,,,0.0,0.0,0.0,0.0,0.0,0.0,0.0,0.0,0.0,0.0,0.0,0.0,0.0,0.0,0.0,0.0,0.0,0.0,0.0,0.0,0.0,0.0,0.0,0.0,0.0,0.0,0.0,0.0,0.0,0.0,0.0,0.0,0.0,0.0,0.0,0.0,0.0,0.0,0.0,0.0,0.0,0.0,0.0,0.0,0.0,0.0,0.0,0.0,0.0,0.0,0.0,0.0,0.0,0.0,0.0,0.0,0.0,0.0,0.0,0.0,0.0,0.0,0.0,0.0,0.0,0.0,0.0,0.0,0.0,0.0,0.0
271116,0.0,0.0,0.0,0.0,0.0,0.0,0.0,,0.0,0.0,0.0,0.0,0.0,0.0,0.0,0.0,0.0,0.0,0.0,0.0,0.0,2.862691561381022,0.0,0.0,0.0,1.0,0.0,1.0,0.0,0.0,0.0,233.25,69.62000274658203,546.5800170898438,116.10000610351562,280.760009765625,3.0,3.0,0.0,1.0,0.0,0.0,,,0.0,0.0,0.0,0.0,0.0,0.0,0.0,0.0,0.0,0.0,0.0,0.0,0.0,1.0,0.0,0.0,0.0,0.0,0.0,0.0,1.0,0.0,0.0,0.0,0.0,0.0,1.0,1.0,1.0,1.0,1.0,0.0,0.0,0.0,1.0,1.0,8.0,4.0,0.0,2.0,2.0,1.0,3.0,2.0,5.0,0.0,0.0,3.0,3.0,0.0,0.0,2.0,2.0,0.0,0.0,1.0,3.0,1.0,0.0,17.0,8.0,1.0,0.0,0.0,0.23109036684036255,0.0,8.629749999999987,29.48328399658203,1246.31005859375,0.0,0.0
274078,2.0,5.0,0.0,0.0,1.0,0.0,2.0,1.0,1.0,1.0,0.0,0.0,0.0,3.0,1.0,2.0,2.0,2.0,1.0,2.0,0.0,6.105215867360433,2.0,0.0,0.0,0.0,0.0,88.0,5.0,1.0,0.0,3775.119873046875,479.75,12395.0302734375,1844.4599609375,12700.9404296875,29.0,42.0,8.0,2.0,1.0,1.0,0.0,0.0,0.0,0.0,0.0,0.0,0.0,0.0,0.0,0.0,0.0,0.0,2.0,0.0,0.0,15.0,3.0,0.0,3.0,0.0,0.0,0.0,2.0,8.0,1.0,1.0,5.0,0.0,4.0,1.0,1.0,1.0,11.0,0.0,0.0,0.0,2.0,3.0,119.0,70.0,13.0,48.0,59.0,1.0,77.0,31.0,108.0,4.0,0.0,47.0,36.0,0.0,0.0,20.0,54.0,0.0,18.0,37.0,11.0,55.0,0.0,333.0,144.0,0.0,0.0,2.0,7.812318325042725,0.0,306.77251666666666,31.889423370361328,31195.30078125,0.4683827646076679,0.0
274102,0.0,0.0,0.0,0.0,0.0,0.0,0.0,,0.0,0.0,0.0,0.0,0.0,0.0,0.0,0.0,0.0,0.0,0.0,0.0,0.0,0.0,0.0,0.0,0.0,0.0,0.0,0.0,0.0,0.0,0.0,0.0,0.0,0.0,0.0,0.0,0.0,0.0,0.0,0.0,0.0,0.0,,,0.0,0.0,0.0,0.0,0.0,0.0,0.0,0.0,0.0,0.0,0.0,0.0,0.0,0.0,0.0,0.0,0.0,0.0,0.0,0.0,0.0,0.0,0.0,0.0,0.0,0.0,0.0,0.0,0.0,0.0,0.0,0.0,0.0,0.0,0.0,0.0,0.0,0.0,0.0,0.0,0.0,0.0,0.0,0.0,0.0,0.0,0.0,0.0,0.0,0.0,0.0,0.0,0.0,0.0,0.0,0.0,0.0,0.0,0.0,0.0,0.0,0.0,0.0,0.0,0.0,0.0,0.0,0.0,0.0,0.0,0.0
274281,0.0,0.0,0.0,0.0,0.0,0.0,0.0,,0.0,0.0,0.0,0.0,0.0,0.0,0.0,0.0,0.0,0.0,0.0,0.0,2.0,3.1365184783935547,0.0,1.0,0.0,0.0,0.0,0.0,0.0,5.0,0.0,407.0199737548828,16.710000157356262,3490.1200561523438,147.3700065612793,11625.830078125,6.0,15.0,0.0,0.0,0.0,10.0,0.0,0.0,42.0,34.0,2.25,11.0,9.0,11.0,0.0,0.0,0.0,0.0,0.0,5.0,0.0,71.0,9.0,15.0,30.0,9.0,5.0,6.0,16.0,9.0,1.0,0.0,0.0,0.0,32.0,6.0,2.0,8.0,19.0,1.0,3.0,0.0,1.0,3.0,230.0,113.0,11.0,0.0,0.0,38.0,27.0,11.0,38.0,0.0,0.0,116.0,85.0,0.0,0.0,16.0,0.0,0.0,0.0,7.0,79.0,7.0,0.0,37.0,14.0,0.0,0.0,0.0,0.11953222937881947,0.0,300.0228,26.944839477539062,15687.05029296875,0.0,0.0
275917,0.0,4.0,0.0,0.0,0.0,1.0,0.0,0.0,0.0,0.0,2.0,0.0,0.0,2.0,1.0,2.0,1.0,2.0,0.0,3.0,1.0,5.635070164998372,2.0,1.0,0.0,0.0,0.0,24.0,5.0,2.0,0.0,3731.650146484375,378.20000076293945,11908.54052734375,1160.5700073242188,11647.98046875,26.0,39.0,3.0,6.0,4.0,2.0,0.0,0.0,0.0,0.0,0.0,0.0,0.0,0.0,0.0,0.0,0.0,0.0,2.0,0.0,0.0,60.0,5.0,9.0,31.0,22.0,13.0,17.0,42.0,5.0,2.0,0.0,0.0,0.0,24.0,18.0,9.0,10.0,23.0,2.0,7.0,0.0,15.0,3.0,293.0,115.0,6.0,1.0,0.0,12.0,10.0,3.0,13.0,0.0,0.0,136.0,121.0,0.0,0.0,6.0,2.0,0.0,3.0,19.0,119.0,22.0,0.0,310.0,95.0,0.0,0.0,0.0,0.20959768444299698,0.0,306.90215,30.66342544555664,28826.9404296875,0.16835251078009605,0.0
284190,0.0,1.0,0.0,0.0,0.0,0.0,1.0,0.0,0.0,0.0,0.0,0.0,0.0,1.0,1.0,0.0,1.0,0.0,0.0,1.0,0.0,4.747118631998698,0.0,0.0,0.0,0.0,0.0,46.0,1.0,0.0,0.0,1497.0899810791016,57.38999938964844,3764.759979248047,488.06002044677734,2483.1100463867188,8.0,14.0,8.0,1.0,1.0,0.0,0.0,0.0,0.0,0.0,0.0,0.0,0.0,0.0,1.0,0.0,1.0,0.0,0.0,0.0,0.0,6.0,1.0,0.0,2.0,0.0,0.0,1.0,2.0,1.0,0.0,0.0,0.0,0.0,3.0,2.0,2.0,2.0,6.0,0.0,0.0,0.0,2.0,2.0,31.0,14.0,3.0,10.0,10.0,1.0,11.0,10.0,21.0,0.0,0.0,14.0,10.0,0.0,0.0,6.0,7.0,0.0,2.0,14.0,0.0,16.0,0.0,147.0,43.0,1.0,1.0,0.0,1.5845074951648712,2.0,69.67686666666665,30.801849365234375,8290.410400390625,0.6606574654579163,0.0
288961,0.0,1.0,0.0,1.0,0.0,0.0,0.0,1.0,0.0,0.0,1.0,0.0,0.0,0.0,0.0,0.0,0.0,1.0,0.0,4.0,1.0,4.41318925221761,3.0,1.0,0.0,2.0,0.0,27.0,2.0,2.0,0.0,1563.7099914550781,129.1500015258789,5065.1798095703125,606.7400207519531,4099.4599609375,8.0,19.0,1.0,2.0,1.0,2.0,0.0,0.0,0.0,0.0,0.0,0.0,0.0,0.0,0.0,0.0,0.0,0.0,0.0,0.0,0.0,12.0,1.0,2.0,5.0,1.0,1.0,2.0,2.0,2.0,0.0,0.0,1.0,0.0,5.0,1.0,1.0,2.0,9.0,0.0,0.0,0.0,2.0,2.0,47.0,25.0,2.0,1.0,8.0,6.0,3.0,12.0,15.0,0.0,0.0,20.0,11.0,0.0,0.0,4.0,2.0,1.0,1.0,6.0,14.0,7.0,0.0,134.0,48.0,1.0,1.0,1.0,0.18038762360811234,2.0,104.6295,28.19083023071289,11464.240478515625,0.07560689747333527,1.0
290821,0.0,0.0,0.0,0.0,0.0,0.0,0.0,,0.0,0.0,0.0,0.0,0.0,0.0,0.0,0.0,0.0,0.0,0.0,0.0,0.0,2.6202403704325357,0.0,0.0,0.0,0.0,0.0,21.0,3.0,1.0,0.0,1054.1399993896484,17.25,2378.1201171875,277.4399948120117,1401.4099731445312,3.0,3.0,1.0,2.0,1.0,1.0,,,0.0,0.0,0.0,0.0,0.0,0.0,0.0,0.0,0.0,0.0,0.0,0.0,0.0,3.0,0.0,1.0,1.0,1.0,0.0,0.0,3.0,0.0,0.0,0.0,0.0,0.0,2.0,2.0,1.0,1.0,0.0,0.0,1.0,0.0,0.0,2.0,21.0,12.0,0.0,1.0,1.0,3.0,4.0,1.0,5.0,0.0,0.0,9.0,8.0,0.0,0.0,1.0,0.0,0.0,1.0,1.0,7.0,2.0,0.0,84.0,21.0,2.0,0.0,0.0,0.2779865190386772,0.0,42.67241666666668,26.44952964782715,5128.360168457031,0.0,1.0
291372,0.0,0.0,0.0,0.0,0.0,0.0,0.0,,0.0,0.0,0.0,0.0,0.0,0.0,0.0,0.0,0.0,0.0,0.0,0.0,0.0,1.7128804922103882,0.0,0.0,0.0,1.0,0.0,4.0,0.0,0.0,0.0,384.7900390625,78.29000091552734,1070.969970703125,121.22000122070312,896.4199829101562,3.0,6.0,2.0,0.0,0.0,0.0,,,0.0,0.0,0.0,0.0,0.0,0.0,0.0,0.0,0.0,0.0,0.0,0.0,0.0,4.0,1.0,0.0,1.0,0.0,0.0,0.0,1.0,1.0,0.0,0.0,0.0,0.0,2.0,1.0,1.0,1.0,4.0,0.0,0.0,0.0,1.0,1.0,17.0,7.0,0.0,5.0,2.0,1.0,1.0,7.0,8.0,0.0,0.0,5.0,3.0,0.0,0.0,2.0,3.0,0.0,1.0,6.0,0.0,7.0,0.0,38.0,9.0,1.0,0.0,0.0,0.24186460673809052,0.0,22.374383333333327,28.641191482543945,2551.68994140625,0.0,0.0
295922,0.0,0.0,0.0,0.0,0.0,0.0,0.0,,0.0,0.0,0.0,0.0,0.0,0.0,0.0,0.0,0.0,0.0,0.0,0.0,0.0,2.5143253803253174,0.0,0.0,0.0,0.0,0.0,0.0,0.0,9.0,0.0,178.98999977111816,0.0,2248.5799560546875,42.359999656677246,10398.600341796875,3.0,8.0,0.0,0.0,0.0,18.0,0.0,0.0,56.0,48.0,1.6363636255264282,13.0,10.0,11.0,0.0,0.0,0.0,0.0,0.0,9.0,0.0,83.0,2.0,28.0,43.0,15.0,6.0,13.0,27.0,2.0,0.0,0.0,0.0,0.0,38.0,12.0,3.0,8.0,9.0,0.0,9.0,0.0,1.0,3.0,187.0,105.0,7.0,0.0,0.0,12.0,9.0,3.0,12.0,0.0,0.0,105.0,67.0,0.0,0.0,7.0,0.0,0.0,0.0,2.0,67.0,2.0,0.0,16.0,4.0,0.0,0.0,0.0,0.10179255530238152,0.0,306.90215,23.575862884521484,12868.530029296875,0.0,1.0
297266,0.0,0.0,0.0,0.0,0.0,0.0,0.0,,0.0,0.0,0.0,0.0,0.0,0.0,0.0,0.0,0.0,0.0,0.0,0.0,0.0,0.0,0.0,0.0,0.0,0.0,0.0,0.0,0.0,0.0,0.0,0.0,0.0,0.0,0.0,0.0,0.0,0.0,0.0,0.0,0.0,0.0,,,0.0,0.0,0.0,0.0,0.0,0.0,0.0,0.0,0.0,0.0,0.0,0.0,0.0,0.0,0.0,0.0,0.0,0.0,0.0,0.0,0.0,0.0,0.0,0.0,0.0,0.0,0.0,0.0,0.0,0.0,0.0,0.0,0.0,0.0,0.0,0.0,0.0,0.0,0.0,0.0,0.0,0.0,0.0,0.0,0.0,0.0,0.0,0.0,0.0,0.0,0.0,0.0,0.0,0.0,0.0,0.0,0.0,0.0,0.0,0.0,0.0,0.0,0.0,0.0,0.0,0.0,0.0,0.0,0.0,0.0,0.0
299200,0.0,3.0,0.0,0.0,0.0,0.0,0.0,0.0,0.0,1.0,1.0,1.0,0.0,3.0,3.0,0.0,3.0,0.0,0.0,1.0,0.0,5.435826539993286,1.0,0.0,0.0,1.0,0.0,35.0,1.0,0.0,0.0,1758.3899230957031,196.99999904632568,6100.889892578125,689.1400299072266,7017.4598388671875,17.0,28.0,5.0,3.0,1.0,0.0,0.0,0.0,0.0,0.0,0.0,0.0,0.0,0.0,2.0,0.0,2.0,0.0,0.0,0.0,0.0,1.0,0.0,0.0,0.0,0.0,0.0,0.0,1.0,0.0,0.0,0.0,0.0,0.0,1.0,1.0,1.0,1.0,1.0,0.0,0.0,0.0,1.0,4.0,75.0,40.0,4.0,17.0,8.0,0.0,19.0,6.0,25.0,5.0,0.0,32.0,25.0,1.0,1.0,4.0,25.0,5.0,5.0,25.0,3.0,30.0,0.0,156.0,57.0,3.0,1.0,0.0,13.588975667953491,0.0,173.85736666666665,31.8085880279541,15762.87939453125,1.310304969549179,1.0
300409,0.0,3.0,0.0,1.0,0.0,0.0,0.0,0.0,0.0,1.0,2.0,0.0,0.0,3.0,0.0,1.0,0.0,0.0,0.0,2.0,1.0,4.562768459320068,2.0,1.0,0.0,2.0,1.0,69.0,1.0,0.0,0.0,2368.2900390625,151.7700023651123,7246.189697265625,863.8399963378906,9185.76025390625,26.0,42.0,4.0,1.0,2.0,0.0,,,0.0,0.0,0.0,0.0,0.0,0.0,0.0,0.0,0.0,0.0,0.0,0.0,0.0,10.0,1.0,0.0,3.0,1.0,1.0,2.0,5.0,3.0,2.0,2.0,2.0,0.0,4.0,2.0,2.0,3.0,8.0,0.0,0.0,0.0,3.0,3.0,111.0,52.0,4.0,16.0,33.0,6.0,40.0,15.0,55.0,0.0,0.0,48.0,33.0,0.0,0.0,23.0,22.0,4.0,13.0,23.0,15.0,36.0,0.0,201.0,57.0,0.0,3.0,2.0,5.182246744632721,1.0,196.05156666666664,30.0711612701416,19815.84912109375,0.2020808681845665,1.0
306538,0.0,0.0,0.0,0.0,0.0,0.0,0.0,,0.0,0.0,0.0,0.0,0.0,0.0,0.0,0.0,0.0,0.0,0.0,0.0,0.0,0.0,0.0,0.0,0.0,0.0,0.0,0.0,0.0,0.0,0.0,0.0,0.0,0.0,0.0,0.0,0.0,0.0,0.0,0.0,0.0,0.0,,,0.0,0.0,0.0,0.0,0.0,0.0,0.0,0.0,0.0,0.0,0.0,0.0,0.0,0.0,0.0,0.0,0.0,0.0,0.0,0.0,0.0,0.0,0.0,0.0,0.0,0.0,0.0,0.0,0.0,0.0,0.0,0.0,0.0,0.0,0.0,0.0,0.0,0.0,0.0,0.0,0.0,0.0,0.0,0.0,0.0,0.0,0.0,0.0,0.0,0.0,0.0,0.0,0.0,0.0,0.0,0.0,0.0,0.0,0.0,0.0,0.0,0.0,0.0,0.0,0.0,0.0,0.0,0.0,0.0,0.0,0.0
307849,0.0,7.0,0.0,2.0,0.0,0.0,2.0,0.0,0.0,0.0,5.0,0.0,0.0,4.0,1.0,3.0,1.0,3.0,0.0,6.0,0.0,6.139447371164958,5.0,0.0,3.0,3.0,1.0,54.0,0.0,2.0,0.0,1901.06982421875,730.3300094604492,7422.639892578125,1220.2900085449219,7483.05029296875,39.0,57.0,9.0,0.0,4.0,2.0,0.0,0.0,0.0,0.0,0.0,0.0,0.0,0.0,0.0,0.0,0.0,0.0,0.0,0.0,0.0,9.0,0.0,1.0,1.0,1.0,0.0,0.0,7.0,2.0,1.0,1.0,2.0,0.0,6.0,5.0,4.0,5.0,7.0,0.0,1.0,0.0,6.0,3.0,142.0,71.0,15.0,51.0,34.0,12.0,70.0,27.0,97.0,2.0,0.0,58.0,49.0,0.0,0.0,29.0,35.0,6.0,6.0,44.0,19.0,50.0,0.0,169.0,96.0,1.0,2.0,4.0,6.9321677684783936,1.0,183.8744666666667,35.170654296875,18757.3798828125,0.8106910549104214,0.0
308300,0.0,0.0,0.0,0.0,0.0,0.0,0.0,,0.0,0.0,0.0,0.0,0.0,0.0,0.0,0.0,0.0,0.0,0.0,0.0,1.0,2.7522338032722473,0.0,1.0,0.0,0.0,0.0,0.0,0.0,10.0,0.0,877.5499954223633,33.06000018119812,5887.409973144531,249.68000602722168,35905.489990234375,38.0,53.0,0.0,0.0,1.0,16.0,0.0,0.0,111.0,97.0,3.8166667222976685,20.0,20.0,31.0,0.0,0.0,0.0,0.0,0.0,6.0,0.0,172.0,9.0,56.0,85.0,36.0,11.0,20.0,66.0,10.0,2.0,0.0,0.0,1.0,77.0,28.0,3.0,11.0,48.0,2.0,23.0,0.0,19.0,8.0,508.0,271.0,12.0,0.0,0.0,58.0,34.0,24.0,58.0,0.0,0.0,268.0,195.0,0.0,0.0,29.0,0.0,0.0,0.0,2.0,196.0,2.0,0.0,78.0,18.0,0.0,0.0,0.0,0.38333979807794094,0.0,934.4354333333333,27.639354705810547,42953.1904296875,0.0,0.0
308322,0.0,0.0,0.0,0.0,0.0,0.0,0.0,0.0,0.0,0.0,0.0,0.0,0.0,0.0,0.0,0.0,0.0,0.0,0.0,4.0,2.0,5.2435614466667175,3.0,2.0,0.0,4.0,1.0,98.0,25.0,3.0,0.0,6291.769744873047,943.9400024414062,21022.000549316406,2454.950035095215,22185.08026123047,87.0,107.0,14.0,9.0,16.0,3.0,,,0.0,0.0,0.0,0.0,0.0,0.0,0.0,0.0,0.0,0.0,0.0,0.0,0.0,43.0,2.0,2.0,21.0,13.0,11.0,17.0,28.0,8.0,4.0,2.0,6.0,0.0,14.0,11.0,9.0,10.0,24.0,2.0,0.0,0.0,15.0,7.0,437.0,186.0,13.0,60.0,41.0,41.0,31.0,111.0,142.0,2.0,0.0,217.0,190.0,0.0,0.0,51.0,51.0,6.0,6.0,36.0,158.0,42.0,0.0,542.0,191.0,2.0,3.0,2.0,2.6036518961191177,28.0,543.3537,31.099853515625,52897.73889160156,0.0,0.0
308370,0.0,0.0,0.0,0.0,0.0,0.0,0.0,,0.0,0.0,0.0,0.0,0.0,0.0,0.0,0.0,0.0,0.0,0.0,1.0,1.0,3.072458362579346,1.0,1.0,0.0,0.0,0.0,0.0,0.0,4.0,0.0,171.71000742912292,0.0,3813.4601440429688,31.140000104904175,22640.49072265625,16.0,23.0,0.0,0.0,0.0,8.0,0.0,0.0,67.0,59.0,3.7666667103767395,15.0,14.0,5.0,0.0,0.0,0.0,0.0,0.0,4.0,0.0,51.0,3.0,12.0,27.0,8.0,6.0,12.0,15.0,3.0,0.0,0.0,0.0,0.0,21.0,7.0,5.0,6.0,13.0,0.0,2.0,0.0,4.0,5.0,266.0,131.0,9.0,0.0,0.0,19.0,14.0,5.0,19.0,0.0,0.0,132.0,107.0,0.0,0.0,8.0,0.0,0.0,0.0,0.0,108.0,0.0,0.0,16.0,2.0,0.0,0.0,1.0,0.23306933976709843,0.0,520.8456,22.904550552368164,26656.7998046875,0.0,0.0
308386,0.0,4.0,0.0,3.0,0.0,0.0,0.0,0.0,0.0,0.0,4.0,0.0,0.0,2.0,2.0,0.0,2.0,2.0,0.0,5.0,4.0,6.373406887054443,4.0,4.0,0.0,4.0,1.0,103.0,26.0,6.0,0.0,5243.079895019531,375.2700004577637,21921.99951171875,1618.1000213623047,15844.059326171875,98.0,117.0,20.0,6.0,6.0,6.0,0.0,0.0,0.0,0.0,0.0,0.0,0.0,0.0,1.0,0.0,1.0,0.0,2.0,0.0,0.0,59.0,5.0,1.0,13.0,8.0,6.0,7.0,40.0,8.0,4.0,0.0,1.0,2.0,38.0,28.0,24.0,30.0,25.0,2.0,0.0,2.0,17.0,5.0,487.0,177.0,18.0,6.0,37.0,71.0,85.0,29.0,114.0,0.0,0.0,224.0,200.0,0.0,0.0,62.0,15.0,2.0,8.0,71.0,155.0,79.0,0.0,449.0,116.0,0.0,3.0,1.0,0.9670099839568138,0.0,425.69913333333335,29.274982452392578,45002.50927734375,0.6638840772211552,2.0
310116,0.0,1.0,0.0,0.0,0.0,1.0,0.0,0.0,0.0,0.0,0.0,0.0,0.0,1.0,0.0,1.0,0.0,0.0,0.0,5.0,1.0,5.07137805223465,5.0,1.0,0.0,0.0,0.0,18.0,8.0,4.0,0.0,4102.520072937012,491.13001251220703,11713.710144042969,1120.529977798462,12431.049560546875,50.0,61.0,3.0,4.0,4.0,4.0,0.0,0.0,0.0,0.0,0.0,0.0,0.0,1.0,0.0,0.0,0.0,0.0,1.0,0.0,0.0,41.0,1.0,4.0,25.0,21.0,19.0,20.0,34.0,1.0,1.0,0.0,0.0,0.0,15.0,12.0,10.0,10.0,22.0,1.0,1.0,0.0,17.0,7.0,383.0,108.0,9.0,3.0,0.0,41.0,18.0,26.0,44.0,1.0,0.0,187.0,178.0,0.0,0.0,24.0,3.0,0.0,1.0,21.0,164.0,22.0,0.0,336.0,89.0,6.0,0.0,0.0,1.1053626807406545,1.0,308.27203333333335,30.591638565063477,29858.939819335938,0.07066772878170013,0.0
311558,0.0,9.0,0.0,0.0,0.0,0.0,0.0,1.0,1.0,1.0,6.0,1.0,0.0,1.0,1.0,7.0,2.0,8.0,1.0,14.0,8.0,6.5065992673238116,8.0,8.0,0.0,4.0,0.0,116.0,18.0,25.0,0.0,13158.419921875,332.69000244140625,31529.18994140625,3041.5599975585938,24713.9599609375,191.0,227.0,28.0,4.0,12.0,26.0,0.0,0.0,0.0,0.0,0.0,0.0,0.0,0.0,1.0,0.0,1.0,0.0,0.0,1.0,0.0,221.0,9.0,31.0,79.0,61.0,35.0,39.0,168.0,15.0,7.0,2.0,2.0,4.0,127.0,100.0,72.0,83.0,96.0,3.0,23.0,2.0,70.0,6.0,997.0,367.0,37.0,5.0,129.0,196.0,231.0,99.0,330.0,0.0,0.0,470.0,427.0,1.0,1.0,157.0,35.0,0.0,16.0,94.0,364.0,110.0,0.0,1062.0,210.0,0.0,0.0,2.0,0.401804905384779,1.0,673.6380666666668,28.856874465942383,72775.818359375,1.1607618033885956,2.0
313559,1.0,1.0,0.0,0.0,0.0,0.0,0.0,0.0,0.0,0.0,1.0,0.0,0.0,0.0,0.0,1.0,0.0,1.0,0.0,4.0,4.0,5.82844614982605,3.0,2.0,4.0,17.0,3.0,60.0,16.0,3.0,0.0,6371.929992675781,603.160026550293,21455.310302734375,2577.8600463867188,24234.18017578125,112.0,152.0,24.0,11.0,2.0,3.0,0.0,0.0,0.0,0.0,0.0,0.0,0.0,0.0,0.0,0.0,0.0,0.0,0.0,0.0,0.0,162.0,16.0,12.0,55.0,34.0,20.0,27.0,92.0,24.0,8.0,1.0,5.0,3.0,83.0,50.0,36.0,52.0,79.0,7.0,7.0,0.0,42.0,6.0,603.0,250.0,21.0,42.0,39.0,27.0,18.0,90.0,108.0,0.0,0.0,295.0,243.0,0.0,0.0,51.0,44.0,4.0,2.0,80.0,188.0,82.0,0.0,541.0,200.0,0.0,3.0,1.0,0.3970307018607855,39.0,567.6545666666667,31.063570022583008,55242.4384765625,0.01869914121925831,0.0
314197,0.0,3.0,0.0,0.0,1.0,0.0,0.0,0.0,0.0,1.0,0.0,1.0,0.0,3.0,2.0,0.0,2.0,0.0,0.0,5.0,0.0,2.5926886558532716,3.0,0.0,5.0,7.0,1.0,39.0,7.0,1.0,0.0,868.2799987792969,39.790000915527344,2775.5198974609375,251.11000061035156,1911.7200317382812,13.0,23.0,0.0,1.0,1.0,1.0,,,0.0,0.0,0.0,0.0,0.0,0.0,1.0,0.0,1.0,0.0,0.0,0.0,0.0,17.0,1.0,0.0,1.0,0.0,0.0,0.0,10.0,2.0,0.0,0.0,0.0,1.0,14.0,10.0,10.0,12.0,9.0,0.0,0.0,0.0,8.0,2.0,72.0,37.0,7.0,2.0,21.0,9.0,19.0,13.0,32.0,0.0,0.0,26.0,21.0,1.0,1.0,15.0,11.0,1.0,0.0,8.0,26.0,8.0,0.0,71.0,18.0,2.0,0.0,1.0,4.466059565544128,0.0,55.3918,27.312803268432617,5846.419921875,0.8181389253586531,1.0
314255,0.0,0.0,0.0,0.0,0.0,0.0,0.0,,0.0,0.0,0.0,0.0,0.0,0.0,0.0,0.0,0.0,0.0,0.0,0.0,0.0,0.0,0.0,0.0,0.0,0.0,0.0,0.0,0.0,0.0,0.0,0.0,0.0,0.0,0.0,0.0,0.0,0.0,0.0,0.0,0.0,0.0,,,0.0,0.0,0.0,0.0,0.0,0.0,0.0,0.0,0.0,0.0,0.0,0.0,0.0,0.0,0.0,0.0,0.0,0.0,0.0,0.0,0.0,0.0,0.0,0.0,0.0,0.0,0.0,0.0,0.0,0.0,0.0,0.0,0.0,0.0,0.0,0.0,0.0,0.0,0.0,0.0,0.0,0.0,0.0,0.0,0.0,0.0,0.0,0.0,0.0,0.0,0.0,0.0,0.0,0.0,0.0,0.0,0.0,0.0,0.0,0.0,0.0,0.0,0.0,0.0,0.0,0.0,0.0,0.0,0.0,0.0,0.0
315614,0.0,0.0,0.0,0.0,0.0,0.0,0.0,0.0,0.0,0.0,0.0,0.0,0.0,0.0,0.0,0.0,0.0,0.0,0.0,0.0,0.0,1.2101472854614257,0.0,0.0,0.0,5.0,4.0,12.0,1.0,0.0,0.0,969.9099731445312,416.29998779296875,3184.77978515625,534.5999755859375,3941.610107421875,19.0,26.0,5.0,1.0,0.0,0.0,,,0.0,0.0,0.0,0.0,0.0,0.0,0.0,0.0,0.0,0.0,0.0,0.0,0.0,13.0,0.0,1.0,7.0,5.0,5.0,6.0,10.0,1.0,1.0,1.0,1.0,0.0,5.0,4.0,4.0,4.0,8.0,0.0,0.0,0.0,5.0,1.0,95.0,39.0,7.0,17.0,7.0,4.0,5.0,23.0,28.0,0.0,0.0,43.0,37.0,0.0,0.0,8.0,9.0,4.0,0.0,16.0,27.0,16.0,0.0,80.0,50.0,0.0,1.0,0.0,0.10463419556617737,6.0,89.65858333333333,31.9830265045166,9047.2001953125,0.0,0.0
316002,1.0,2.0,0.0,1.0,0.0,0.0,0.0,0.0,0.0,2.0,0.0,0.0,0.0,0.0,0.0,1.0,0.0,2.0,0.0,3.0,1.0,5.925310134887695,2.0,0.0,1.0,1.0,0.0,28.0,9.0,10.0,0.0,3384.9497680664062,232.12998962402344,13722.91015625,1010.0000305175781,11267.990234375,73.0,94.0,5.0,2.0,0.0,10.0,0.0,0.0,0.0,0.0,0.0,0.0,0.0,11.0,0.0,0.0,0.0,0.0,0.0,0.0,0.0,92.0,4.0,19.0,44.0,32.0,18.0,21.0,64.0,5.0,4.0,0.0,0.0,1.0,43.0,28.0,13.0,19.0,66.0,3.0,11.0,1.0,45.0,4.0,441.0,145.0,9.0,3.0,7.0,30.0,17.0,23.0,40.0,0.0,0.0,222.0,198.0,0.0,0.0,25.0,4.0,0.0,0.0,54.0,151.0,54.0,0.0,297.0,70.0,0.0,3.0,0.0,0.34962306544184685,0.0,302.36645,31.158531188964844,29617.9794921875,0.02129873540252447,0.0
318647,0.0,0.0,0.0,0.0,0.0,0.0,0.0,,0.0,0.0,0.0,0.0,0.0,0.0,0.0,0.0,0.0,0.0,0.0,0.0,0.0,0.0,0.0,0.0,0.0,0.0,0.0,0.0,0.0,0.0,0.0,0.0,0.0,0.0,0.0,0.0,0.0,0.0,0.0,0.0,0.0,0.0,,,0.0,0.0,0.0,0.0,0.0,0.0,0.0,0.0,0.0,0.0,0.0,0.0,0.0,0.0,0.0,0.0,0.0,0.0,0.0,0.0,0.0,0.0,0.0,0.0,0.0,0.0,0.0,0.0,0.0,0.0,0.0,0.0,0.0,0.0,0.0,0.0,0.0,0.0,0.0,0.0,0.0,0.0,0.0,0.0,0.0,0.0,0.0,0.0,0.0,0.0,0.0,0.0,0.0,0.0,0.0,0.0,0.0,0.0,0.0,0.0,0.0,0.0,0.0,0.0,0.0,0.0,0.0,0.0,0.0,0.0,0.0
321697,0.0,1.0,0.0,0.0,0.0,0.0,0.0,0.0,0.0,1.0,0.0,0.0,0.0,1.0,0.0,1.0,0.0,0.0,0.0,1.0,0.0,1.6379051208496094,0.0,0.0,0.0,1.0,0.0,30.0,4.0,0.0,0.0,1080.3599853515625,136.3400115966797,3748.30029296875,354.3100280761719,2039.1600341796875,6.0,9.0,2.0,1.0,1.0,0.0,,,0.0,0.0,0.0,0.0,0.0,0.0,0.0,0.0,0.0,0.0,0.0,0.0,0.0,4.0,0.0,1.0,1.0,0.0,0.0,0.0,2.0,0.0,0.0,0.0,0.0,0.0,3.0,2.0,2.0,2.0,3.0,0.0,0.0,0.0,1.0,1.0,33.0,19.0,1.0,3.0,3.0,1.0,6.0,1.0,7.0,0.0,0.0,10.0,7.0,0.0,0.0,2.0,9.0,1.0,6.0,8.0,6.0,14.0,0.0,100.0,31.0,0.0,1.0,0.0,0.44670283794403076,0.0,67.45988333333334,32.41170120239258,7358.470703125,0.09959357231855392,0.0
331135,0.0,0.0,0.0,0.0,0.0,0.0,0.0,,0.0,0.0,0.0,0.0,0.0,0.0,0.0,0.0,0.0,0.0,0.0,0.0,0.0,0.0,0.0,0.0,0.0,0.0,0.0,0.0,0.0,0.0,0.0,0.0,0.0,0.0,0.0,0.0,0.0,0.0,0.0,0.0,0.0,0.0,,,0.0,0.0,0.0,0.0,0.0,0.0,0.0,0.0,0.0,0.0,0.0,0.0,0.0,0.0,0.0,0.0,0.0,0.0,0.0,0.0,0.0,0.0,0.0,0.0,0.0,0.0,0.0,0.0,0.0,0.0,0.0,0.0,0.0,0.0,0.0,0.0,0.0,0.0,0.0,0.0,0.0,0.0,0.0,0.0,0.0,0.0,0.0,0.0,0.0,0.0,0.0,0.0,0.0,0.0,0.0,0.0,0.0,0.0,0.0,0.0,0.0,0.0,0.0,0.0,0.0,0.0,0.0,0.0,0.0,0.0,0.0
331149,0.0,0.0,0.0,0.0,0.0,0.0,0.0,,0.0,0.0,0.0,0.0,0.0,0.0,0.0,0.0,0.0,0.0,0.0,0.0,0.0,0.0,0.0,0.0,0.0,0.0,0.0,0.0,0.0,0.0,0.0,0.0,0.0,0.0,0.0,0.0,0.0,0.0,0.0,0.0,0.0,0.0,,,0.0,0.0,0.0,0.0,0.0,0.0,0.0,0.0,0.0,0.0,0.0,0.0,0.0,0.0,0.0,0.0,0.0,0.0,0.0,0.0,0.0,0.0,0.0,0.0,0.0,0.0,0.0,0.0,0.0,0.0,0.0,0.0,0.0,0.0,0.0,0.0,0.0,0.0,0.0,0.0,0.0,0.0,0.0,0.0,0.0,0.0,0.0,0.0,0.0,0.0,0.0,0.0,0.0,0.0,0.0,0.0,0.0,0.0,0.0,0.0,0.0,0.0,0.0,0.0,0.0,0.0,0.0,0.0,0.0,0.0,0.0
331463,1.0,1.0,0.0,1.0,0.0,0.0,0.0,0.0,0.0,0.0,0.0,0.0,1.0,0.0,0.0,0.0,0.0,1.0,0.0,2.0,0.0,6.225132306416829,2.0,0.0,3.0,9.0,1.0,57.0,9.0,2.0,0.0,3555.3898315429688,501.2199935913086,9984.3203125,1450.5399780273438,9549.3798828125,40.0,55.0,5.0,2.0,2.0,2.0,0.0,0.0,0.0,0.0,0.0,0.0,0.0,0.0,0.0,0.0,0.0,0.0,0.0,0.0,0.0,45.0,2.0,5.0,16.0,12.0,8.0,9.0,28.0,3.0,0.0,0.0,0.0,1.0,26.0,16.0,12.0,18.0,26.0,0.0,4.0,0.0,17.0,3.0,191.0,91.0,2.0,10.0,12.0,9.0,5.0,26.0,31.0,0.0,0.0,87.0,72.0,0.0,0.0,14.0,11.0,2.0,1.0,40.0,44.0,41.0,0.0,309.0,105.0,0.0,3.0,1.0,0.18715354800224304,13.0,241.8867,33.73603439331055,25040.849609375,0.022638630121946335,0.0
331732,0.0,0.0,0.0,0.0,0.0,0.0,0.0,,0.0,0.0,0.0,0.0,0.0,0.0,0.0,0.0,0.0,0.0,0.0,0.0,1.0,3.3024588584899903,0.0,0.0,0.0,0.0,0.0,0.0,0.0,15.0,0.0,892.9300384521484,2.4100000858306885,7321.81005859375,199.1299958229065,19727.260009765625,9.0,18.0,0.0,1.0,1.0,17.0,0.0,0.0,49.0,40.0,2.4166666865348816,7.0,6.0,14.0,0.0,0.0,0.0,0.0,0.0,2.0,0.0,65.0,2.0,22.0,29.0,10.0,3.0,5.0,20.0,2.0,0.0,0.0,0.0,0.0,34.0,10.0,3.0,10.0,20.0,0.0,7.0,0.0,7.0,5.0,237.0,146.0,12.0,0.0,0.0,14.0,9.0,5.0,14.0,0.0,0.0,123.0,92.0,0.0,0.0,7.0,0.0,0.0,0.0,6.0,75.0,6.0,0.0,90.0,16.0,0.0,0.0,0.0,0.5813153497874737,0.0,511.18878333333333,25.367616653442383,28143.53955078125,0.0,0.0
332314,0.0,5.0,0.0,1.0,0.0,0.0,0.0,0.0,0.0,2.0,2.0,0.0,0.0,0.0,0.0,3.0,1.0,5.0,1.0,5.0,5.0,5.810123562812805,5.0,5.0,0.0,1.0,0.0,91.0,23.0,6.0,0.0,5201.050048828125,433.48998641967773,18430.880859375,1988.6000061035156,13768.13037109375,111.0,132.0,24.0,2.0,2.0,6.0,0.0,0.0,0.0,0.0,0.0,0.0,0.0,0.0,0.0,0.0,0.0,0.0,0.0,0.0,0.0,94.0,4.0,5.0,29.0,23.0,18.0,20.0,74.0,8.0,5.0,0.0,1.0,3.0,57.0,46.0,39.0,45.0,39.0,3.0,2.0,2.0,28.0,4.0,578.0,205.0,25.0,6.0,54.0,82.0,103.0,39.0,142.0,0.0,0.0,270.0,243.0,0.0,0.0,69.0,11.0,2.0,7.0,79.0,190.0,86.0,0.0,449.0,140.0,0.0,2.0,0.0,0.32744961231946945,1.0,411.0321,29.85439109802246,39822.1513671875,0.11827906034886837,0.0
332847,0.0,4.0,0.0,0.0,1.0,0.0,0.0,0.0,0.0,0.0,3.0,0.0,0.0,0.0,0.0,3.0,1.0,4.0,1.0,17.0,7.0,5.311807632446289,16.0,7.0,1.0,2.0,1.0,63.0,19.0,14.0,0.0,6485.859924316406,479.3299903869629,23201.649841308594,1917.3499450683594,22183.950561523438,187.0,217.0,18.0,9.0,3.0,18.0,,,0.0,0.0,0.0,0.0,0.0,0.0,0.0,0.0,0.0,0.0,0.0,4.0,0.0,151.0,6.0,10.0,54.0,46.0,36.0,38.0,128.0,8.0,3.0,0.0,1.0,1.0,89.0,79.0,68.0,72.0,54.0,2.0,8.0,1.0,42.0,7.0,1154.0,303.0,23.0,2.0,40.0,194.0,157.0,79.0,236.0,0.0,0.0,565.0,532.0,0.0,0.0,158.0,9.0,0.0,4.0,54.0,497.0,58.0,0.0,566.0,148.0,3.0,2.0,3.0,0.2941210884600878,4.0,557.6169166666667,30.150081634521484,54268.14013671875,0.06944622471928596,2.0
332897,0.0,0.0,0.0,0.0,0.0,0.0,0.0,,0.0,0.0,0.0,0.0,0.0,0.0,0.0,0.0,0.0,0.0,0.0,0.0,0.0,2.1545642217000327,0.0,0.0,0.0,0.0,0.0,0.0,0.0,0.0,0.0,167.47000122070312,30.299999237060547,285.3500061035156,81.7300033569336,333.8299865722656,0.0,1.0,0.0,0.0,0.0,0.0,0.0,0.0,0.0,0.0,0.0,0.0,0.0,0.0,0.0,0.0,0.0,0.0,0.0,0.0,0.0,0.0,0.0,0.0,0.0,0.0,0.0,0.0,0.0,0.0,0.0,0.0,0.0,0.0,0.0,0.0,0.0,0.0,0.0,0.0,0.0,0.0,0.0,1.0,2.0,1.0,0.0,1.0,1.0,0.0,1.0,1.0,2.0,0.0,0.0,1.0,0.0,0.0,0.0,1.0,1.0,0.0,0.0,1.0,0.0,1.0,0.0,12.0,4.0,1.0,0.0,0.0,6.788815021514893,0.0,8.215983333333341,30.569732666015625,898.6799926757812,0.0,0.0
332946,0.0,2.0,0.0,0.0,0.0,2.0,0.0,0.0,0.0,0.0,0.0,0.0,0.0,2.0,0.0,2.0,0.0,0.0,0.0,1.0,6.0,5.6822844505310055,1.0,6.0,0.0,1.0,1.0,45.0,12.0,6.0,0.0,5274.899963378906,841.3500137329102,20922.66015625,1908.4300231933594,20384.25,61.0,71.0,11.0,0.0,2.0,6.0,0.0,0.0,0.0,0.0,0.0,0.0,0.0,0.0,0.0,0.0,0.0,0.0,1.0,0.0,0.0,86.0,3.0,13.0,36.0,29.0,18.0,20.0,70.0,4.0,3.0,0.0,0.0,1.0,46.0,38.0,26.0,29.0,27.0,2.0,9.0,1.0,18.0,5.0,785.0,217.0,22.0,3.0,2.0,54.0,32.0,27.0,59.0,1.0,0.0,380.0,367.0,0.0,0.0,34.0,3.0,0.0,6.0,24.0,349.0,30.0,0.0,453.0,141.0,0.0,0.0,0.0,0.5449626222252846,0.0,520.8456,33.792877197265625,49331.58984375,0.20704445242881775,0.0
335656,0.0,1.0,0.0,0.0,0.0,0.0,0.0,0.0,0.0,0.0,1.0,0.0,0.0,1.0,0.0,0.0,0.0,0.0,0.0,3.0,1.0,5.679074954986572,3.0,1.0,0.0,7.0,2.0,50.0,8.0,3.0,0.0,5655.960266113281,1590.3400421142578,15987.159912109375,2885.990020751953,18569.639892578125,68.0,92.0,3.0,7.0,1.0,3.0,0.0,0.0,0.0,0.0,0.0,0.0,0.0,0.0,0.0,0.0,0.0,0.0,0.0,0.0,0.0,102.0,3.0,8.0,42.0,31.0,25.0,31.0,78.0,6.0,3.0,1.0,3.0,0.0,54.0,44.0,38.0,43.0,44.0,2.0,4.0,0.0,30.0,5.0,604.0,221.0,20.0,45.0,41.0,112.0,35.0,163.0,198.0,1.0,0.0,294.0,262.0,0.0,0.0,93.0,21.0,4.0,0.0,44.0,234.0,44.0,0.0,495.0,217.0,1.0,0.0,1.0,0.5590085834264755,27.0,471.82455,34.19873046875,44689.09033203125,0.04389975219964981,2.0
335658,0.0,0.0,0.0,0.0,0.0,0.0,0.0,,0.0,0.0,0.0,0.0,0.0,0.0,0.0,0.0,0.0,0.0,0.0,0.0,0.0,1.4453295707702636,0.0,0.0,0.0,0.0,0.0,4.0,2.0,0.0,0.0,344.3399963378906,14.609999656677246,837.530029296875,114.760009765625,511.23004150390625,2.0,2.0,0.0,1.0,0.0,0.0,,,0.0,0.0,0.0,0.0,0.0,0.0,0.0,0.0,0.0,0.0,0.0,0.0,0.0,3.0,0.0,0.0,3.0,3.0,3.0,3.0,3.0,0.0,0.0,0.0,0.0,0.0,0.0,0.0,0.0,0.0,0.0,0.0,0.0,0.0,0.0,1.0,25.0,8.0,0.0,2.0,2.0,2.0,1.0,5.0,6.0,0.0,0.0,13.0,13.0,0.0,0.0,2.0,2.0,0.0,0.0,2.0,10.0,2.0,0.0,31.0,8.0,1.0,0.0,0.0,0.1270921379327774,1.0,15.191933333333338,26.5968017578125,1822.469970703125,0.0,0.0
335807,0.0,0.0,0.0,0.0,0.0,0.0,0.0,,0.0,0.0,0.0,0.0,0.0,0.0,0.0,0.0,0.0,0.0,0.0,0.0,0.0,1.7684171199798584,0.0,0.0,2.0,3.0,0.0,5.0,1.0,0.0,0.0,314.4200134277344,26.670000076293945,1194.47998046875,97.62999725341797,648.1699829101562,12.0,14.0,0.0,0.0,0.0,0.0,,,0.0,0.0,0.0,0.0,0.0,0.0,0.0,0.0,0.0,0.0,0.0,0.0,0.0,10.0,2.0,0.0,2.0,1.0,0.0,0.0,7.0,2.0,1.0,0.0,0.0,0.0,6.0,5.0,4.0,4.0,10.0,1.0,0.0,0.0,7.0,1.0,42.0,16.0,1.0,0.0,6.0,5.0,8.0,3.0,11.0,0.0,0.0,17.0,16.0,0.0,0.0,5.0,2.0,0.0,0.0,8.0,10.0,8.0,0.0,28.0,7.0,1.0,0.0,0.0,0.026167122647166252,0.0,19.39710000000001,27.231048583984375,2281.369873046875,0.0,0.0
335999,1.0,5.0,0.0,0.0,0.0,2.0,1.0,0.0,0.0,0.0,2.0,0.0,0.0,3.0,2.0,3.0,2.0,2.0,0.0,17.0,8.0,5.798022747039795,17.0,8.0,0.0,0.0,0.0,34.0,4.0,10.0,0.0,7926.539855957031,708.8499946594238,32810.90087890625,2683.0499877929688,35442.76171875,150.0,189.0,21.0,5.0,4.0,18.0,0.0,0.0,0.0,0.0,0.0,0.0,0.0,16.0,0.0,0.0,0.0,0.0,3.0,8.0,0.0,222.0,8.0,24.0,112.0,95.0,77.0,80.0,181.0,12.0,7.0,0.0,0.0,4.0,98.0,79.0,57.0,62.0,73.0,3.0,15.0,4.0,48.0,8.0,1378.0,457.0,36.0,6.0,3.0,88.0,43.0,54.0,97.0,0.0,0.0,660.0,618.0,0.0,0.0,48.0,5.0,0.0,7.0,64.0,562.0,71.0,0.0,695.0,204.0,0.0,2.0,0.0,1.246931791305542,3.0,824.1481833333335,33.021854400634766,79572.1015625,0.35701094567775726,1.0
336022,0.0,0.0,0.0,0.0,0.0,0.0,0.0,,0.0,0.0,0.0,0.0,0.0,0.0,0.0,0.0,0.0,0.0,0.0,0.0,3.0,2.917712688446045,0.0,1.0,0.0,0.0,0.0,0.0,0.0,17.0,0.0,1240.2799911499023,62.2699990272522,10361.14013671875,283.3200058937073,29828.231201171875,29.0,48.0,0.0,0.0,4.0,24.0,0.0,0.0,133.0,110.0,4.050000071525574,19.0,15.0,22.0,0.0,0.0,0.0,0.0,0.0,7.0,0.0,189.0,11.0,54.0,95.0,49.0,22.0,30.0,84.0,12.0,5.0,0.0,0.0,1.0,82.0,30.0,3.0,16.0,47.0,5.0,22.0,0.0,19.0,7.0,505.0,263.0,15.0,0.0,0.0,84.0,58.0,26.0,84.0,0.0,0.0,265.0,190.0,0.0,0.0,50.0,0.0,0.0,0.0,6.0,197.0,6.0,0.0,118.0,27.0,0.0,0.0,0.0,0.37353075854480267,0.0,756.7429999999999,30.159635543823242,41775.2412109375,0.0,0.0
336088,0.0,1.0,0.0,0.0,0.0,0.0,0.0,0.0,0.0,0.0,1.0,0.0,0.0,1.0,0.0,1.0,0.0,0.0,0.0,1.0,0.0,4.505813360214233,1.0,0.0,0.0,1.0,0.0,19.0,4.0,2.0,0.0,1583.0900039672852,354.6299571990967,8661.080322265625,600.7400169372559,7380.809997558594,27.0,36.0,8.0,2.0,2.0,3.0,0.0,0.0,0.0,0.0,0.0,0.0,0.0,0.0,0.0,0.0,0.0,0.0,1.0,1.0,0.0,39.0,1.0,3.0,18.0,12.0,12.0,14.0,23.0,3.0,0.0,0.0,0.0,2.0,18.0,11.0,11.0,12.0,15.0,0.0,0.0,0.0,8.0,3.0,253.0,86.0,7.0,1.0,5.0,22.0,5.0,23.0,28.0,0.0,0.0,123.0,112.0,0.0,0.0,11.0,3.0,0.0,3.0,14.0,101.0,17.0,0.0,136.0,49.0,1.0,1.0,0.0,0.22708294354379177,4.0,189.96725000000004,33.357486724853516,18580.349853515625,0.13845448195934296,0.0
336098,1.0,0.0,0.0,0.0,0.0,0.0,0.0,0.0,0.0,0.0,0.0,0.0,0.0,0.0,0.0,0.0,0.0,0.0,0.0,1.0,1.0,5.391097903251648,0.0,1.0,1.0,1.0,1.0,31.0,2.0,0.0,0.0,1450.4600219726562,157.25999450683594,3373.199951171875,631.0900039672852,2572.4000854492188,12.0,15.0,0.0,1.0,1.0,0.0,0.0,0.0,0.0,0.0,0.0,0.0,0.0,0.0,0.0,0.0,0.0,0.0,0.0,0.0,0.0,3.0,0.0,0.0,0.0,0.0,0.0,0.0,3.0,2.0,2.0,1.0,1.0,1.0,1.0,1.0,0.0,0.0,2.0,0.0,0.0,1.0,2.0,3.0,39.0,21.0,3.0,19.0,14.0,2.0,31.0,4.0,35.0,0.0,0.0,17.0,15.0,0.0,0.0,12.0,17.0,0.0,3.0,15.0,3.0,18.0,0.0,137.0,50.0,3.0,0.0,0.0,8.028226375579834,0.0,68.4315166666667,31.335819244384766,8184.41015625,0.0,1.0
336170,0.0,1.0,0.0,0.0,0.0,0.0,0.0,0.0,0.0,1.0,0.0,0.0,0.0,1.0,1.0,0.0,1.0,0.0,0.0,0.0,0.0,2.1810288429260254,0.0,0.0,0.0,0.0,0.0,1.0,1.0,0.0,0.0,177.0800018310547,76.95999908447266,468.3699951171875,97.86000061035156,418.76007080078125,1.0,3.0,0.0,0.0,0.0,0.0,,,0.0,0.0,0.0,0.0,0.0,0.0,1.0,0.0,1.0,0.0,0.0,0.0,0.0,0.0,0.0,0.0,0.0,0.0,0.0,0.0,0.0,0.0,0.0,0.0,0.0,0.0,0.0,0.0,0.0,0.0,0.0,0.0,0.0,0.0,0.0,1.0,9.0,5.0,1.0,1.0,0.0,2.0,2.0,1.0,3.0,0.0,0.0,3.0,1.0,0.0,0.0,1.0,2.0,0.0,0.0,1.0,3.0,1.0,0.0,13.0,7.0,1.0,0.0,0.0,1.7772749662399292,0.0,11.352216666666664,30.634201049804688,1239.030029296875,0.6768652200698853,0.0
336425,0.0,3.0,0.0,0.0,1.0,1.0,0.0,0.0,0.0,0.0,1.0,0.0,0.0,1.0,0.0,3.0,0.0,2.0,0.0,3.0,0.0,4.6017292737960815,2.0,0.0,0.0,1.0,0.0,80.0,4.0,0.0,0.0,2996.5198974609375,536.5500106811523,7030.260009765625,1296.8799438476562,9657.31005859375,17.0,29.0,7.0,2.0,1.0,0.0,0.0,0.0,0.0,0.0,0.0,0.0,0.0,0.0,0.0,0.0,0.0,0.0,1.0,0.0,0.0,5.0,1.0,0.0,1.0,0.0,0.0,0.0,0.0,1.0,0.0,0.0,0.0,0.0,3.0,0.0,0.0,2.0,5.0,0.0,0.0,0.0,0.0,3.0,63.0,34.0,7.0,91.0,64.0,0.0,128.0,27.0,155.0,4.0,0.0,23.0,16.0,0.0,0.0,22.0,29.0,2.0,7.0,22.0,5.0,29.0,0.0,256.0,117.0,0.0,3.0,2.0,7.7654688358306885,0.0,210.44096666666667,33.228511810302734,21517.5205078125,0.23818808794021606,0.0
336439,0.0,0.0,0.0,0.0,0.0,0.0,0.0,,0.0,0.0,0.0,0.0,0.0,0.0,0.0,0.0,0.0,0.0,0.0,0.0,0.0,0.0,0.0,0.0,0.0,0.0,0.0,0.0,0.0,0.0,0.0,0.0,0.0,0.0,0.0,0.0,0.0,0.0,0.0,0.0,0.0,0.0,,,0.0,0.0,0.0,0.0,0.0,0.0,0.0,0.0,0.0,0.0,0.0,0.0,0.0,0.0,0.0,0.0,0.0,0.0,0.0,0.0,0.0,0.0,0.0,0.0,0.0,0.0,0.0,0.0,0.0,0.0,0.0,0.0,0.0,0.0,0.0,0.0,0.0,0.0,0.0,0.0,0.0,0.0,0.0,0.0,0.0,0.0,0.0,0.0,0.0,0.0,0.0,0.0,0.0,0.0,0.0,0.0,0.0,0.0,0.0,0.0,0.0,0.0,0.0,0.0,0.0,0.0,0.0,0.0,0.0,0.0,0.0
336459,0.0,1.0,0.0,0.0,0.0,0.0,0.0,0.0,0.0,0.0,1.0,0.0,0.0,0.0,0.0,0.0,0.0,1.0,0.0,0.0,0.0,7.489381790161133,0.0,0.0,0.0,1.0,0.0,49.0,10.0,0.0,0.0,2694.8900451660156,106.85999870300293,8987.309936523438,826.7500228881836,5961.57014465332,12.0,18.0,6.0,3.0,0.0,0.0,0.0,0.0,0.0,0.0,0.0,0.0,0.0,0.0,0.0,0.0,0.0,0.0,0.0,0.0,0.0,8.0,1.0,1.0,3.0,1.0,1.0,1.0,3.0,2.0,1.0,1.0,1.0,0.0,3.0,1.0,1.0,1.0,4.0,0.0,0.0,0.0,2.0,3.0,74.0,41.0,2.0,11.0,17.0,7.0,31.0,4.0,35.0,0.0,0.0,30.0,25.0,0.0,0.0,10.0,5.0,1.0,5.0,14.0,12.0,19.0,0.0,218.0,49.0,1.0,2.0,0.0,1.0588943734765053,0.0,162.7532,28.73027992248535,18577.379821777344,0.056836940348148346,1.0
336472,0.0,1.0,0.0,1.0,0.0,0.0,0.0,0.0,0.0,0.0,1.0,0.0,0.0,0.0,0.0,0.0,0.0,1.0,0.0,1.0,0.0,5.436036229133606,0.0,0.0,0.0,2.0,0.0,24.0,1.0,0.0,0.0,1815.8900451660156,235.01999855041504,4199.3699951171875,787.0499877929688,3018.030029296875,12.0,19.0,0.0,0.0,0.0,0.0,0.0,0.0,0.0,0.0,0.0,0.0,0.0,0.0,0.0,0.0,0.0,0.0,0.0,0.0,0.0,7.0,0.0,0.0,0.0,0.0,0.0,0.0,5.0,2.0,1.0,1.0,2.0,0.0,5.0,4.0,4.0,5.0,5.0,0.0,0.0,0.0,3.0,3.0,47.0,20.0,1.0,18.0,22.0,7.0,32.0,15.0,47.0,1.0,0.0,20.0,17.0,0.0,0.0,9.0,10.0,0.0,0.0,9.0,15.0,9.0,0.0,163.0,50.0,3.0,0.0,0.0,6.260256052017212,0.0,81.90133333333334,30.636205673217773,10055.359741210938,0.01183953508734703,0.0
336641,0.0,0.0,0.0,0.0,0.0,0.0,0.0,,0.0,0.0,0.0,0.0,0.0,0.0,0.0,0.0,0.0,0.0,0.0,0.0,0.0,7.40230147043864,0.0,0.0,0.0,1.0,0.0,50.0,7.0,0.0,0.0,2647.7298583984375,226.88999557495117,5201.77001953125,1051.8299407958984,3874.3898315429688,14.0,22.0,2.0,3.0,3.0,0.0,0.0,0.0,0.0,0.0,0.0,0.0,0.0,0.0,0.0,0.0,0.0,0.0,0.0,0.0,0.0,6.0,0.0,0.0,3.0,2.0,2.0,3.0,3.0,2.0,0.0,0.0,2.0,0.0,1.0,1.0,1.0,1.0,5.0,0.0,0.0,0.0,2.0,3.0,62.0,30.0,0.0,6.0,12.0,4.0,15.0,7.0,22.0,0.0,0.0,25.0,18.0,0.0,0.0,7.0,15.0,1.0,5.0,17.0,11.0,22.0,0.0,216.0,78.0,2.0,1.0,0.0,2.043340504169464,0.0,103.85764999999999,30.530359268188477,13002.60986328125,0.0,0.0
337232,0.0,1.0,0.0,0.0,0.0,1.0,0.0,,0.0,0.0,0.0,0.0,0.0,0.0,0.0,1.0,0.0,1.0,0.0,0.0,0.0,4.817708492279053,0.0,0.0,2.0,3.0,1.0,1.0,1.0,2.0,0.0,424.57000732421875,49.999998569488525,679.8899841308594,234.60998916625977,420.0599822998047,3.0,5.0,1.0,0.0,1.0,2.0,,,0.0,0.0,0.0,0.0,0.0,0.0,0.0,0.0,0.0,0.0,0.0,0.0,0.0,6.0,0.0,0.0,1.0,0.0,0.0,1.0,1.0,2.0,0.0,0.0,0.0,2.0,3.0,1.0,1.0,1.0,2.0,0.0,0.0,0.0,1.0,2.0,18.0,11.0,1.0,1.0,4.0,0.0,2.0,3.0,5.0,0.0,0.0,7.0,3.0,0.0,0.0,2.0,2.0,0.0,0.0,4.0,2.0,4.0,0.0,30.0,18.0,2.0,0.0,0.0,0.39582157135009766,1.0,14.517416666666676,26.91227912902832,1809.1299438476562,0.0,0.0
337251,0.0,2.0,0.0,1.0,0.0,0.0,1.0,0.0,0.0,0.0,1.0,0.0,0.0,2.0,1.0,0.0,1.0,0.0,0.0,0.0,0.0,3.8910202980041504,0.0,0.0,0.0,0.0,0.0,19.0,2.0,0.0,0.0,964.5400238037109,212.5500030517578,3668.0398559570312,429.02999114990234,3498.739990234375,5.0,10.0,7.0,1.0,1.0,0.0,0.0,0.0,0.0,0.0,0.0,0.0,0.0,0.0,0.0,0.0,0.0,0.0,0.0,0.0,0.0,4.0,1.0,0.0,1.0,0.0,0.0,0.0,1.0,1.0,0.0,0.0,0.0,0.0,2.0,1.0,1.0,1.0,4.0,0.0,0.0,0.0,1.0,2.0,26.0,15.0,3.0,14.0,5.0,0.0,17.0,2.0,19.0,0.0,0.0,10.0,7.0,0.0,0.0,4.0,12.0,1.0,4.0,9.0,1.0,13.0,0.0,82.0,34.0,1.0,1.0,0.0,7.8987085819244385,0.0,85.93978333333332,30.257232666015625,8772.899658203125,0.04764707386493683,0.0
337389,0.0,1.0,0.0,0.0,0.0,0.0,1.0,0.0,0.0,0.0,0.0,0.0,0.0,1.0,1.0,0.0,1.0,0.0,0.0,1.0,1.0,4.900534947713216,1.0,1.0,0.0,1.0,1.0,9.0,2.0,0.0,0.0,421.2900085449219,49.729994773864746,1247.2500915527344,209.1699981689453,880.0599365234375,2.0,3.0,2.0,2.0,0.0,0.0,,,0.0,0.0,0.0,0.0,0.0,0.0,0.0,0.0,0.0,0.0,0.0,0.0,0.0,5.0,0.0,2.0,2.0,2.0,0.0,0.0,5.0,1.0,1.0,1.0,1.0,0.0,2.0,2.0,0.0,0.0,1.0,0.0,2.0,0.0,1.0,2.0,16.0,8.0,2.0,1.0,3.0,1.0,0.0,5.0,5.0,0.0,0.0,5.0,5.0,0.0,0.0,2.0,3.0,0.0,0.0,3.0,5.0,3.0,0.0,35.0,13.0,2.0,0.0,1.0,0.20801976509392262,0.0,23.5907,27.568431854248047,2807.5001220703125,0.022566616535186768,0.0
339112,0.0,0.0,0.0,0.0,0.0,0.0,0.0,,0.0,0.0,0.0,0.0,0.0,0.0,0.0,0.0,0.0,0.0,0.0,1.0,0.0,3.2449721097946167,1.0,0.0,0.0,1.0,0.0,21.0,3.0,0.0,0.0,983.5499572753906,242.89000701904297,3213.780029296875,383.32000732421875,3101.4898681640625,5.0,6.0,1.0,2.0,0.0,0.0,0.0,0.0,0.0,0.0,0.0,0.0,0.0,0.0,0.0,0.0,0.0,0.0,0.0,0.0,0.0,13.0,0.0,1.0,6.0,6.0,5.0,5.0,10.0,0.0,0.0,0.0,0.0,0.0,7.0,4.0,3.0,6.0,2.0,0.0,1.0,0.0,2.0,2.0,46.0,29.0,1.0,1.0,0.0,2.0,1.0,2.0,3.0,0.0,0.0,23.0,18.0,0.0,0.0,1.0,2.0,0.0,0.0,5.0,11.0,5.0,0.0,78.0,29.0,2.0,0.0,0.0,0.096975427120924,10.0,75.49021666666667,31.584793090820312,7925.030029296875,0.0,0.0
339117,0.0,0.0,0.0,0.0,0.0,0.0,0.0,,0.0,0.0,0.0,0.0,0.0,0.0,0.0,0.0,0.0,0.0,0.0,0.0,0.0,0.9497568607330322,0.0,0.0,0.0,0.0,0.0,0.0,0.0,0.0,0.0,39.750003814697266,0.0,53.27000427246094,0.0,113.85000610351562,0.0,0.0,0.0,0.0,0.0,0.0,,,0.0,0.0,0.0,0.0,0.0,0.0,0.0,0.0,0.0,0.0,0.0,0.0,0.0,0.0,0.0,0.0,0.0,0.0,0.0,0.0,0.0,0.0,0.0,0.0,0.0,0.0,0.0,0.0,0.0,0.0,0.0,0.0,0.0,0.0,0.0,1.0,0.0,0.0,0.0,0.0,0.0,0.0,0.0,0.0,0.0,0.0,0.0,0.0,0.0,0.0,0.0,0.0,0.0,0.0,0.0,0.0,0.0,0.0,0.0,2.0,0.0,1.0,0.0,0.0,0.1418207883834839,0.0,2.4934000000000083,18.083375930786133,206.8699951171875,0.0,0.0
339510,0.0,0.0,0.0,0.0,0.0,0.0,0.0,0.0,0.0,0.0,0.0,0.0,0.0,0.0,0.0,0.0,0.0,0.0,0.0,5.0,5.0,4.356501960754395,5.0,5.0,0.0,0.0,0.0,16.0,6.0,5.0,0.0,4920.5400390625,313.0799865722656,14437.540283203125,1361.009994506836,17031.45068359375,82.0,95.0,3.0,0.0,2.0,5.0,0.0,0.0,0.0,0.0,0.0,0.0,0.0,2.0,0.0,0.0,0.0,0.0,0.0,0.0,0.0,115.0,4.0,20.0,62.0,54.0,38.0,38.0,92.0,6.0,2.0,0.0,0.0,2.0,47.0,36.0,18.0,21.0,50.0,0.0,16.0,2.0,39.0,4.0,622.0,209.0,9.0,0.0,1.0,18.0,6.0,13.0,19.0,0.0,0.0,298.0,281.0,0.0,0.0,10.0,1.0,0.0,1.0,37.0,254.0,38.0,0.0,432.0,109.0,0.0,0.0,2.0,0.24154144152998924,1.0,419.95593333333335,32.26561737060547,38063.6201171875,0.0,0.0
339745,0.0,3.0,0.0,1.0,0.0,0.0,1.0,0.0,0.0,1.0,1.0,0.0,0.0,1.0,0.0,1.0,1.0,2.0,1.0,9.0,1.0,6.355222384134929,7.0,1.0,0.0,2.0,0.0,120.0,15.0,1.0,0.0,4483.1798095703125,683.2799835205078,10954.230224609375,1896.169921875,11435.2099609375,46.0,71.0,15.0,3.0,4.0,1.0,0.0,0.0,0.0,0.0,0.0,0.0,0.0,0.0,0.0,0.0,0.0,0.0,0.0,0.0,0.0,26.0,1.0,1.0,4.0,4.0,2.0,2.0,17.0,4.0,3.0,2.0,3.0,0.0,18.0,10.0,8.0,16.0,18.0,1.0,1.0,0.0,12.0,3.0,193.0,86.0,3.0,61.0,33.0,10.0,50.0,54.0,104.0,1.0,0.0,81.0,58.0,0.0,0.0,30.0,50.0,3.0,8.0,56.0,33.0,64.0,0.0,400.0,160.0,0.0,1.0,7.0,1.8434107303619385,2.0,276.45325,33.31848907470703,29452.0703125,0.07671361230313778,1.0
339746,0.0,0.0,0.0,0.0,0.0,0.0,0.0,,0.0,0.0,0.0,0.0,0.0,0.0,0.0,0.0,0.0,0.0,0.0,0.0,0.0,0.0,0.0,0.0,0.0,0.0,0.0,0.0,0.0,0.0,0.0,0.0,0.0,0.0,0.0,0.0,0.0,0.0,0.0,0.0,0.0,0.0,,,0.0,0.0,0.0,0.0,0.0,0.0,0.0,0.0,0.0,0.0,0.0,0.0,0.0,0.0,0.0,0.0,0.0,0.0,0.0,0.0,0.0,0.0,0.0,0.0,0.0,0.0,0.0,0.0,0.0,0.0,0.0,0.0,0.0,0.0,0.0,0.0,0.0,0.0,0.0,0.0,0.0,0.0,0.0,0.0,0.0,0.0,0.0,0.0,0.0,0.0,0.0,0.0,0.0,0.0,0.0,0.0,0.0,0.0,0.0,0.0,0.0,0.0,0.0,0.0,0.0,0.0,0.0,0.0,0.0,0.0,0.0
339820,0.0,0.0,0.0,0.0,0.0,0.0,0.0,,0.0,0.0,0.0,0.0,0.0,0.0,0.0,0.0,0.0,0.0,0.0,2.0,3.0,2.6538466215133667,2.0,3.0,0.0,0.0,0.0,21.0,5.0,2.0,0.0,2008.5300903320312,199.2199935913086,6326.550048828125,589.1900024414062,6950.370361328125,27.0,35.0,3.0,0.0,0.0,2.0,0.0,0.0,0.0,0.0,0.0,0.0,0.0,0.0,0.0,0.0,0.0,0.0,0.0,0.0,0.0,33.0,1.0,8.0,16.0,11.0,6.0,7.0,22.0,1.0,0.0,0.0,0.0,0.0,16.0,11.0,6.0,7.0,19.0,0.0,5.0,0.0,12.0,2.0,189.0,85.0,4.0,1.0,1.0,21.0,13.0,10.0,23.0,0.0,0.0,83.0,73.0,0.0,0.0,11.0,0.0,0.0,1.0,17.0,66.0,18.0,0.0,167.0,44.0,0.0,1.0,0.0,0.2549536731094122,1.0,181.54228333333333,31.143043518066406,16073.8603515625,0.0,0.0
339987,1.0,5.0,0.0,1.0,2.0,0.0,0.0,0.0,0.0,1.0,2.0,0.0,0.0,1.0,1.0,0.0,4.0,4.0,3.0,9.0,2.0,6.726018786430359,8.0,2.0,0.0,0.0,0.0,95.0,16.0,7.0,0.0,4401.75,519.7400016784668,15169.16064453125,1445.5499725341797,10966.8798828125,105.0,126.0,7.0,3.0,3.0,7.0,0.0,0.0,0.0,0.0,0.0,0.0,0.0,0.0,0.0,0.0,0.0,0.0,0.0,0.0,0.0,47.0,2.0,0.0,18.0,16.0,15.0,16.0,41.0,3.0,2.0,1.0,1.0,0.0,26.0,23.0,22.0,24.0,30.0,1.0,0.0,0.0,24.0,4.0,442.0,143.0,12.0,4.0,27.0,57.0,60.0,28.0,88.0,0.0,0.0,208.0,198.0,0.0,0.0,48.0,15.0,1.0,4.0,82.0,130.0,86.0,0.0,354.0,108.0,1.0,3.0,2.0,0.28778357058763504,1.0,293.71925,32.16201400756836,32503.07958984375,0.4644425418227911,0.0
344378,0.0,0.0,0.0,0.0,,,,,0.0,,,,,0.0,0.0,0.0,0.0,0.0,0.0,,,,,,0.0,0.0,0.0,,,0.0,0.0,,,,,,,,,0.0,0.0,0.0,,,,,0.0,0.0,0.0,0.0,0.0,0.0,0.0,0.0,0.0,0.0,0.0,,,,,,,,,,,,,,,,,,,,,,,1.0,,,,,,,,,,0.0,0.0,0.0,0.0,0.0,0.0,,,,,,,,0.0,,,0.0,0.0,,,0.0,,,,,1.0
344582,0.0,0.0,0.0,0.0,0.0,0.0,0.0,,0.0,0.0,0.0,0.0,0.0,0.0,0.0,0.0,0.0,0.0,0.0,0.0,0.0,0.0,0.0,0.0,0.0,0.0,0.0,0.0,0.0,0.0,0.0,0.0,0.0,0.0,0.0,0.0,0.0,0.0,0.0,0.0,0.0,0.0,,,0.0,0.0,0.0,0.0,0.0,0.0,0.0,0.0,0.0,0.0,0.0,0.0,0.0,0.0,0.0,0.0,0.0,0.0,0.0,0.0,0.0,0.0,0.0,0.0,0.0,0.0,0.0,0.0,0.0,0.0,0.0,0.0,0.0,0.0,0.0,0.0,0.0,0.0,0.0,0.0,0.0,0.0,0.0,0.0,0.0,0.0,0.0,0.0,0.0,0.0,0.0,0.0,0.0,0.0,0.0,0.0,0.0,0.0,0.0,0.0,0.0,0.0,0.0,0.0,0.0,0.0,0.0,0.0,0.0,0.0,0.0
344654,2.0,9.0,0.0,0.0,0.0,0.0,2.0,0.0,0.0,2.0,4.0,0.0,0.0,7.0,4.0,5.0,4.0,2.0,0.0,20.0,0.0,6.31946964263916,9.0,0.0,15.0,16.0,3.0,150.0,9.0,7.0,0.0,5571.9903564453125,1014.7300109863281,22244.91015625,2463.110076904297,17867.29052734375,69.0,115.0,18.0,5.0,13.0,7.0,0.0,0.0,0.0,0.0,0.0,0.0,0.0,0.0,1.0,0.0,1.0,0.0,1.0,0.0,0.0,41.0,4.0,0.0,4.0,1.0,0.0,0.0,24.0,9.0,4.0,2.0,4.0,1.0,28.0,19.0,17.0,23.0,27.0,1.0,0.0,1.0,18.0,5.0,339.0,176.0,36.0,68.0,112.0,17.0,112.0,85.0,197.0,1.0,0.0,136.0,112.0,0.0,0.0,74.0,93.0,5.0,16.0,76.0,78.0,92.0,0.0,493.0,201.0,0.0,3.0,4.0,8.512283086776733,1.0,469.05441666666667,33.60222625732422,49162.029296875,0.9537266492843628,0.0
344661,0.0,1.0,0.0,0.0,0.0,0.0,1.0,,0.0,0.0,0.0,0.0,0.0,1.0,1.0,0.0,1.0,0.0,0.0,8.0,8.0,5.815145111083984,7.0,4.0,0.0,0.0,0.0,31.0,11.0,4.0,0.0,5106.440155029297,501.3800163269043,17363.05029296875,1568.7500228881836,16392.539184570312,50.0,69.0,12.0,3.0,2.0,4.0,0.0,0.0,0.0,0.0,0.0,0.0,0.0,0.0,0.0,0.0,0.0,0.0,1.0,0.0,0.0,70.0,2.0,15.0,46.0,34.0,27.0,29.0,44.0,2.0,1.0,0.0,0.0,0.0,22.0,9.0,2.0,5.0,44.0,1.0,6.0,0.0,26.0,5.0,525.0,190.0,7.0,4.0,4.0,77.0,48.0,37.0,85.0,0.0,0.0,244.0,224.0,0.0,0.0,44.0,1.0,1.0,8.0,15.0,221.0,23.0,0.0,435.0,128.0,2.0,0.0,0.0,1.2343793287873268,0.0,431.3935333333333,31.390840530395508,40932.16064453125,0.10491883009672165,0.0
344679,0.0,0.0,0.0,0.0,,,,,0.0,,,,,0.0,0.0,0.0,0.0,0.0,0.0,,,,,,0.0,0.0,0.0,,,0.0,1.0,,,,,,,,,0.0,0.0,0.0,,,,,0.0,0.0,0.0,0.0,0.0,0.0,0.0,0.0,0.0,0.0,0.0,,,,,,,,,,,,,,,,,,,,,,,2.0,,,,,,,,,,0.0,0.0,0.0,0.0,0.0,0.0,,,,,,,,0.0,,,0.0,0.0,,,0.0,,,,,2.0
345059,0.0,0.0,0.0,0.0,0.0,0.0,0.0,0.0,0.0,0.0,0.0,0.0,0.0,0.0,0.0,0.0,0.0,0.0,0.0,0.0,0.0,2.282353242238363,0.0,0.0,0.0,0.0,0.0,20.0,0.0,1.0,0.0,995.1199340820312,31.139999389648438,2586.5400390625,424.3900451660156,1789.800048828125,14.0,20.0,1.0,1.0,0.0,1.0,,,0.0,0.0,0.0,0.0,0.0,0.0,0.0,0.0,0.0,0.0,0.0,0.0,0.0,14.0,2.0,2.0,6.0,3.0,1.0,2.0,8.0,2.0,1.0,0.0,0.0,0.0,6.0,4.0,2.0,2.0,9.0,1.0,1.0,0.0,3.0,1.0,65.0,25.0,2.0,5.0,13.0,13.0,26.0,5.0,31.0,0.0,0.0,32.0,26.0,0.0,0.0,17.0,5.0,2.0,1.0,19.0,12.0,20.0,0.0,86.0,28.0,1.0,0.0,0.0,0.45633822679519653,1.0,51.042399999999994,27.13083267211914,5826.98974609375,0.0,0.0
346743,0.0,2.0,0.0,0.0,0.0,1.0,1.0,0.0,0.0,0.0,0.0,0.0,0.0,2.0,0.0,2.0,0.0,0.0,0.0,1.0,2.0,5.592333157857259,1.0,2.0,0.0,0.0,0.0,26.0,12.0,6.0,0.0,2865.2799682617188,262.6299858093262,11019.3203125,917.8299102783203,13749.48974609375,21.0,36.0,8.0,4.0,0.0,6.0,0.0,0.0,0.0,0.0,0.0,0.0,0.0,8.0,0.0,0.0,0.0,0.0,2.0,0.0,0.0,43.0,1.0,8.0,25.0,13.0,11.0,16.0,19.0,1.0,0.0,0.0,0.0,0.0,17.0,6.0,4.0,8.0,23.0,0.0,2.0,0.0,9.0,3.0,297.0,113.0,4.0,0.0,1.0,31.0,22.0,10.0,32.0,1.0,0.0,141.0,118.0,0.0,0.0,18.0,3.0,0.0,3.0,14.0,112.0,17.0,0.0,255.0,78.0,0.0,0.0,0.0,0.11062326654791832,0.0,309.48558333333335,31.988224029541016,28814.5498046875,0.1815406084060669,1.0
347085,0.0,0.0,0.0,0.0,0.0,0.0,0.0,,0.0,0.0,0.0,0.0,0.0,0.0,0.0,0.0,0.0,0.0,0.0,0.0,0.0,1.8015100955963135,0.0,0.0,0.0,0.0,0.0,0.0,0.0,2.0,0.0,77.33000183105469,0.0,1166.6000366210938,22.779998779296875,5811.91015625,1.0,1.0,0.0,0.0,1.0,2.0,0.0,0.0,51.0,45.0,0.9333333671092987,7.0,7.0,20.0,0.0,0.0,0.0,0.0,0.0,0.0,0.0,31.0,0.0,6.0,21.0,11.0,10.0,15.0,13.0,0.0,0.0,0.0,0.0,0.0,10.0,2.0,1.0,4.0,0.0,0.0,1.0,0.0,0.0,2.0,79.0,54.0,5.0,0.0,0.0,5.0,4.0,1.0,5.0,0.0,0.0,51.0,33.0,0.0,0.0,3.0,0.0,0.0,0.0,0.0,19.0,0.0,0.0,9.0,2.0,1.0,0.0,0.0,0.030586423818022013,0.0,154.3079833333333,24.173770904541016,7078.619873046875,0.0,0.0
349342,0.0,1.0,0.0,0.0,0.0,0.0,0.0,0.0,0.0,0.0,1.0,0.0,0.0,1.0,1.0,0.0,1.0,0.0,0.0,5.0,1.0,5.037296772003174,5.0,1.0,0.0,6.0,1.0,55.0,7.0,1.0,0.0,4027.9600524902344,482.7699966430664,11895.390625,1440.849998474121,9006.360046386719,32.0,59.0,9.0,1.0,4.0,1.0,0.0,0.0,0.0,0.0,0.0,0.0,0.0,0.0,0.0,0.0,0.0,0.0,0.0,0.0,0.0,24.0,0.0,4.0,11.0,8.0,6.0,7.0,15.0,1.0,0.0,0.0,1.0,0.0,12.0,7.0,5.0,8.0,14.0,0.0,2.0,0.0,9.0,3.0,178.0,93.0,4.0,24.0,30.0,15.0,8.0,61.0,69.0,0.0,0.0,82.0,60.0,0.0,0.0,23.0,17.0,4.0,4.0,41.0,31.0,45.0,0.0,341.0,105.0,1.0,0.0,1.0,0.8514149850234389,23.0,245.4124666666667,32.91634750366211,26853.331787109375,0.023405414074659348,0.0
353235,0.0,0.0,0.0,0.0,0.0,0.0,0.0,0.0,0.0,0.0,0.0,0.0,0.0,0.0,0.0,0.0,0.0,0.0,0.0,3.0,1.0,6.469852328300476,1.0,0.0,6.0,9.0,1.0,212.0,19.0,7.0,0.0,4400.619934082031,563.900016784668,15614.640380859375,2156.6700439453125,12147.650146484375,23.0,34.0,23.0,7.0,7.0,7.0,0.0,0.0,0.0,0.0,0.0,0.0,0.0,0.0,0.0,0.0,0.0,0.0,0.0,0.0,0.0,11.0,0.0,0.0,0.0,0.0,0.0,0.0,1.0,3.0,0.0,0.0,3.0,0.0,8.0,1.0,1.0,8.0,5.0,0.0,0.0,0.0,0.0,4.0,124.0,83.0,2.0,51.0,28.0,7.0,58.0,28.0,86.0,1.0,0.0,47.0,33.0,0.0,0.0,17.0,37.0,4.0,15.0,30.0,17.0,45.0,0.0,416.0,167.0,0.0,4.0,1.0,6.3858582675457,1.0,323.8484666666667,30.98309898376465,34883.48095703125,0.0,0.0
353251,0.0,1.0,0.0,0.0,0.0,0.0,0.0,,0.0,0.0,1.0,0.0,0.0,1.0,1.0,0.0,1.0,0.0,0.0,0.0,0.0,4.307019074757894,0.0,0.0,0.0,0.0,0.0,22.0,4.0,0.0,0.0,764.6899719238281,156.68999481201172,2814.4598388671875,388.74998474121094,1928.320068359375,3.0,7.0,2.0,1.0,1.0,0.0,0.0,0.0,0.0,0.0,0.0,0.0,0.0,0.0,0.0,0.0,0.0,0.0,0.0,0.0,0.0,3.0,0.0,0.0,0.0,0.0,0.0,0.0,0.0,1.0,0.0,0.0,1.0,0.0,2.0,0.0,0.0,2.0,3.0,0.0,0.0,0.0,0.0,2.0,26.0,15.0,1.0,11.0,8.0,1.0,15.0,5.0,20.0,0.0,0.0,8.0,4.0,0.0,0.0,5.0,8.0,0.0,3.0,8.0,2.0,11.0,0.0,70.0,30.0,2.0,0.0,0.0,4.764680862426758,0.0,55.32318333333332,31.739696502685547,6052.909912109375,0.13158133625984192,0.0
353790,1.0,6.0,0.0,1.0,0.0,0.0,1.0,1.0,1.0,0.0,4.0,0.0,0.0,4.0,1.0,2.0,3.0,2.0,2.0,30.0,2.0,6.015022039413452,13.0,2.0,1.0,22.0,6.0,129.0,16.0,2.0,0.0,5056.060302734375,949.0799865722656,16677.349609375,2635.570068359375,16906.75,87.0,147.0,14.0,4.0,10.0,2.0,0.0,0.0,0.0,0.0,0.0,0.0,0.0,0.0,0.0,0.0,0.0,0.0,0.0,0.0,0.0,38.0,1.0,0.0,1.0,1.0,0.0,0.0,32.0,14.0,10.0,9.0,13.0,0.0,23.0,21.0,20.0,22.0,27.0,1.0,0.0,0.0,22.0,4.0,350.0,168.0,23.0,85.0,65.0,14.0,84.0,80.0,164.0,3.0,0.0,129.0,106.0,0.0,0.0,55.0,86.0,18.0,17.0,86.0,80.0,103.0,0.0,435.0,204.0,0.0,1.0,10.0,5.844326555728912,5.0,421.1175833333333,32.28486633300781,42224.8115234375,0.5797702260315418,0.0
354861,0.0,1.0,0.0,0.0,0.0,0.0,0.0,0.0,0.0,0.0,1.0,0.0,0.0,0.0,0.0,1.0,0.0,1.0,0.0,0.0,0.0,4.5904544194539385,0.0,0.0,0.0,0.0,0.0,29.0,3.0,1.0,0.0,2441.5399169921875,98.7599983215332,5720.7501220703125,443.5800018310547,4424.8603515625,40.0,44.0,2.0,0.0,2.0,1.0,0.0,0.0,0.0,0.0,0.0,0.0,0.0,0.0,0.0,0.0,0.0,0.0,0.0,0.0,0.0,30.0,4.0,1.0,10.0,8.0,5.0,5.0,23.0,4.0,2.0,0.0,0.0,0.0,16.0,13.0,10.0,11.0,16.0,2.0,1.0,0.0,10.0,2.0,143.0,46.0,4.0,7.0,34.0,17.0,31.0,27.0,58.0,0.0,0.0,69.0,65.0,0.0,0.0,22.0,5.0,0.0,0.0,19.0,51.0,19.0,0.0,205.0,30.0,1.0,1.0,0.0,0.3500097841024399,0.0,114.52603333333333,28.05965805053711,13129.490234375,0.02234477922320366,0.0
355642,1.0,6.0,0.0,3.0,1.0,0.0,0.0,0.0,0.0,4.0,1.0,0.0,0.0,3.0,0.0,3.0,0.0,3.0,0.0,11.0,1.0,6.203289985656738,7.0,1.0,0.0,5.0,0.0,102.0,14.0,0.0,0.0,5260.510009765625,776.9600219726562,14840.820068359375,2169.4300537109375,14782.480224609375,55.0,79.0,24.0,1.0,2.0,0.0,0.0,0.0,0.0,0.0,0.0,0.0,0.0,0.0,0.0,0.0,0.0,0.0,0.0,0.0,0.0,20.0,1.0,1.0,3.0,2.0,0.0,1.0,15.0,4.0,2.0,1.0,3.0,0.0,13.0,11.0,9.0,11.0,15.0,1.0,1.0,0.0,10.0,4.0,211.0,110.0,13.0,52.0,84.0,15.0,50.0,101.0,151.0,2.0,0.0,82.0,70.0,0.0,0.0,47.0,35.0,0.0,8.0,43.0,61.0,51.0,0.0,468.0,170.0,0.0,2.0,6.0,2.222913011908531,1.0,366.04060000000004,33.767303466796875,37830.20068359375,0.06917790789157152,0.0
355775,0.0,3.0,0.0,0.0,0.0,1.0,1.0,0.0,0.0,1.0,0.0,0.0,0.0,3.0,1.0,1.0,1.0,0.0,0.0,4.0,2.0,7.468309164047241,3.0,2.0,0.0,2.0,1.0,80.0,11.0,1.0,0.0,5882.43994140625,353.09000396728516,14632.350158691406,1719.4100952148438,8895.860107421875,73.0,95.0,7.0,3.0,3.0,1.0,0.0,0.0,0.0,0.0,0.0,0.0,0.0,0.0,0.0,0.0,0.0,0.0,1.0,0.0,0.0,38.0,1.0,4.0,13.0,9.0,8.0,8.0,21.0,2.0,0.0,0.0,1.0,0.0,23.0,12.0,11.0,18.0,28.0,0.0,1.0,0.0,13.0,4.0,279.0,113.0,10.0,19.0,43.0,38.0,69.0,31.0,100.0,0.0,0.0,124.0,103.0,0.0,0.0,34.0,25.0,2.0,4.0,63.0,68.0,67.0,0.0,495.0,125.0,2.0,1.0,1.0,1.591385193169117,0.0,255.06915000000004,29.89175796508789,31483.150634765625,0.211469866335392,1.0
356189,0.0,0.0,0.0,0.0,0.0,0.0,0.0,,0.0,0.0,0.0,0.0,0.0,0.0,0.0,0.0,0.0,0.0,0.0,0.0,0.0,1.0941414833068848,0.0,0.0,1.0,1.0,0.0,4.0,0.0,0.0,0.0,579.3599853515625,13.440000534057617,693.280029296875,108.2300033569336,396.3699951171875,4.0,5.0,0.0,0.0,1.0,1.0,,,0.0,0.0,0.0,0.0,0.0,0.0,0.0,0.0,0.0,0.0,0.0,1.0,0.0,3.0,0.0,0.0,0.0,0.0,0.0,0.0,3.0,0.0,0.0,0.0,0.0,0.0,3.0,3.0,3.0,3.0,1.0,0.0,0.0,0.0,1.0,1.0,27.0,9.0,1.0,1.0,4.0,17.0,20.0,2.0,22.0,0.0,0.0,13.0,12.0,0.0,0.0,10.0,0.0,1.0,1.0,4.0,8.0,5.0,0.0,35.0,6.0,1.0,0.0,0.0,0.08679046481847763,0.0,12.20353333333334,28.29876708984375,1790.679931640625,0.0,1.0
356412,0.0,0.0,0.0,0.0,0.0,0.0,0.0,,0.0,0.0,0.0,0.0,0.0,0.0,0.0,0.0,0.0,0.0,0.0,3.0,1.0,5.548585971196492,1.0,1.0,0.0,4.0,1.0,59.0,13.0,2.0,0.0,3426.340087890625,459.85998725891113,8969.230255126953,1305.329978942871,8502.149780273438,27.0,43.0,11.0,2.0,0.0,2.0,,,0.0,0.0,0.0,0.0,0.0,0.0,0.0,0.0,0.0,0.0,0.0,0.0,0.0,21.0,1.0,2.0,8.0,5.0,4.0,5.0,9.0,5.0,2.0,2.0,4.0,0.0,8.0,2.0,1.0,5.0,9.0,0.0,1.0,0.0,4.0,5.0,159.0,75.0,2.0,20.0,21.0,15.0,14.0,42.0,56.0,0.0,0.0,73.0,57.0,0.0,0.0,18.0,9.0,5.0,5.0,24.0,38.0,29.0,0.0,290.0,97.0,4.0,1.0,0.0,1.151385011151433,14.0,210.77998333333335,32.53603744506836,22662.9111328125,0.0,0.0
356532,1.0,1.0,0.0,0.0,0.0,0.0,0.0,0.0,0.0,1.0,0.0,0.0,0.0,1.0,0.0,1.0,0.0,0.0,0.0,5.0,3.0,5.400306701660156,4.0,3.0,0.0,4.0,0.0,23.0,12.0,11.0,0.0,4060.0399169921875,511.78002166748047,13862.2998046875,1584.419921875,16885.9697265625,46.0,74.0,9.0,1.0,2.0,16.0,0.0,0.0,0.0,0.0,0.0,0.0,0.0,0.0,0.0,0.0,0.0,0.0,0.0,5.0,0.0,92.0,2.0,22.0,48.0,31.0,20.0,24.0,56.0,7.0,3.0,1.0,1.0,4.0,37.0,22.0,9.0,9.0,46.0,0.0,11.0,2.0,27.0,4.0,340.0,156.0,6.0,2.0,1.0,32.0,12.0,23.0,35.0,0.0,0.0,162.0,130.0,0.0,0.0,25.0,11.0,0.0,4.0,31.0,119.0,35.0,0.0,347.0,135.0,0.0,0.0,2.0,0.3210132010281086,2.0,409.64515,32.24974822998047,36904.5107421875,0.046135224401950836,1.0
356673,0.0,0.0,0.0,0.0,0.0,0.0,0.0,,0.0,0.0,0.0,0.0,0.0,0.0,0.0,0.0,0.0,0.0,0.0,0.0,0.0,2.3471840222676597,0.0,0.0,0.0,0.0,0.0,5.0,1.0,0.0,0.0,219.02999877929688,10.89000129699707,675.2899780273438,127.36000061035156,502.4299621582031,0.0,0.0,1.0,0.0,0.0,0.0,,,0.0,0.0,0.0,0.0,0.0,0.0,0.0,0.0,0.0,0.0,0.0,0.0,0.0,0.0,0.0,0.0,0.0,0.0,0.0,0.0,0.0,0.0,0.0,0.0,0.0,0.0,0.0,0.0,0.0,0.0,0.0,0.0,0.0,0.0,0.0,1.0,0.0,0.0,0.0,4.0,0.0,0.0,2.0,2.0,4.0,1.0,0.0,0.0,0.0,0.0,0.0,0.0,0.0,0.0,0.0,0.0,0.0,0.0,0.0,17.0,9.0,1.0,0.0,0.0,0.08410582691431046,0.0,13.053383333333343,27.021774291992188,1535.0,0.0,0.0
356704,1.0,4.0,0.0,0.0,0.0,0.0,0.0,2.0,2.0,0.0,2.0,0.0,0.0,0.0,0.0,4.0,0.0,4.0,0.0,1.0,8.0,5.253473091125488,1.0,7.0,6.0,12.0,4.0,45.0,0.0,7.0,0.0,2037.9800415039062,133.26000785827637,6411.389892578125,673.9600219726562,6533.660217285156,56.0,68.0,3.0,0.0,1.0,7.0,,,0.0,0.0,0.0,0.0,0.0,0.0,0.0,0.0,0.0,0.0,0.0,0.0,0.0,67.0,10.0,3.0,15.0,11.0,2.0,2.0,51.0,11.0,7.0,0.0,1.0,0.0,41.0,33.0,24.0,28.0,42.0,7.0,2.0,0.0,36.0,4.0,202.0,69.0,16.0,10.0,28.0,12.0,27.0,23.0,50.0,0.0,0.0,89.0,74.0,0.0,0.0,31.0,22.0,1.0,0.0,35.0,59.0,35.0,0.0,185.0,45.0,4.0,0.0,1.0,2.024461477994919,0.0,146.56571666666667,31.048961639404297,15790.25,0.13286222517490387,0.0
356731,0.0,18.0,0.0,5.0,1.0,1.0,7.0,1.0,1.0,1.0,6.0,1.0,0.0,13.0,6.0,6.0,7.0,5.0,1.0,3.0,0.0,4.43235559463501,2.0,0.0,0.0,1.0,0.0,87.0,10.0,1.0,0.0,3798.9400024414062,630.1600341796875,11180.309814453125,1542.3500061035156,14931.58984375,38.0,68.0,27.0,7.0,2.0,1.0,0.0,0.0,0.0,0.0,0.0,0.0,0.0,0.0,3.0,0.0,2.0,1.0,7.0,0.0,0.0,19.0,2.0,0.0,2.0,1.0,0.0,0.0,12.0,8.0,5.0,3.0,5.0,1.0,9.0,6.0,4.0,6.0,13.0,1.0,0.0,1.0,7.0,4.0,190.0,99.0,25.0,73.0,72.0,4.0,107.0,42.0,149.0,2.0,0.0,66.0,48.0,1.0,1.0,42.0,75.0,6.0,20.0,54.0,28.0,74.0,0.0,295.0,141.0,0.0,3.0,1.0,11.6461763381958,1.0,348.98519999999996,33.30720520019531,32083.349609375,3.0022560581564903,0.0
356956,0.0,0.0,0.0,0.0,0.0,0.0,0.0,,0.0,0.0,0.0,0.0,0.0,0.0,0.0,0.0,0.0,0.0,0.0,0.0,0.0,2.5991835991541543,0.0,0.0,0.0,0.0,0.0,0.0,0.0,19.0,0.0,337.0400047302246,0.0,5050.769836425781,43.42000049352646,22605.760009765625,10.0,24.0,0.0,0.0,4.0,22.0,2.0,0.0,112.0,91.0,3.550000011920929,19.0,15.0,33.0,0.0,0.0,0.0,0.0,0.0,3.0,0.0,111.0,9.0,29.0,50.0,9.0,5.0,12.0,16.0,9.0,0.0,0.0,0.0,0.0,52.0,7.0,3.0,14.0,30.0,0.0,4.0,0.0,4.0,6.0,383.0,205.0,11.0,0.0,0.0,32.0,18.0,14.0,32.0,0.0,1.0,211.0,142.0,0.0,0.0,19.0,0.0,0.0,1.0,8.0,133.0,9.0,0.0,38.0,5.0,0.0,0.0,0.0,0.19960418157279491,0.0,650.4326666666667,24.525909423828125,28036.98974609375,0.0,0.0
358003,0.0,1.0,0.0,1.0,0.0,0.0,0.0,,0.0,0.0,1.0,0.0,0.0,1.0,0.0,0.0,0.0,0.0,0.0,2.0,0.0,2.572310447692871,2.0,0.0,0.0,0.0,0.0,34.0,1.0,0.0,0.0,1477.1199951171875,191.10000610351562,3176.4501953125,676.8299560546875,1986.0201416015625,14.0,19.0,10.0,0.0,1.0,0.0,,,0.0,0.0,0.0,0.0,0.0,0.0,0.0,0.0,0.0,0.0,0.0,0.0,0.0,6.0,0.0,0.0,0.0,0.0,0.0,0.0,3.0,1.0,0.0,0.0,0.0,1.0,5.0,3.0,3.0,4.0,6.0,0.0,0.0,0.0,3.0,1.0,42.0,20.0,1.0,9.0,13.0,4.0,16.0,10.0,26.0,0.0,0.0,18.0,14.0,0.0,0.0,5.0,5.0,0.0,0.0,17.0,3.0,17.0,0.0,135.0,49.0,0.0,1.0,2.0,0.4463767409324646,1.0,58.453383333333335,29.52939796447754,7507.51953125,0.0148725975304842,0.0
358106,0.0,0.0,0.0,0.0,0.0,0.0,0.0,,0.0,0.0,0.0,0.0,0.0,0.0,0.0,0.0,0.0,0.0,0.0,0.0,0.0,2.8786813020706177,0.0,0.0,0.0,0.0,0.0,0.0,0.0,6.0,0.0,604.4899864196777,40.399999022483826,4927.339904785156,168.1599998474121,24050.091064453125,7.0,22.0,0.0,0.0,0.0,10.0,0.0,0.0,110.0,90.0,4.0666667222976685,17.0,14.0,33.0,0.0,0.0,0.0,0.0,0.0,4.0,0.0,139.0,5.0,51.0,67.0,30.0,9.0,11.0,55.0,5.0,0.0,0.0,0.0,0.0,67.0,25.0,4.0,11.0,33.0,0.0,21.0,0.0,10.0,6.0,372.0,206.0,11.0,0.0,0.0,38.0,29.0,9.0,38.0,0.0,0.0,198.0,144.0,0.0,0.0,27.0,0.0,0.0,0.0,3.0,134.0,3.0,0.0,55.0,13.0,0.0,1.0,0.0,0.27468340285122395,0.0,625.0774666666667,26.5718994140625,29790.48046875,0.0,0.0
358112,1.0,6.0,0.0,2.0,0.0,0.0,3.0,0.0,0.0,1.0,2.0,0.0,0.0,6.0,3.0,1.0,3.0,0.0,0.0,1.0,0.0,5.466885805130005,1.0,0.0,0.0,0.0,0.0,56.0,1.0,0.0,0.0,2733.6499938964844,378.63001441955566,8704.940185546875,971.5600051879883,10903.010040283203,26.0,38.0,5.0,2.0,0.0,0.0,0.0,0.0,0.0,0.0,0.0,0.0,0.0,0.0,3.0,0.0,3.0,0.0,2.0,0.0,0.0,4.0,0.0,0.0,0.0,0.0,0.0,0.0,3.0,3.0,2.0,2.0,3.0,0.0,1.0,1.0,1.0,1.0,3.0,0.0,0.0,0.0,3.0,6.0,110.0,56.0,12.0,85.0,41.0,3.0,107.0,22.0,129.0,1.0,0.0,42.0,32.0,0.0,0.0,25.0,53.0,1.0,14.0,29.0,16.0,43.0,0.0,227.0,79.0,5.0,1.0,1.0,19.36522388458252,0.0,279.7895666666667,32.417274475097656,23691.7890625,0.767917949706316,1.0
358120,0.0,20.0,0.0,4.0,0.0,0.0,1.0,1.0,1.0,5.0,13.0,0.0,0.0,9.0,3.0,10.0,5.0,11.0,2.0,13.0,2.0,5.668224493662517,8.0,2.0,14.0,21.0,5.0,145.0,13.0,6.0,0.0,7110.2098388671875,856.0499572753906,19476.03076171875,2645.7599487304688,16524.849853515625,78.0,129.0,14.0,2.0,4.0,6.0,0.0,0.0,0.0,0.0,0.0,0.0,0.0,0.0,1.0,0.0,0.0,1.0,0.0,0.0,0.0,105.0,13.0,1.0,20.0,11.0,6.0,6.0,61.0,21.0,10.0,2.0,3.0,5.0,64.0,40.0,31.0,45.0,48.0,4.0,1.0,4.0,23.0,5.0,446.0,201.0,37.0,76.0,96.0,51.0,126.0,97.0,223.0,0.0,0.0,185.0,153.0,0.0,0.0,77.0,61.0,6.0,8.0,78.0,129.0,86.0,0.0,573.0,204.0,0.0,5.0,5.0,4.237792909145355,3.0,412.94620000000003,32.18869400024414,46612.90087890625,1.3923572823405266,1.0
358122,1.0,2.0,0.0,0.0,0.0,0.0,0.0,0.0,0.0,1.0,1.0,0.0,0.0,1.0,1.0,0.0,1.0,1.0,0.0,5.0,2.0,3.576625188191732,4.0,1.0,0.0,8.0,3.0,48.0,9.0,1.0,0.0,4266.550048828125,871.3499755859375,11860.99951171875,1929.2099609375,8219.4599609375,43.0,56.0,17.0,9.0,0.0,1.0,0.0,0.0,0.0,0.0,0.0,0.0,0.0,0.0,0.0,0.0,0.0,0.0,0.0,0.0,0.0,34.0,2.0,3.0,9.0,6.0,4.0,4.0,19.0,8.0,3.0,1.0,4.0,2.0,17.0,10.0,7.0,10.0,13.0,1.0,1.0,1.0,9.0,3.0,243.0,103.0,14.0,38.0,22.0,24.0,29.0,55.0,84.0,0.0,0.0,116.0,98.0,0.0,0.0,30.0,23.0,5.0,4.0,30.0,78.0,34.0,0.0,363.0,157.0,1.0,1.0,1.0,1.0748976469039917,15.0,226.56786666666665,33.04119110107422,27147.5693359375,0.10636347159743309,0.0
358241,0.0,5.0,0.0,1.0,0.0,0.0,0.0,1.0,1.0,1.0,3.0,0.0,0.0,1.0,0.0,2.0,2.0,4.0,2.0,6.0,1.0,6.026861906051636,4.0,1.0,9.0,30.0,10.0,137.0,10.0,5.0,0.0,5868.320068359375,1128.9600219726562,14751.729736328125,2703.8299560546875,16911.119873046875,70.0,106.0,26.0,2.0,3.0,5.0,0.0,0.0,0.0,0.0,0.0,0.0,0.0,0.0,1.0,0.0,0.0,1.0,0.0,0.0,0.0,70.0,7.0,4.0,13.0,5.0,1.0,2.0,40.0,16.0,11.0,5.0,6.0,3.0,41.0,24.0,18.0,27.0,37.0,4.0,0.0,2.0,23.0,4.0,324.0,156.0,15.0,47.0,66.0,8.0,48.0,73.0,121.0,1.0,0.0,126.0,94.0,0.0,0.0,51.0,80.0,7.0,8.0,68.0,74.0,76.0,0.0,488.0,233.0,0.0,0.0,3.0,2.6924923062324524,3.0,412.32820000000004,33.6202392578125,41363.958984375,0.4572260081768036,1.0
359381,1.0,2.0,0.0,0.0,0.0,0.0,0.0,1.0,0.0,1.0,0.0,0.0,0.0,2.0,2.0,0.0,2.0,0.0,0.0,5.0,1.0,6.03831148147583,4.0,1.0,2.0,19.0,3.0,88.0,13.0,3.0,0.0,5144.969970703125,1305.4000396728516,14928.440185546875,2267.140167236328,17935.74951171875,79.0,108.0,12.0,4.0,1.0,3.0,0.0,0.0,0.0,0.0,0.0,0.0,0.0,0.0,1.0,0.0,1.0,0.0,1.0,0.0,0.0,53.0,4.0,9.0,20.0,12.0,7.0,7.0,31.0,9.0,5.0,2.0,4.0,1.0,24.0,14.0,8.0,10.0,33.0,2.0,3.0,1.0,19.0,4.0,335.0,142.0,14.0,67.0,47.0,21.0,34.0,101.0,135.0,0.0,0.0,150.0,132.0,0.0,0.0,47.0,44.0,10.0,0.0,57.0,98.0,57.0,0.0,452.0,183.0,0.0,0.0,2.0,1.8326344341039658,15.0,413.65509999999995,33.522613525390625,41581.701171875,0.3174504190683365,2.0
359634,0.0,0.0,0.0,0.0,0.0,0.0,0.0,,0.0,0.0,0.0,0.0,0.0,0.0,0.0,0.0,0.0,0.0,0.0,0.0,3.0,3.8835973739624023,0.0,3.0,0.0,0.0,0.0,11.0,2.0,2.0,0.0,1846.9599609375,222.54999542236328,8399.14990234375,550.0700225830078,8756.22021484375,24.0,28.0,2.0,1.0,0.0,2.0,0.0,0.0,0.0,0.0,0.0,0.0,0.0,0.0,0.0,0.0,0.0,0.0,0.0,0.0,0.0,40.0,5.0,5.0,24.0,19.0,13.0,14.0,28.0,5.0,2.0,0.0,0.0,0.0,11.0,7.0,1.0,1.0,16.0,2.0,4.0,0.0,10.0,2.0,206.0,61.0,3.0,0.0,0.0,41.0,12.0,29.0,41.0,1.0,0.0,101.0,94.0,0.0,0.0,21.0,1.0,0.0,2.0,12.0,86.0,14.0,0.0,173.0,45.0,0.0,0.0,0.0,0.13365774974226952,0.0,203.89001666666667,32.383514404296875,19774.9501953125,0.0,0.0
360496,0.0,0.0,0.0,0.0,0.0,0.0,0.0,,0.0,0.0,0.0,0.0,0.0,0.0,0.0,0.0,0.0,0.0,0.0,0.0,1.0,1.472319483757019,0.0,1.0,0.0,0.0,0.0,0.0,0.0,4.0,0.0,75.86000061035156,0.0,1651.739990234375,18.149999618530273,8115.400390625,3.0,10.0,0.0,0.0,0.0,9.0,0.0,0.0,22.0,20.0,0.7857142984867096,4.0,3.0,12.0,0.0,0.0,0.0,0.0,0.0,5.0,0.0,48.0,3.0,15.0,24.0,9.0,2.0,6.0,18.0,3.0,2.0,0.0,0.0,0.0,21.0,7.0,0.0,3.0,7.0,2.0,5.0,0.0,0.0,2.0,115.0,64.0,4.0,0.0,0.0,8.0,5.0,3.0,8.0,0.0,0.0,66.0,45.0,0.0,0.0,4.0,0.0,0.0,0.0,1.0,39.0,1.0,0.0,8.0,1.0,0.0,0.0,0.0,0.07355765625834465,0.0,200.87126666666666,24.964107513427734,9861.14990234375,0.0,0.0
360498,0.0,0.0,0.0,0.0,0.0,0.0,0.0,,0.0,0.0,0.0,0.0,0.0,0.0,0.0,0.0,0.0,0.0,0.0,0.0,0.0,0.0,0.0,0.0,0.0,0.0,0.0,0.0,0.0,0.0,0.0,0.0,0.0,0.0,0.0,0.0,0.0,0.0,0.0,0.0,0.0,0.0,,,0.0,0.0,0.0,0.0,0.0,0.0,0.0,0.0,0.0,0.0,0.0,0.0,0.0,0.0,0.0,0.0,0.0,0.0,0.0,0.0,0.0,0.0,0.0,0.0,0.0,0.0,0.0,0.0,0.0,0.0,0.0,0.0,0.0,0.0,0.0,0.0,0.0,0.0,0.0,0.0,0.0,0.0,0.0,0.0,0.0,0.0,0.0,0.0,0.0,0.0,0.0,0.0,0.0,0.0,0.0,0.0,0.0,0.0,0.0,0.0,0.0,0.0,0.0,0.0,0.0,0.0,0.0,0.0,0.0,0.0,0.0
360642,0.0,0.0,0.0,0.0,0.0,0.0,0.0,,0.0,0.0,0.0,0.0,0.0,0.0,0.0,0.0,0.0,0.0,0.0,0.0,0.0,2.5686380863189697,0.0,0.0,0.0,0.0,0.0,0.0,0.0,7.0,0.0,270.1500015258789,6.650000095367432,3533.7301635742188,81.28000068664551,19235.330078125,7.0,18.0,0.0,0.0,0.0,12.0,0.0,0.0,57.0,54.0,3.5,7.0,6.0,42.0,0.0,0.0,0.0,0.0,0.0,5.0,0.0,100.0,8.0,27.0,44.0,15.0,3.0,9.0,33.0,10.0,2.0,0.0,0.0,2.0,46.0,16.0,4.0,9.0,19.0,2.0,10.0,0.0,6.0,5.0,368.0,190.0,12.0,0.0,0.0,53.0,30.0,23.0,53.0,0.0,0.0,202.0,157.0,0.0,0.0,32.0,0.0,0.0,0.0,3.0,136.0,3.0,0.0,27.0,9.0,0.0,0.0,0.0,0.17631895840168,0.0,541.2107833333333,25.690994262695312,23127.14013671875,0.0,0.0
363863,1.0,8.0,0.0,2.0,0.0,2.0,1.0,0.0,0.0,1.0,4.0,0.0,0.0,6.0,2.0,2.0,3.0,2.0,1.0,11.0,1.0,5.531786155700684,6.0,1.0,0.0,3.0,0.0,46.0,4.0,0.0,0.0,3844.3597106933594,544.4400329589844,8760.410888671875,1682.6601104736328,8605.800903320312,43.0,70.0,6.0,3.0,2.0,0.0,,,0.0,0.0,0.0,0.0,0.0,0.0,1.0,0.0,1.0,0.0,3.0,0.0,0.0,23.0,2.0,1.0,3.0,1.0,0.0,0.0,9.0,5.0,2.0,1.0,2.0,1.0,15.0,6.0,4.0,11.0,20.0,0.0,1.0,1.0,7.0,4.0,204.0,95.0,14.0,33.0,28.0,17.0,35.0,43.0,78.0,0.0,0.0,81.0,68.0,0.0,0.0,25.0,41.0,8.0,5.0,47.0,49.0,52.0,0.0,331.0,136.0,3.0,0.0,4.0,4.678156495094299,6.0,204.59315000000004,32.72580337524414,23437.669189453125,0.7141620516777039,0.0
364752,0.0,0.0,0.0,0.0,0.0,0.0,0.0,,0.0,0.0,0.0,0.0,0.0,0.0,0.0,0.0,0.0,0.0,0.0,1.0,0.0,2.891430974006653,1.0,0.0,0.0,0.0,0.0,0.0,0.0,5.0,0.0,412.6999969482422,3.8200000524520874,3073.7398681640625,89.60999870300293,17740.96923828125,23.0,32.0,0.0,0.0,3.0,10.0,3.0,0.0,136.0,102.0,2.7272727489471436,18.0,17.0,23.0,0.0,0.0,0.0,0.0,0.0,5.0,0.0,106.0,2.0,23.0,72.0,39.0,29.0,47.0,52.0,2.0,0.0,0.0,0.0,0.0,32.0,13.0,3.0,7.0,29.0,0.0,10.0,0.0,20.0,4.0,299.0,161.0,5.0,0.0,0.0,35.0,19.0,16.0,35.0,0.0,0.0,166.0,117.0,0.0,0.0,13.0,0.0,0.0,0.0,7.0,102.0,7.0,0.0,44.0,9.0,0.0,0.0,1.0,0.07345409318804741,0.0,445.4629666666667,25.354246139526367,21320.83935546875,0.0,0.0
367536,0.0,0.0,0.0,0.0,0.0,0.0,0.0,,0.0,0.0,0.0,0.0,0.0,0.0,0.0,0.0,0.0,0.0,0.0,0.0,0.0,1.8327488899230957,0.0,0.0,0.0,0.0,0.0,0.0,0.0,0.0,0.0,27.850000381469727,0.0,50.75,32.40999984741211,57.959999084472656,0.0,0.0,0.0,0.0,0.0,0.0,,,0.0,0.0,0.0,0.0,0.0,0.0,0.0,0.0,0.0,0.0,0.0,0.0,0.0,0.0,0.0,0.0,0.0,0.0,0.0,0.0,0.0,0.0,0.0,0.0,0.0,0.0,0.0,0.0,0.0,0.0,0.0,0.0,0.0,0.0,0.0,1.0,0.0,0.0,0.0,0.0,0.0,0.0,0.0,0.0,0.0,0.0,0.0,0.0,0.0,0.0,0.0,0.0,0.0,0.0,0.0,0.0,0.0,0.0,0.0,2.0,1.0,1.0,0.0,0.0,0.0037418543361127377,0.0,1.3798333333333375,23.709592819213867,168.97000122070312,0.0,0.0
367981,0.0,2.0,0.0,0.0,0.0,0.0,0.0,0.0,0.0,1.0,1.0,0.0,0.0,2.0,0.0,2.0,0.0,0.0,0.0,1.0,0.0,6.22158203125,0.0,0.0,0.0,6.0,1.0,111.0,42.0,2.0,0.0,6994.750305175781,903.4999542236328,23360.400390625,2965.9100341796875,18238.35009765625,102.0,122.0,21.0,3.0,2.0,2.0,0.0,0.0,0.0,0.0,0.0,0.0,0.0,0.0,0.0,0.0,0.0,0.0,0.0,0.0,0.0,71.0,1.0,8.0,37.0,28.0,25.0,28.0,52.0,5.0,3.0,2.0,3.0,1.0,29.0,21.0,17.0,19.0,33.0,0.0,3.0,1.0,24.0,5.0,571.0,236.0,22.0,31.0,30.0,25.0,25.0,61.0,86.0,1.0,0.0,275.0,256.0,0.0,0.0,27.0,43.0,7.0,6.0,72.0,169.0,78.0,0.0,642.0,220.0,0.0,1.0,0.0,0.768758948892355,37.0,505.65366666666665,31.703170776367188,52462.91015625,0.20237344317138195,1.0
368535,0.0,0.0,0.0,0.0,0.0,0.0,0.0,0.0,0.0,0.0,0.0,0.0,0.0,0.0,0.0,0.0,0.0,0.0,0.0,0.0,0.0,2.55519429842631,0.0,0.0,0.0,0.0,0.0,0.0,0.0,7.0,0.0,205.7599868774414,0.0,2387.5099487304688,16.8799991607666,10449.43017578125,3.0,6.0,0.0,0.0,1.0,10.0,1.0,0.0,97.0,88.0,1.5714285969734192,11.0,11.0,24.0,0.0,0.0,0.0,0.0,0.0,3.0,0.0,71.0,4.0,22.0,35.0,19.0,5.0,9.0,35.0,4.0,0.0,0.0,0.0,0.0,32.0,16.0,2.0,6.0,6.0,0.0,14.0,0.0,2.0,3.0,185.0,111.0,5.0,0.0,0.0,21.0,13.0,8.0,21.0,0.0,0.0,107.0,78.0,0.0,0.0,11.0,0.0,0.0,0.0,0.0,60.0,0.0,0.0,19.0,2.0,0.0,0.0,0.0,0.09570633433759212,0.0,306.77251666666666,24.004728317260742,13059.57958984375,0.0,0.0
368545,0.0,0.0,0.0,0.0,0.0,0.0,0.0,,0.0,0.0,0.0,0.0,0.0,0.0,0.0,0.0,0.0,0.0,0.0,0.0,0.0,2.5496230125427246,0.0,0.0,1.0,1.0,0.0,4.0,0.0,0.0,0.0,412.9100036621094,19.770000457763672,1091.1099853515625,106.77999114990234,518.3599243164062,5.0,9.0,0.0,0.0,0.0,0.0,,,0.0,0.0,0.0,0.0,0.0,0.0,0.0,0.0,0.0,0.0,0.0,0.0,0.0,9.0,2.0,0.0,2.0,1.0,0.0,0.0,4.0,2.0,1.0,0.0,0.0,0.0,5.0,2.0,1.0,3.0,5.0,1.0,0.0,0.0,3.0,1.0,35.0,16.0,0.0,1.0,6.0,5.0,4.0,8.0,12.0,0.0,0.0,17.0,11.0,0.0,0.0,4.0,5.0,0.0,0.0,6.0,9.0,6.0,0.0,34.0,8.0,1.0,0.0,0.0,0.3218194246292114,3.0,16.86523333333332,28.386274337768555,2148.929931640625,0.0,0.0
368546,0.0,0.0,0.0,0.0,0.0,0.0,0.0,,0.0,0.0,0.0,0.0,0.0,0.0,0.0,0.0,0.0,0.0,0.0,0.0,0.0,6.935273170471191,0.0,0.0,0.0,0.0,0.0,21.0,2.0,0.0,0.0,946.8499908447266,11.280000686645508,2698.829833984375,375.73999786376953,1559.2799377441406,3.0,3.0,0.0,0.0,0.0,0.0,,,0.0,0.0,0.0,0.0,0.0,0.0,0.0,0.0,0.0,0.0,0.0,0.0,0.0,0.0,0.0,0.0,0.0,0.0,0.0,0.0,0.0,0.0,0.0,0.0,0.0,0.0,0.0,0.0,0.0,0.0,0.0,0.0,0.0,0.0,0.0,3.0,9.0,5.0,0.0,9.0,4.0,0.0,10.0,3.0,13.0,1.0,0.0,4.0,4.0,0.0,0.0,2.0,3.0,0.0,1.0,1.0,3.0,2.0,0.0,79.0,26.0,3.0,0.0,0.0,14.321076393127441,0.0,46.687116666666654,26.983928680419922,5591.97998046875,0.0,0.0
368649,1.0,3.0,0.0,1.0,0.0,0.0,0.0,0.0,0.0,2.0,1.0,0.0,0.0,1.0,0.0,2.0,0.0,2.0,0.0,12.0,4.0,6.4584885597229,8.0,3.0,1.0,12.0,4.0,66.0,13.0,2.0,0.0,4759.210205078125,620.2100219726562,15135.239990234375,1985.4199829101562,14326.8203125,88.0,118.0,13.0,6.0,2.0,2.0,0.0,0.0,0.0,0.0,0.0,0.0,0.0,0.0,0.0,0.0,0.0,0.0,0.0,0.0,0.0,55.0,1.0,1.0,16.0,14.0,13.0,14.0,39.0,9.0,5.0,3.0,7.0,1.0,30.0,20.0,18.0,27.0,28.0,1.0,0.0,1.0,20.0,5.0,406.0,164.0,15.0,41.0,40.0,36.0,42.0,75.0,117.0,1.0,0.0,184.0,160.0,0.0,0.0,43.0,44.0,8.0,3.0,63.0,126.0,66.0,0.0,388.0,151.0,0.0,4.0,6.0,1.616243839263916,20.0,342.90718333333336,32.88329315185547,36826.900390625,0.05852740257978439,0.0
368652,0.0,0.0,0.0,0.0,0.0,0.0,0.0,,0.0,0.0,0.0,0.0,0.0,0.0,0.0,0.0,0.0,0.0,0.0,0.0,0.0,0.0,0.0,0.0,0.0,0.0,0.0,0.0,0.0,0.0,0.0,0.0,0.0,0.0,0.0,0.0,0.0,0.0,0.0,0.0,0.0,0.0,,,0.0,0.0,0.0,0.0,0.0,0.0,0.0,0.0,0.0,0.0,0.0,0.0,0.0,0.0,0.0,0.0,0.0,0.0,0.0,0.0,0.0,0.0,0.0,0.0,0.0,0.0,0.0,0.0,0.0,0.0,0.0,0.0,0.0,0.0,0.0,0.0,0.0,0.0,0.0,0.0,0.0,0.0,0.0,0.0,0.0,0.0,0.0,0.0,0.0,0.0,0.0,0.0,0.0,0.0,0.0,0.0,0.0,0.0,0.0,0.0,0.0,0.0,0.0,0.0,0.0,0.0,0.0,0.0,0.0,0.0,0.0
368655,0.0,0.0,0.0,0.0,0.0,0.0,0.0,,0.0,0.0,0.0,0.0,0.0,0.0,0.0,0.0,0.0,0.0,0.0,0.0,0.0,0.0,0.0,0.0,0.0,0.0,0.0,0.0,0.0,0.0,0.0,0.0,0.0,0.0,0.0,0.0,0.0,0.0,0.0,0.0,0.0,0.0,,,0.0,0.0,0.0,0.0,0.0,0.0,0.0,0.0,0.0,0.0,0.0,0.0,0.0,0.0,0.0,0.0,0.0,0.0,0.0,0.0,0.0,0.0,0.0,0.0,0.0,0.0,0.0,0.0,0.0,0.0,0.0,0.0,0.0,0.0,0.0,0.0,0.0,0.0,0.0,0.0,0.0,0.0,0.0,0.0,0.0,0.0,0.0,0.0,0.0,0.0,0.0,0.0,0.0,0.0,0.0,0.0,0.0,0.0,0.0,0.0,0.0,0.0,0.0,0.0,0.0,0.0,0.0,0.0,0.0,0.0,0.0
368660,0.0,2.0,0.0,2.0,0.0,0.0,0.0,0.0,0.0,2.0,0.0,0.0,0.0,0.0,0.0,0.0,0.0,2.0,0.0,2.0,1.0,6.272504647572835,1.0,1.0,0.0,10.0,3.0,20.0,5.0,5.0,0.0,4062.1898193359375,795.8100280761719,13502.0,1943.320068359375,12447.47998046875,57.0,74.0,8.0,1.0,1.0,6.0,0.0,0.0,0.0,0.0,0.0,0.0,0.0,0.0,0.0,0.0,0.0,0.0,0.0,1.0,0.0,53.0,3.0,5.0,16.0,14.0,8.0,8.0,43.0,8.0,6.0,3.0,4.0,1.0,29.0,23.0,17.0,20.0,31.0,3.0,3.0,0.0,24.0,3.0,271.0,125.0,11.0,33.0,49.0,33.0,24.0,91.0,115.0,0.0,0.0,134.0,119.0,0.0,0.0,38.0,26.0,4.0,3.0,31.0,79.0,34.0,0.0,352.0,149.0,0.0,0.0,1.0,0.5499331802129745,30.0,313.2592666666667,33.28702926635742,32750.80078125,0.006130552850663662,1.0
368664,0.0,0.0,0.0,0.0,0.0,0.0,0.0,,0.0,0.0,0.0,0.0,0.0,0.0,0.0,0.0,0.0,0.0,0.0,0.0,0.0,1.1969415346781414,0.0,0.0,0.0,0.0,0.0,0.0,0.0,0.0,0.0,85.19999694824219,16.5,896.4999389648438,27.310001373291016,2053.919921875,1.0,1.0,0.0,0.0,0.0,0.0,,,7.0,5.0,0.0,0.0,0.0,3.0,0.0,0.0,0.0,0.0,0.0,0.0,0.0,24.0,3.0,6.0,11.0,4.0,1.0,2.0,9.0,3.0,2.0,0.0,0.0,0.0,10.0,3.0,0.0,1.0,0.0,2.0,1.0,0.0,0.0,1.0,38.0,18.0,0.0,0.0,0.0,5.0,3.0,2.0,5.0,0.0,0.0,19.0,10.0,0.0,0.0,4.0,0.0,0.0,0.0,0.0,14.0,0.0,0.0,6.0,3.0,1.0,0.0,0.0,0.0383896641433239,0.0,51.522416666666665,28.23230743408203,3079.429931640625,0.0,0.0
368689,0.0,0.0,0.0,0.0,0.0,0.0,0.0,,0.0,0.0,0.0,0.0,0.0,0.0,0.0,0.0,0.0,0.0,0.0,0.0,0.0,0.0,0.0,0.0,0.0,0.0,0.0,0.0,0.0,0.0,0.0,0.0,0.0,0.0,0.0,0.0,0.0,0.0,0.0,0.0,0.0,0.0,,,0.0,0.0,0.0,0.0,0.0,0.0,0.0,0.0,0.0,0.0,0.0,0.0,0.0,0.0,0.0,0.0,0.0,0.0,0.0,0.0,0.0,0.0,0.0,0.0,0.0,0.0,0.0,0.0,0.0,0.0,0.0,0.0,0.0,0.0,0.0,0.0,0.0,0.0,0.0,0.0,0.0,0.0,0.0,0.0,0.0,0.0,0.0,0.0,0.0,0.0,0.0,0.0,0.0,0.0,0.0,0.0,0.0,0.0,0.0,0.0,0.0,0.0,0.0,0.0,0.0,0.0,0.0,0.0,0.0,0.0,0.0
368744,0.0,0.0,0.0,0.0,0.0,0.0,0.0,,0.0,0.0,0.0,0.0,0.0,0.0,0.0,0.0,0.0,0.0,0.0,0.0,0.0,0.0,0.0,0.0,0.0,0.0,0.0,0.0,0.0,0.0,0.0,0.0,0.0,0.0,0.0,0.0,0.0,0.0,0.0,0.0,0.0,0.0,,,0.0,0.0,0.0,0.0,0.0,0.0,0.0,0.0,0.0,0.0,0.0,0.0,0.0,0.0,0.0,0.0,0.0,0.0,0.0,0.0,0.0,0.0,0.0,0.0,0.0,0.0,0.0,0.0,0.0,0.0,0.0,0.0,0.0,0.0,0.0,0.0,0.0,0.0,0.0,0.0,0.0,0.0,0.0,0.0,0.0,0.0,0.0,0.0,0.0,0.0,0.0,0.0,0.0,0.0,0.0,0.0,0.0,0.0,0.0,0.0,0.0,0.0,0.0,0.0,0.0,0.0,0.0,0.0,0.0,0.0,0.0
368860,0.0,2.0,0.0,0.0,0.0,0.0,0.0,0.0,0.0,2.0,0.0,0.0,0.0,0.0,0.0,1.0,1.0,2.0,1.0,5.0,1.0,4.603317975997925,4.0,1.0,0.0,17.0,1.0,59.0,10.0,2.0,0.0,6828.040222167969,828.1299819946289,17935.400146484375,2617.020050048828,24419.150146484375,90.0,122.0,27.0,7.0,2.0,2.0,,,0.0,0.0,0.0,0.0,0.0,0.0,0.0,0.0,0.0,0.0,0.0,0.0,0.0,92.0,1.0,7.0,36.0,28.0,24.0,28.0,72.0,8.0,4.0,1.0,3.0,4.0,48.0,40.0,33.0,36.0,35.0,0.0,4.0,3.0,28.0,6.0,601.0,251.0,25.0,53.0,34.0,28.0,32.0,83.0,115.0,0.0,0.0,283.0,252.0,0.0,0.0,34.0,38.0,6.0,2.0,49.0,216.0,51.0,0.0,588.0,211.0,1.0,2.0,0.0,0.5085967183113098,40.0,513.2927333333332,31.209365844726562,52627.73974609375,0.027725310064852238,0.0
369029,0.0,0.0,0.0,0.0,0.0,0.0,0.0,,0.0,0.0,0.0,0.0,0.0,0.0,0.0,0.0,0.0,0.0,0.0,0.0,0.0,2.5164555311203003,0.0,0.0,0.0,0.0,0.0,0.0,0.0,3.0,0.0,282.0999984741211,6.179999828338623,2610.900146484375,79.57999992370605,14319.06005859375,13.0,24.0,0.0,0.0,1.0,4.0,0.0,0.0,80.0,68.0,1.969696968793869,12.0,9.0,30.0,0.0,0.0,0.0,0.0,0.0,1.0,0.0,68.0,0.0,24.0,35.0,14.0,5.0,11.0,26.0,0.0,0.0,0.0,0.0,0.0,33.0,12.0,3.0,9.0,24.0,0.0,9.0,0.0,12.0,4.0,235.0,122.0,2.0,0.0,0.0,5.0,2.0,3.0,5.0,0.0,0.0,129.0,95.0,0.0,0.0,5.0,0.0,0.0,0.0,8.0,80.0,8.0,0.0,30.0,5.0,0.0,0.0,0.0,0.11887756921350956,0.0,413.65509999999995,26.89783477783203,17297.81982421875,0.0,0.0
369089,0.0,2.0,0.0,0.0,0.0,0.0,0.0,0.0,0.0,2.0,0.0,0.0,0.0,0.0,0.0,2.0,0.0,2.0,0.0,10.0,0.0,4.540986180305481,7.0,0.0,0.0,0.0,0.0,52.0,14.0,4.0,0.0,3945.820068359375,138.84999465942383,14205.10986328125,1107.1999816894531,11631.87939453125,67.0,83.0,5.0,2.0,5.0,4.0,,,0.0,0.0,0.0,0.0,0.0,1.0,0.0,0.0,0.0,0.0,0.0,0.0,0.0,55.0,2.0,7.0,21.0,14.0,11.0,12.0,35.0,4.0,2.0,0.0,1.0,1.0,30.0,19.0,15.0,20.0,30.0,1.0,2.0,1.0,19.0,3.0,324.0,122.0,7.0,0.0,8.0,32.0,33.0,7.0,40.0,0.0,0.0,152.0,134.0,0.0,0.0,18.0,8.0,0.0,1.0,30.0,127.0,31.0,0.0,359.0,77.0,0.0,0.0,1.0,0.18350883945822716,0.0,307.5749166666667,28.501543045043945,31028.861328125,0.09012676775455475,0.0
369267,0.0,1.0,0.0,0.0,0.0,0.0,0.0,,0.0,0.0,1.0,0.0,0.0,1.0,1.0,0.0,1.0,0.0,0.0,3.0,1.0,5.791628456115722,2.0,1.0,0.0,0.0,0.0,46.0,24.0,8.0,0.0,6095.989990234375,712.890007019043,22069.419677734375,2347.2599487304688,20263.80078125,34.0,51.0,21.0,6.0,3.0,9.0,0.0,0.0,0.0,0.0,0.0,0.0,0.0,0.0,1.0,0.0,1.0,0.0,1.0,1.0,0.0,54.0,1.0,11.0,37.0,25.0,21.0,25.0,31.0,1.0,0.0,0.0,0.0,0.0,16.0,6.0,2.0,4.0,27.0,0.0,4.0,0.0,12.0,5.0,533.0,184.0,8.0,0.0,3.0,86.0,50.0,39.0,89.0,0.0,0.0,260.0,239.0,0.0,0.0,55.0,3.0,0.0,3.0,22.0,230.0,25.0,0.0,514.0,181.0,1.0,0.0,2.0,0.6880469173192978,1.0,533.0749166666666,33.44163513183594,51489.359375,0.11879509687423706,2.0
369304,0.0,11.0,0.0,5.0,0.0,0.0,0.0,1.0,1.0,4.0,6.0,0.0,0.0,2.0,0.0,4.0,2.0,9.0,2.0,5.0,7.0,4.594814459482829,5.0,6.0,8.0,10.0,1.0,28.0,5.0,6.0,0.0,4010.5802001953125,190.1600112915039,11371.4697265625,931.449951171875,7500.3798828125,85.0,109.0,11.0,2.0,1.0,6.0,0.0,0.0,0.0,0.0,0.0,0.0,0.0,0.0,0.0,0.0,0.0,0.0,0.0,0.0,0.0,61.0,1.0,3.0,11.0,9.0,7.0,7.0,48.0,5.0,3.0,0.0,0.0,4.0,45.0,36.0,32.0,37.0,34.0,1.0,1.0,2.0,24.0,2.0,420.0,156.0,32.0,8.0,27.0,44.0,53.0,26.0,79.0,0.0,0.0,190.0,171.0,0.0,0.0,36.0,9.0,2.0,2.0,52.0,145.0,54.0,0.0,319.0,72.0,0.0,0.0,0.0,0.6422556936740875,0.0,208.81293333333332,30.1351375579834,24004.0400390625,0.4027538001537323,0.0
369419,1.0,23.0,0.0,3.0,1.0,2.0,4.0,2.0,1.0,4.0,8.0,2.0,1.0,18.0,10.0,8.0,11.0,5.0,1.0,9.0,2.0,5.6434525847435,3.0,2.0,0.0,3.0,1.0,262.0,22.0,2.0,0.0,10316.829345703125,1011.8899765014648,32799.66943359375,4078.2699584960938,30358.029541015625,50.0,93.0,25.0,8.0,9.0,3.0,0.0,0.0,0.0,0.0,0.0,0.0,0.0,0.0,6.0,0.0,6.0,0.0,5.0,1.0,0.0,58.0,8.0,4.0,14.0,6.0,2.0,2.0,33.0,11.0,6.0,1.0,1.0,2.0,33.0,21.0,15.0,19.0,27.0,3.0,1.0,2.0,22.0,7.0,276.0,150.0,31.0,44.0,64.0,26.0,111.0,23.0,134.0,2.0,0.0,99.0,73.0,2.0,2.0,42.0,70.0,6.0,17.0,64.0,64.0,81.0,0.0,859.0,260.0,0.0,2.0,1.0,19.146304845809937,1.0,732.08485,32.36048889160156,78564.689453125,3.686707140877843,0.0
369434,0.0,1.0,0.0,0.0,0.0,0.0,0.0,1.0,0.0,0.0,0.0,0.0,0.0,1.0,0.0,1.0,0.0,0.0,0.0,3.0,3.0,3.317480504512787,3.0,3.0,0.0,0.0,0.0,17.0,3.0,2.0,0.0,3876.1798515319824,247.0,13959.309707641602,1198.0300178527832,14931.180084228516,59.0,65.0,5.0,1.0,1.0,2.0,0.0,0.0,0.0,0.0,0.0,0.0,0.0,0.0,0.0,0.0,0.0,0.0,1.0,0.0,0.0,35.0,0.0,4.0,16.0,14.0,12.0,12.0,31.0,1.0,1.0,0.0,0.0,1.0,18.0,16.0,13.0,13.0,9.0,0.0,2.0,1.0,5.0,5.0,382.0,115.0,3.0,2.0,1.0,47.0,31.0,19.0,50.0,0.0,0.0,184.0,178.0,0.0,0.0,33.0,3.0,0.0,1.0,16.0,169.0,17.0,0.0,345.0,93.0,2.0,2.0,0.0,0.27609492279589176,0.0,380.0392,29.97796058654785,34211.70056152344,0.06631381809711456,0.0
369530,0.0,2.0,0.0,0.0,0.0,0.0,0.0,0.0,0.0,1.0,1.0,0.0,0.0,2.0,1.0,1.0,1.0,0.0,0.0,0.0,0.0,3.1532403945922853,0.0,0.0,0.0,0.0,0.0,23.0,2.0,0.0,0.0,1059.2299880981445,150.9600009918213,3337.5101470947266,421.85000228881836,4895.400115966797,2.0,5.0,2.0,1.0,2.0,0.0,,,0.0,0.0,0.0,0.0,0.0,0.0,0.0,0.0,0.0,0.0,1.0,0.0,0.0,0.0,0.0,0.0,0.0,0.0,0.0,0.0,0.0,0.0,0.0,0.0,0.0,0.0,0.0,0.0,0.0,0.0,0.0,0.0,0.0,0.0,0.0,3.0,32.0,20.0,3.0,22.0,9.0,0.0,25.0,6.0,31.0,2.0,0.0,12.0,9.0,0.0,0.0,7.0,13.0,3.0,7.0,2.0,7.0,9.0,0.0,104.0,33.0,1.0,2.0,0.0,13.013431072235107,0.0,108.97021666666669,32.1445426940918,9864.950256347656,0.32377055287361145,0.0
369744,0.0,2.0,0.0,1.0,0.0,1.0,0.0,0.0,0.0,1.0,0.0,0.0,0.0,2.0,0.0,1.0,0.0,0.0,0.0,0.0,0.0,5.316272354125976,0.0,0.0,0.0,0.0,0.0,31.0,10.0,8.0,0.0,3871.4400024414062,598.1999702453613,17731.680419921875,1452.0500030517578,25429.3408203125,11.0,20.0,9.0,3.0,2.0,8.0,0.0,0.0,0.0,0.0,0.0,0.0,0.0,0.0,0.0,0.0,0.0,0.0,2.0,0.0,0.0,18.0,0.0,4.0,8.0,6.0,4.0,4.0,10.0,0.0,0.0,0.0,0.0,0.0,10.0,4.0,2.0,6.0,6.0,0.0,2.0,0.0,1.0,5.0,188.0,74.0,5.0,2.0,1.0,6.0,6.0,3.0,9.0,1.0,0.0,91.0,80.0,0.0,0.0,3.0,3.0,1.0,4.0,3.0,79.0,7.0,0.0,342.0,109.0,0.0,0.0,0.0,0.31968103908002377,0.0,554.4526166666667,32.33555221557617,49082.7119140625,0.06780417636036873,0.0
369749,0.0,3.0,0.0,1.0,1.0,1.0,0.0,1.0,0.0,0.0,1.0,0.0,0.0,1.0,1.0,1.0,1.0,2.0,0.0,2.0,2.0,5.955082511901855,1.0,2.0,0.0,1.0,0.0,140.0,16.0,5.0,0.0,5001.49983215332,474.44002532958984,15995.060180664062,1535.4400310516357,20133.800491333008,38.0,67.0,31.0,3.0,3.0,5.0,0.0,0.0,0.0,0.0,0.0,0.0,0.0,0.0,0.0,0.0,0.0,0.0,0.0,0.0,0.0,77.0,4.0,11.0,25.0,13.0,9.0,10.0,30.0,7.0,2.0,0.0,1.0,2.0,45.0,15.0,11.0,28.0,49.0,2.0,2.0,0.0,20.0,5.0,233.0,131.0,5.0,2.0,6.0,13.0,2.0,19.0,21.0,1.0,0.0,116.0,69.0,0.0,0.0,6.0,8.0,1.0,3.0,45.0,47.0,48.0,0.0,457.0,123.0,1.0,1.0,0.0,0.23976865503937006,27.0,456.2400166666667,31.271610260009766,43140.24151611328,0.20341315120458603,1.0
369761,0.0,4.0,0.0,1.0,1.0,0.0,0.0,0.0,0.0,3.0,0.0,0.0,0.0,1.0,0.0,2.0,0.0,3.0,0.0,18.0,0.0,6.509346842765808,10.0,0.0,2.0,4.0,0.0,123.0,21.0,4.0,1.0,4376.620056152344,751.25,14747.0205078125,1560.3700256347656,11742.220581054688,47.0,78.0,17.0,2.0,7.0,4.0,0.0,0.0,0.0,0.0,0.0,0.0,0.0,0.0,0.0,0.0,0.0,0.0,0.0,0.0,0.0,24.0,2.0,1.0,5.0,2.0,2.0,2.0,11.0,6.0,4.0,4.0,4.0,0.0,13.0,5.0,5.0,10.0,20.0,0.0,0.0,0.0,10.0,4.0,183.0,101.0,11.0,13.0,53.0,16.0,32.0,50.0,82.0,0.0,0.0,67.0,49.0,0.0,0.0,32.0,26.0,2.0,10.0,44.0,40.0,54.0,1.0,357.0,129.0,0.0,3.0,6.0,0.901531882584095,0.0,306.1456166666667,33.26308059692383,33177.4794921875,0.11235334537923336,1.0
369768,0.0,0.0,0.0,0.0,0.0,0.0,0.0,0.0,0.0,0.0,0.0,0.0,0.0,0.0,0.0,0.0,0.0,0.0,0.0,2.0,0.0,2.4777600288391115,1.0,0.0,0.0,0.0,0.0,38.0,2.0,0.0,0.0,1201.5299987792969,234.68001556396484,4398.39013671875,565.8700103759766,3567.3299560546875,4.0,8.0,4.0,1.0,2.0,0.0,0.0,0.0,0.0,0.0,0.0,0.0,0.0,0.0,0.0,0.0,0.0,0.0,0.0,0.0,0.0,0.0,0.0,0.0,0.0,0.0,0.0,0.0,0.0,0.0,0.0,0.0,0.0,0.0,0.0,0.0,0.0,0.0,0.0,0.0,0.0,0.0,0.0,2.0,26.0,16.0,3.0,3.0,2.0,0.0,4.0,1.0,5.0,0.0,0.0,10.0,7.0,0.0,0.0,0.0,12.0,2.0,4.0,5.0,5.0,9.0,0.0,113.0,45.0,1.0,1.0,0.0,2.843780994415283,1.0,95.12960000000001,31.107879638671875,9967.80029296875,0.0,0.0
370171,1.0,2.0,0.0,0.0,0.0,1.0,0.0,0.0,0.0,0.0,1.0,0.0,0.0,1.0,0.0,1.0,0.0,1.0,0.0,0.0,0.0,1.375433087348938,0.0,0.0,0.0,0.0,0.0,3.0,1.0,1.0,0.0,624.4199829101562,85.3699951171875,2380.60986328125,211.87998962402344,2840.25,4.0,10.0,1.0,1.0,1.0,1.0,,,0.0,0.0,0.0,0.0,0.0,0.0,0.0,0.0,0.0,0.0,1.0,0.0,0.0,5.0,1.0,1.0,2.0,0.0,0.0,0.0,0.0,1.0,0.0,0.0,0.0,0.0,2.0,0.0,0.0,0.0,5.0,0.0,0.0,0.0,0.0,1.0,66.0,28.0,4.0,0.0,0.0,7.0,3.0,4.0,7.0,0.0,0.0,30.0,26.0,0.0,0.0,3.0,2.0,0.0,1.0,6.0,24.0,7.0,0.0,51.0,16.0,0.0,1.0,0.0,0.15027908980846405,0.0,66.98111666666667,33.015235900878906,6142.52978515625,0.05173838138580322,1.0
370986,0.0,1.0,0.0,1.0,0.0,0.0,0.0,,0.0,0.0,1.0,0.0,0.0,1.0,0.0,0.0,0.0,0.0,0.0,1.0,0.0,2.8151092529296875,1.0,0.0,0.0,0.0,0.0,3.0,1.0,0.0,0.0,395.77000427246094,80.04000854492188,784.9700317382812,129.34000396728516,646.4099884033203,4.0,8.0,1.0,0.0,1.0,0.0,0.0,0.0,0.0,0.0,0.0,0.0,0.0,0.0,0.0,0.0,0.0,0.0,0.0,0.0,0.0,3.0,0.0,1.0,1.0,1.0,0.0,0.0,3.0,0.0,0.0,0.0,0.0,0.0,2.0,2.0,1.0,1.0,2.0,0.0,1.0,0.0,2.0,2.0,22.0,12.0,2.0,1.0,1.0,2.0,2.0,2.0,4.0,0.0,0.0,9.0,6.0,0.0,0.0,3.0,1.0,0.0,0.0,7.0,4.0,7.0,0.0,29.0,11.0,2.0,0.0,0.0,0.4367758072912693,0.0,17.991833333333346,30.711559295654297,2036.530029296875,0.04046909511089325,0.0
371142,0.0,0.0,0.0,0.0,0.0,0.0,0.0,,0.0,0.0,0.0,0.0,0.0,0.0,0.0,0.0,0.0,0.0,0.0,0.0,0.0,0.0,0.0,0.0,0.0,0.0,0.0,0.0,0.0,0.0,0.0,0.0,0.0,0.0,0.0,0.0,0.0,0.0,0.0,0.0,0.0,0.0,,,0.0,0.0,0.0,0.0,0.0,0.0,0.0,0.0,0.0,0.0,0.0,0.0,0.0,0.0,0.0,0.0,0.0,0.0,0.0,0.0,0.0,0.0,0.0,0.0,0.0,0.0,0.0,0.0,0.0,0.0,0.0,0.0,0.0,0.0,0.0,0.0,0.0,0.0,0.0,0.0,0.0,0.0,0.0,0.0,0.0,0.0,0.0,0.0,0.0,0.0,0.0,0.0,0.0,0.0,0.0,0.0,0.0,0.0,0.0,0.0,0.0,0.0,0.0,0.0,0.0,0.0,0.0,0.0,0.0,0.0,0.0
371345,0.0,1.0,0.0,1.0,0.0,0.0,0.0,0.0,0.0,0.0,1.0,0.0,0.0,1.0,0.0,0.0,0.0,0.0,0.0,0.0,0.0,4.549127260843913,0.0,0.0,0.0,0.0,0.0,39.0,6.0,1.0,0.0,1957.9600219726562,120.63999938964844,4712.920166015625,546.5899963378906,2985.9200439453125,22.0,27.0,7.0,1.0,1.0,1.0,,,0.0,0.0,0.0,0.0,0.0,0.0,0.0,0.0,0.0,0.0,0.0,0.0,0.0,16.0,1.0,1.0,4.0,3.0,2.0,2.0,12.0,1.0,0.0,0.0,0.0,0.0,11.0,9.0,8.0,9.0,11.0,0.0,1.0,0.0,8.0,2.0,93.0,41.0,2.0,2.0,14.0,13.0,25.0,4.0,29.0,0.0,0.0,43.0,38.0,0.0,0.0,12.0,10.0,0.0,2.0,20.0,25.0,22.0,0.0,161.0,39.0,1.0,1.0,0.0,0.4086810350418091,1.0,90.94428333333333,29.501279830932617,10324.02978515625,0.16017822921276093,1.0
371348,0.0,2.0,0.0,0.0,0.0,0.0,0.0,,0.0,1.0,1.0,0.0,0.0,0.0,0.0,2.0,0.0,2.0,0.0,8.0,3.0,6.716860453287761,5.0,3.0,0.0,1.0,0.0,96.0,12.0,2.0,0.0,4476.0,221.93999481201172,14356.909912109375,997.9700012207031,9835.349853515625,65.0,82.0,5.0,2.0,5.0,2.0,0.0,0.0,0.0,0.0,0.0,0.0,0.0,0.0,0.0,0.0,0.0,0.0,0.0,0.0,0.0,52.0,1.0,6.0,18.0,16.0,11.0,11.0,38.0,3.0,1.0,0.0,1.0,1.0,31.0,21.0,15.0,23.0,33.0,0.0,5.0,1.0,23.0,3.0,252.0,102.0,6.0,2.0,59.0,54.0,80.0,35.0,115.0,0.0,0.0,117.0,103.0,0.0,0.0,43.0,8.0,0.0,1.0,55.0,68.0,56.0,0.0,378.0,85.0,0.0,2.0,2.0,0.21491197496652603,2.0,268.4691333333333,30.746578216552734,29888.169921875,0.07671507447957993,0.0
371393,0.0,2.0,0.0,0.0,0.0,0.0,0.0,0.0,0.0,0.0,2.0,0.0,0.0,1.0,0.0,1.0,0.0,1.0,0.0,1.0,0.0,4.480712413787842,1.0,0.0,2.0,5.0,3.0,74.0,6.0,1.0,0.0,2105.6000366210938,156.36997985839844,5966.390380859375,855.77001953125,4541.360107421875,20.0,26.0,9.0,1.0,0.0,1.0,0.0,0.0,0.0,0.0,0.0,0.0,0.0,0.0,0.0,0.0,0.0,0.0,1.0,0.0,0.0,7.0,1.0,1.0,3.0,1.0,0.0,1.0,3.0,1.0,0.0,0.0,0.0,0.0,3.0,2.0,1.0,1.0,5.0,0.0,1.0,0.0,1.0,2.0,92.0,46.0,4.0,17.0,13.0,2.0,22.0,10.0,32.0,1.0,0.0,34.0,29.0,0.0,0.0,8.0,20.0,1.0,2.0,20.0,19.0,22.0,0.0,184.0,63.0,1.0,1.0,1.0,2.844704329967499,1.0,120.90943333333333,32.331077575683594,13625.490234375,0.07617298513650894,0.0
371415,0.0,0.0,0.0,0.0,0.0,0.0,0.0,,0.0,0.0,0.0,0.0,0.0,0.0,0.0,0.0,0.0,0.0,0.0,0.0,1.0,5.618536949157715,0.0,1.0,0.0,0.0,0.0,32.0,9.0,3.0,0.0,3087.77001953125,270.9400100708008,12145.1298828125,907.2200012207031,10600.359619140625,29.0,43.0,17.0,1.0,0.0,3.0,0.0,0.0,0.0,0.0,0.0,0.0,0.0,6.0,0.0,0.0,0.0,0.0,0.0,0.0,0.0,72.0,3.0,13.0,34.0,23.0,16.0,18.0,46.0,4.0,0.0,0.0,1.0,0.0,34.0,23.0,16.0,18.0,37.0,0.0,7.0,0.0,19.0,3.0,243.0,109.0,2.0,0.0,0.0,21.0,2.0,19.0,21.0,0.0,0.0,123.0,101.0,0.0,0.0,14.0,0.0,0.0,1.0,21.0,80.0,22.0,0.0,288.0,80.0,0.0,1.0,0.0,0.1259806714951992,16.0,288.0335333333333,31.439422607421875,27011.419921875,0.0,0.0
371553,0.0,0.0,0.0,0.0,0.0,0.0,0.0,,0.0,0.0,0.0,0.0,0.0,0.0,0.0,0.0,0.0,0.0,0.0,0.0,0.0,0.0,0.0,0.0,0.0,0.0,0.0,0.0,0.0,0.0,0.0,0.0,0.0,0.0,0.0,0.0,0.0,0.0,0.0,0.0,0.0,0.0,,,0.0,0.0,0.0,0.0,0.0,0.0,0.0,0.0,0.0,0.0,0.0,0.0,0.0,0.0,0.0,0.0,0.0,0.0,0.0,0.0,0.0,0.0,0.0,0.0,0.0,0.0,0.0,0.0,0.0,0.0,0.0,0.0,0.0,0.0,0.0,0.0,0.0,0.0,0.0,0.0,0.0,0.0,0.0,0.0,0.0,0.0,0.0,0.0,0.0,0.0,0.0,0.0,0.0,0.0,0.0,0.0,0.0,0.0,0.0,0.0,0.0,0.0,0.0,0.0,0.0,0.0,0.0,0.0,0.0,0.0,0.0
371609,0.0,4.0,0.0,0.0,0.0,0.0,0.0,0.0,0.0,1.0,3.0,0.0,0.0,4.0,2.0,1.0,2.0,0.0,0.0,5.0,2.0,6.796778559684753,4.0,1.0,1.0,4.0,0.0,135.0,13.0,2.0,0.0,6353.570068359375,821.9299774169922,19833.259765625,2657.0699462890625,14479.119140625,88.0,115.0,13.0,7.0,2.0,2.0,0.0,0.0,0.0,0.0,0.0,0.0,0.0,0.0,1.0,0.0,1.0,0.0,0.0,0.0,0.0,67.0,9.0,2.0,22.0,17.0,10.0,11.0,47.0,13.0,6.0,0.0,3.0,1.0,32.0,24.0,16.0,20.0,35.0,5.0,2.0,1.0,20.0,4.0,413.0,167.0,15.0,27.0,59.0,44.0,101.0,29.0,130.0,1.0,0.0,188.0,165.0,0.0,0.0,35.0,31.0,4.0,13.0,70.0,118.0,83.0,0.0,553.0,184.0,0.0,1.0,2.0,1.8188006430864334,1.0,389.5302333333334,32.13224411010742,44144.9501953125,0.7118004113435745,1.0
371736,0.0,6.0,0.0,0.0,0.0,1.0,1.0,0.0,0.0,2.0,2.0,0.0,0.0,2.0,0.0,4.0,2.0,4.0,2.0,4.0,0.0,6.596081256866455,3.0,0.0,0.0,0.0,0.0,96.0,22.0,3.0,0.0,4763.080078125,64.03000164031982,15067.4599609375,988.8599548339844,11952.96923828125,43.0,60.0,22.0,7.0,4.0,3.0,0.0,0.0,0.0,0.0,0.0,0.0,0.0,0.0,0.0,0.0,0.0,0.0,2.0,0.0,0.0,43.0,2.0,2.0,15.0,12.0,9.0,11.0,29.0,4.0,2.0,0.0,0.0,2.0,24.0,15.0,11.0,18.0,20.0,1.0,2.0,1.0,15.0,3.0,227.0,105.0,8.0,1.0,22.0,37.0,50.0,10.0,60.0,0.0,0.0,99.0,78.0,0.0,0.0,19.0,6.0,0.0,6.0,34.0,64.0,40.0,0.0,406.0,65.0,0.0,1.0,1.0,0.27945346385240555,1.0,298.6881666666667,26.68060874938965,32836.3984375,0.49396052211523056,2.0
371739,0.0,0.0,0.0,0.0,0.0,0.0,0.0,,0.0,0.0,0.0,0.0,0.0,0.0,0.0,0.0,0.0,0.0,0.0,0.0,0.0,3.401320517063141,0.0,0.0,0.0,0.0,0.0,0.0,0.0,3.0,0.0,903.2300567626953,63.4900016784668,6510.7498779296875,276.63000869750977,15613.389404296875,6.0,10.0,0.0,0.0,1.0,4.0,0.0,0.0,85.0,74.0,2.2333333790302277,15.0,12.0,10.0,0.0,0.0,0.0,0.0,0.0,1.0,0.0,38.0,0.0,13.0,22.0,9.0,7.0,9.0,12.0,0.0,0.0,0.0,0.0,0.0,16.0,3.0,1.0,3.0,9.0,0.0,2.0,0.0,4.0,4.0,247.0,105.0,7.0,0.0,0.0,64.0,48.0,16.0,64.0,0.0,0.0,123.0,106.0,0.0,0.0,30.0,0.0,0.0,0.0,2.0,93.0,2.0,0.0,81.0,20.0,0.0,0.0,0.0,0.12550360709428787,0.0,412.32820000000004,30.088531494140625,23367.490234375,0.0,0.0
371956,0.0,0.0,0.0,0.0,0.0,0.0,0.0,,0.0,0.0,0.0,0.0,0.0,0.0,0.0,0.0,0.0,0.0,0.0,0.0,0.0,0.0,0.0,0.0,0.0,0.0,0.0,0.0,0.0,0.0,0.0,0.0,0.0,0.0,0.0,0.0,0.0,0.0,0.0,0.0,0.0,0.0,0.0,0.0,0.0,0.0,0.0,0.0,0.0,0.0,0.0,0.0,0.0,0.0,0.0,0.0,0.0,0.0,0.0,0.0,0.0,0.0,0.0,0.0,0.0,0.0,0.0,0.0,0.0,0.0,0.0,0.0,0.0,0.0,0.0,0.0,0.0,0.0,0.0,0.0,0.0,0.0,0.0,0.0,0.0,0.0,0.0,0.0,0.0,0.0,0.0,0.0,0.0,0.0,0.0,0.0,0.0,0.0,0.0,0.0,0.0,0.0,0.0,0.0,0.0,0.0,0.0,0.0,0.0,0.0,0.0,0.0,0.0,0.0,0.0
371958,0.0,5.0,0.0,0.0,0.0,1.0,2.0,2.0,0.0,0.0,0.0,0.0,0.0,5.0,1.0,4.0,1.0,0.0,0.0,0.0,1.0,4.580731678009033,0.0,0.0,0.0,1.0,0.0,29.0,6.0,2.0,0.0,4302.0201416015625,406.54998779296875,13862.820556640625,1544.4200286865234,13453.7998046875,61.0,80.0,4.0,4.0,3.0,3.0,0.0,0.0,0.0,0.0,0.0,0.0,0.0,2.0,0.0,0.0,0.0,0.0,4.0,1.0,0.0,59.0,0.0,11.0,32.0,23.0,18.0,21.0,41.0,2.0,1.0,0.0,1.0,1.0,25.0,17.0,11.0,13.0,45.0,0.0,5.0,1.0,31.0,4.0,379.0,151.0,17.0,2.0,2.0,10.0,6.0,8.0,14.0,0.0,0.0,170.0,151.0,0.0,0.0,9.0,8.0,1.0,5.0,30.0,138.0,35.0,0.0,368.0,106.0,0.0,1.0,0.0,0.996542789041996,2.0,351.42331666666666,30.742687225341797,33569.609375,0.7367264814674854,1.0
372090,0.0,1.0,0.0,0.0,0.0,0.0,0.0,,0.0,0.0,1.0,0.0,0.0,1.0,0.0,1.0,0.0,0.0,0.0,2.0,0.0,3.00468225479126,2.0,0.0,0.0,0.0,0.0,33.0,1.0,0.0,0.0,992.4200134277344,208.6500015258789,2505.249755859375,365.1300048828125,1683.2901000976562,5.0,7.0,3.0,0.0,2.0,0.0,,,0.0,0.0,0.0,0.0,0.0,0.0,0.0,0.0,0.0,0.0,0.0,0.0,0.0,2.0,0.0,0.0,0.0,0.0,0.0,0.0,1.0,1.0,0.0,0.0,1.0,0.0,1.0,1.0,1.0,1.0,2.0,0.0,0.0,0.0,1.0,2.0,20.0,14.0,1.0,7.0,9.0,3.0,14.0,5.0,19.0,0.0,0.0,5.0,5.0,0.0,0.0,3.0,6.0,0.0,0.0,11.0,2.0,11.0,0.0,87.0,32.0,2.0,0.0,1.0,2.140442967414856,0.0,45.768433333333334,31.352724075317383,5754.73974609375,0.08601114898920059,0.0
372243,0.0,1.0,0.0,0.0,0.0,0.0,0.0,0.0,0.0,0.0,1.0,0.0,0.0,1.0,0.0,1.0,0.0,0.0,0.0,4.0,1.0,3.026283860206604,4.0,1.0,0.0,0.0,0.0,11.0,4.0,1.0,0.0,2165.6298828125,186.23000717163086,9893.05029296875,718.7799987792969,7922.6796875,28.0,37.0,1.0,0.0,0.0,1.0,0.0,0.0,0.0,0.0,0.0,0.0,0.0,0.0,0.0,0.0,0.0,0.0,0.0,0.0,0.0,50.0,3.0,7.0,25.0,20.0,15.0,15.0,35.0,3.0,2.0,0.0,0.0,0.0,22.0,13.0,8.0,12.0,23.0,2.0,3.0,0.0,15.0,2.0,295.0,95.0,4.0,0.0,1.0,20.0,10.0,11.0,21.0,0.0,0.0,140.0,128.0,0.0,0.0,15.0,1.0,0.0,0.0,18.0,120.0,18.0,0.0,212.0,58.0,0.0,0.0,0.0,0.09342892095446587,3.0,207.58294999999998,32.12250900268555,20886.369140625,0.09873959422111511,0.0
372266,0.0,0.0,0.0,0.0,0.0,0.0,0.0,0.0,0.0,0.0,0.0,0.0,0.0,0.0,0.0,0.0,0.0,0.0,0.0,1.0,2.0,3.243748188018799,0.0,2.0,0.0,0.0,0.0,49.0,16.0,3.0,0.0,3005.6600341796875,290.53997802734375,8138.5802001953125,1036.2600402832031,6389.79052734375,21.0,27.0,10.0,4.0,2.0,3.0,,,0.0,0.0,0.0,0.0,0.0,0.0,0.0,0.0,0.0,0.0,0.0,0.0,0.0,35.0,3.0,5.0,16.0,15.0,8.0,8.0,31.0,3.0,2.0,0.0,0.0,0.0,16.0,14.0,7.0,8.0,11.0,2.0,5.0,0.0,7.0,3.0,217.0,73.0,5.0,2.0,10.0,50.0,50.0,12.0,62.0,0.0,0.0,106.0,98.0,0.0,0.0,30.0,3.0,0.0,2.0,18.0,85.0,20.0,0.0,263.0,81.0,2.0,0.0,0.0,0.14463555999100208,0.0,175.12661666666668,32.4354133605957,18860.829833984375,0.0,0.0
372294,0.0,0.0,0.0,0.0,0.0,0.0,0.0,,0.0,0.0,0.0,0.0,0.0,0.0,0.0,0.0,0.0,0.0,0.0,0.0,0.0,0.0,0.0,0.0,0.0,0.0,0.0,0.0,0.0,0.0,0.0,0.0,0.0,0.0,0.0,0.0,0.0,0.0,0.0,0.0,0.0,0.0,,,0.0,0.0,0.0,0.0,0.0,0.0,0.0,0.0,0.0,0.0,0.0,0.0,0.0,0.0,0.0,0.0,0.0,0.0,0.0,0.0,0.0,0.0,0.0,0.0,0.0,0.0,0.0,0.0,0.0,0.0,0.0,0.0,0.0,0.0,0.0,0.0,0.0,0.0,0.0,0.0,0.0,0.0,0.0,0.0,0.0,0.0,0.0,0.0,0.0,0.0,0.0,0.0,0.0,0.0,0.0,0.0,0.0,0.0,0.0,0.0,0.0,0.0,0.0,0.0,0.0,0.0,0.0,0.0,0.0,0.0,0.0
372342,0.0,6.0,0.0,0.0,0.0,0.0,1.0,0.0,0.0,2.0,3.0,0.0,0.0,4.0,1.0,4.0,2.0,2.0,1.0,2.0,0.0,4.669669151306152,1.0,0.0,0.0,0.0,0.0,20.0,1.0,0.0,0.0,1054.6199340820312,166.8000030517578,2483.969970703125,399.2099914550781,2054.5200805664062,7.0,14.0,3.0,0.0,0.0,0.0,0.0,0.0,0.0,0.0,0.0,0.0,0.0,0.0,0.0,0.0,0.0,0.0,2.0,0.0,0.0,5.0,0.0,0.0,0.0,0.0,0.0,0.0,5.0,0.0,0.0,0.0,0.0,0.0,5.0,5.0,5.0,5.0,3.0,0.0,0.0,0.0,3.0,2.0,48.0,25.0,7.0,8.0,13.0,0.0,13.0,8.0,21.0,2.0,0.0,15.0,13.0,0.0,0.0,7.0,11.0,1.0,2.0,9.0,14.0,11.0,0.0,83.0,37.0,2.0,0.0,1.0,2.110155165195465,0.0,52.84253333333332,31.792503356933594,6159.119873046875,0.3885360211133957,0.0
372424,0.0,0.0,0.0,0.0,0.0,0.0,0.0,,0.0,0.0,0.0,0.0,0.0,0.0,0.0,0.0,0.0,0.0,0.0,0.0,0.0,0.0,0.0,0.0,0.0,0.0,0.0,0.0,0.0,0.0,0.0,0.0,0.0,0.0,0.0,0.0,0.0,0.0,0.0,0.0,0.0,0.0,,,0.0,0.0,0.0,0.0,0.0,0.0,0.0,0.0,0.0,0.0,0.0,0.0,0.0,0.0,0.0,0.0,0.0,0.0,0.0,0.0,0.0,0.0,0.0,0.0,0.0,0.0,0.0,0.0,0.0,0.0,0.0,0.0,0.0,0.0,0.0,0.0,0.0,0.0,0.0,0.0,0.0,0.0,0.0,0.0,0.0,0.0,0.0,0.0,0.0,0.0,0.0,0.0,0.0,0.0,0.0,0.0,0.0,0.0,0.0,0.0,0.0,0.0,0.0,0.0,0.0,0.0,0.0,0.0,0.0,0.0,0.0
372436,0.0,1.0,0.0,0.0,0.0,0.0,0.0,0.0,0.0,0.0,1.0,0.0,0.0,0.0,0.0,0.0,1.0,1.0,1.0,1.0,1.0,7.031004190444946,1.0,0.0,0.0,1.0,0.0,78.0,21.0,1.0,0.0,4505.919891357422,205.88000011444092,12092.290161132812,1527.1299209594727,7774.329833984375,51.0,64.0,20.0,7.0,0.0,1.0,0.0,0.0,0.0,0.0,0.0,0.0,0.0,0.0,0.0,0.0,0.0,0.0,0.0,0.0,0.0,33.0,1.0,2.0,13.0,10.0,9.0,10.0,22.0,2.0,0.0,0.0,0.0,1.0,18.0,12.0,11.0,14.0,25.0,0.0,1.0,0.0,17.0,4.0,221.0,83.0,6.0,0.0,13.0,44.0,41.0,16.0,57.0,0.0,0.0,102.0,88.0,0.0,0.0,19.0,5.0,0.0,1.0,40.0,64.0,41.0,0.0,401.0,113.0,1.0,3.0,0.0,0.16005779709666967,0.0,221.36881666666665,31.19464111328125,26105.550048828125,0.08704375475645065,0.0
373235,0.0,0.0,0.0,0.0,0.0,0.0,0.0,,0.0,0.0,0.0,0.0,0.0,0.0,0.0,0.0,0.0,0.0,0.0,0.0,2.0,2.9689189195632935,0.0,1.0,0.0,0.0,0.0,0.0,0.0,10.0,0.0,543.380012512207,10.40999984741211,6456.9598388671875,73.59000062942505,25851.5498046875,12.0,20.0,0.0,0.0,0.0,18.0,0.0,0.0,107.0,93.0,2.7642857432365417,17.0,14.0,34.0,0.0,0.0,0.0,0.0,0.0,8.0,0.0,168.0,6.0,47.0,88.0,51.0,26.0,35.0,83.0,6.0,0.0,0.0,0.0,0.0,74.0,32.0,7.0,21.0,23.0,0.0,25.0,0.0,14.0,5.0,370.0,193.0,7.0,0.0,0.0,39.0,25.0,14.0,39.0,0.0,0.0,204.0,138.0,0.0,0.0,19.0,0.0,0.0,0.0,2.0,137.0,2.0,0.0,60.0,6.0,0.0,0.0,0.0,0.2024372722953558,0.0,554.9256166666667,27.551910400390625,32935.89013671875,0.0,0.0
373344,0.0,1.0,0.0,1.0,0.0,0.0,0.0,0.0,0.0,0.0,1.0,0.0,0.0,1.0,0.0,0.0,0.0,0.0,0.0,3.0,0.0,3.530313730239868,2.0,0.0,0.0,2.0,1.0,23.0,1.0,0.0,0.0,1459.0999755859375,211.70000457763672,4276.9898681640625,616.3599853515625,3596.1400146484375,11.0,17.0,3.0,0.0,0.0,0.0,,,0.0,0.0,0.0,0.0,0.0,0.0,0.0,0.0,0.0,0.0,0.0,0.0,0.0,6.0,1.0,1.0,2.0,1.0,0.0,0.0,4.0,2.0,2.0,1.0,1.0,0.0,2.0,1.0,0.0,0.0,5.0,1.0,0.0,0.0,3.0,2.0,40.0,22.0,3.0,18.0,11.0,0.0,16.0,13.0,29.0,2.0,0.0,14.0,11.0,0.0,0.0,7.0,13.0,0.0,2.0,9.0,9.0,11.0,0.0,123.0,50.0,1.0,1.0,2.0,2.7055036425590515,1.0,90.23691666666666,31.161630630493164,10160.290283203125,0.041989006102085114,0.0
373400,0.0,10.0,0.0,2.0,0.0,0.0,3.0,0.0,0.0,2.0,5.0,0.0,0.0,9.0,5.0,2.0,6.0,1.0,1.0,4.0,0.0,5.714276075363159,2.0,0.0,0.0,1.0,0.0,91.0,11.0,0.0,0.0,2575.0099487304688,523.2800216674805,12350.689453125,1345.3500061035156,12695.56005859375,18.0,35.0,8.0,4.0,7.0,0.0,0.0,0.0,0.0,0.0,0.0,0.0,0.0,0.0,0.0,0.0,0.0,0.0,2.0,0.0,0.0,5.0,0.0,0.0,0.0,0.0,0.0,0.0,3.0,1.0,0.0,0.0,1.0,0.0,4.0,3.0,3.0,4.0,4.0,0.0,0.0,0.0,2.0,4.0,125.0,73.0,15.0,56.0,35.0,7.0,64.0,34.0,98.0,2.0,0.0,40.0,33.0,0.0,0.0,27.0,42.0,9.0,12.0,31.0,21.0,43.0,0.0,233.0,108.0,0.0,3.0,2.0,14.409197807312012,0.0,311.66519999999997,33.107608795166016,29489.89013671875,1.5254123359918594,0.0
375600,0.0,0.0,0.0,0.0,0.0,0.0,0.0,,0.0,0.0,0.0,0.0,0.0,0.0,0.0,0.0,0.0,0.0,0.0,0.0,0.0,0.0,0.0,0.0,0.0,0.0,0.0,0.0,0.0,0.0,0.0,0.0,0.0,0.0,0.0,0.0,0.0,0.0,0.0,0.0,0.0,0.0,,,0.0,0.0,0.0,0.0,0.0,0.0,0.0,0.0,0.0,0.0,0.0,0.0,0.0,0.0,0.0,0.0,0.0,0.0,0.0,0.0,0.0,0.0,0.0,0.0,0.0,0.0,0.0,0.0,0.0,0.0,0.0,0.0,0.0,0.0,0.0,0.0,0.0,0.0,0.0,0.0,0.0,0.0,0.0,0.0,0.0,0.0,0.0,0.0,0.0,0.0,0.0,0.0,0.0,0.0,0.0,0.0,0.0,0.0,0.0,0.0,0.0,0.0,0.0,0.0,0.0,0.0,0.0,0.0,0.0,0.0,0.0
376230,1.0,0.0,0.0,0.0,0.0,0.0,0.0,0.0,0.0,0.0,0.0,0.0,0.0,0.0,0.0,0.0,0.0,0.0,0.0,5.0,0.0,6.091981768608093,3.0,0.0,0.0,9.0,1.0,49.0,17.0,2.0,0.0,4007.0999755859375,741.5200119018555,15618.320068359375,1854.5299682617188,15804.91943359375,85.0,124.0,10.0,6.0,4.0,2.0,0.0,0.0,0.0,0.0,0.0,0.0,0.0,0.0,0.0,0.0,0.0,0.0,0.0,0.0,0.0,68.0,4.0,7.0,27.0,21.0,16.0,16.0,48.0,5.0,1.0,0.0,1.0,0.0,36.0,26.0,21.0,25.0,48.0,1.0,4.0,0.0,30.0,4.0,370.0,153.0,7.0,25.0,13.0,16.0,14.0,40.0,54.0,0.0,0.0,173.0,141.0,0.0,0.0,24.0,23.0,5.0,7.0,86.0,70.0,93.0,0.0,339.0,142.0,0.0,2.0,1.0,0.4208530765026808,25.0,373.84076666666664,31.961666107177734,38026.388671875,0.0,0.0
376285,0.0,0.0,0.0,0.0,0.0,0.0,0.0,0.0,0.0,0.0,0.0,0.0,0.0,0.0,0.0,0.0,0.0,0.0,0.0,4.0,10.0,5.622981786727905,4.0,9.0,0.0,0.0,0.0,19.0,6.0,8.0,0.0,3502.5001831054688,348.23999404907227,15080.990478515625,1076.1799926757812,17850.15087890625,54.0,65.0,14.0,0.0,5.0,9.0,0.0,0.0,0.0,0.0,0.0,0.0,0.0,0.0,0.0,0.0,0.0,0.0,0.0,1.0,0.0,104.0,5.0,13.0,63.0,51.0,41.0,45.0,76.0,5.0,1.0,0.0,0.0,0.0,36.0,24.0,14.0,18.0,31.0,1.0,9.0,0.0,19.0,4.0,774.0,204.0,16.0,3.0,4.0,26.0,13.0,20.0,33.0,0.0,0.0,382.0,357.0,0.0,0.0,15.0,1.0,0.0,1.0,26.0,348.0,27.0,0.0,331.0,81.0,0.0,0.0,0.0,0.412535909563303,2.0,403.12651666666665,29.978239059448242,37858.0615234375,0.0,0.0
379886,0.0,1.0,0.0,0.0,1.0,0.0,0.0,0.0,0.0,0.0,0.0,0.0,0.0,1.0,0.0,1.0,0.0,0.0,0.0,1.0,0.0,4.371716181437175,1.0,0.0,0.0,2.0,1.0,20.0,0.0,0.0,0.0,1049.2101440429688,139.58999633789062,2513.3399353027344,360.9499931335449,2453.9600524902344,8.0,13.0,2.0,2.0,0.0,0.0,,,0.0,0.0,0.0,0.0,0.0,0.0,0.0,0.0,0.0,0.0,0.0,0.0,0.0,2.0,0.0,0.0,0.0,0.0,0.0,0.0,1.0,1.0,1.0,1.0,1.0,0.0,1.0,0.0,0.0,1.0,1.0,0.0,0.0,0.0,1.0,2.0,30.0,15.0,3.0,16.0,13.0,6.0,20.0,15.0,35.0,0.0,0.0,11.0,7.0,0.0,0.0,5.0,6.0,1.0,3.0,7.0,5.0,10.0,0.0,84.0,30.0,2.0,0.0,1.0,2.2503889203071594,1.0,58.462666666666685,30.145357131958008,6517.0498046875,0.04358203336596489,0.0
379939,0.0,1.0,0.0,1.0,0.0,0.0,0.0,0.0,0.0,0.0,1.0,0.0,0.0,0.0,0.0,0.0,0.0,1.0,0.0,5.0,1.0,6.592905759811401,4.0,0.0,0.0,1.0,0.0,42.0,12.0,8.0,0.0,4398.760070800781,360.7799987792969,14774.94091796875,1664.5999755859375,12426.78955078125,91.0,107.0,16.0,2.0,3.0,10.0,0.0,0.0,0.0,0.0,0.0,0.0,0.0,0.0,0.0,0.0,0.0,0.0,0.0,2.0,0.0,83.0,2.0,9.0,37.0,30.0,25.0,26.0,63.0,3.0,2.0,1.0,1.0,0.0,43.0,31.0,26.0,32.0,35.0,1.0,4.0,0.0,27.0,4.0,589.0,178.0,18.0,1.0,25.0,66.0,73.0,19.0,92.0,0.0,0.0,280.0,255.0,0.0,0.0,38.0,7.0,0.0,4.0,52.0,225.0,56.0,0.0,405.0,115.0,1.0,2.0,0.0,0.28942795656621456,0.0,313.63991666666664,31.0006046295166,33625.87158203125,0.021560197696089745,0.0
379942,1.0,6.0,0.0,3.0,0.0,0.0,2.0,1.0,1.0,0.0,3.0,0.0,0.0,4.0,3.0,0.0,3.0,2.0,0.0,6.0,6.0,6.475965976715088,0.0,6.0,5.0,9.0,3.0,102.0,13.0,7.0,0.0,4334.0599365234375,478.13001251220703,12590.450561523438,1807.9100494384766,11897.169921875,85.0,110.0,22.0,1.0,7.0,7.0,0.0,0.0,0.0,0.0,0.0,0.0,0.0,0.0,2.0,0.0,2.0,0.0,0.0,0.0,0.0,40.0,3.0,1.0,6.0,3.0,1.0,2.0,23.0,9.0,6.0,3.0,4.0,2.0,25.0,14.0,11.0,19.0,32.0,2.0,0.0,1.0,17.0,4.0,325.0,137.0,17.0,83.0,59.0,19.0,62.0,99.0,161.0,1.0,0.0,147.0,127.0,0.0,0.0,45.0,51.0,4.0,6.0,67.0,82.0,73.0,0.0,382.0,130.0,1.0,2.0,0.0,5.963317632675171,11.0,288.37985000000003,31.519227981567383,31107.7197265625,1.489458717405796,0.0
379953,0.0,2.0,0.0,1.0,0.0,1.0,0.0,0.0,0.0,1.0,0.0,0.0,0.0,2.0,0.0,0.0,0.0,0.0,0.0,3.0,1.0,5.060625791549683,2.0,0.0,0.0,1.0,0.0,20.0,2.0,0.0,0.0,1766.6899719238281,440.74998474121094,4456.789794921875,613.4700088500977,5217.2598876953125,13.0,25.0,3.0,0.0,0.0,0.0,0.0,0.0,0.0,0.0,0.0,0.0,0.0,0.0,0.0,0.0,0.0,0.0,1.0,0.0,0.0,10.0,1.0,1.0,2.0,1.0,0.0,0.0,8.0,1.0,1.0,0.0,0.0,0.0,7.0,6.0,5.0,5.0,9.0,1.0,0.0,0.0,7.0,3.0,80.0,39.0,4.0,12.0,9.0,6.0,19.0,8.0,27.0,0.0,0.0,30.0,23.0,0.0,0.0,9.0,11.0,2.0,5.0,14.0,19.0,19.0,0.0,140.0,49.0,3.0,0.0,0.0,4.337605118751526,0.0,122.22653333333336,33.6779670715332,12494.960327148438,0.18837112188339233,0.0
379955,0.0,1.0,0.0,0.0,0.0,0.0,0.0,0.0,0.0,0.0,1.0,0.0,0.0,0.0,0.0,1.0,0.0,1.0,0.0,1.0,0.0,5.866386413574219,1.0,0.0,0.0,1.0,0.0,14.0,4.0,1.0,0.0,2829.670120239258,446.98000717163086,11644.199584960938,1040.9100189208984,12840.379821777344,44.0,50.0,5.0,1.0,0.0,1.0,0.0,0.0,0.0,0.0,0.0,0.0,0.0,1.0,0.0,0.0,0.0,0.0,0.0,0.0,0.0,62.0,4.0,3.0,30.0,26.0,23.0,23.0,46.0,4.0,1.0,0.0,0.0,0.0,28.0,19.0,16.0,21.0,13.0,1.0,2.0,0.0,10.0,4.0,514.0,170.0,8.0,0.0,1.0,10.0,5.0,6.0,11.0,0.0,0.0,246.0,230.0,0.0,0.0,6.0,2.0,0.0,3.0,16.0,225.0,19.0,0.0,258.0,72.0,2.0,1.0,0.0,0.4869658499956131,4.0,300.8625833333333,33.13992691040039,28802.140625,0.035872865468263626,0.0
380005,0.0,4.0,0.0,1.0,0.0,0.0,1.0,0.0,0.0,0.0,3.0,0.0,0.0,1.0,0.0,2.0,1.0,3.0,1.0,1.0,0.0,6.432070374488831,0.0,0.0,0.0,0.0,0.0,23.0,8.0,1.0,0.0,2381.5000610351562,332.3800129890442,6305.669860839844,1163.3400039672852,6134.350189208984,26.0,35.0,7.0,2.0,0.0,1.0,0.0,0.0,0.0,0.0,0.0,0.0,0.0,0.0,0.0,0.0,0.0,0.0,1.0,0.0,0.0,11.0,0.0,1.0,3.0,3.0,2.0,2.0,11.0,1.0,1.0,0.0,0.0,1.0,7.0,7.0,5.0,5.0,4.0,0.0,1.0,1.0,4.0,4.0,119.0,51.0,6.0,3.0,17.0,11.0,23.0,8.0,31.0,1.0,0.0,50.0,45.0,0.0,0.0,10.0,9.0,0.0,4.0,18.0,33.0,22.0,0.0,218.0,78.0,3.0,1.0,0.0,1.9928991794586182,0.0,158.91989999999998,31.888023376464844,16317.239868164062,0.35576955415308475,0.0
380007,0.0,0.0,0.0,0.0,0.0,0.0,0.0,,0.0,0.0,0.0,0.0,0.0,0.0,0.0,0.0,0.0,0.0,0.0,2.0,1.0,2.587750196456909,2.0,1.0,0.0,0.0,0.0,0.0,0.0,5.0,0.0,171.02999114990234,0.0,1378.7599487304688,9.300000190734863,11776.650390625,14.0,15.0,0.0,0.0,1.0,8.0,2.0,0.0,75.0,65.0,2.3809524178504944,15.0,14.0,7.0,0.0,0.0,0.0,0.0,0.0,3.0,0.0,68.0,2.0,18.0,39.0,17.0,12.0,19.0,26.0,2.0,0.0,0.0,0.0,0.0,27.0,9.0,4.0,7.0,4.0,0.0,5.0,0.0,4.0,3.0,185.0,113.0,11.0,0.0,0.0,32.0,18.0,14.0,32.0,0.0,0.0,93.0,62.0,0.0,0.0,7.0,0.0,0.0,0.0,4.0,59.0,4.0,0.0,19.0,0.0,0.0,0.0,2.0,0.07419964298605919,0.0,309.48558333333335,21.476760864257812,13335.740234375,0.0,0.0
382312,0.0,0.0,0.0,0.0,0.0,0.0,0.0,,0.0,0.0,0.0,0.0,0.0,0.0,0.0,0.0,0.0,0.0,0.0,1.0,1.0,2.9017497301101685,1.0,0.0,0.0,0.0,0.0,14.0,9.0,6.0,0.0,1818.989990234375,197.2200050354004,6431.2000732421875,430.3800048828125,6157.8502197265625,17.0,24.0,2.0,0.0,0.0,6.0,0.0,0.0,0.0,0.0,0.0,0.0,0.0,0.0,0.0,0.0,0.0,0.0,0.0,0.0,0.0,23.0,1.0,4.0,14.0,10.0,8.0,9.0,14.0,2.0,1.0,0.0,0.0,1.0,7.0,3.0,0.0,1.0,10.0,0.0,2.0,1.0,7.0,2.0,113.0,41.0,2.0,0.0,1.0,8.0,3.0,6.0,9.0,0.0,1.0,56.0,45.0,0.0,0.0,4.0,0.0,0.0,5.0,15.0,31.0,20.0,0.0,147.0,33.0,0.0,1.0,0.0,0.15848146006464958,0.0,152.46643333333333,34.2032356262207,15035.6396484375,0.0,0.0
382739,1.0,0.0,0.0,0.0,0.0,0.0,0.0,0.0,0.0,0.0,0.0,0.0,0.0,0.0,0.0,0.0,0.0,0.0,0.0,2.0,0.0,2.423106849193573,1.0,0.0,0.0,6.0,2.0,43.0,12.0,3.0,0.0,2463.540069580078,544.4499987363815,8950.709655761719,1090.4799728393555,9187.210021972656,55.0,66.0,12.0,2.0,1.0,3.0,0.0,0.0,0.0,0.0,0.0,0.0,0.0,0.0,0.0,0.0,0.0,0.0,0.0,0.0,0.0,34.0,0.0,0.0,11.0,7.0,7.0,11.0,26.0,5.0,4.0,0.0,0.0,5.0,18.0,15.0,11.0,13.0,19.0,0.0,0.0,4.0,15.0,3.0,324.0,123.0,12.0,19.0,16.0,22.0,15.0,42.0,57.0,0.0,0.0,152.0,142.0,0.0,0.0,19.0,22.0,3.0,2.0,33.0,112.0,35.0,0.0,218.0,94.0,1.0,0.0,1.0,0.2154450286179781,12.0,217.34131666666667,32.582191467285156,22236.389892578125,0.0,0.0
384751,0.0,0.0,0.0,0.0,0.0,0.0,0.0,,0.0,0.0,0.0,0.0,0.0,0.0,0.0,0.0,0.0,0.0,0.0,0.0,0.0,0.0,0.0,0.0,0.0,0.0,0.0,0.0,0.0,0.0,0.0,0.0,0.0,0.0,0.0,0.0,0.0,0.0,0.0,0.0,0.0,0.0,,,0.0,0.0,0.0,0.0,0.0,0.0,0.0,0.0,0.0,0.0,0.0,0.0,0.0,0.0,0.0,0.0,0.0,0.0,0.0,0.0,0.0,0.0,0.0,0.0,0.0,0.0,0.0,0.0,0.0,0.0,0.0,0.0,0.0,0.0,0.0,0.0,0.0,0.0,0.0,0.0,0.0,0.0,0.0,0.0,0.0,0.0,0.0,0.0,0.0,0.0,0.0,0.0,0.0,0.0,0.0,0.0,0.0,0.0,0.0,0.0,0.0,0.0,0.0,0.0,0.0,0.0,0.0,0.0,0.0,0.0,0.0
384752,0.0,0.0,0.0,0.0,0.0,0.0,0.0,,0.0,0.0,0.0,0.0,0.0,0.0,0.0,0.0,0.0,0.0,0.0,2.0,1.0,5.003686714172363,2.0,1.0,0.0,0.0,0.0,27.0,6.0,7.0,0.0,4939.899963378906,475.5800018310547,19046.00048828125,1574.4400024414062,17550.0400390625,72.0,80.0,12.0,6.0,3.0,8.0,,,0.0,0.0,0.0,0.0,0.0,0.0,0.0,0.0,0.0,0.0,0.0,1.0,0.0,78.0,6.0,9.0,40.0,31.0,24.0,25.0,55.0,6.0,2.0,0.0,0.0,0.0,32.0,22.0,15.0,17.0,24.0,2.0,5.0,0.0,12.0,4.0,510.0,160.0,9.0,0.0,1.0,30.0,19.0,12.0,31.0,0.0,0.0,249.0,233.0,0.0,0.0,24.0,1.0,0.0,1.0,35.0,211.0,36.0,0.0,429.0,110.0,0.0,0.0,1.0,0.2553444504737854,0.0,418.13829999999996,32.14514923095703,43585.958984375,0.0,1.0
384797,1.0,4.0,0.0,0.0,0.0,0.0,0.0,0.0,0.0,2.0,1.0,0.0,1.0,4.0,2.0,2.0,2.0,0.0,0.0,5.0,0.0,6.792239665985107,5.0,0.0,7.0,17.0,5.0,82.0,10.0,7.0,0.0,5429.8602294921875,575.0900039672852,14875.2705078125,2263.9899291992188,11850.630126953125,50.0,84.0,9.0,2.0,3.0,7.0,0.0,0.0,0.0,0.0,0.0,0.0,0.0,0.0,2.0,0.0,2.0,0.0,0.0,0.0,0.0,71.0,6.0,6.0,23.0,12.0,9.0,11.0,38.0,12.0,6.0,2.0,3.0,3.0,36.0,20.0,14.0,21.0,50.0,1.0,2.0,3.0,28.0,3.0,223.0,116.0,15.0,29.0,67.0,55.0,19.0,132.0,151.0,1.0,0.0,98.0,68.0,0.0,0.0,46.0,19.0,3.0,1.0,42.0,55.0,43.0,0.0,458.0,170.0,0.0,0.0,1.0,0.6588948369026184,12.0,309.48558333333335,31.562597274780273,34994.8388671875,0.96854567527771,0.0
384850,0.0,0.0,0.0,0.0,0.0,0.0,0.0,,0.0,0.0,0.0,0.0,0.0,0.0,0.0,0.0,0.0,0.0,0.0,0.0,0.0,0.0,0.0,0.0,0.0,0.0,0.0,0.0,0.0,0.0,0.0,0.0,0.0,0.0,0.0,0.0,0.0,0.0,0.0,0.0,0.0,0.0,,,0.0,0.0,0.0,0.0,0.0,0.0,0.0,0.0,0.0,0.0,0.0,0.0,0.0,0.0,0.0,0.0,0.0,0.0,0.0,0.0,0.0,0.0,0.0,0.0,0.0,0.0,0.0,0.0,0.0,0.0,0.0,0.0,0.0,0.0,0.0,0.0,0.0,0.0,0.0,0.0,0.0,0.0,0.0,0.0,0.0,0.0,0.0,0.0,0.0,0.0,0.0,0.0,0.0,0.0,0.0,0.0,0.0,0.0,0.0,0.0,0.0,0.0,0.0,0.0,0.0,0.0,0.0,0.0,0.0,0.0,0.0
385030,0.0,0.0,0.0,0.0,0.0,0.0,0.0,,0.0,0.0,0.0,0.0,0.0,0.0,0.0,0.0,0.0,0.0,0.0,1.0,1.0,1.9254676500956218,1.0,0.0,0.0,1.0,1.0,16.0,5.0,3.0,0.0,1097.06005859375,127.40999603271484,3795.1298828125,523.5899658203125,3993.800048828125,16.0,22.0,2.0,1.0,0.0,4.0,,,0.0,0.0,0.0,0.0,0.0,1.0,0.0,0.0,0.0,0.0,0.0,1.0,0.0,22.0,0.0,6.0,12.0,8.0,6.0,6.0,12.0,1.0,1.0,0.0,0.0,1.0,9.0,3.0,0.0,2.0,19.0,0.0,2.0,1.0,12.0,1.0,52.0,26.0,2.0,2.0,3.0,3.0,1.0,7.0,8.0,0.0,0.0,27.0,20.0,0.0,0.0,3.0,1.0,0.0,0.0,20.0,2.0,20.0,0.0,106.0,45.0,0.0,0.0,0.0,0.029709789901971817,1.0,98.92756666666666,30.248571395874023,9536.990234375,0.0,0.0
385031,0.0,5.0,0.0,2.0,1.0,0.0,1.0,1.0,1.0,1.0,1.0,0.0,0.0,4.0,1.0,2.0,1.0,1.0,0.0,14.0,1.0,6.269653797149658,6.0,1.0,0.0,8.0,4.0,68.0,15.0,5.0,0.0,3911.6700439453125,946.3799896240234,12664.330078125,2125.2499389648438,12133.690185546875,62.0,93.0,11.0,1.0,7.0,5.0,0.0,0.0,0.0,0.0,0.0,0.0,0.0,0.0,0.0,0.0,0.0,0.0,0.0,0.0,0.0,63.0,7.0,5.0,23.0,11.0,5.0,11.0,35.0,12.0,7.0,4.0,4.0,1.0,28.0,17.0,11.0,15.0,40.0,3.0,3.0,0.0,29.0,3.0,260.0,144.0,11.0,35.0,46.0,20.0,15.0,86.0,101.0,1.0,0.0,112.0,88.0,0.0,0.0,39.0,26.0,5.0,6.0,61.0,51.0,67.0,0.0,332.0,156.0,0.0,0.0,5.0,0.8527219891548157,25.0,303.7823333333333,34.10335922241211,31781.3203125,0.3696887642145157,0.0
385067,0.0,2.0,0.0,0.0,0.0,0.0,0.0,1.0,1.0,0.0,1.0,0.0,0.0,0.0,0.0,2.0,0.0,2.0,0.0,2.0,3.0,4.916158676147461,2.0,3.0,0.0,1.0,0.0,21.0,12.0,8.0,0.0,2664.7999877929688,191.07000732421875,9966.23046875,635.9099884033203,11952.020263671875,29.0,45.0,5.0,2.0,1.0,9.0,0.0,0.0,0.0,0.0,0.0,0.0,0.0,12.0,0.0,0.0,0.0,0.0,0.0,1.0,0.0,58.0,7.0,8.0,32.0,22.0,15.0,17.0,34.0,8.0,2.0,0.0,1.0,0.0,18.0,10.0,3.0,3.0,36.0,2.0,5.0,0.0,18.0,3.0,236.0,106.0,6.0,4.0,5.0,18.0,17.0,10.0,27.0,0.0,0.0,117.0,94.0,0.0,0.0,15.0,6.0,0.0,1.0,12.0,88.0,13.0,0.0,226.0,62.0,0.0,0.0,0.0,0.4163955948315561,0.0,310.32276666666667,31.574926376342773,25410.02978515625,0.06731869094073772,0.0
385070,0.0,0.0,0.0,0.0,0.0,0.0,0.0,,0.0,0.0,0.0,0.0,0.0,0.0,0.0,0.0,0.0,0.0,0.0,0.0,0.0,0.0,0.0,0.0,0.0,0.0,0.0,0.0,0.0,0.0,0.0,0.0,0.0,0.0,0.0,0.0,0.0,0.0,0.0,0.0,0.0,0.0,,,0.0,0.0,0.0,0.0,0.0,0.0,0.0,0.0,0.0,0.0,0.0,0.0,0.0,0.0,0.0,0.0,0.0,0.0,0.0,0.0,0.0,0.0,0.0,0.0,0.0,0.0,0.0,0.0,0.0,0.0,0.0,0.0,0.0,0.0,0.0,0.0,0.0,0.0,0.0,0.0,0.0,0.0,0.0,0.0,0.0,0.0,0.0,0.0,0.0,0.0,0.0,0.0,0.0,0.0,0.0,0.0,0.0,0.0,0.0,0.0,0.0,0.0,0.0,0.0,0.0,0.0,0.0,0.0,0.0,0.0,0.0
385139,0.0,0.0,0.0,0.0,0.0,0.0,0.0,,0.0,0.0,0.0,0.0,0.0,0.0,0.0,0.0,0.0,0.0,0.0,2.0,0.0,2.0749977429707847,1.0,0.0,0.0,1.0,0.0,5.0,0.0,0.0,0.0,831.6400146484375,145.12998962402344,2092.65966796875,442.7799987792969,2257.929931640625,11.0,14.0,1.0,0.0,2.0,0.0,0.0,0.0,0.0,0.0,0.0,0.0,0.0,0.0,0.0,0.0,0.0,0.0,0.0,0.0,0.0,7.0,2.0,0.0,3.0,3.0,1.0,1.0,7.0,2.0,2.0,0.0,0.0,0.0,2.0,2.0,0.0,0.0,4.0,2.0,0.0,0.0,4.0,1.0,29.0,13.0,3.0,2.0,2.0,1.0,1.0,4.0,5.0,0.0,0.0,14.0,12.0,0.0,0.0,3.0,4.0,3.0,0.0,13.0,1.0,13.0,0.0,71.0,31.0,1.0,0.0,1.0,0.2879117727279663,2.0,55.52708333333332,30.56848907470703,5770.1396484375,0.0,0.0
385248,0.0,0.0,0.0,0.0,0.0,0.0,0.0,,0.0,0.0,0.0,0.0,0.0,0.0,0.0,0.0,0.0,0.0,0.0,1.0,0.0,3.44497549533844,1.0,0.0,0.0,1.0,0.0,49.0,11.0,0.0,0.0,1662.1700439453125,134.55999755859375,5056.099853515625,527.3600158691406,4419.210205078125,23.0,29.0,0.0,3.0,1.0,1.0,,,0.0,0.0,0.0,0.0,0.0,0.0,0.0,0.0,0.0,0.0,0.0,1.0,0.0,28.0,3.0,2.0,8.0,7.0,3.0,3.0,23.0,5.0,4.0,0.0,0.0,2.0,15.0,12.0,6.0,8.0,11.0,2.0,2.0,2.0,6.0,2.0,133.0,37.0,4.0,2.0,10.0,19.0,22.0,9.0,31.0,0.0,0.0,60.0,55.0,0.0,0.0,12.0,3.0,0.0,2.0,14.0,46.0,16.0,0.0,142.0,41.0,2.0,0.0,0.0,0.2632186561822891,0.0,102.73196666666666,29.94496726989746,11799.39990234375,0.0,0.0
385259,1.0,1.0,0.0,0.0,0.0,0.0,0.0,0.0,0.0,1.0,0.0,0.0,0.0,0.0,0.0,1.0,0.0,1.0,0.0,7.0,0.0,6.208138942718506,4.0,0.0,0.0,7.0,1.0,149.0,32.0,2.0,0.0,5054.389892578125,1103.8099975585938,18271.259765625,2380.249969482422,15835.0205078125,99.0,127.0,19.0,6.0,3.0,3.0,0.0,0.0,0.0,0.0,0.0,0.0,0.0,0.0,0.0,0.0,0.0,0.0,0.0,1.0,0.0,51.0,5.0,3.0,14.0,8.0,4.0,6.0,35.0,8.0,5.0,3.0,3.0,0.0,29.0,22.0,18.0,21.0,41.0,2.0,2.0,0.0,27.0,4.0,336.0,158.0,9.0,57.0,78.0,32.0,76.0,91.0,167.0,3.0,0.0,150.0,130.0,0.0,0.0,52.0,42.0,10.0,13.0,100.0,38.0,113.0,0.0,442.0,194.0,0.0,0.0,3.0,2.259610094130039,19.0,412.32820000000004,34.06986999511719,42644.7314453125,0.014154685661196709,1.0
385306,0.0,1.0,0.0,0.0,0.0,0.0,0.0,0.0,0.0,1.0,0.0,0.0,0.0,0.0,0.0,1.0,0.0,1.0,0.0,1.0,1.0,6.598765277862549,1.0,1.0,0.0,0.0,0.0,231.0,57.0,0.0,0.0,8795.530517578125,682.2799758911133,28754.2685546875,2773.860076904297,19743.019775390625,42.0,59.0,43.0,14.0,3.0,0.0,0.0,0.0,0.0,0.0,0.0,0.0,0.0,0.0,0.0,0.0,0.0,0.0,0.0,0.0,0.0,31.0,0.0,1.0,12.0,11.0,10.0,11.0,25.0,1.0,0.0,0.0,1.0,0.0,18.0,14.0,13.0,17.0,21.0,0.0,1.0,0.0,17.0,5.0,285.0,141.0,8.0,0.0,20.0,37.0,48.0,9.0,57.0,0.0,0.0,117.0,97.0,0.0,0.0,26.0,7.0,0.0,10.0,46.0,75.0,56.0,0.0,756.0,205.0,0.0,0.0,0.0,0.07559225521981716,0.0,554.4526166666667,31.185779571533203,60748.9609375,0.018091784790158272,1.0
385472,0.0,0.0,0.0,0.0,0.0,0.0,0.0,,0.0,0.0,0.0,0.0,0.0,0.0,0.0,0.0,0.0,0.0,0.0,0.0,0.0,0.0,0.0,0.0,0.0,0.0,0.0,0.0,0.0,0.0,0.0,0.0,0.0,0.0,0.0,0.0,0.0,0.0,0.0,0.0,0.0,0.0,,,0.0,0.0,0.0,0.0,0.0,0.0,0.0,0.0,0.0,0.0,0.0,0.0,0.0,0.0,0.0,0.0,0.0,0.0,0.0,0.0,0.0,0.0,0.0,0.0,0.0,0.0,0.0,0.0,0.0,0.0,0.0,0.0,0.0,0.0,0.0,0.0,0.0,0.0,0.0,0.0,0.0,0.0,0.0,0.0,0.0,0.0,0.0,0.0,0.0,0.0,0.0,0.0,0.0,0.0,0.0,0.0,0.0,0.0,0.0,0.0,0.0,0.0,0.0,0.0,0.0,0.0,0.0,0.0,0.0,0.0,0.0
385475,0.0,4.0,0.0,0.0,0.0,0.0,1.0,0.0,0.0,0.0,3.0,0.0,0.0,4.0,2.0,2.0,2.0,0.0,0.0,9.0,0.0,5.95707368850708,5.0,0.0,0.0,1.0,0.0,96.0,11.0,0.0,0.0,3164.18994140625,855.4200286865234,10044.690185546875,1605.1199951171875,14529.0,38.0,63.0,28.0,8.0,4.0,0.0,0.0,0.0,0.0,0.0,0.0,0.0,0.0,0.0,1.0,0.0,1.0,0.0,0.0,0.0,0.0,15.0,2.0,0.0,2.0,0.0,0.0,0.0,7.0,4.0,1.0,1.0,2.0,0.0,9.0,6.0,6.0,7.0,10.0,0.0,0.0,0.0,4.0,3.0,175.0,96.0,9.0,45.0,45.0,7.0,69.0,28.0,97.0,1.0,0.0,72.0,52.0,0.0,0.0,24.0,68.0,1.0,11.0,47.0,35.0,58.0,0.0,274.0,149.0,0.0,1.0,5.0,3.9398456811904907,0.0,304.27273333333335,33.961524963378906,30198.419921875,0.1726815178990364,0.0
385531,1.0,1.0,0.0,0.0,0.0,0.0,0.0,0.0,0.0,1.0,0.0,0.0,0.0,0.0,0.0,1.0,0.0,1.0,0.0,11.0,0.0,6.618519902229309,10.0,0.0,0.0,1.0,0.0,76.0,24.0,2.0,0.0,4461.880065917969,286.070011138916,12202.16015625,1267.739990234375,10396.180053710938,75.0,92.0,3.0,6.0,0.0,3.0,0.0,0.0,0.0,0.0,0.0,0.0,0.0,0.0,0.0,0.0,0.0,0.0,0.0,1.0,0.0,30.0,0.0,2.0,4.0,4.0,2.0,2.0,28.0,1.0,1.0,0.0,0.0,1.0,25.0,23.0,20.0,22.0,21.0,0.0,2.0,1.0,19.0,4.0,301.0,122.0,6.0,2.0,48.0,62.0,92.0,20.0,112.0,0.0,0.0,138.0,130.0,0.0,0.0,53.0,8.0,0.0,4.0,57.0,86.0,61.0,0.0,371.0,91.0,0.0,3.0,1.0,0.42749665677547455,0.0,265.09478333333334,32.7426872253418,28614.029296875,0.02281978167593479,0.0
385833,0.0,0.0,0.0,0.0,0.0,0.0,0.0,,0.0,0.0,0.0,0.0,0.0,0.0,0.0,0.0,0.0,0.0,0.0,0.0,0.0,0.0,0.0,0.0,0.0,0.0,0.0,0.0,0.0,0.0,0.0,0.0,0.0,0.0,0.0,0.0,0.0,0.0,0.0,0.0,0.0,0.0,,,0.0,0.0,0.0,0.0,0.0,0.0,0.0,0.0,0.0,0.0,0.0,0.0,0.0,0.0,0.0,0.0,0.0,0.0,0.0,0.0,0.0,0.0,0.0,0.0,0.0,0.0,0.0,0.0,0.0,0.0,0.0,0.0,0.0,0.0,0.0,0.0,0.0,0.0,0.0,0.0,0.0,0.0,0.0,0.0,0.0,0.0,0.0,0.0,0.0,0.0,0.0,0.0,0.0,0.0,0.0,0.0,0.0,0.0,0.0,0.0,0.0,0.0,0.0,0.0,0.0,0.0,0.0,0.0,0.0,0.0,0.0
385994,0.0,0.0,0.0,0.0,0.0,0.0,0.0,,0.0,0.0,0.0,0.0,0.0,0.0,0.0,0.0,0.0,0.0,0.0,0.0,0.0,0.0,0.0,0.0,0.0,0.0,0.0,0.0,0.0,0.0,0.0,0.0,0.0,0.0,0.0,0.0,0.0,0.0,0.0,0.0,0.0,0.0,,,0.0,0.0,0.0,0.0,0.0,0.0,0.0,0.0,0.0,0.0,0.0,0.0,0.0,0.0,0.0,0.0,0.0,0.0,0.0,0.0,0.0,0.0,0.0,0.0,0.0,0.0,0.0,0.0,0.0,0.0,0.0,0.0,0.0,0.0,0.0,0.0,0.0,0.0,0.0,0.0,0.0,0.0,0.0,0.0,0.0,0.0,0.0,0.0,0.0,0.0,0.0,0.0,0.0,0.0,0.0,0.0,0.0,0.0,0.0,0.0,0.0,0.0,0.0,0.0,0.0,0.0,0.0,0.0,0.0,0.0,0.0
385998,0.0,0.0,0.0,0.0,0.0,0.0,0.0,,0.0,0.0,0.0,0.0,0.0,0.0,0.0,0.0,0.0,0.0,0.0,0.0,0.0,0.0,0.0,0.0,0.0,0.0,0.0,0.0,0.0,0.0,0.0,0.0,0.0,0.0,0.0,0.0,0.0,0.0,0.0,0.0,0.0,0.0,,,0.0,0.0,0.0,0.0,0.0,0.0,0.0,0.0,0.0,0.0,0.0,0.0,0.0,0.0,0.0,0.0,0.0,0.0,0.0,0.0,0.0,0.0,0.0,0.0,0.0,0.0,0.0,0.0,0.0,0.0,0.0,0.0,0.0,0.0,0.0,0.0,0.0,0.0,0.0,0.0,0.0,0.0,0.0,0.0,0.0,0.0,0.0,0.0,0.0,0.0,0.0,0.0,0.0,0.0,0.0,0.0,0.0,0.0,0.0,0.0,0.0,0.0,0.0,0.0,0.0,0.0,0.0,0.0,0.0,0.0,0.0
386013,0.0,6.0,0.0,0.0,0.0,1.0,1.0,1.0,0.0,2.0,0.0,0.0,0.0,5.0,2.0,4.0,2.0,1.0,0.0,8.0,6.0,5.363491535186768,8.0,6.0,0.0,0.0,0.0,32.0,18.0,6.0,0.0,5064.349914550781,717.6999816894531,19405.08056640625,1766.5399475097656,21543.469970703125,106.0,134.0,20.0,6.0,5.0,7.0,0.0,0.0,0.0,0.0,0.0,0.0,0.0,9.0,0.0,0.0,0.0,0.0,4.0,1.0,0.0,149.0,8.0,27.0,78.0,55.0,42.0,43.0,93.0,10.0,2.0,0.0,0.0,2.0,61.0,36.0,21.0,24.0,73.0,0.0,13.0,2.0,47.0,5.0,755.0,261.0,28.0,0.0,1.0,58.0,22.0,37.0,59.0,1.0,0.0,361.0,324.0,0.0,0.0,37.0,8.0,0.0,7.0,46.0,303.0,53.0,0.0,441.0,145.0,0.0,0.0,1.0,0.3918796479701996,0.0,541.2107833333333,33.7578010559082,48497.138671875,0.5437432378530502,1.0
386339,0.0,0.0,0.0,0.0,0.0,0.0,0.0,0.0,0.0,0.0,0.0,0.0,0.0,0.0,0.0,0.0,0.0,0.0,0.0,0.0,0.0,2.535136413574219,0.0,0.0,0.0,1.0,0.0,41.0,4.0,0.0,0.0,1112.1300506591797,131.55999374389648,4066.840087890625,523.3700180053711,3528.0199584960938,10.0,12.0,3.0,3.0,1.0,0.0,,,0.0,0.0,0.0,0.0,0.0,0.0,0.0,0.0,0.0,0.0,0.0,0.0,0.0,1.0,0.0,0.0,0.0,0.0,0.0,0.0,1.0,0.0,0.0,0.0,0.0,0.0,1.0,1.0,1.0,1.0,1.0,0.0,0.0,0.0,1.0,2.0,35.0,18.0,1.0,20.0,14.0,1.0,32.0,3.0,35.0,0.0,0.0,13.0,12.0,0.0,0.0,8.0,14.0,0.0,9.0,7.0,3.0,16.0,0.0,89.0,46.0,1.0,1.0,0.0,9.620937824249268,0.0,87.7687,29.658679962158203,9361.919677734375,0.0,0.0
386347,0.0,2.0,0.0,0.0,0.0,0.0,0.0,0.0,0.0,0.0,2.0,0.0,0.0,1.0,0.0,2.0,0.0,1.0,0.0,11.0,3.0,5.199519793192546,6.0,2.0,7.0,12.0,4.0,54.0,5.0,1.0,0.0,2239.6500244140625,646.5199737548828,8088.8701171875,1271.830062866211,11289.19970703125,50.0,79.0,16.0,0.0,4.0,1.0,0.0,0.0,0.0,0.0,0.0,0.0,0.0,0.0,0.0,0.0,0.0,0.0,0.0,0.0,0.0,54.0,8.0,2.0,11.0,5.0,0.0,1.0,32.0,12.0,5.0,2.0,4.0,0.0,31.0,22.0,17.0,21.0,39.0,3.0,2.0,0.0,20.0,3.0,217.0,103.0,9.0,23.0,54.0,6.0,42.0,41.0,83.0,2.0,0.0,93.0,73.0,0.0,0.0,44.0,40.0,2.0,4.0,65.0,34.0,69.0,0.0,194.0,104.0,0.0,1.0,2.0,1.4989838898181915,3.0,269.0622166666667,33.21076202392578,23536.0693359375,0.1611185222864151,0.0
386348,0.0,0.0,0.0,0.0,0.0,0.0,0.0,,0.0,0.0,0.0,0.0,0.0,0.0,0.0,0.0,0.0,0.0,0.0,2.0,0.0,6.03555965423584,1.0,0.0,0.0,0.0,0.0,51.0,7.0,2.0,1.0,2671.9301147460938,41.369998931884766,7227.02001953125,346.7900085449219,4408.83984375,18.0,23.0,2.0,2.0,1.0,2.0,0.0,0.0,0.0,0.0,0.0,0.0,0.0,0.0,0.0,0.0,0.0,0.0,0.0,0.0,0.0,11.0,0.0,2.0,3.0,1.0,1.0,1.0,3.0,1.0,0.0,0.0,0.0,1.0,7.0,2.0,2.0,4.0,8.0,0.0,0.0,0.0,2.0,2.0,75.0,36.0,2.0,0.0,7.0,11.0,12.0,6.0,18.0,0.0,0.0,33.0,27.0,0.0,0.0,5.0,3.0,0.0,0.0,21.0,14.0,21.0,1.0,208.0,30.0,0.0,1.0,1.0,0.01807940797880292,1.0,140.81795,29.04951286315918,14695.94970703125,0.0,0.0
386366,0.0,1.0,0.0,0.0,0.0,1.0,0.0,0.0,0.0,0.0,0.0,0.0,0.0,1.0,1.0,0.0,1.0,0.0,0.0,0.0,0.0,2.303833325703939,0.0,0.0,0.0,0.0,0.0,11.0,2.0,0.0,0.0,400.3299865722656,17.15999984741211,1271.5699462890625,140.82000732421875,1029.1600341796875,2.0,4.0,1.0,0.0,0.0,0.0,,,0.0,0.0,0.0,0.0,0.0,0.0,0.0,0.0,0.0,0.0,1.0,0.0,0.0,1.0,0.0,0.0,0.0,0.0,0.0,0.0,1.0,1.0,1.0,1.0,1.0,0.0,0.0,0.0,0.0,0.0,1.0,0.0,0.0,0.0,1.0,1.0,9.0,5.0,1.0,3.0,10.0,2.0,10.0,5.0,15.0,0.0,0.0,3.0,2.0,0.0,0.0,4.0,2.0,0.0,1.0,4.0,0.0,5.0,0.0,38.0,11.0,1.0,0.0,0.0,2.5480051040649414,0.0,24.816983333333326,26.561527252197266,2859.0400390625,0.05196940153837204,0.0
386387,0.0,0.0,0.0,0.0,0.0,0.0,0.0,,0.0,0.0,0.0,0.0,0.0,0.0,0.0,0.0,0.0,0.0,0.0,0.0,1.0,4.194833914438884,0.0,1.0,0.0,3.0,1.0,50.0,4.0,1.0,0.0,2420.27001953125,339.8399963378906,7398.409912109375,962.0599670410156,6562.750244140625,16.0,21.0,2.0,2.0,0.0,1.0,,,0.0,0.0,0.0,0.0,0.0,0.0,0.0,0.0,0.0,0.0,0.0,0.0,0.0,20.0,2.0,2.0,8.0,4.0,4.0,4.0,7.0,3.0,0.0,0.0,0.0,1.0,9.0,3.0,3.0,4.0,5.0,0.0,0.0,0.0,1.0,2.0,89.0,36.0,3.0,14.0,10.0,14.0,10.0,28.0,38.0,0.0,0.0,42.0,33.0,0.0,0.0,13.0,8.0,4.0,0.0,11.0,30.0,11.0,0.0,215.0,70.0,1.0,0.0,0.0,0.2950748838484287,3.0,167.11928333333333,31.851503372192383,17683.3310546875,0.0,0.0
386413,2.0,5.0,0.0,1.0,0.0,1.0,1.0,0.0,0.0,2.0,1.0,0.0,0.0,1.0,0.0,3.0,1.0,4.0,1.0,3.0,2.0,6.790001273155212,3.0,2.0,15.0,25.0,5.0,55.0,9.0,18.0,0.0,5999.400085449219,838.2300186157227,21033.090087890625,2020.3099365234375,14747.520263671875,162.0,186.0,26.0,0.0,7.0,18.0,0.0,0.0,0.0,0.0,0.0,0.0,0.0,0.0,0.0,0.0,0.0,0.0,0.0,0.0,0.0,162.0,4.0,17.0,73.0,68.0,52.0,52.0,127.0,9.0,5.0,1.0,1.0,4.0,80.0,54.0,36.0,55.0,62.0,2.0,14.0,2.0,51.0,4.0,778.0,292.0,25.0,6.0,21.0,73.0,45.0,55.0,100.0,0.0,0.0,368.0,336.0,0.0,0.0,50.0,10.0,1.0,6.0,67.0,268.0,73.0,0.0,518.0,157.0,0.0,2.0,1.0,0.2883995585143566,29.0,392.5518666666667,31.43808364868164,44638.5498046875,0.14879769086837769,0.0
386458,0.0,0.0,0.0,0.0,0.0,0.0,0.0,,0.0,0.0,0.0,0.0,0.0,0.0,0.0,0.0,0.0,0.0,0.0,0.0,1.0,1.4146522521972655,0.0,1.0,0.0,0.0,0.0,13.0,5.0,1.0,0.0,407.77001953125,0.0,1059.3699951171875,154.69000244140625,559.1900024414062,6.0,9.0,3.0,1.0,1.0,1.0,0.0,0.0,0.0,0.0,0.0,0.0,0.0,0.0,0.0,0.0,0.0,0.0,0.0,0.0,0.0,6.0,0.0,0.0,4.0,4.0,4.0,4.0,4.0,0.0,0.0,0.0,0.0,0.0,2.0,0.0,0.0,2.0,5.0,0.0,0.0,0.0,4.0,1.0,24.0,13.0,0.0,0.0,1.0,5.0,5.0,1.0,6.0,0.0,0.0,10.0,6.0,0.0,0.0,2.0,0.0,0.0,1.0,8.0,1.0,9.0,0.0,35.0,11.0,1.0,0.0,0.0,0.023719463497400284,0.0,18.48128333333335,23.459644317626953,2181.02001953125,0.0,0.0
386473,0.0,0.0,0.0,0.0,0.0,0.0,0.0,,0.0,0.0,0.0,0.0,0.0,0.0,0.0,0.0,0.0,0.0,0.0,0.0,0.0,1.358637809753418,0.0,0.0,0.0,0.0,0.0,0.0,0.0,1.0,0.0,69.4000015258789,0.0,1230.6400146484375,12.359999418258667,5712.969970703125,2.0,5.0,0.0,0.0,1.0,3.0,0.0,0.0,31.0,30.0,1.875,8.0,8.0,16.0,0.0,0.0,0.0,0.0,0.0,2.0,0.0,26.0,2.0,7.0,12.0,3.0,0.0,3.0,8.0,2.0,0.0,0.0,0.0,0.0,12.0,5.0,2.0,3.0,4.0,0.0,3.0,0.0,2.0,2.0,87.0,47.0,1.0,0.0,0.0,2.0,1.0,1.0,2.0,0.0,0.0,52.0,39.0,0.0,0.0,1.0,0.0,0.0,0.0,0.0,29.0,0.0,0.0,7.0,1.0,0.0,1.0,0.0,0.040888648480176926,0.0,155.0258,22.335556030273438,7025.3701171875,0.0,0.0
386538,0.0,4.0,0.0,1.0,0.0,2.0,0.0,1.0,0.0,0.0,1.0,0.0,0.0,3.0,0.0,2.0,0.0,1.0,0.0,9.0,0.0,6.443106969197591,7.0,0.0,0.0,3.0,0.0,82.0,15.0,2.0,0.0,3875.7401123046875,589.0699920654297,12963.150390625,1817.6400146484375,14399.1591796875,92.0,117.0,9.0,7.0,5.0,2.0,0.0,0.0,0.0,0.0,0.0,0.0,0.0,0.0,0.0,0.0,0.0,0.0,3.0,0.0,0.0,48.0,1.0,4.0,13.0,11.0,7.0,8.0,38.0,2.0,1.0,1.0,1.0,0.0,33.0,26.0,22.0,28.0,24.0,0.0,4.0,0.0,18.0,3.0,396.0,161.0,16.0,23.0,57.0,60.0,111.0,29.0,140.0,0.0,0.0,174.0,157.0,0.0,0.0,50.0,24.0,1.0,16.0,66.0,107.0,82.0,0.0,352.0,145.0,0.0,0.0,4.0,1.119505263864994,1.0,313.2592666666667,32.57386779785156,33644.76171875,0.3159387782216072,1.0
388475,0.0,5.0,0.0,1.0,0.0,0.0,1.0,0.0,0.0,0.0,3.0,1.0,0.0,4.0,2.0,2.0,2.0,1.0,0.0,11.0,0.0,6.22947343190511,4.0,0.0,0.0,2.0,0.0,100.0,7.0,0.0,0.0,3893.35009765625,774.3900146484375,12374.650390625,1935.75,11427.2001953125,51.0,78.0,17.0,3.0,5.0,0.0,0.0,0.0,0.0,0.0,0.0,0.0,0.0,0.0,0.0,0.0,0.0,0.0,1.0,0.0,0.0,12.0,1.0,0.0,2.0,1.0,1.0,1.0,4.0,4.0,1.0,1.0,3.0,0.0,6.0,2.0,2.0,5.0,12.0,0.0,0.0,0.0,4.0,3.0,185.0,93.0,11.0,53.0,29.0,12.0,63.0,31.0,94.0,2.0,0.0,71.0,58.0,1.0,0.0,26.0,55.0,3.0,13.0,56.0,29.0,69.0,0.0,345.0,156.0,0.0,1.0,3.0,4.506830930709839,0.0,293.7564,34.049766540527344,30405.33984375,1.337745487689972,0.0
389437,1.0,1.0,0.0,0.0,0.0,0.0,0.0,0.0,0.0,0.0,1.0,0.0,0.0,1.0,0.0,1.0,0.0,0.0,0.0,4.0,0.0,6.444214979807536,3.0,0.0,0.0,7.0,2.0,80.0,18.0,1.0,0.0,4317.3099365234375,413.4299850463867,13103.030517578125,1631.1400146484375,11453.800048828125,40.0,63.0,13.0,3.0,1.0,1.0,0.0,0.0,0.0,0.0,0.0,0.0,0.0,0.0,0.0,0.0,0.0,0.0,0.0,0.0,0.0,40.0,4.0,3.0,9.0,6.0,1.0,2.0,26.0,9.0,7.0,3.0,4.0,1.0,22.0,13.0,7.0,14.0,34.0,3.0,2.0,1.0,21.0,3.0,167.0,81.0,4.0,11.0,30.0,16.0,3.0,54.0,57.0,0.0,0.0,73.0,54.0,0.0,0.0,26.0,23.0,0.0,1.0,47.0,32.0,48.0,0.0,384.0,118.0,0.0,1.0,1.0,0.2323157861828804,7.0,287.62228333333337,30.890525817871094,30918.7099609375,0.03483698144555092,0.0
389485,0.0,0.0,0.0,0.0,0.0,0.0,0.0,,0.0,0.0,0.0,0.0,0.0,0.0,0.0,0.0,0.0,0.0,0.0,0.0,0.0,0.7508803606033325,0.0,0.0,0.0,0.0,0.0,5.0,1.0,0.0,0.0,1320.739990234375,184.0900115966797,4156.310546875,534.1400146484375,3833.72998046875,47.0,49.0,1.0,1.0,1.0,0.0,,,0.0,0.0,0.0,0.0,0.0,0.0,0.0,0.0,0.0,0.0,0.0,0.0,0.0,19.0,0.0,0.0,14.0,13.0,13.0,14.0,17.0,0.0,0.0,0.0,0.0,0.0,5.0,4.0,4.0,5.0,13.0,0.0,0.0,0.0,12.0,1.0,190.0,55.0,2.0,3.0,4.0,11.0,7.0,11.0,18.0,0.0,0.0,94.0,89.0,0.0,0.0,10.0,4.0,1.0,2.0,19.0,65.0,21.0,0.0,113.0,37.0,0.0,0.0,0.0,0.037471551448106766,8.0,100.13338333333334,32.45518112182617,10029.009765625,0.0,0.0
389740,0.0,0.0,0.0,0.0,0.0,0.0,0.0,,0.0,0.0,0.0,0.0,0.0,0.0,0.0,0.0,0.0,0.0,0.0,0.0,0.0,0.0,0.0,0.0,0.0,0.0,0.0,0.0,0.0,0.0,0.0,0.0,0.0,0.0,0.0,0.0,0.0,0.0,0.0,0.0,0.0,0.0,,,0.0,0.0,0.0,0.0,0.0,0.0,0.0,0.0,0.0,0.0,0.0,0.0,0.0,0.0,0.0,0.0,0.0,0.0,0.0,0.0,0.0,0.0,0.0,0.0,0.0,0.0,0.0,0.0,0.0,0.0,0.0,0.0,0.0,0.0,0.0,0.0,0.0,0.0,0.0,0.0,0.0,0.0,0.0,0.0,0.0,0.0,0.0,0.0,0.0,0.0,0.0,0.0,0.0,0.0,0.0,0.0,0.0,0.0,0.0,0.0,0.0,0.0,0.0,0.0,0.0,0.0,0.0,0.0,0.0,0.0,0.0
389753,0.0,0.0,0.0,0.0,0.0,0.0,0.0,,0.0,0.0,0.0,0.0,0.0,0.0,0.0,0.0,0.0,0.0,0.0,0.0,0.0,0.0,0.0,0.0,0.0,0.0,0.0,0.0,0.0,0.0,0.0,0.0,0.0,0.0,0.0,0.0,0.0,0.0,0.0,0.0,0.0,0.0,,,0.0,0.0,0.0,0.0,0.0,0.0,0.0,0.0,0.0,0.0,0.0,0.0,0.0,0.0,0.0,0.0,0.0,0.0,0.0,0.0,0.0,0.0,0.0,0.0,0.0,0.0,0.0,0.0,0.0,0.0,0.0,0.0,0.0,0.0,0.0,0.0,0.0,0.0,0.0,0.0,0.0,0.0,0.0,0.0,0.0,0.0,0.0,0.0,0.0,0.0,0.0,0.0,0.0,0.0,0.0,0.0,0.0,0.0,0.0,0.0,0.0,0.0,0.0,0.0,0.0,0.0,0.0,0.0,0.0,0.0,0.0
389754,0.0,1.0,0.0,0.0,0.0,0.0,0.0,0.0,0.0,0.0,1.0,0.0,0.0,1.0,1.0,0.0,1.0,0.0,0.0,1.0,0.0,3.351445198059082,1.0,0.0,0.0,0.0,0.0,76.0,11.0,0.0,0.0,1894.2400512695312,176.3000030517578,5588.15966796875,850.8400268554688,4708.380126953125,8.0,12.0,9.0,1.0,1.0,0.0,0.0,0.0,0.0,0.0,0.0,0.0,0.0,0.0,1.0,0.0,1.0,0.0,0.0,0.0,0.0,8.0,2.0,0.0,2.0,1.0,0.0,0.0,4.0,3.0,1.0,0.0,1.0,0.0,3.0,2.0,1.0,1.0,8.0,1.0,0.0,0.0,4.0,2.0,29.0,17.0,1.0,33.0,9.0,1.0,38.0,5.0,43.0,0.0,0.0,11.0,7.0,0.0,0.0,2.0,10.0,0.0,6.0,7.0,2.0,13.0,0.0,160.0,61.0,0.0,2.0,1.0,6.927780389785767,0.0,119.51566666666665,31.3983211517334,13217.919921875,0.343406081199646,0.0
389782,0.0,0.0,0.0,0.0,0.0,0.0,0.0,0.0,0.0,0.0,0.0,0.0,0.0,0.0,0.0,0.0,0.0,0.0,0.0,0.0,0.0,3.3059582710266113,0.0,0.0,0.0,3.0,0.0,25.0,3.0,0.0,0.0,1722.4100952148438,406.47004318237305,4044.4300537109375,913.9900360107422,3929.929931640625,33.0,37.0,2.0,3.0,0.0,0.0,,,0.0,0.0,0.0,0.0,0.0,0.0,0.0,0.0,0.0,0.0,0.0,0.0,0.0,24.0,2.0,2.0,5.0,1.0,0.0,1.0,12.0,3.0,0.0,0.0,1.0,0.0,16.0,11.0,10.0,12.0,9.0,0.0,1.0,0.0,6.0,2.0,130.0,54.0,5.0,24.0,13.0,11.0,22.0,26.0,48.0,0.0,0.0,61.0,55.0,0.0,0.0,11.0,23.0,3.0,1.0,18.0,41.0,19.0,0.0,144.0,70.0,1.0,1.0,0.0,0.5117276683449745,7.0,100.64024999999998,30.849700927734375,11017.23046875,0.0,0.0
389784,0.0,0.0,0.0,0.0,0.0,0.0,0.0,0.0,0.0,0.0,0.0,0.0,0.0,0.0,0.0,0.0,0.0,0.0,0.0,6.0,0.0,6.099344491958618,6.0,0.0,0.0,4.0,0.0,40.0,14.0,2.0,0.0,3362.8900146484375,606.1399993896484,10647.119873046875,1648.800048828125,11203.8798828125,55.0,66.0,9.0,7.0,0.0,3.0,0.0,0.0,0.0,0.0,0.0,0.0,0.0,0.0,0.0,0.0,0.0,0.0,0.0,1.0,0.0,53.0,2.0,3.0,24.0,21.0,18.0,19.0,43.0,3.0,1.0,0.0,0.0,1.0,26.0,21.0,18.0,20.0,27.0,1.0,2.0,0.0,21.0,4.0,300.0,124.0,7.0,11.0,11.0,26.0,14.0,34.0,48.0,0.0,0.0,148.0,140.0,0.0,0.0,25.0,7.0,2.0,2.0,29.0,98.0,31.0,0.0,307.0,134.0,0.0,4.0,0.0,0.6808822937309742,24.0,270.5445833333333,32.206119537353516,27468.830078125,0.0,2.0
389867,4.0,41.0,0.0,4.0,5.0,0.0,1.0,1.0,1.0,4.0,27.0,2.0,1.0,27.0,17.0,14.0,23.0,14.0,6.0,74.0,12.0,5.208929717540741,40.0,11.0,5.0,10.0,1.0,166.0,15.0,3.0,0.0,6312.500244140625,1960.5999908447266,22441.070068359375,2811.740020751953,33200.6591796875,166.0,281.0,18.0,6.0,9.0,3.0,0.0,0.0,0.0,0.0,0.0,0.0,0.0,0.0,10.0,0.0,8.0,2.0,0.0,0.0,0.0,98.0,8.0,1.0,10.0,8.0,1.0,1.0,80.0,31.0,25.0,15.0,18.0,5.0,57.0,47.0,36.0,43.0,75.0,6.0,1.0,4.0,58.0,8.0,626.0,292.0,73.0,191.0,163.0,77.0,282.0,149.0,431.0,7.0,0.0,232.0,201.0,2.0,1.0,160.0,165.0,29.0,14.0,170.0,149.0,184.0,0.0,529.0,250.0,0.0,4.0,28.0,23.280168771743774,1.0,769.7895666666667,37.61482620239258,66726.5693359375,6.53784866631031,1.0
389876,1.0,4.0,0.0,0.0,0.0,0.0,1.0,1.0,0.0,0.0,2.0,0.0,0.0,3.0,1.0,0.0,2.0,1.0,1.0,4.0,4.0,5.946922659873962,4.0,4.0,0.0,0.0,0.0,73.0,32.0,5.0,0.0,7105.340087890625,1422.2399673461914,30935.58056640625,2889.7000122070312,31258.5185546875,167.0,194.0,17.0,7.0,4.0,5.0,0.0,0.0,0.0,0.0,0.0,0.0,0.0,0.0,0.0,0.0,0.0,0.0,2.0,0.0,0.0,157.0,3.0,23.0,91.0,80.0,59.0,65.0,136.0,6.0,4.0,0.0,0.0,3.0,60.0,52.0,29.0,31.0,71.0,2.0,19.0,2.0,57.0,8.0,977.0,359.0,34.0,3.0,7.0,104.0,57.0,57.0,114.0,0.0,0.0,443.0,409.0,0.0,0.0,61.0,6.0,0.0,14.0,78.0,360.0,92.0,0.0,598.0,228.0,1.0,1.0,2.0,0.8844916820526123,0.0,740.7061,35.3914794921875,73611.37890625,0.5444596130400896,0.0
389879,0.0,0.0,0.0,0.0,0.0,0.0,0.0,,0.0,0.0,0.0,0.0,0.0,0.0,0.0,0.0,0.0,0.0,0.0,0.0,0.0,1.9867929220199585,0.0,0.0,0.0,0.0,0.0,0.0,0.0,2.0,0.0,450.1700210571289,20.40000057220459,2742.010009765625,114.15000438690186,10055.400390625,6.0,11.0,0.0,0.0,0.0,4.0,0.0,0.0,34.0,32.0,1.75,9.0,8.0,14.0,0.0,0.0,0.0,0.0,0.0,2.0,0.0,26.0,0.0,5.0,16.0,9.0,7.0,11.0,11.0,0.0,0.0,0.0,0.0,0.0,10.0,2.0,0.0,5.0,8.0,0.0,2.0,0.0,1.0,3.0,199.0,96.0,7.0,0.0,0.0,8.0,6.0,2.0,8.0,0.0,0.0,104.0,91.0,0.0,0.0,4.0,1.0,0.0,1.0,2.0,77.0,3.0,0.0,42.0,13.0,0.0,0.0,0.0,0.12942704185843468,0.0,302.3719,27.839101791381836,13382.1298828125,0.0,0.0
389886,0.0,1.0,0.0,0.0,0.0,0.0,0.0,0.0,0.0,1.0,0.0,0.0,0.0,0.0,0.0,0.0,0.0,1.0,0.0,0.0,0.0,3.345516085624695,0.0,0.0,0.0,0.0,0.0,6.0,0.0,0.0,0.0,376.4100036621094,36.349998474121094,1381.7600708007812,139.4199981689453,1139.550048828125,6.0,7.0,0.0,0.0,0.0,0.0,0.0,0.0,0.0,0.0,0.0,0.0,0.0,0.0,0.0,0.0,0.0,0.0,0.0,0.0,0.0,4.0,0.0,0.0,1.0,1.0,1.0,1.0,3.0,0.0,0.0,0.0,0.0,0.0,3.0,2.0,2.0,3.0,3.0,0.0,0.0,0.0,3.0,2.0,21.0,9.0,1.0,4.0,2.0,1.0,0.0,7.0,7.0,0.0,0.0,8.0,7.0,0.0,0.0,2.0,2.0,0.0,2.0,5.0,1.0,7.0,0.0,37.0,11.0,2.0,0.0,0.0,0.07753554731607437,1.0,27.648616666666655,28.379287719726562,3073.489990234375,0.015661107376217842,0.0
389907,0.0,0.0,0.0,0.0,0.0,0.0,0.0,,0.0,0.0,0.0,0.0,0.0,0.0,0.0,0.0,0.0,0.0,0.0,0.0,2.0,4.647999445597331,0.0,2.0,0.0,1.0,0.0,33.0,12.0,1.0,0.0,2023.8900451660156,163.53999423980713,5919.5806884765625,848.9700012207031,4244.639831542969,22.0,29.0,5.0,2.0,2.0,1.0,0.0,0.0,0.0,0.0,0.0,0.0,0.0,0.0,0.0,0.0,0.0,0.0,0.0,0.0,0.0,27.0,2.0,2.0,9.0,6.0,4.0,5.0,15.0,3.0,1.0,0.0,1.0,0.0,15.0,8.0,6.0,11.0,19.0,1.0,1.0,0.0,11.0,2.0,133.0,56.0,3.0,1.0,6.0,20.0,23.0,4.0,27.0,0.0,0.0,61.0,52.0,0.0,0.0,8.0,1.0,0.0,1.0,29.0,33.0,30.0,0.0,168.0,60.0,1.0,0.0,0.0,0.3701251298189163,0.0,120.65668333333333,28.62163543701172,13200.6201171875,0.0,0.0
390181,0.0,1.0,0.0,1.0,0.0,0.0,0.0,0.0,0.0,0.0,1.0,0.0,0.0,0.0,0.0,0.0,0.0,1.0,0.0,2.0,1.0,7.041548252105713,2.0,1.0,0.0,0.0,0.0,98.0,22.0,4.0,0.0,5629.0899658203125,388.1899948120117,14996.93994140625,1605.8300170898438,9534.230224609375,58.0,75.0,27.0,3.0,0.0,4.0,0.0,0.0,0.0,0.0,0.0,0.0,0.0,0.0,0.0,0.0,0.0,0.0,0.0,0.0,0.0,31.0,0.0,2.0,13.0,8.0,8.0,11.0,22.0,0.0,0.0,0.0,0.0,0.0,18.0,14.0,14.0,16.0,18.0,0.0,0.0,0.0,11.0,3.0,309.0,125.0,9.0,0.0,49.0,45.0,69.0,25.0,94.0,0.0,0.0,143.0,120.0,0.0,0.0,47.0,8.0,0.0,5.0,42.0,99.0,47.0,0.0,472.0,112.0,0.0,1.0,2.0,0.17061324790120125,1.0,275.5247333333333,28.716005325317383,32154.2802734375,0.007474482525140047,0.0
390196,0.0,4.0,0.0,0.0,1.0,0.0,1.0,0.0,0.0,2.0,0.0,0.0,0.0,3.0,2.0,0.0,3.0,1.0,1.0,2.0,0.0,7.235505104064941,1.0,0.0,0.0,2.0,0.0,55.0,11.0,0.0,0.0,3571.369873046875,592.0599899291992,8361.379516601562,1541.2999877929688,6897.459716796875,52.0,73.0,9.0,4.0,1.0,0.0,0.0,0.0,0.0,0.0,0.0,0.0,0.0,0.0,0.0,0.0,0.0,0.0,1.0,0.0,0.0,20.0,2.0,0.0,4.0,3.0,2.0,2.0,13.0,3.0,1.0,0.0,0.0,1.0,13.0,9.0,8.0,10.0,16.0,1.0,0.0,0.0,9.0,3.0,205.0,78.0,7.0,32.0,55.0,23.0,59.0,51.0,110.0,0.0,0.0,93.0,78.0,0.0,0.0,50.0,22.0,3.0,8.0,45.0,48.0,53.0,0.0,334.0,110.0,1.0,2.0,1.0,2.386212408542633,2.0,173.98475000000002,31.683931350708008,20963.5703125,0.20633482187986374,1.0
390205,0.0,0.0,0.0,0.0,0.0,0.0,0.0,,0.0,0.0,0.0,0.0,0.0,0.0,0.0,0.0,0.0,0.0,0.0,0.0,0.0,0.0,0.0,0.0,0.0,0.0,0.0,0.0,0.0,0.0,0.0,0.0,0.0,0.0,0.0,0.0,0.0,0.0,0.0,0.0,0.0,0.0,,,0.0,0.0,0.0,0.0,0.0,0.0,0.0,0.0,0.0,0.0,0.0,0.0,0.0,0.0,0.0,0.0,0.0,0.0,0.0,0.0,0.0,0.0,0.0,0.0,0.0,0.0,0.0,0.0,0.0,0.0,0.0,0.0,0.0,0.0,0.0,0.0,0.0,0.0,0.0,0.0,0.0,0.0,0.0,0.0,0.0,0.0,0.0,0.0,0.0,0.0,0.0,0.0,0.0,0.0,0.0,0.0,0.0,0.0,0.0,0.0,0.0,0.0,0.0,0.0,0.0,0.0,0.0,0.0,0.0,0.0,0.0
390209,0.0,4.0,0.0,0.0,1.0,0.0,0.0,0.0,0.0,0.0,2.0,0.0,0.0,2.0,1.0,2.0,2.0,2.0,1.0,4.0,2.0,7.243927160898845,3.0,2.0,0.0,7.0,0.0,104.0,7.0,2.0,0.0,4255.010009765625,408.64999771118164,13253.9697265625,1590.3599243164062,7898.530029296875,47.0,69.0,10.0,2.0,2.0,2.0,0.0,0.0,0.0,0.0,0.0,0.0,0.0,0.0,0.0,0.0,0.0,0.0,0.0,0.0,0.0,30.0,3.0,2.0,6.0,1.0,0.0,1.0,9.0,6.0,1.0,0.0,2.0,1.0,18.0,7.0,6.0,12.0,17.0,1.0,0.0,0.0,4.0,3.0,196.0,97.0,10.0,39.0,77.0,23.0,65.0,74.0,139.0,0.0,0.0,76.0,58.0,0.0,0.0,52.0,54.0,1.0,7.0,56.0,38.0,63.0,0.0,381.0,118.0,0.0,3.0,3.0,2.4625755548477173,1.0,227.70136666666667,31.467195510864258,27406.51904296875,0.22281081974506378,1.0
390218,0.0,0.0,0.0,0.0,0.0,0.0,0.0,,0.0,0.0,0.0,0.0,0.0,0.0,0.0,0.0,0.0,0.0,0.0,0.0,0.0,0.0,0.0,0.0,0.0,0.0,0.0,0.0,0.0,0.0,0.0,0.0,0.0,0.0,0.0,0.0,0.0,0.0,0.0,0.0,0.0,0.0,0.0,0.0,0.0,0.0,0.0,0.0,0.0,0.0,0.0,0.0,0.0,0.0,0.0,0.0,0.0,0.0,0.0,0.0,0.0,0.0,0.0,0.0,0.0,0.0,0.0,0.0,0.0,0.0,0.0,0.0,0.0,0.0,0.0,0.0,0.0,0.0,0.0,0.0,0.0,0.0,0.0,0.0,0.0,0.0,0.0,0.0,0.0,0.0,0.0,0.0,0.0,0.0,0.0,0.0,0.0,0.0,0.0,0.0,0.0,0.0,0.0,0.0,0.0,0.0,0.0,0.0,0.0,0.0,0.0,0.0,0.0,0.0,0.0
390238,0.0,0.0,0.0,0.0,0.0,0.0,0.0,0.0,0.0,0.0,0.0,0.0,0.0,0.0,0.0,0.0,0.0,0.0,0.0,4.0,1.0,5.067898941040039,2.0,1.0,0.0,0.0,0.0,65.0,21.0,14.0,0.0,6862.1195068359375,569.7200012207031,17960.429931640625,2410.3500061035156,14036.14990234375,75.0,90.0,30.0,5.0,6.0,14.0,0.0,0.0,0.0,0.0,0.0,0.0,0.0,0.0,0.0,0.0,0.0,0.0,0.0,0.0,0.0,76.0,4.0,4.0,32.0,26.0,20.0,24.0,60.0,6.0,4.0,0.0,0.0,2.0,38.0,30.0,23.0,28.0,29.0,3.0,3.0,1.0,21.0,4.0,482.0,190.0,10.0,1.0,33.0,166.0,147.0,53.0,200.0,0.0,0.0,231.0,211.0,0.0,0.0,86.0,10.0,0.0,6.0,61.0,158.0,67.0,0.0,566.0,175.0,0.0,1.0,0.0,0.1683664359152317,3.0,397.65656666666666,32.20063018798828,41838.76953125,0.0,1.0
390259,0.0,5.0,0.0,1.0,0.0,2.0,1.0,1.0,0.0,0.0,1.0,0.0,0.0,4.0,0.0,3.0,1.0,1.0,1.0,12.0,4.0,6.857326698303223,8.0,3.0,0.0,11.0,3.0,102.0,21.0,0.0,0.0,9515.77978515625,1277.309959411621,23330.849853515625,3164.2501831054688,20285.4091796875,120.0,165.0,22.0,8.0,2.0,0.0,0.0,0.0,0.0,0.0,0.0,0.0,0.0,0.0,0.0,0.0,0.0,0.0,2.0,0.0,0.0,112.0,17.0,5.0,27.0,19.0,5.0,5.0,77.0,27.0,20.0,6.0,6.0,4.0,58.0,38.0,21.0,32.0,60.0,11.0,3.0,3.0,39.0,5.0,497.0,212.0,18.0,94.0,125.0,41.0,139.0,121.0,260.0,0.0,0.0,220.0,173.0,0.0,0.0,82.0,84.0,14.0,11.0,127.0,111.0,138.0,0.0,771.0,236.0,0.0,3.0,6.0,2.658833771944046,5.0,504.27435,32.35579299926758,57573.6005859375,0.6021285653114319,1.0
390267,1.0,4.0,0.0,0.0,0.0,0.0,0.0,0.0,0.0,1.0,3.0,0.0,0.0,2.0,2.0,2.0,2.0,2.0,0.0,29.0,0.0,5.6218517303466795,17.0,0.0,1.0,6.0,1.0,73.0,9.0,1.0,0.0,4305.899963378906,653.4500045776367,12926.38037109375,1735.7699890136719,9815.340209960938,65.0,102.0,8.0,1.0,6.0,1.0,0.0,0.0,0.0,0.0,0.0,0.0,0.0,0.0,0.0,0.0,0.0,0.0,0.0,0.0,0.0,27.0,1.0,0.0,3.0,3.0,2.0,2.0,20.0,7.0,5.0,4.0,6.0,0.0,17.0,12.0,11.0,16.0,20.0,1.0,0.0,0.0,14.0,4.0,211.0,106.0,8.0,57.0,90.0,30.0,80.0,97.0,177.0,2.0,0.0,81.0,71.0,0.0,0.0,69.0,47.0,4.0,3.0,63.0,50.0,66.0,0.0,380.0,137.0,1.0,3.0,8.0,4.498080134391785,2.0,253.85453333333334,33.68620681762695,29436.84033203125,0.42322737351059914,0.0
390272,0.0,3.0,0.0,0.0,0.0,2.0,0.0,0.0,0.0,1.0,0.0,0.0,0.0,3.0,2.0,1.0,2.0,0.0,0.0,0.0,1.0,2.428323745727539,0.0,1.0,0.0,2.0,0.0,31.0,6.0,0.0,0.0,1613.3099670410156,290.9299945831299,6283.0499267578125,574.1600036621094,4083.0900268554688,14.0,26.0,5.0,2.0,0.0,1.0,,,0.0,0.0,0.0,0.0,0.0,0.0,1.0,0.0,1.0,0.0,1.0,1.0,0.0,19.0,1.0,3.0,8.0,5.0,4.0,4.0,9.0,2.0,0.0,0.0,1.0,0.0,9.0,4.0,3.0,5.0,8.0,0.0,1.0,0.0,4.0,2.0,108.0,45.0,5.0,3.0,5.0,10.0,3.0,15.0,18.0,0.0,0.0,50.0,38.0,0.0,0.0,10.0,5.0,2.0,1.0,10.0,33.0,11.0,0.0,145.0,44.0,1.0,0.0,0.0,0.13981543481349945,10.0,123.08418333333333,31.87298583984375,12844.53955078125,0.2703617215156555,0.0
390276,0.0,0.0,0.0,0.0,0.0,0.0,0.0,,0.0,0.0,0.0,0.0,0.0,0.0,0.0,0.0,0.0,0.0,0.0,0.0,0.0,2.7185998916625977,0.0,0.0,0.0,0.0,0.0,0.0,0.0,0.0,0.0,69.76000356674194,75.9099988937378,227.92001342773438,36.130001068115234,139.60000610351562,1.0,1.0,0.0,0.0,0.0,0.0,,,0.0,0.0,0.0,0.0,0.0,0.0,0.0,0.0,0.0,0.0,0.0,0.0,0.0,0.0,0.0,0.0,0.0,0.0,0.0,0.0,0.0,0.0,0.0,0.0,0.0,0.0,0.0,0.0,0.0,0.0,0.0,0.0,0.0,0.0,0.0,2.0,2.0,1.0,0.0,2.0,0.0,0.0,1.0,1.0,2.0,1.0,0.0,1.0,1.0,0.0,0.0,0.0,1.0,0.0,0.0,0.0,1.0,0.0,0.0,7.0,4.0,2.0,0.0,0.0,3.103828012943268,0.0,4.858050000000006,31.19637107849121,549.3199920654297,0.0,0.0
390278,0.0,1.0,0.0,1.0,0.0,0.0,0.0,,0.0,0.0,1.0,0.0,0.0,1.0,0.0,0.0,0.0,0.0,0.0,1.0,0.0,1.6210340499877929,1.0,0.0,0.0,1.0,0.0,16.0,2.0,0.0,0.0,654.8699951171875,50.3599967956543,1416.1600341796875,287.5899963378906,655.7300415039062,1.0,5.0,1.0,1.0,0.0,0.0,,,0.0,0.0,0.0,0.0,0.0,0.0,0.0,0.0,0.0,0.0,0.0,0.0,0.0,4.0,0.0,0.0,0.0,0.0,0.0,0.0,3.0,1.0,0.0,0.0,1.0,0.0,3.0,3.0,3.0,3.0,1.0,0.0,0.0,0.0,0.0,1.0,19.0,9.0,1.0,3.0,6.0,2.0,7.0,4.0,11.0,0.0,0.0,7.0,6.0,0.0,0.0,4.0,2.0,0.0,0.0,4.0,6.0,4.0,0.0,53.0,20.0,1.0,0.0,0.0,0.4113641679286957,0.0,22.707716666666656,27.87467384338379,3064.710205078125,0.004065040498971939,0.0
390475,0.0,0.0,0.0,0.0,0.0,0.0,0.0,0.0,0.0,0.0,0.0,0.0,0.0,0.0,0.0,0.0,0.0,0.0,0.0,1.0,5.0,6.601791540781657,1.0,4.0,0.0,0.0,0.0,72.0,13.0,0.0,1.0,5109.4395751953125,293.9199905395508,11361.92041015625,1590.2099914550781,9796.7099609375,61.0,74.0,7.0,5.0,1.0,0.0,0.0,0.0,0.0,0.0,0.0,0.0,0.0,0.0,0.0,0.0,0.0,0.0,0.0,0.0,0.0,33.0,1.0,2.0,15.0,12.0,10.0,12.0,24.0,1.0,0.0,0.0,0.0,0.0,17.0,12.0,10.0,14.0,22.0,0.0,2.0,0.0,18.0,3.0,288.0,121.0,7.0,3.0,48.0,64.0,85.0,30.0,115.0,0.0,0.0,129.0,109.0,0.0,0.0,44.0,11.0,0.0,3.0,44.0,91.0,47.0,1.0,463.0,119.0,0.0,0.0,0.0,0.23620466142892838,0.0,252.61666666666667,31.218034744262695,28152.2001953125,0.0,0.0
390525,0.0,2.0,0.0,0.0,0.0,0.0,1.0,0.0,0.0,0.0,0.0,0.0,1.0,2.0,1.0,1.0,1.0,0.0,0.0,0.0,1.0,4.628820260365804,0.0,0.0,0.0,1.0,0.0,46.0,6.0,0.0,0.0,2327.6500244140625,285.4800033569336,5971.679931640625,1058.1799926757812,4899.7099609375,34.0,47.0,10.0,1.0,4.0,0.0,0.0,0.0,0.0,0.0,0.0,0.0,0.0,0.0,0.0,0.0,0.0,0.0,1.0,0.0,0.0,10.0,1.0,0.0,1.0,1.0,0.0,0.0,7.0,2.0,2.0,1.0,1.0,0.0,7.0,4.0,3.0,6.0,8.0,1.0,0.0,0.0,7.0,2.0,137.0,54.0,8.0,18.0,38.0,10.0,43.0,23.0,66.0,1.0,0.0,59.0,46.0,0.0,0.0,30.0,28.0,4.0,4.0,36.0,30.0,40.0,0.0,205.0,85.0,0.0,2.0,0.0,2.8004369735717773,0.0,125.75956666666667,29.366069793701172,14542.69970703125,0.14481022953987122,0.0
390534,0.0,1.0,0.0,0.0,0.0,0.0,0.0,0.0,0.0,0.0,1.0,0.0,0.0,1.0,1.0,0.0,1.0,0.0,0.0,2.0,3.0,3.939448515574137,2.0,2.0,0.0,0.0,0.0,17.0,5.0,0.0,0.0,1384.1099853515625,79.56000137329102,6383.27001953125,383.57000732421875,6518.6904296875,12.0,16.0,2.0,1.0,0.0,0.0,,,0.0,0.0,0.0,0.0,0.0,0.0,0.0,0.0,0.0,0.0,0.0,0.0,0.0,13.0,0.0,3.0,7.0,6.0,4.0,4.0,11.0,0.0,0.0,0.0,0.0,0.0,6.0,5.0,3.0,3.0,10.0,0.0,2.0,0.0,8.0,2.0,75.0,29.0,2.0,0.0,0.0,4.0,1.0,3.0,4.0,0.0,0.0,34.0,33.0,0.0,0.0,1.0,2.0,0.0,1.0,7.0,28.0,8.0,0.0,123.0,27.0,0.0,1.0,0.0,0.15628735721111298,0.0,154.11788333333334,28.07319450378418,14749.19970703125,0.015023822896182537,1.0
390535,0.0,0.0,0.0,0.0,0.0,0.0,0.0,,0.0,0.0,0.0,0.0,0.0,0.0,0.0,0.0,0.0,0.0,0.0,0.0,0.0,2.341948986053467,0.0,0.0,0.0,2.0,0.0,13.0,1.0,0.0,0.0,698.97998046875,13.729999542236328,1237.800048828125,256.5899963378906,1254.56005859375,13.0,18.0,1.0,0.0,0.0,0.0,,,0.0,0.0,0.0,0.0,0.0,0.0,0.0,0.0,0.0,0.0,0.0,0.0,0.0,7.0,0.0,0.0,0.0,0.0,0.0,0.0,4.0,1.0,1.0,1.0,1.0,0.0,6.0,3.0,3.0,6.0,7.0,0.0,0.0,0.0,4.0,1.0,45.0,14.0,1.0,5.0,6.0,4.0,6.0,9.0,15.0,0.0,0.0,20.0,17.0,0.0,0.0,7.0,6.0,1.0,1.0,10.0,11.0,11.0,0.0,65.0,18.0,1.0,0.0,0.0,0.33107268810272217,0.0,29.616699999999994,27.631359100341797,3461.66015625,0.0,0.0
390537,0.0,1.0,0.0,0.0,1.0,0.0,0.0,0.0,0.0,0.0,0.0,0.0,0.0,1.0,1.0,0.0,1.0,0.0,0.0,11.0,0.0,6.702778498331706,8.0,0.0,0.0,4.0,0.0,62.0,22.0,0.0,0.0,3581.7698974609375,641.829963684082,10445.849853515625,1958.9500732421875,9372.220092773438,29.0,46.0,23.0,1.0,1.0,0.0,0.0,0.0,0.0,0.0,0.0,0.0,0.0,0.0,0.0,0.0,0.0,0.0,0.0,0.0,0.0,39.0,3.0,5.0,14.0,7.0,4.0,6.0,22.0,4.0,3.0,1.0,1.0,0.0,21.0,12.0,9.0,13.0,16.0,2.0,1.0,0.0,7.0,3.0,174.0,84.0,7.0,31.0,18.0,8.0,20.0,37.0,57.0,2.0,0.0,80.0,66.0,0.0,0.0,12.0,12.0,4.0,2.0,24.0,50.0,26.0,0.0,299.0,142.0,1.0,0.0,6.0,0.5106022581458092,20.0,235.64893333333333,30.743518829345703,26000.62060546875,0.0551643930375576,0.0
390541,0.0,0.0,0.0,0.0,0.0,0.0,0.0,0.0,0.0,0.0,0.0,0.0,0.0,0.0,0.0,0.0,0.0,0.0,0.0,2.0,0.0,4.148563504219055,2.0,0.0,0.0,1.0,0.0,11.0,4.0,2.0,0.0,2265.35986328125,153.76000595092773,11410.8408203125,638.0099639892578,10289.010498046875,33.0,38.0,3.0,2.0,1.0,3.0,0.0,0.0,0.0,0.0,0.0,0.0,0.0,15.0,0.0,0.0,0.0,0.0,0.0,1.0,0.0,26.0,1.0,3.0,9.0,6.0,4.0,5.0,19.0,1.0,0.0,0.0,0.0,0.0,16.0,13.0,11.0,12.0,14.0,0.0,2.0,0.0,8.0,3.0,245.0,95.0,6.0,1.0,2.0,25.0,17.0,11.0,28.0,0.0,0.0,127.0,122.0,0.0,0.0,14.0,0.0,1.0,1.0,19.0,90.0,20.0,0.0,189.0,56.0,1.0,0.0,0.0,0.1541088130325079,0.0,267.5332333333333,30.788318634033203,24756.97998046875,0.0,1.0
390650,0.0,0.0,0.0,0.0,0.0,0.0,0.0,,0.0,0.0,0.0,0.0,0.0,0.0,0.0,0.0,0.0,0.0,0.0,0.0,0.0,3.1183305581410727,0.0,0.0,0.0,0.0,0.0,0.0,0.0,1.0,0.0,182.22999954223633,0.0,2110.239990234375,19.77999973297119,13299.4501953125,5.0,12.0,0.0,0.0,0.0,2.0,1.0,0.0,81.0,72.0,1.6969697177410126,21.0,20.0,17.0,0.0,0.0,0.0,0.0,0.0,1.0,0.0,72.0,0.0,23.0,36.0,10.0,5.0,13.0,20.0,1.0,0.0,0.0,0.0,1.0,35.0,10.0,5.0,11.0,14.0,0.0,5.0,0.0,4.0,3.0,160.0,98.0,7.0,0.0,0.0,9.0,3.0,6.0,9.0,0.0,0.0,89.0,48.0,0.0,0.0,4.0,0.0,0.0,0.0,3.0,50.0,3.0,0.0,15.0,1.0,0.0,0.0,0.0,0.05169476941227913,0.0,300.2891666666667,24.64376449584961,15611.69970703125,0.0,0.0
390670,0.0,9.0,0.0,2.0,0.0,0.0,3.0,0.0,0.0,1.0,4.0,0.0,1.0,9.0,4.0,2.0,4.0,0.0,0.0,2.0,0.0,4.498317718505859,2.0,0.0,0.0,0.0,0.0,76.0,6.0,0.0,0.0,2334.570083618164,565.1600112915039,7854.6800537109375,1156.8799896240234,8703.7802734375,18.0,30.0,8.0,5.0,1.0,0.0,0.0,0.0,0.0,0.0,0.0,0.0,0.0,0.0,2.0,0.0,2.0,0.0,3.0,0.0,0.0,1.0,0.0,0.0,0.0,0.0,0.0,0.0,0.0,1.0,0.0,0.0,1.0,0.0,0.0,0.0,0.0,0.0,1.0,0.0,0.0,0.0,0.0,4.0,74.0,41.0,13.0,44.0,21.0,11.0,48.0,28.0,76.0,3.0,0.0,23.0,20.0,0.0,0.0,8.0,29.0,1.0,8.0,26.0,5.0,34.0,0.0,216.0,96.0,2.0,1.0,1.0,14.041367292404175,0.0,224.30125,31.79007339477539,20615.069580078125,1.2687686532735825,2.0
391297,0.0,0.0,0.0,0.0,0.0,0.0,0.0,,0.0,0.0,0.0,0.0,0.0,0.0,0.0,0.0,0.0,0.0,0.0,0.0,0.0,0.0,0.0,0.0,0.0,0.0,0.0,0.0,0.0,0.0,0.0,0.0,0.0,0.0,0.0,0.0,0.0,0.0,0.0,0.0,0.0,0.0,,,0.0,0.0,0.0,0.0,0.0,0.0,0.0,0.0,0.0,0.0,0.0,0.0,0.0,0.0,0.0,0.0,0.0,0.0,0.0,0.0,0.0,0.0,0.0,0.0,0.0,0.0,0.0,0.0,0.0,0.0,0.0,0.0,0.0,0.0,0.0,0.0,0.0,0.0,0.0,0.0,0.0,0.0,0.0,0.0,0.0,0.0,0.0,0.0,0.0,0.0,0.0,0.0,0.0,0.0,0.0,0.0,0.0,0.0,0.0,0.0,0.0,0.0,0.0,0.0,0.0,0.0,0.0,0.0,0.0,0.0,0.0
391646,1.0,1.0,0.0,1.0,0.0,0.0,0.0,0.0,0.0,0.0,1.0,0.0,0.0,0.0,0.0,0.0,0.0,1.0,0.0,4.0,0.0,6.633782505989075,2.0,0.0,1.0,5.0,0.0,114.0,19.0,1.0,0.0,4344.1697998046875,645.8999938964844,13701.580322265625,2075.0199584960938,11809.62060546875,55.0,76.0,9.0,6.0,5.0,1.0,0.0,0.0,0.0,0.0,0.0,0.0,0.0,0.0,0.0,0.0,0.0,0.0,0.0,0.0,0.0,28.0,2.0,0.0,4.0,2.0,1.0,2.0,17.0,5.0,4.0,3.0,3.0,0.0,19.0,11.0,10.0,17.0,20.0,1.0,0.0,0.0,9.0,4.0,222.0,105.0,7.0,42.0,41.0,14.0,45.0,52.0,97.0,0.0,0.0,105.0,89.0,0.0,0.0,23.0,44.0,2.0,7.0,58.0,35.0,65.0,0.0,346.0,152.0,0.0,4.0,1.0,1.9646062552928925,21.0,295.09656666666666,31.337574005126953,32576.2900390625,0.019831858575344086,0.0
393480,2.0,10.0,0.0,2.0,0.0,1.0,2.0,0.0,0.0,1.0,4.0,1.0,0.0,8.0,5.0,3.0,5.0,2.0,0.0,5.0,0.0,5.560094912846883,3.0,0.0,0.0,1.0,0.0,177.0,25.0,0.0,0.0,5453.5201416015625,1232.7999725341797,17047.939697265625,2580.909942626953,23169.099609375,44.0,69.0,40.0,9.0,11.0,0.0,0.0,0.0,0.0,0.0,0.0,0.0,0.0,0.0,2.0,0.0,2.0,0.0,2.0,0.0,1.0,19.0,3.0,0.0,3.0,1.0,0.0,0.0,11.0,8.0,5.0,4.0,5.0,0.0,8.0,5.0,4.0,5.0,17.0,1.0,0.0,0.0,10.0,6.0,199.0,115.0,23.0,101.0,51.0,1.0,131.0,22.0,153.0,4.0,0.0,72.0,56.0,1.0,1.0,28.0,83.0,10.0,36.0,52.0,16.0,88.0,1.0,468.0,235.0,0.0,4.0,2.0,22.065067052841187,0.0,531.4961666666667,34.748680114746094,49484.2705078125,2.575165882706642,2.0
394376,0.0,0.0,0.0,0.0,0.0,0.0,0.0,0.0,0.0,0.0,0.0,0.0,0.0,0.0,0.0,0.0,0.0,0.0,0.0,1.0,0.0,1.2190876007080078,0.0,0.0,0.0,2.0,0.0,21.0,2.0,0.0,0.0,1347.4100341796875,277.2999572753906,3423.9501953125,698.7000122070312,4321.72998046875,11.0,14.0,4.0,1.0,2.0,0.0,,,0.0,0.0,0.0,0.0,0.0,0.0,0.0,0.0,0.0,0.0,0.0,0.0,0.0,5.0,0.0,0.0,2.0,2.0,2.0,2.0,4.0,1.0,1.0,1.0,1.0,0.0,2.0,1.0,1.0,2.0,2.0,0.0,0.0,0.0,2.0,1.0,52.0,21.0,5.0,16.0,17.0,3.0,7.0,29.0,36.0,0.0,0.0,23.0,22.0,0.0,0.0,9.0,9.0,1.0,2.0,5.0,18.0,7.0,0.0,117.0,56.0,0.0,0.0,0.0,0.3952467441558838,1.0,99.07828333333333,33.98242950439453,10069.08984375,0.0,0.0
394456,0.0,1.0,0.0,0.0,0.0,1.0,0.0,0.0,0.0,0.0,0.0,0.0,0.0,1.0,0.0,1.0,0.0,0.0,0.0,0.0,0.0,3.793992042541504,0.0,0.0,0.0,0.0,0.0,24.0,5.0,0.0,0.0,1288.1900024414062,83.92999649047852,4586.590087890625,526.1399917602539,3422.6600646972656,12.0,14.0,1.0,4.0,0.0,0.0,0.0,0.0,0.0,0.0,0.0,0.0,0.0,0.0,0.0,0.0,0.0,0.0,1.0,0.0,0.0,6.0,0.0,0.0,3.0,3.0,3.0,3.0,6.0,0.0,0.0,0.0,0.0,0.0,3.0,3.0,3.0,3.0,1.0,0.0,0.0,0.0,1.0,3.0,93.0,31.0,4.0,0.0,12.0,22.0,29.0,5.0,34.0,0.0,0.0,43.0,42.0,0.0,0.0,15.0,1.0,0.0,3.0,8.0,33.0,11.0,0.0,117.0,36.0,3.0,0.0,0.0,0.18140260502696037,0.0,95.14646666666667,28.102602005004883,9907.51025390625,0.0201497171074152,1.0
394500,0.0,3.0,0.0,0.0,0.0,0.0,1.0,0.0,0.0,0.0,2.0,0.0,0.0,1.0,1.0,1.0,2.0,2.0,1.0,1.0,1.0,4.698279285430909,0.0,1.0,0.0,12.0,2.0,45.0,3.0,4.0,0.0,5426.4898681640625,1101.8700103759766,14825.899658203125,2520.3101196289062,19421.8212890625,73.0,108.0,11.0,1.0,7.0,5.0,0.0,0.0,0.0,0.0,0.0,0.0,0.0,0.0,0.0,0.0,0.0,0.0,1.0,1.0,0.0,80.0,6.0,13.0,34.0,19.0,10.0,15.0,47.0,8.0,3.0,0.0,1.0,1.0,38.0,25.0,15.0,18.0,51.0,2.0,7.0,1.0,28.0,4.0,435.0,186.0,18.0,32.0,75.0,64.0,17.0,154.0,171.0,1.0,0.0,202.0,161.0,0.0,0.0,56.0,26.0,4.0,5.0,79.0,109.0,84.0,0.0,474.0,198.0,0.0,0.0,0.0,0.40974562987685204,25.0,442.13250000000005,33.790584564208984,43296.388671875,0.127188709564507,1.0
394824,0.0,0.0,0.0,0.0,0.0,0.0,0.0,,0.0,0.0,0.0,0.0,0.0,0.0,0.0,0.0,0.0,0.0,0.0,0.0,0.0,0.0,0.0,0.0,0.0,0.0,0.0,0.0,0.0,0.0,0.0,0.0,0.0,0.0,0.0,0.0,0.0,0.0,0.0,0.0,0.0,0.0,,,0.0,0.0,0.0,0.0,0.0,0.0,0.0,0.0,0.0,0.0,0.0,0.0,0.0,0.0,0.0,0.0,0.0,0.0,0.0,0.0,0.0,0.0,0.0,0.0,0.0,0.0,0.0,0.0,0.0,0.0,0.0,0.0,0.0,0.0,0.0,0.0,0.0,0.0,0.0,0.0,0.0,0.0,0.0,0.0,0.0,0.0,0.0,0.0,0.0,0.0,0.0,0.0,0.0,0.0,0.0,0.0,0.0,0.0,0.0,0.0,0.0,0.0,0.0,0.0,0.0,0.0,0.0,0.0,0.0,0.0,0.0
394829,0.0,0.0,0.0,0.0,0.0,0.0,0.0,0.0,0.0,0.0,0.0,0.0,0.0,0.0,0.0,0.0,0.0,0.0,0.0,0.0,0.0,1.5460119247436523,0.0,0.0,0.0,0.0,0.0,0.0,0.0,0.0,0.0,15.260000228881836,0.0,22.19000244140625,24.34000015258789,28.25,0.0,0.0,0.0,0.0,0.0,0.0,,,0.0,0.0,0.0,0.0,0.0,0.0,0.0,0.0,0.0,0.0,0.0,0.0,0.0,0.0,0.0,0.0,0.0,0.0,0.0,0.0,0.0,0.0,0.0,0.0,0.0,0.0,0.0,0.0,0.0,0.0,0.0,0.0,0.0,0.0,0.0,1.0,0.0,0.0,0.0,0.0,0.0,0.0,0.0,0.0,0.0,0.0,0.0,0.0,0.0,0.0,0.0,0.0,0.0,0.0,0.0,0.0,0.0,0.0,0.0,2.0,1.0,1.0,0.0,0.0,0.026099475100636482,0.0,0.6844166666666638,21.55852699279785,90.04000091552734,0.0,0.0
394993,0.0,1.0,0.0,0.0,0.0,0.0,0.0,1.0,1.0,0.0,0.0,0.0,0.0,0.0,0.0,0.0,1.0,1.0,1.0,2.0,0.0,1.6337758700052898,1.0,0.0,0.0,0.0,0.0,6.0,0.0,1.0,0.0,308.04998779296875,50.790000915527344,929.3400268554688,65.59000396728516,1243.3199462890625,1.0,4.0,1.0,0.0,1.0,1.0,,,0.0,0.0,0.0,0.0,0.0,0.0,0.0,0.0,0.0,0.0,0.0,0.0,0.0,1.0,0.0,0.0,0.0,0.0,0.0,0.0,0.0,0.0,0.0,0.0,0.0,0.0,1.0,0.0,0.0,1.0,1.0,0.0,0.0,0.0,0.0,1.0,8.0,6.0,1.0,0.0,0.0,0.0,0.0,0.0,0.0,0.0,0.0,3.0,1.0,0.0,0.0,0.0,2.0,0.0,0.0,4.0,0.0,4.0,0.0,27.0,8.0,1.0,0.0,1.0,1.5413049459457397,0.0,31.777383333333333,27.746627807617188,2597.08984375,0.1194424256682396,1.0
395050,0.0,5.0,0.0,0.0,0.0,0.0,0.0,0.0,0.0,2.0,3.0,0.0,0.0,1.0,0.0,4.0,1.0,4.0,1.0,6.0,1.0,5.957260727882385,2.0,1.0,2.0,8.0,4.0,67.0,14.0,7.0,0.0,5003.780029296875,460.01000595092773,15579.39013671875,2186.8499755859375,14634.74951171875,59.0,82.0,12.0,4.0,6.0,8.0,0.0,0.0,0.0,0.0,0.0,0.0,0.0,0.0,0.0,0.0,0.0,0.0,0.0,1.0,0.0,68.0,6.0,7.0,16.0,9.0,2.0,3.0,38.0,9.0,3.0,0.0,1.0,2.0,43.0,26.0,18.0,28.0,40.0,2.0,5.0,1.0,21.0,4.0,308.0,156.0,16.0,27.0,48.0,21.0,19.0,77.0,96.0,2.0,0.0,139.0,115.0,0.0,0.0,27.0,26.0,2.0,4.0,50.0,85.0,54.0,0.0,442.0,154.0,0.0,1.0,1.0,0.5163368284702301,16.0,381.26880000000006,31.029407501220703,37864.78125,0.1211363235488534,1.0
395059,0.0,0.0,0.0,0.0,0.0,0.0,0.0,,0.0,0.0,0.0,0.0,0.0,0.0,0.0,0.0,0.0,0.0,0.0,0.0,0.0,0.0,0.0,0.0,0.0,0.0,0.0,0.0,0.0,0.0,0.0,0.0,0.0,0.0,0.0,0.0,0.0,0.0,0.0,0.0,0.0,0.0,,,0.0,0.0,0.0,0.0,0.0,0.0,0.0,0.0,0.0,0.0,0.0,0.0,0.0,0.0,0.0,0.0,0.0,0.0,0.0,0.0,0.0,0.0,0.0,0.0,0.0,0.0,0.0,0.0,0.0,0.0,0.0,0.0,0.0,0.0,0.0,0.0,0.0,0.0,0.0,0.0,0.0,0.0,0.0,0.0,0.0,0.0,0.0,0.0,0.0,0.0,0.0,0.0,0.0,0.0,0.0,0.0,0.0,0.0,0.0,0.0,0.0,0.0,0.0,0.0,0.0,0.0,0.0,0.0,0.0,0.0,0.0
395083,0.0,1.0,0.0,0.0,0.0,0.0,0.0,0.0,0.0,0.0,1.0,0.0,0.0,0.0,0.0,1.0,0.0,1.0,0.0,7.0,1.0,6.271720250447591,3.0,1.0,0.0,1.0,0.0,25.0,3.0,0.0,0.0,1647.030029296875,288.79998779296875,5323.4400634765625,742.7899780273438,4923.5699462890625,31.0,44.0,3.0,1.0,2.0,0.0,0.0,0.0,0.0,0.0,0.0,0.0,0.0,0.0,0.0,0.0,0.0,0.0,0.0,0.0,0.0,10.0,0.0,0.0,0.0,0.0,0.0,0.0,7.0,3.0,3.0,3.0,3.0,0.0,7.0,4.0,4.0,7.0,6.0,0.0,0.0,0.0,4.0,3.0,105.0,44.0,7.0,15.0,28.0,14.0,28.0,29.0,57.0,0.0,0.0,47.0,40.0,0.0,0.0,27.0,18.0,1.0,1.0,28.0,26.0,29.0,0.0,144.0,62.0,2.0,1.0,2.0,2.437230348587036,1.0,123.23641666666668,30.05178451538086,12925.6298828125,0.01082488801330328,0.0
395084,1.0,4.0,0.0,1.0,0.0,0.0,0.0,0.0,0.0,1.0,3.0,0.0,0.0,2.0,2.0,1.0,2.0,2.0,0.0,3.0,2.0,6.781483809153239,1.0,2.0,0.0,3.0,2.0,62.0,10.0,6.0,0.0,4235.31005859375,308.88999938964844,16509.47021484375,1271.93994140625,10162.430419921875,88.0,114.0,20.0,1.0,1.0,6.0,0.0,0.0,0.0,0.0,0.0,0.0,0.0,0.0,1.0,0.0,1.0,0.0,0.0,0.0,0.0,57.0,2.0,3.0,15.0,10.0,9.0,10.0,43.0,5.0,4.0,0.0,0.0,3.0,37.0,29.0,25.0,29.0,37.0,1.0,0.0,3.0,24.0,3.0,459.0,145.0,14.0,12.0,64.0,101.0,135.0,42.0,177.0,0.0,0.0,218.0,193.0,0.0,0.0,89.0,11.0,3.0,2.0,66.0,152.0,68.0,0.0,372.0,97.0,0.0,1.0,1.0,0.5171063467860222,2.0,286.9562166666667,30.604387283325195,32488.0400390625,0.3653166303411126,0.0
395088,0.0,1.0,0.0,1.0,0.0,1.0,0.0,0.0,0.0,0.0,0.0,0.0,0.0,1.0,1.0,0.0,1.0,0.0,0.0,3.0,0.0,5.966485023498535,3.0,0.0,0.0,0.0,0.0,13.0,4.0,4.0,0.0,3043.8800048828125,642.2099456787109,11333.67919921875,1073.9199829101562,10721.450439453125,67.0,74.0,3.0,2.0,0.0,4.0,0.0,0.0,0.0,0.0,0.0,0.0,0.0,1.0,0.0,0.0,0.0,0.0,1.0,0.0,0.0,31.0,0.0,3.0,19.0,15.0,13.0,16.0,26.0,0.0,0.0,0.0,0.0,0.0,12.0,11.0,9.0,9.0,16.0,0.0,2.0,0.0,12.0,3.0,459.0,131.0,15.0,0.0,0.0,33.0,20.0,13.0,33.0,0.0,0.0,226.0,221.0,0.0,0.0,21.0,2.0,0.0,2.0,41.0,180.0,43.0,0.0,264.0,91.0,0.0,1.0,1.0,0.13868464715778828,0.0,268.94835,34.4344482421875,26815.140625,0.09771724045276642,0.0
395113,0.0,2.0,0.0,1.0,0.0,1.0,0.0,0.0,0.0,1.0,0.0,0.0,0.0,1.0,0.0,1.0,0.0,1.0,0.0,6.0,1.0,5.302947640419006,6.0,1.0,0.0,0.0,0.0,36.0,11.0,8.0,0.0,3382.9000854492188,429.77000427246094,14122.9296875,1478.3400268554688,16286.19970703125,113.0,132.0,7.0,1.0,5.0,9.0,0.0,0.0,0.0,0.0,0.0,0.0,0.0,2.0,0.0,0.0,0.0,0.0,1.0,1.0,0.0,98.0,5.0,13.0,57.0,45.0,37.0,39.0,69.0,8.0,3.0,0.0,0.0,3.0,33.0,21.0,11.0,12.0,41.0,1.0,7.0,2.0,26.0,4.0,814.0,235.0,17.0,1.0,1.0,74.0,37.0,39.0,76.0,0.0,0.0,385.0,359.0,0.0,0.0,44.0,1.0,0.0,4.0,65.0,313.0,69.0,0.0,301.0,122.0,0.0,0.0,1.0,0.3431757874786854,0.0,403.12651666666665,33.2631721496582,35700.140625,0.035772320814430714,0.0
395186,0.0,3.0,0.0,0.0,0.0,0.0,1.0,0.0,0.0,1.0,1.0,0.0,0.0,3.0,1.0,2.0,1.0,0.0,0.0,0.0,0.0,3.965918858846029,0.0,0.0,0.0,0.0,0.0,60.0,3.0,0.0,0.0,1424.530014038086,308.74999237060547,4519.470031738281,573.5699996948242,5731.5494384765625,10.0,16.0,5.0,2.0,1.0,0.0,0.0,0.0,0.0,0.0,0.0,0.0,0.0,0.0,1.0,0.0,1.0,0.0,3.0,0.0,0.0,3.0,0.0,0.0,0.0,0.0,0.0,0.0,2.0,3.0,2.0,2.0,3.0,0.0,0.0,0.0,0.0,0.0,2.0,0.0,0.0,0.0,2.0,2.0,43.0,24.0,4.0,47.0,28.0,3.0,59.0,19.0,78.0,0.0,1.0,16.0,12.0,0.0,0.0,13.0,20.0,1.0,8.0,10.0,4.0,18.0,0.0,126.0,54.0,0.0,1.0,0.0,2.3242486119270325,0.0,128.68598333333333,31.1744327545166,12557.869140625,0.18466627597808838,0.0
395205,0.0,1.0,0.0,0.0,0.0,0.0,1.0,,0.0,0.0,0.0,0.0,0.0,1.0,0.0,1.0,0.0,0.0,0.0,2.0,0.0,5.942819595336914,2.0,0.0,1.0,0.0,0.0,37.0,6.0,3.0,0.0,3061.3099670410156,217.61999893188477,7035.310119628906,1104.000015258789,4644.3897705078125,31.0,36.0,5.0,3.0,0.0,4.0,0.0,0.0,0.0,0.0,0.0,0.0,0.0,0.0,0.0,0.0,0.0,0.0,1.0,1.0,0.0,7.0,0.0,0.0,2.0,2.0,2.0,2.0,6.0,0.0,0.0,0.0,0.0,0.0,5.0,4.0,4.0,5.0,2.0,0.0,0.0,0.0,2.0,4.0,124.0,53.0,2.0,26.0,12.0,20.0,33.0,25.0,58.0,0.0,0.0,59.0,55.0,0.0,0.0,19.0,11.0,1.0,0.0,17.0,42.0,17.0,0.0,253.0,79.0,3.0,1.0,1.0,4.942351520061493,2.0,133.89620000000002,29.613121032714844,16062.629516601562,0.22313854098320007,2.0
395206,1.0,9.0,0.0,1.0,0.0,0.0,2.0,1.0,0.0,2.0,4.0,0.0,1.0,5.0,2.0,5.0,3.0,4.0,1.0,8.0,10.0,6.3960953712463375,5.0,9.0,8.0,22.0,5.0,247.0,20.0,9.0,0.0,6633.500244140625,940.6999893188477,20856.250244140625,2839.5799865722656,18955.070068359375,128.0,176.0,27.0,2.0,8.0,9.0,0.0,0.0,0.0,0.0,0.0,0.0,0.0,0.0,0.0,0.0,0.0,0.0,0.0,0.0,0.0,114.0,10.0,8.0,27.0,24.0,9.0,9.0,89.0,20.0,13.0,1.0,3.0,7.0,67.0,52.0,33.0,42.0,56.0,8.0,7.0,4.0,40.0,5.0,640.0,242.0,28.0,53.0,135.0,63.0,150.0,101.0,251.0,1.0,0.0,278.0,239.0,0.0,0.0,102.0,86.0,5.0,13.0,102.0,194.0,115.0,0.0,572.0,219.0,0.0,1.0,3.0,5.512748837471008,1.0,471.5916666666667,31.995372772216797,50225.099609375,0.947696790099144,0.0
395212,0.0,0.0,0.0,0.0,0.0,0.0,0.0,0.0,0.0,0.0,0.0,0.0,0.0,0.0,0.0,0.0,0.0,0.0,0.0,7.0,0.0,5.019832515716553,5.0,0.0,0.0,5.0,0.0,31.0,3.0,0.0,0.0,2237.660125732422,703.2099838256836,6585.9801025390625,1033.6900177001953,6069.859924316406,40.0,56.0,6.0,2.0,2.0,0.0,0.0,0.0,0.0,0.0,0.0,0.0,0.0,0.0,0.0,0.0,0.0,0.0,0.0,0.0,0.0,41.0,2.0,3.0,15.0,11.0,10.0,10.0,28.0,3.0,0.0,0.0,1.0,0.0,23.0,17.0,16.0,18.0,27.0,0.0,1.0,0.0,14.0,4.0,196.0,75.0,6.0,18.0,25.0,9.0,26.0,26.0,52.0,0.0,0.0,91.0,84.0,0.0,0.0,21.0,7.0,3.0,3.0,23.0,66.0,26.0,0.0,196.0,79.0,4.0,0.0,3.0,1.3613133672624826,8.0,164.07330000000002,35.895347595214844,16630.400146484375,0.0,1.0
395216,0.0,2.0,0.0,0.0,0.0,0.0,0.0,0.0,0.0,1.0,1.0,0.0,0.0,0.0,0.0,2.0,0.0,2.0,0.0,0.0,0.0,2.897570514678955,0.0,0.0,0.0,0.0,0.0,37.0,0.0,1.0,0.0,1407.0700378417969,135.04999542236328,4122.9200439453125,550.4399871826172,3025.8299560546875,11.0,13.0,3.0,0.0,0.0,1.0,,,0.0,0.0,0.0,0.0,0.0,0.0,0.0,0.0,0.0,0.0,0.0,0.0,0.0,10.0,2.0,0.0,3.0,2.0,1.0,1.0,7.0,2.0,1.0,0.0,0.0,0.0,5.0,4.0,3.0,3.0,2.0,1.0,0.0,0.0,2.0,2.0,63.0,23.0,5.0,4.0,14.0,15.0,17.0,16.0,33.0,0.0,0.0,29.0,27.0,0.0,0.0,11.0,2.0,0.0,0.0,9.0,21.0,9.0,0.0,123.0,36.0,1.0,1.0,0.0,0.427339106798172,0.0,76.08608333333333,30.187397003173828,9241.31005859375,0.02847389318048954,0.0
395283,0.0,2.0,0.0,0.0,0.0,2.0,0.0,0.0,0.0,0.0,0.0,0.0,0.0,2.0,0.0,2.0,0.0,0.0,0.0,6.0,1.0,5.72491180896759,6.0,1.0,0.0,0.0,0.0,24.0,10.0,2.0,0.0,4021.8900756835938,203.5500030517578,16089.500244140625,1364.6699829101562,15582.789794921875,66.0,77.0,5.0,3.0,0.0,5.0,0.0,0.0,0.0,0.0,0.0,0.0,0.0,1.0,0.0,0.0,0.0,0.0,2.0,3.0,0.0,70.0,2.0,7.0,39.0,32.0,28.0,30.0,57.0,3.0,2.0,1.0,1.0,0.0,28.0,23.0,19.0,19.0,37.0,1.0,3.0,0.0,31.0,4.0,430.0,160.0,12.0,0.0,3.0,32.0,18.0,17.0,35.0,0.0,0.0,200.0,190.0,0.0,0.0,22.0,4.0,0.0,3.0,21.0,177.0,24.0,0.0,315.0,101.0,0.0,1.0,0.0,0.5250011533498764,1.0,390.7919166666667,28.75554656982422,37262.3994140625,0.26175517588853836,0.0
395286,0.0,1.0,0.0,1.0,0.0,0.0,0.0,0.0,0.0,1.0,0.0,0.0,0.0,1.0,0.0,0.0,0.0,0.0,0.0,1.0,0.0,1.5181156396865845,1.0,0.0,0.0,0.0,0.0,5.0,2.0,0.0,0.0,306.58001708984375,16.780000686645508,989.1200561523438,97.79998779296875,884.22998046875,3.0,4.0,2.0,0.0,1.0,0.0,,,0.0,0.0,0.0,0.0,0.0,0.0,0.0,0.0,0.0,0.0,0.0,0.0,0.0,0.0,0.0,0.0,0.0,0.0,0.0,0.0,0.0,0.0,0.0,0.0,0.0,0.0,0.0,0.0,0.0,0.0,0.0,0.0,0.0,0.0,0.0,1.0,10.0,5.0,1.0,2.0,2.0,1.0,2.0,3.0,5.0,0.0,0.0,3.0,3.0,0.0,0.0,1.0,1.0,0.0,0.0,4.0,2.0,4.0,0.0,22.0,7.0,1.0,0.0,1.0,0.2494228333234787,0.0,22.788283333333325,27.734912872314453,2294.510009765625,0.060160502791404724,0.0
395321,0.0,3.0,0.0,2.0,1.0,0.0,0.0,0.0,0.0,0.0,2.0,0.0,0.0,2.0,1.0,0.0,1.0,1.0,0.0,15.0,1.0,5.87670361995697,7.0,1.0,11.0,17.0,6.0,77.0,5.0,2.0,0.0,2879.119903564453,611.4700241088867,10399.979370117188,1333.4800262451172,9197.880126953125,41.0,74.0,6.0,2.0,5.0,2.0,0.0,0.0,0.0,0.0,0.0,0.0,0.0,0.0,1.0,0.0,1.0,0.0,0.0,0.0,0.0,33.0,3.0,0.0,5.0,1.0,0.0,2.0,17.0,10.0,6.0,5.0,6.0,1.0,18.0,10.0,9.0,14.0,22.0,1.0,0.0,0.0,11.0,4.0,215.0,104.0,10.0,36.0,86.0,21.0,80.0,63.0,143.0,0.0,0.0,85.0,65.0,0.0,0.0,48.0,45.0,4.0,1.0,53.0,52.0,54.0,0.0,233.0,108.0,2.0,1.0,3.0,2.8914762437343597,3.0,242.72113333333328,33.3001594543457,24421.929931640625,0.6722526885569096,0.0
395414,0.0,1.0,0.0,0.0,0.0,0.0,0.0,1.0,1.0,0.0,0.0,0.0,0.0,0.0,0.0,0.0,1.0,1.0,1.0,5.0,0.0,0.8712379932403564,4.0,0.0,1.0,1.0,1.0,23.0,6.0,1.0,0.0,1343.2701416015625,70.64999389648438,3532.7001953125,288.41998291015625,2290.4599609375,38.0,46.0,8.0,1.0,1.0,1.0,,,0.0,0.0,0.0,0.0,0.0,0.0,1.0,1.0,0.0,1.0,0.0,0.0,0.0,13.0,0.0,2.0,3.0,3.0,1.0,1.0,12.0,0.0,0.0,0.0,0.0,0.0,10.0,9.0,7.0,8.0,12.0,0.0,2.0,0.0,11.0,1.0,108.0,35.0,3.0,4.0,22.0,20.0,31.0,15.0,46.0,1.0,0.0,51.0,47.0,0.0,0.0,19.0,7.0,0.0,2.0,25.0,25.0,27.0,0.0,123.0,23.0,0.0,1.0,0.0,0.7638450860977173,1.0,64.77161666666667,28.889705657958984,7525.5,0.15128137171268463,0.0
395427,0.0,0.0,0.0,0.0,0.0,0.0,0.0,,0.0,0.0,0.0,0.0,0.0,0.0,0.0,0.0,0.0,0.0,0.0,0.0,0.0,0.0,0.0,0.0,0.0,0.0,0.0,0.0,0.0,0.0,0.0,0.0,0.0,0.0,0.0,0.0,0.0,0.0,0.0,0.0,0.0,0.0,,,0.0,0.0,0.0,0.0,0.0,0.0,0.0,0.0,0.0,0.0,0.0,0.0,0.0,0.0,0.0,0.0,0.0,0.0,0.0,0.0,0.0,0.0,0.0,0.0,0.0,0.0,0.0,0.0,0.0,0.0,0.0,0.0,0.0,0.0,0.0,0.0,0.0,0.0,0.0,0.0,0.0,0.0,0.0,0.0,0.0,0.0,0.0,0.0,0.0,0.0,0.0,0.0,0.0,0.0,0.0,0.0,0.0,0.0,0.0,0.0,0.0,0.0,0.0,0.0,0.0,0.0,0.0,0.0,0.0,0.0,0.0
395471,1.0,2.0,0.0,0.0,0.0,0.0,0.0,1.0,1.0,0.0,1.0,0.0,0.0,1.0,1.0,1.0,1.0,1.0,0.0,0.0,1.0,3.0776538848876953,0.0,1.0,0.0,2.0,1.0,11.0,0.0,1.0,0.0,911.0800018310547,179.09999465942383,2256.0400390625,397.23997497558594,1695.2200012207031,6.0,10.0,1.0,0.0,0.0,1.0,,,0.0,0.0,0.0,0.0,0.0,0.0,0.0,0.0,0.0,0.0,0.0,0.0,0.0,8.0,1.0,0.0,2.0,1.0,1.0,1.0,5.0,2.0,1.0,1.0,1.0,0.0,4.0,3.0,3.0,3.0,1.0,0.0,0.0,0.0,1.0,2.0,48.0,22.0,5.0,2.0,8.0,7.0,9.0,8.0,17.0,0.0,0.0,20.0,17.0,0.0,0.0,8.0,4.0,0.0,0.0,5.0,18.0,5.0,0.0,80.0,26.0,2.0,0.0,0.0,0.8059744238853455,0.0,50.111333333333334,29.5500431060791,5438.6798095703125,0.2608465887606144,0.0
395516,0.0,1.0,0.0,0.0,0.0,1.0,0.0,0.0,0.0,0.0,0.0,0.0,0.0,1.0,1.0,0.0,1.0,0.0,0.0,1.0,2.0,5.296249866485596,1.0,2.0,0.0,2.0,0.0,14.0,4.0,3.0,1.0,3131.730194091797,261.8400020599365,13456.829833984375,977.9700088500977,13284.81982421875,47.0,60.0,9.0,4.0,4.0,3.0,0.0,0.0,0.0,0.0,0.0,0.0,0.0,0.0,0.0,0.0,0.0,0.0,1.0,0.0,0.0,60.0,5.0,9.0,35.0,27.0,20.0,21.0,40.0,5.0,2.0,0.0,0.0,0.0,20.0,11.0,4.0,6.0,31.0,2.0,5.0,0.0,15.0,4.0,361.0,125.0,12.0,2.0,1.0,23.0,13.0,13.0,26.0,0.0,0.0,170.0,156.0,0.0,0.0,17.0,3.0,1.0,1.0,22.0,148.0,23.0,1.0,267.0,84.0,0.0,1.0,0.0,0.2101429309695959,0.0,349.6178666666666,30.788541793823242,31113.19091796875,0.0582013800740242,0.0
395550,0.0,5.0,0.0,0.0,0.0,0.0,0.0,0.0,0.0,3.0,2.0,0.0,0.0,2.0,0.0,2.0,1.0,3.0,1.0,6.0,1.0,6.5063042640686035,6.0,1.0,0.0,2.0,1.0,77.0,8.0,4.0,0.0,8326.989868164062,467.3699951171875,22340.430419921875,2263.5700073242188,16143.29052734375,100.0,135.0,13.0,6.0,5.0,4.0,0.0,0.0,0.0,0.0,0.0,0.0,0.0,0.0,0.0,0.0,0.0,0.0,0.0,0.0,0.0,65.0,2.0,4.0,28.0,24.0,22.0,22.0,51.0,2.0,0.0,0.0,0.0,0.0,35.0,27.0,25.0,29.0,36.0,0.0,2.0,0.0,23.0,5.0,592.0,211.0,23.0,3.0,44.0,124.0,145.0,26.0,171.0,0.0,0.0,274.0,242.0,0.0,0.0,71.0,14.0,1.0,10.0,80.0,196.0,90.0,0.0,713.0,170.0,0.0,2.0,1.0,0.3074062615633011,0.0,459.2047666666666,32.49641036987305,49541.6494140625,0.24133720993995667,1.0
395552,0.0,0.0,0.0,0.0,0.0,0.0,0.0,,0.0,0.0,0.0,0.0,0.0,0.0,0.0,0.0,0.0,0.0,0.0,0.0,0.0,1.7044239044189453,0.0,0.0,0.0,0.0,0.0,1.0,1.0,0.0,0.0,107.3499984741211,6.559999942779541,140.24000549316406,37.7599983215332,92.61000061035156,2.0,2.0,0.0,0.0,1.0,0.0,,,0.0,0.0,0.0,0.0,0.0,0.0,0.0,0.0,0.0,0.0,0.0,0.0,0.0,0.0,0.0,0.0,0.0,0.0,0.0,0.0,0.0,0.0,0.0,0.0,0.0,0.0,0.0,0.0,0.0,0.0,0.0,0.0,0.0,0.0,0.0,1.0,7.0,4.0,0.0,0.0,0.0,1.0,1.0,0.0,1.0,0.0,0.0,3.0,3.0,0.0,0.0,1.0,0.0,0.0,0.0,1.0,2.0,1.0,0.0,7.0,3.0,1.0,0.0,0.0,0.009199433028697968,0.0,2.6992500000000064,26.0479793548584,384.52001953125,0.0,0.0
395581,0.0,1.0,0.0,0.0,0.0,0.0,0.0,0.0,0.0,1.0,0.0,0.0,0.0,1.0,0.0,1.0,0.0,0.0,0.0,4.0,1.0,6.729818820953369,1.0,0.0,4.0,12.0,2.0,105.0,17.0,1.0,0.0,3716.590087890625,630.3200073242188,13410.449951171875,1690.8701171875,10105.76025390625,32.0,59.0,11.0,5.0,5.0,1.0,0.0,0.0,0.0,0.0,0.0,0.0,0.0,0.0,0.0,0.0,0.0,0.0,0.0,0.0,0.0,28.0,4.0,0.0,5.0,1.0,1.0,1.0,9.0,9.0,2.0,2.0,4.0,1.0,14.0,6.0,6.0,9.0,17.0,0.0,0.0,0.0,6.0,3.0,188.0,89.0,7.0,28.0,34.0,11.0,30.0,43.0,73.0,1.0,0.0,78.0,57.0,0.0,0.0,22.0,37.0,4.0,6.0,36.0,48.0,42.0,0.0,319.0,147.0,0.0,1.0,1.0,2.2318961322307587,4.0,264.78991666666667,31.85808753967285,29553.990234375,0.24179807305335999,0.0
395755,0.0,0.0,0.0,0.0,0.0,0.0,0.0,,0.0,0.0,0.0,0.0,0.0,0.0,0.0,0.0,0.0,0.0,0.0,0.0,0.0,0.0,0.0,0.0,0.0,0.0,0.0,0.0,0.0,0.0,0.0,0.0,0.0,0.0,0.0,0.0,0.0,0.0,0.0,0.0,0.0,0.0,,,0.0,0.0,0.0,0.0,0.0,0.0,0.0,0.0,0.0,0.0,0.0,0.0,0.0,0.0,0.0,0.0,0.0,0.0,0.0,0.0,0.0,0.0,0.0,0.0,0.0,0.0,0.0,0.0,0.0,0.0,0.0,0.0,0.0,0.0,0.0,1.0,0.0,0.0,0.0,0.0,0.0,0.0,0.0,0.0,0.0,0.0,0.0,0.0,0.0,0.0,0.0,0.0,0.0,0.0,0.0,0.0,0.0,0.0,0.0,0.0,0.0,0.0,0.0,0.0,0.0,0.0,38.58701666666666,0.0,0.0,0.0,0.0
395760,0.0,0.0,0.0,0.0,0.0,0.0,0.0,,0.0,0.0,0.0,0.0,0.0,0.0,0.0,0.0,0.0,0.0,0.0,0.0,0.0,0.929415782292684,0.0,0.0,0.0,0.0,0.0,0.0,0.0,0.0,0.0,140.8300018310547,0.0,452.27001953125,35.0099983215332,560.1599731445312,0.0,0.0,0.0,0.0,1.0,0.0,,,0.0,0.0,0.0,0.0,0.0,0.0,0.0,0.0,0.0,0.0,0.0,0.0,0.0,0.0,0.0,0.0,0.0,0.0,0.0,0.0,0.0,0.0,0.0,0.0,0.0,0.0,0.0,0.0,0.0,0.0,0.0,0.0,0.0,0.0,0.0,1.0,0.0,0.0,0.0,0.0,0.0,0.0,0.0,0.0,0.0,0.0,0.0,0.0,0.0,0.0,0.0,0.0,0.0,0.0,0.0,0.0,0.0,0.0,0.0,10.0,2.0,1.0,0.0,0.0,0.004529612138867378,0.0,12.771633333333341,21.58344268798828,1188.2698974609375,0.0,0.0
395860,0.0,0.0,0.0,0.0,0.0,0.0,0.0,,0.0,0.0,0.0,0.0,0.0,0.0,0.0,0.0,0.0,0.0,0.0,0.0,0.0,0.0,0.0,0.0,0.0,0.0,0.0,0.0,0.0,0.0,0.0,0.0,0.0,0.0,0.0,0.0,0.0,0.0,0.0,0.0,0.0,0.0,,,0.0,0.0,0.0,0.0,0.0,0.0,0.0,0.0,0.0,0.0,0.0,0.0,0.0,0.0,0.0,0.0,0.0,0.0,0.0,0.0,0.0,0.0,0.0,0.0,0.0,0.0,0.0,0.0,0.0,0.0,0.0,0.0,0.0,0.0,0.0,0.0,0.0,0.0,0.0,0.0,0.0,0.0,0.0,0.0,0.0,0.0,0.0,0.0,0.0,0.0,0.0,0.0,0.0,0.0,0.0,0.0,0.0,0.0,0.0,0.0,0.0,0.0,0.0,0.0,0.0,0.0,0.0,0.0,0.0,0.0,0.0
395984,0.0,0.0,0.0,0.0,0.0,0.0,0.0,,0.0,0.0,0.0,0.0,0.0,0.0,0.0,0.0,0.0,0.0,0.0,0.0,0.0,5.294419765472412,0.0,0.0,0.0,0.0,0.0,12.0,0.0,0.0,1.0,389.0100402832031,29.630001068115234,864.239990234375,108.70999908447266,629.4500122070312,3.0,5.0,2.0,1.0,0.0,0.0,0.0,0.0,0.0,0.0,0.0,0.0,0.0,0.0,0.0,0.0,0.0,0.0,0.0,0.0,0.0,2.0,0.0,0.0,0.0,0.0,0.0,0.0,1.0,0.0,0.0,0.0,0.0,0.0,2.0,1.0,1.0,2.0,2.0,0.0,0.0,0.0,1.0,1.0,14.0,7.0,0.0,0.0,5.0,1.0,5.0,1.0,6.0,0.0,0.0,7.0,5.0,0.0,0.0,3.0,0.0,0.0,0.0,5.0,2.0,5.0,1.0,35.0,10.0,1.0,0.0,0.0,0.4929254353046417,0.0,19.010783333333336,27.429250717163086,2021.0399169921875,0.0,0.0
395986,0.0,0.0,0.0,0.0,0.0,0.0,0.0,,0.0,0.0,0.0,0.0,0.0,0.0,0.0,0.0,0.0,0.0,0.0,0.0,3.0,3.0877736806869507,0.0,2.0,0.0,0.0,0.0,0.0,0.0,5.0,0.0,377.2699890136719,3.430000066757202,4012.4500122070312,100.65999794006348,16214.81982421875,15.0,36.0,0.0,0.0,0.0,7.0,1.0,0.0,72.0,59.0,3.0,14.0,11.0,32.0,0.0,0.0,0.0,0.0,0.0,2.0,0.0,135.0,7.0,39.0,66.0,30.0,13.0,20.0,52.0,7.0,2.0,0.0,0.0,0.0,62.0,20.0,3.0,16.0,47.0,2.0,15.0,0.0,12.0,4.0,443.0,176.0,10.0,0.0,0.0,60.0,42.0,18.0,60.0,0.0,0.0,237.0,179.0,0.0,0.0,36.0,0.0,0.0,0.0,8.0,178.0,8.0,0.0,36.0,7.0,0.0,0.0,0.0,0.09602461569011211,0.0,402.1005333333334,25.70899772644043,20708.6298828125,0.0,0.0
396158,0.0,1.0,0.0,0.0,0.0,1.0,0.0,0.0,0.0,0.0,0.0,0.0,0.0,1.0,0.0,1.0,0.0,0.0,0.0,0.0,3.0,3.6300230026245117,0.0,1.0,0.0,0.0,0.0,1.0,1.0,0.0,1.0,522.7099914550781,54.45000076293945,2038.0799865722656,191.95001792907715,1616.2699279785156,4.0,6.0,2.0,1.0,0.0,1.0,,,0.0,0.0,0.0,0.0,0.0,0.0,0.0,0.0,0.0,0.0,0.0,1.0,0.0,9.0,0.0,1.0,3.0,2.0,2.0,2.0,3.0,0.0,0.0,0.0,0.0,0.0,6.0,1.0,1.0,5.0,2.0,0.0,0.0,0.0,1.0,2.0,65.0,25.0,1.0,0.0,0.0,7.0,2.0,5.0,7.0,0.0,0.0,29.0,23.0,0.0,0.0,4.0,1.0,0.0,0.0,4.0,25.0,4.0,1.0,41.0,15.0,1.0,0.0,0.0,0.051181454211473465,0.0,41.91483333333333,30.686378479003906,4423.459777832031,0.06514739245176315,0.0
396315,0.0,0.0,0.0,0.0,0.0,0.0,0.0,,0.0,0.0,0.0,0.0,0.0,0.0,0.0,0.0,0.0,0.0,0.0,0.0,0.0,0.0,0.0,0.0,0.0,0.0,0.0,0.0,0.0,0.0,0.0,0.0,0.0,0.0,0.0,0.0,0.0,0.0,0.0,0.0,0.0,0.0,,,0.0,0.0,0.0,0.0,0.0,0.0,0.0,0.0,0.0,0.0,0.0,0.0,0.0,0.0,0.0,0.0,0.0,0.0,0.0,0.0,0.0,0.0,0.0,0.0,0.0,0.0,0.0,0.0,0.0,0.0,0.0,0.0,0.0,0.0,0.0,1.0,0.0,0.0,0.0,0.0,0.0,0.0,0.0,0.0,0.0,0.0,0.0,0.0,0.0,0.0,0.0,0.0,0.0,0.0,0.0,0.0,0.0,0.0,0.0,0.0,0.0,0.0,0.0,0.0,0.0,0.0,81.23348333333334,0.0,0.0,0.0,0.0
396885,0.0,0.0,0.0,0.0,0.0,0.0,0.0,,0.0,0.0,0.0,0.0,0.0,0.0,0.0,0.0,0.0,0.0,0.0,0.0,0.0,2.5117276509602866,0.0,0.0,0.0,0.0,0.0,0.0,0.0,8.0,0.0,123.37000894546509,0.0,2055.179962158203,15.40999984741211,10650.2099609375,3.0,6.0,0.0,0.0,1.0,16.0,0.0,0.0,86.0,78.0,2.513888895511627,17.0,15.0,36.0,0.0,0.0,0.0,0.0,0.0,8.0,0.0,67.0,4.0,15.0,32.0,13.0,7.0,13.0,20.0,4.0,0.0,0.0,0.0,0.0,31.0,7.0,1.0,12.0,10.0,0.0,6.0,0.0,4.0,3.0,138.0,97.0,5.0,0.0,0.0,6.0,5.0,1.0,6.0,0.0,0.0,93.0,53.0,0.0,0.0,3.0,0.0,0.0,0.0,2.0,30.0,2.0,0.0,15.0,1.0,0.0,0.0,0.0,0.052423398941755295,0.0,306.57535,24.089418411254883,12844.16943359375,0.0,0.0
396950,0.0,1.0,0.0,0.0,0.0,0.0,0.0,,0.0,0.0,1.0,0.0,0.0,1.0,1.0,0.0,1.0,0.0,0.0,7.0,0.0,7.384884357452393,3.0,0.0,1.0,7.0,1.0,90.0,16.0,4.0,0.0,3736.1603393554688,176.7599983215332,8422.039794921875,1188.760009765625,5337.7100830078125,27.0,40.0,6.0,4.0,2.0,4.0,0.0,0.0,0.0,0.0,0.0,0.0,0.0,0.0,0.0,0.0,0.0,0.0,0.0,0.0,0.0,21.0,3.0,1.0,4.0,4.0,0.0,0.0,16.0,5.0,3.0,0.0,2.0,0.0,12.0,9.0,5.0,8.0,13.0,3.0,1.0,0.0,10.0,3.0,105.0,55.0,3.0,28.0,48.0,4.0,49.0,31.0,80.0,0.0,0.0,39.0,32.0,0.0,0.0,26.0,17.0,4.0,5.0,32.0,15.0,37.0,0.0,328.0,87.0,2.0,1.0,3.0,1.6622558534145355,1.0,152.90375,30.09258460998535,18861.4296875,0.01832488365471363,0.0
397753,0.0,0.0,0.0,0.0,0.0,0.0,0.0,,0.0,0.0,0.0,0.0,0.0,0.0,0.0,0.0,0.0,0.0,0.0,0.0,0.0,0.0,0.0,0.0,0.0,0.0,0.0,0.0,0.0,0.0,0.0,0.0,0.0,0.0,0.0,0.0,0.0,0.0,0.0,0.0,0.0,0.0,,,0.0,0.0,0.0,0.0,0.0,0.0,0.0,0.0,0.0,0.0,0.0,0.0,0.0,0.0,0.0,0.0,0.0,0.0,0.0,0.0,0.0,0.0,0.0,0.0,0.0,0.0,0.0,0.0,0.0,0.0,0.0,0.0,0.0,0.0,0.0,0.0,0.0,0.0,0.0,0.0,0.0,0.0,0.0,0.0,0.0,0.0,0.0,0.0,0.0,0.0,0.0,0.0,0.0,0.0,0.0,0.0,0.0,0.0,0.0,0.0,0.0,0.0,0.0,0.0,0.0,0.0,0.0,0.0,0.0,0.0,0.0
397775,0.0,0.0,0.0,0.0,0.0,0.0,0.0,0.0,0.0,0.0,0.0,0.0,0.0,0.0,0.0,0.0,0.0,0.0,0.0,1.0,0.0,6.069989522298177,0.0,0.0,0.0,2.0,1.0,34.0,11.0,0.0,0.0,2673.579833984375,350.71998596191406,7234.160217285156,1253.7599334716797,6494.340026855469,23.0,29.0,12.0,5.0,3.0,0.0,0.0,0.0,0.0,0.0,0.0,0.0,0.0,0.0,0.0,0.0,0.0,0.0,0.0,0.0,0.0,13.0,0.0,0.0,1.0,1.0,1.0,1.0,9.0,1.0,0.0,0.0,1.0,0.0,11.0,8.0,8.0,11.0,8.0,0.0,0.0,0.0,6.0,3.0,124.0,54.0,3.0,11.0,25.0,5.0,10.0,31.0,41.0,2.0,0.0,61.0,54.0,0.0,0.0,10.0,11.0,0.0,2.0,8.0,46.0,10.0,0.0,247.0,86.0,1.0,1.0,0.0,0.3363642655313015,10.0,171.92673333333335,30.1812801361084,18006.560302734375,0.0,1.0
397786,1.0,2.0,0.0,0.0,0.0,0.0,1.0,1.0,0.0,0.0,0.0,0.0,0.0,2.0,2.0,0.0,2.0,0.0,0.0,3.0,1.0,5.303688287734985,3.0,1.0,0.0,0.0,0.0,11.0,4.0,9.0,0.0,3728.1200561523438,546.6599884033203,13313.56005859375,1275.6399841308594,19333.14990234375,67.0,76.0,10.0,2.0,2.0,10.0,0.0,0.0,0.0,0.0,0.0,0.0,0.0,17.0,1.0,0.0,1.0,0.0,2.0,1.0,0.0,67.0,1.0,8.0,28.0,24.0,17.0,19.0,58.0,1.0,1.0,0.0,0.0,0.0,38.0,33.0,26.0,29.0,28.0,1.0,6.0,0.0,25.0,4.0,718.0,209.0,13.0,0.0,1.0,34.0,17.0,18.0,35.0,0.0,0.0,347.0,330.0,0.0,0.0,19.0,4.0,1.0,10.0,30.0,286.0,40.0,0.0,292.0,100.0,0.0,0.0,1.0,0.33665262162685394,0.0,432.60131666666666,35.14060974121094,38197.12890625,0.13768925424665213,0.0
397894,0.0,0.0,0.0,0.0,0.0,0.0,0.0,0.0,0.0,0.0,0.0,0.0,0.0,0.0,0.0,0.0,0.0,0.0,0.0,0.0,0.0,2.6368776162465415,0.0,0.0,0.0,0.0,0.0,0.0,0.0,4.0,0.0,92.10999870300293,0.0,1836.5999145507812,20.43000030517578,11637.429931640625,3.0,7.0,0.0,0.0,0.0,8.0,0.0,0.0,70.0,56.0,1.3333333432674408,8.0,8.0,9.0,0.0,0.0,0.0,0.0,0.0,4.0,0.0,51.0,3.0,11.0,27.0,9.0,6.0,13.0,15.0,3.0,1.0,0.0,0.0,0.0,21.0,5.0,2.0,7.0,8.0,1.0,2.0,0.0,2.0,3.0,122.0,79.0,3.0,0.0,0.0,9.0,7.0,2.0,9.0,0.0,0.0,66.0,42.0,0.0,0.0,7.0,0.0,0.0,0.0,0.0,40.0,0.0,0.0,9.0,2.0,0.0,0.0,0.0,0.05190994031727314,0.0,309.44849999999997,23.45568084716797,13586.5703125,0.0,0.0
398509,0.0,3.0,0.0,2.0,0.0,1.0,0.0,1.0,0.0,0.0,1.0,0.0,0.0,3.0,0.0,1.0,0.0,0.0,0.0,23.0,5.0,5.663737614949544,23.0,5.0,0.0,0.0,0.0,48.0,12.0,6.0,0.0,6913.7200927734375,906.7000274658203,28624.1904296875,2311.6900024414062,24448.090576171875,189.0,233.0,8.0,5.0,6.0,9.0,0.0,0.0,0.0,0.0,0.0,0.0,0.0,0.0,0.0,0.0,0.0,0.0,2.0,3.0,0.0,131.0,0.0,17.0,82.0,73.0,64.0,65.0,110.0,2.0,1.0,0.0,1.0,1.0,47.0,36.0,26.0,29.0,74.0,0.0,9.0,1.0,53.0,6.0,946.0,334.0,25.0,1.0,9.0,42.0,27.0,25.0,52.0,0.0,0.0,438.0,406.0,0.0,0.0,27.0,4.0,0.0,5.0,94.0,338.0,99.0,0.0,611.0,199.0,0.0,0.0,3.0,0.5762563161551952,1.0,673.6380666666668,32.48767852783203,63204.3896484375,0.29822035133838654,1.0
398569,0.0,0.0,0.0,0.0,0.0,0.0,0.0,,0.0,0.0,0.0,0.0,0.0,0.0,0.0,0.0,0.0,0.0,0.0,0.0,1.0,1.6944890022277832,0.0,1.0,0.0,0.0,0.0,11.0,3.0,1.0,0.0,724.9199829101562,85.33000183105469,3211.0498046875,220.55999755859375,4264.9599609375,16.0,20.0,1.0,2.0,0.0,1.0,0.0,0.0,0.0,0.0,0.0,0.0,0.0,0.0,0.0,0.0,0.0,0.0,0.0,0.0,0.0,17.0,0.0,6.0,9.0,7.0,3.0,3.0,13.0,0.0,0.0,0.0,0.0,0.0,8.0,6.0,2.0,2.0,11.0,0.0,4.0,0.0,9.0,1.0,71.0,27.0,1.0,0.0,3.0,15.0,9.0,9.0,18.0,0.0,0.0,36.0,31.0,0.0,0.0,10.0,1.0,0.0,0.0,4.0,31.0,4.0,0.0,60.0,15.0,0.0,0.0,0.0,0.016597352921962738,0.0,100.35128333333333,27.827388763427734,8506.8203125,0.0,0.0
398588,0.0,5.0,0.0,1.0,0.0,1.0,0.0,2.0,0.0,0.0,2.0,0.0,0.0,5.0,1.0,2.0,1.0,0.0,0.0,14.0,0.0,5.376063108444214,3.0,0.0,0.0,5.0,1.0,70.0,8.0,0.0,0.0,5619.41015625,1237.3299560546875,15800.85986328125,2258.8699645996094,13873.44970703125,67.0,108.0,9.0,6.0,2.0,0.0,0.0,0.0,0.0,0.0,0.0,0.0,0.0,0.0,0.0,0.0,0.0,0.0,1.0,0.0,0.0,16.0,0.0,1.0,4.0,2.0,1.0,3.0,12.0,5.0,5.0,5.0,5.0,0.0,7.0,5.0,4.0,6.0,15.0,0.0,1.0,0.0,11.0,5.0,276.0,120.0,17.0,56.0,78.0,1.0,49.0,86.0,135.0,2.0,0.0,110.0,88.0,0.0,0.0,54.0,83.0,3.0,16.0,72.0,54.0,88.0,0.0,483.0,187.0,0.0,5.0,2.0,5.15787672996521,1.0,363.11564999999996,33.679176330566406,38789.9208984375,0.5988785326480865,0.0
398680,2.0,20.0,0.0,2.0,0.0,1.0,1.0,1.0,0.0,1.0,16.0,0.0,1.0,13.0,8.0,8.0,10.0,7.0,2.0,18.0,6.0,6.2141618728637695,12.0,5.0,17.0,36.0,6.0,257.0,16.0,5.0,0.0,9652.249938964844,825.2299995422363,25952.5,4281.030029296875,26791.889892578125,163.0,249.0,28.0,0.0,4.0,5.0,0.0,0.0,0.0,0.0,0.0,0.0,0.0,0.0,6.0,0.0,4.0,2.0,1.0,0.0,0.0,107.0,11.0,0.0,16.0,9.0,4.0,5.0,63.0,29.0,18.0,9.0,13.0,5.0,62.0,36.0,27.0,46.0,71.0,5.0,0.0,4.0,40.0,8.0,734.0,311.0,54.0,68.0,88.0,39.0,79.0,116.0,195.0,3.0,0.0,297.0,236.0,0.0,0.0,91.0,176.0,11.0,12.0,137.0,210.0,149.0,0.0,817.0,274.0,1.0,5.0,9.0,12.290518581867218,3.0,648.6526333333333,30.50511932373047,67502.90087890625,2.098707055673003,0.0
398681,0.0,0.0,0.0,0.0,0.0,0.0,0.0,,0.0,0.0,0.0,0.0,0.0,0.0,0.0,0.0,0.0,0.0,0.0,0.0,0.0,0.0,0.0,0.0,0.0,0.0,0.0,0.0,0.0,0.0,0.0,0.0,0.0,0.0,0.0,0.0,0.0,0.0,0.0,0.0,0.0,0.0,,,0.0,0.0,0.0,0.0,0.0,0.0,0.0,0.0,0.0,0.0,0.0,0.0,0.0,0.0,0.0,0.0,0.0,0.0,0.0,0.0,0.0,0.0,0.0,0.0,0.0,0.0,0.0,0.0,0.0,0.0,0.0,0.0,0.0,0.0,0.0,0.0,0.0,0.0,0.0,0.0,0.0,0.0,0.0,0.0,0.0,0.0,0.0,0.0,0.0,0.0,0.0,0.0,0.0,0.0,0.0,0.0,0.0,0.0,0.0,0.0,0.0,0.0,0.0,0.0,0.0,0.0,0.0,0.0,0.0,0.0,0.0
400416,0.0,2.0,0.0,1.0,0.0,0.0,0.0,1.0,0.0,1.0,1.0,0.0,0.0,0.0,0.0,1.0,0.0,2.0,0.0,8.0,4.0,6.753038247426351,5.0,4.0,3.0,5.0,2.0,74.0,6.0,7.0,0.0,4957.240234375,282.5500011444092,14794.0,1471.1099853515625,9285.099853515625,54.0,68.0,9.0,3.0,3.0,7.0,0.0,0.0,0.0,0.0,0.0,0.0,0.0,0.0,0.0,0.0,0.0,0.0,0.0,0.0,0.0,36.0,1.0,2.0,8.0,5.0,4.0,5.0,24.0,3.0,2.0,1.0,1.0,1.0,25.0,17.0,16.0,21.0,20.0,1.0,0.0,0.0,14.0,3.0,239.0,112.0,8.0,9.0,66.0,45.0,86.0,34.0,120.0,0.0,0.0,109.0,96.0,0.0,0.0,39.0,13.0,1.0,2.0,47.0,67.0,49.0,0.0,426.0,101.0,0.0,2.0,2.0,0.38650718331336975,0.0,272.8433666666666,31.433002471923828,30790.0009765625,0.04956447705626488,1.0
400511,1.0,0.0,0.0,0.0,0.0,0.0,0.0,0.0,0.0,0.0,0.0,0.0,0.0,0.0,0.0,0.0,0.0,0.0,0.0,0.0,0.0,2.859702706336975,0.0,0.0,0.0,0.0,0.0,4.0,2.0,1.0,0.0,1410.0399780273438,151.8700065612793,5970.789794921875,389.4000015258789,5460.1201171875,10.0,11.0,4.0,1.0,0.0,1.0,,,0.0,0.0,0.0,0.0,0.0,6.0,0.0,0.0,0.0,0.0,0.0,0.0,0.0,13.0,1.0,2.0,5.0,3.0,2.0,2.0,9.0,1.0,1.0,0.0,0.0,0.0,7.0,5.0,4.0,4.0,3.0,1.0,0.0,0.0,3.0,2.0,222.0,65.0,6.0,0.0,0.0,29.0,24.0,5.0,29.0,0.0,0.0,110.0,107.0,0.0,0.0,20.0,0.0,0.0,0.0,3.0,103.0,3.0,0.0,116.0,34.0,0.0,1.0,0.0,0.08956608548760414,0.0,138.28586666666666,30.937406539916992,13382.219970703125,0.0,0.0
400514,0.0,2.0,0.0,0.0,1.0,0.0,0.0,0.0,0.0,0.0,1.0,0.0,0.0,0.0,0.0,2.0,0.0,2.0,0.0,5.0,0.0,4.565402388572693,5.0,0.0,0.0,0.0,0.0,89.0,34.0,1.0,0.0,3131.47998046875,230.9099941253662,10801.129943847656,853.3800430297852,8475.189270019531,42.0,53.0,12.0,6.0,2.0,1.0,,,0.0,0.0,0.0,0.0,0.0,0.0,0.0,0.0,0.0,0.0,0.0,0.0,0.0,37.0,1.0,2.0,14.0,11.0,9.0,11.0,29.0,1.0,0.0,0.0,0.0,0.0,22.0,18.0,16.0,19.0,15.0,0.0,2.0,0.0,10.0,3.0,331.0,105.0,8.0,2.0,33.0,84.0,103.0,16.0,119.0,0.0,0.0,160.0,145.0,0.0,0.0,53.0,7.0,0.0,4.0,34.0,124.0,38.0,0.0,285.0,67.0,1.0,0.0,3.0,0.24352614395320415,0.0,225.29958333333332,31.95017433166504,23492.09033203125,0.1564222387969494,0.0
400634,0.0,2.0,0.0,1.0,0.0,1.0,0.0,0.0,0.0,0.0,1.0,0.0,0.0,1.0,0.0,0.0,0.0,1.0,0.0,2.0,4.0,4.799951362609863,2.0,3.0,0.0,2.0,1.0,37.0,13.0,1.0,0.0,3962.89990234375,515.3499755859375,12136.4599609375,1115.5200805664062,10797.66064453125,50.0,66.0,3.0,5.0,2.0,5.0,0.0,0.0,0.0,0.0,0.0,0.0,0.0,0.0,0.0,0.0,0.0,0.0,1.0,4.0,0.0,57.0,3.0,8.0,31.0,20.0,18.0,20.0,31.0,3.0,0.0,0.0,0.0,0.0,23.0,11.0,9.0,12.0,30.0,0.0,2.0,0.0,10.0,4.0,324.0,122.0,9.0,3.0,29.0,71.0,69.0,34.0,103.0,0.0,0.0,153.0,138.0,0.0,0.0,40.0,3.0,0.0,3.0,33.0,116.0,36.0,0.0,342.0,104.0,2.0,0.0,1.0,1.04283731803298,1.0,278.97153333333335,31.457359313964844,28527.889892578125,0.18741197884082794,1.0
400716,4.0,9.0,0.0,2.0,0.0,0.0,1.0,0.0,0.0,2.0,6.0,0.0,0.0,5.0,2.0,4.0,3.0,4.0,1.0,17.0,0.0,5.863435745239258,14.0,0.0,12.0,16.0,3.0,195.0,18.0,8.0,0.0,10525.9501953125,1432.72998046875,26557.89013671875,3757.260009765625,20655.100830078125,179.0,233.0,18.0,3.0,4.0,8.0,0.0,0.0,0.0,0.0,0.0,0.0,0.0,0.0,0.0,0.0,0.0,0.0,0.0,0.0,0.0,107.0,7.0,6.0,28.0,22.0,14.0,15.0,78.0,18.0,10.0,4.0,6.0,5.0,61.0,46.0,35.0,43.0,65.0,3.0,5.0,3.0,48.0,5.0,789.0,265.0,28.0,29.0,173.0,127.0,212.0,117.0,329.0,0.0,0.0,367.0,322.0,0.0,0.0,161.0,99.0,5.0,6.0,126.0,251.0,132.0,0.0,878.0,302.0,0.0,1.0,3.0,2.0146846771240234,4.0,537.8812333333333,32.4747314453125,62928.9296875,0.7151185617549345,0.0
400721,2.0,14.0,0.0,3.0,1.0,0.0,1.0,3.0,3.0,3.0,6.0,0.0,0.0,6.0,2.0,6.0,4.0,8.0,2.0,34.0,6.0,5.889792839686076,21.0,5.0,21.0,38.0,12.0,93.0,30.0,25.0,0.0,7196.779968261719,2273.510040283203,23730.809814453125,3492.469970703125,27057.10986328125,218.0,299.0,19.0,7.0,16.0,25.0,0.0,0.0,0.0,0.0,0.0,0.0,0.0,0.0,1.0,0.0,1.0,0.0,0.0,0.0,0.0,115.0,3.0,9.0,48.0,37.0,29.0,36.0,87.0,7.0,6.0,1.0,1.0,3.0,60.0,44.0,34.0,45.0,72.0,3.0,5.0,2.0,50.0,6.0,971.0,374.0,34.0,79.0,114.0,60.0,102.0,151.0,253.0,0.0,0.0,449.0,402.0,0.0,0.0,103.0,92.0,12.0,13.0,154.0,277.0,167.0,0.0,624.0,296.0,0.0,0.0,11.0,1.9122212380170822,52.0,650.4326666666667,35.475669860839844,63750.6806640625,0.9574794843792915,1.0
401023,0.0,0.0,0.0,0.0,0.0,0.0,0.0,0.0,0.0,0.0,0.0,0.0,0.0,0.0,0.0,0.0,0.0,0.0,0.0,7.0,0.0,3.9599108695983887,3.0,0.0,0.0,1.0,0.0,65.0,6.0,1.0,0.0,2250.5601806640625,405.6899871826172,7400.76025390625,1199.2900390625,7897.990234375,30.0,43.0,17.0,0.0,1.0,1.0,,,0.0,0.0,0.0,0.0,0.0,0.0,0.0,0.0,0.0,0.0,0.0,0.0,0.0,35.0,1.0,3.0,16.0,9.0,7.0,12.0,21.0,3.0,1.0,1.0,2.0,0.0,16.0,11.0,9.0,12.0,24.0,0.0,2.0,0.0,17.0,2.0,121.0,62.0,4.0,18.0,20.0,6.0,8.0,36.0,44.0,1.0,0.0,63.0,49.0,0.0,0.0,14.0,10.0,1.0,1.0,31.0,18.0,32.0,0.0,191.0,97.0,0.0,1.0,2.0,0.3337968736886978,19.0,193.20503333333335,32.533477783203125,19154.2900390625,0.0,0.0
401131,1.0,1.0,0.0,0.0,0.0,0.0,1.0,0.0,0.0,0.0,0.0,0.0,0.0,1.0,0.0,1.0,0.0,0.0,0.0,0.0,0.0,4.447483658790588,0.0,0.0,0.0,0.0,0.0,110.0,3.0,0.0,0.0,2423.1300048828125,216.37000274658203,8614.38037109375,1065.7200012207031,7812.480224609375,14.0,24.0,9.0,1.0,1.0,0.0,,,0.0,0.0,0.0,0.0,0.0,0.0,0.0,0.0,0.0,0.0,1.0,0.0,0.0,7.0,1.0,0.0,1.0,0.0,0.0,0.0,2.0,2.0,0.0,0.0,1.0,0.0,4.0,2.0,2.0,3.0,7.0,0.0,0.0,0.0,2.0,3.0,62.0,30.0,4.0,23.0,12.0,0.0,25.0,10.0,35.0,2.0,0.0,29.0,20.0,0.0,0.0,5.0,21.0,1.0,5.0,20.0,4.0,25.0,0.0,213.0,86.0,1.0,2.0,0.0,6.325542449951172,0.0,207.01103333333333,30.095582962036133,20132.080078125,0.17540664970874786,0.0
401167,0.0,0.0,0.0,0.0,0.0,0.0,0.0,,0.0,0.0,0.0,0.0,0.0,0.0,0.0,0.0,0.0,0.0,0.0,0.0,0.0,1.796919822692871,0.0,0.0,0.0,0.0,0.0,1.0,1.0,0.0,0.0,105.0300064086914,0.0,553.010009765625,32.349998474121094,704.1199951171875,1.0,1.0,0.0,0.0,0.0,0.0,,,0.0,0.0,0.0,0.0,0.0,0.0,0.0,0.0,0.0,0.0,0.0,0.0,0.0,2.0,0.0,1.0,1.0,0.0,0.0,0.0,0.0,0.0,0.0,0.0,0.0,0.0,1.0,0.0,0.0,0.0,0.0,0.0,0.0,0.0,0.0,1.0,8.0,2.0,0.0,0.0,0.0,4.0,3.0,1.0,4.0,0.0,0.0,4.0,3.0,0.0,0.0,2.0,0.0,0.0,0.0,1.0,3.0,1.0,0.0,9.0,3.0,1.0,0.0,0.0,0.030823396518826485,0.0,15.50051666666667,24.155044555664062,1394.510009765625,0.0,0.0
401334,0.0,3.0,0.0,0.0,0.0,0.0,1.0,0.0,0.0,0.0,1.0,0.0,1.0,3.0,1.0,2.0,1.0,0.0,0.0,11.0,1.0,6.153876940409343,5.0,0.0,4.0,9.0,5.0,89.0,3.0,0.0,0.0,3707.949951171875,320.12999153137207,11095.5400390625,1280.260009765625,12073.229736328125,34.0,54.0,5.0,2.0,11.0,0.0,0.0,0.0,0.0,0.0,0.0,0.0,0.0,0.0,1.0,0.0,1.0,0.0,0.0,0.0,0.0,31.0,4.0,3.0,8.0,5.0,1.0,1.0,22.0,7.0,4.0,2.0,3.0,0.0,16.0,13.0,9.0,9.0,18.0,2.0,2.0,0.0,12.0,3.0,161.0,85.0,9.0,11.0,39.0,2.0,25.0,27.0,52.0,0.0,0.0,55.0,47.0,0.0,0.0,17.0,35.0,2.0,13.0,28.0,42.0,41.0,0.0,331.0,98.0,0.0,3.0,1.0,2.1527894735336304,0.0,277.69688333333335,30.89144515991211,28477.1103515625,0.5619398653507233,0.0
401339,0.0,0.0,0.0,0.0,0.0,0.0,0.0,0.0,0.0,0.0,0.0,0.0,0.0,0.0,0.0,0.0,0.0,0.0,0.0,2.0,3.0,5.920447826385498,2.0,1.0,0.0,11.0,4.0,47.0,5.0,10.0,0.0,2827.3898010253906,751.9799652099609,9398.02001953125,1408.6700439453125,11001.9091796875,52.0,71.0,13.0,3.0,1.0,10.0,0.0,0.0,0.0,0.0,0.0,0.0,0.0,0.0,0.0,0.0,0.0,0.0,0.0,0.0,0.0,71.0,4.0,9.0,29.0,16.0,14.0,16.0,34.0,7.0,1.0,1.0,3.0,0.0,35.0,17.0,15.0,22.0,31.0,0.0,2.0,0.0,14.0,3.0,316.0,119.0,9.0,17.0,27.0,15.0,8.0,51.0,59.0,0.0,0.0,153.0,124.0,0.0,0.0,31.0,24.0,2.0,1.0,41.0,97.0,42.0,0.0,246.0,107.0,0.0,1.0,1.0,0.3089570552110672,17.0,255.4343166666667,33.93727111816406,25387.97021484375,0.0,1.0
401378,0.0,1.0,0.0,0.0,0.0,1.0,0.0,0.0,0.0,0.0,0.0,0.0,0.0,1.0,1.0,0.0,1.0,0.0,0.0,4.0,1.0,6.096811652183533,1.0,1.0,0.0,1.0,0.0,27.0,9.0,0.0,0.0,4639.8900146484375,716.8299713134766,19712.490234375,1527.7199401855469,16013.23974609375,88.0,97.0,5.0,5.0,1.0,0.0,0.0,0.0,0.0,0.0,0.0,0.0,0.0,0.0,0.0,0.0,0.0,0.0,1.0,0.0,0.0,82.0,3.0,6.0,46.0,42.0,35.0,37.0,74.0,3.0,3.0,0.0,0.0,0.0,33.0,29.0,22.0,24.0,25.0,3.0,4.0,0.0,23.0,4.0,794.0,242.0,15.0,2.0,1.0,49.0,37.0,15.0,52.0,0.0,0.0,375.0,364.0,0.0,0.0,35.0,4.0,0.0,4.0,55.0,323.0,59.0,0.0,392.0,119.0,0.0,1.0,1.0,0.5035112053155899,1.0,419.80853333333334,32.900245666503906,42610.1689453125,0.0261000357568264,0.0
401444,0.0,11.0,0.0,1.0,0.0,0.0,2.0,0.0,0.0,3.0,5.0,1.0,0.0,7.0,3.0,5.0,3.0,4.0,0.0,7.0,5.0,5.751233816146851,7.0,3.0,5.0,14.0,3.0,120.0,24.0,12.0,0.0,10137.339599609375,642.6999969482422,29052.2705078125,3485.41015625,18494.949462890625,142.0,183.0,19.0,7.0,10.0,12.0,0.0,0.0,0.0,0.0,0.0,0.0,0.0,0.0,2.0,0.0,2.0,0.0,2.0,0.0,0.0,106.0,5.0,7.0,35.0,29.0,20.0,23.0,74.0,10.0,5.0,0.0,1.0,4.0,61.0,40.0,30.0,45.0,66.0,4.0,5.0,1.0,48.0,5.0,591.0,256.0,33.0,61.0,87.0,100.0,174.0,74.0,248.0,1.0,0.0,255.0,221.0,1.0,1.0,85.0,41.0,3.0,15.0,110.0,158.0,125.0,0.0,862.0,256.0,0.0,1.0,3.0,2.744658514857292,2.0,538.9087666666667,29.80108070373535,61812.669921875,1.4984220210462809,0.0
401448,0.0,5.0,0.0,1.0,0.0,0.0,0.0,1.0,0.0,1.0,3.0,0.0,0.0,5.0,2.0,1.0,2.0,0.0,0.0,12.0,0.0,4.048896789550781,6.0,0.0,0.0,14.0,2.0,63.0,23.0,4.0,0.0,4293.2301025390625,933.9200134277344,15699.759765625,2160.3699340820312,16450.080078125,74.0,108.0,19.0,4.0,0.0,5.0,0.0,0.0,0.0,0.0,0.0,0.0,0.0,0.0,0.0,0.0,0.0,0.0,1.0,1.0,0.0,52.0,2.0,5.0,16.0,9.0,4.0,9.0,36.0,10.0,7.0,5.0,8.0,0.0,26.0,20.0,15.0,19.0,31.0,2.0,3.0,0.0,23.0,4.0,411.0,179.0,17.0,26.0,20.0,11.0,18.0,39.0,57.0,1.0,0.0,185.0,160.0,0.0,0.0,16.0,56.0,4.0,13.0,55.0,114.0,68.0,0.0,393.0,168.0,0.0,3.0,3.0,0.7659620940685272,30.0,392.03280000000007,33.30582046508789,39537.361328125,0.6094494187273085,2.0
401470,1.0,12.0,0.0,1.0,3.0,0.0,3.0,1.0,1.0,1.0,4.0,0.0,0.0,9.0,3.0,7.0,5.0,3.0,2.0,17.0,1.0,5.178852796554565,10.0,1.0,0.0,19.0,2.0,60.0,3.0,2.0,0.0,3247.2299194335938,1301.2500343322754,12068.099884033203,1703.6900253295898,10469.969818115234,74.0,118.0,2.0,5.0,1.0,2.0,0.0,0.0,0.0,0.0,0.0,0.0,0.0,0.0,1.0,0.0,1.0,0.0,2.0,0.0,0.0,51.0,4.0,1.0,5.0,4.0,0.0,0.0,34.0,19.0,15.0,9.0,12.0,3.0,27.0,15.0,9.0,19.0,41.0,4.0,0.0,2.0,26.0,6.0,284.0,123.0,21.0,85.0,48.0,17.0,50.0,100.0,150.0,1.0,0.0,104.0,92.0,0.0,0.0,62.0,71.0,15.0,4.0,66.0,75.0,70.0,0.0,285.0,147.0,3.0,2.0,7.0,6.511933743953705,3.0,258.79611666666665,35.17277908325195,28790.240356445312,1.0302152037620544,0.0
401481,0.0,2.0,0.0,0.0,0.0,1.0,1.0,0.0,0.0,0.0,0.0,0.0,0.0,2.0,1.0,1.0,1.0,0.0,0.0,3.0,0.0,6.811888853708903,1.0,0.0,0.0,0.0,0.0,74.0,4.0,0.0,0.0,2983.1000366210938,156.71000289916992,11627.129638671875,1044.2200164794922,7025.590087890625,19.0,27.0,7.0,1.0,3.0,0.0,0.0,0.0,0.0,0.0,0.0,0.0,0.0,0.0,0.0,0.0,0.0,0.0,2.0,0.0,0.0,8.0,2.0,0.0,2.0,0.0,0.0,0.0,2.0,3.0,1.0,1.0,1.0,0.0,3.0,1.0,1.0,1.0,7.0,0.0,0.0,0.0,1.0,3.0,75.0,43.0,3.0,23.0,21.0,0.0,34.0,10.0,44.0,0.0,0.0,28.0,24.0,0.0,0.0,8.0,27.0,0.0,4.0,28.0,6.0,32.0,0.0,251.0,76.0,1.0,1.0,1.0,7.876387357711792,0.0,199.70201666666668,29.01687240600586,22836.75,0.2684764862060547,0.0
401712,0.0,2.0,0.0,2.0,0.0,0.0,0.0,0.0,0.0,0.0,2.0,0.0,0.0,2.0,0.0,0.0,0.0,0.0,0.0,0.0,2.0,4.259124279022217,0.0,1.0,0.0,7.0,3.0,31.0,6.0,2.0,0.0,1471.7900390625,391.0,4880.27001953125,695.2899780273438,4868.64990234375,23.0,33.0,12.0,3.0,2.0,2.0,,,0.0,0.0,0.0,0.0,0.0,0.0,0.0,0.0,0.0,0.0,0.0,0.0,0.0,13.0,0.0,0.0,1.0,1.0,1.0,1.0,8.0,1.0,1.0,0.0,0.0,1.0,11.0,6.0,5.0,10.0,6.0,0.0,0.0,1.0,5.0,2.0,113.0,48.0,6.0,14.0,22.0,11.0,8.0,39.0,47.0,0.0,0.0,48.0,36.0,0.0,0.0,18.0,17.0,1.0,1.0,19.0,32.0,20.0,0.0,119.0,65.0,1.0,1.0,0.0,0.7009422853589058,5.0,115.54021666666668,33.37710952758789,12307.0,0.05676922667771578,0.0
401889,1.0,17.0,0.0,3.0,1.0,1.0,5.0,0.0,0.0,3.0,6.0,0.0,1.0,15.0,6.0,7.0,6.0,2.0,0.0,13.0,0.0,6.692768216133118,6.0,0.0,0.0,2.0,0.0,157.0,11.0,0.0,0.0,6384.209716796875,1329.0299835205078,19889.739990234375,2967.860076904297,16149.049560546875,54.0,96.0,18.0,1.0,9.0,0.0,0.0,0.0,0.0,0.0,0.0,0.0,0.0,0.0,4.0,0.0,4.0,0.0,2.0,0.0,0.0,16.0,1.0,1.0,2.0,1.0,0.0,0.0,7.0,10.0,5.0,5.0,9.0,0.0,4.0,1.0,0.0,2.0,15.0,0.0,1.0,0.0,6.0,4.0,213.0,112.0,28.0,68.0,51.0,8.0,96.0,31.0,127.0,2.0,0.0,73.0,57.0,0.0,0.0,32.0,73.0,7.0,20.0,82.0,12.0,102.0,0.0,556.0,216.0,0.0,2.0,4.0,10.96894896030426,0.0,419.21034999999995,34.46630859375,46719.890625,3.6803622245788574,0.0
401893,0.0,1.0,0.0,0.0,1.0,0.0,0.0,0.0,0.0,0.0,0.0,0.0,0.0,1.0,0.0,0.0,0.0,0.0,0.0,6.0,0.0,5.988373756408691,2.0,0.0,0.0,1.0,0.0,61.0,3.0,0.0,0.0,2083.6600036621094,320.51001739501953,7901.2100830078125,1017.9199676513672,6782.6705322265625,13.0,21.0,6.0,0.0,3.0,0.0,0.0,0.0,0.0,0.0,0.0,0.0,0.0,0.0,0.0,0.0,0.0,0.0,0.0,0.0,0.0,9.0,1.0,0.0,1.0,0.0,0.0,0.0,4.0,5.0,2.0,2.0,4.0,0.0,3.0,2.0,2.0,2.0,7.0,0.0,0.0,0.0,2.0,4.0,71.0,44.0,4.0,32.0,16.0,1.0,32.0,17.0,49.0,0.0,0.0,23.0,18.0,0.0,0.0,13.0,31.0,4.0,11.0,22.0,9.0,33.0,0.0,185.0,86.0,3.0,1.0,2.0,8.362612903118134,0.0,180.46980000000002,31.30268096923828,18105.97021484375,0.06921795010566711,0.0
401894,0.0,5.0,0.0,2.0,0.0,1.0,1.0,1.0,1.0,0.0,2.0,0.0,0.0,2.0,1.0,1.0,1.0,3.0,0.0,7.0,0.0,6.174851298332214,0.0,0.0,4.0,6.0,2.0,110.0,23.0,4.0,0.0,3714.9299926757812,389.32999420166016,14740.099609375,1479.5199890136719,12157.2705078125,52.0,80.0,12.0,4.0,2.0,4.0,0.0,0.0,0.0,0.0,0.0,0.0,0.0,0.0,0.0,0.0,0.0,0.0,0.0,0.0,0.0,21.0,0.0,2.0,4.0,2.0,2.0,2.0,8.0,3.0,1.0,1.0,3.0,0.0,14.0,5.0,5.0,12.0,13.0,0.0,0.0,0.0,2.0,4.0,259.0,117.0,11.0,12.0,73.0,20.0,69.0,36.0,105.0,0.0,0.0,106.0,87.0,0.0,0.0,40.0,17.0,0.0,12.0,53.0,60.0,65.0,0.0,339.0,109.0,1.0,3.0,0.0,0.803690928965807,1.0,314.9173166666667,30.840490341186523,32481.1494140625,0.1935720480978489,0.0
401924,0.0,0.0,0.0,0.0,0.0,0.0,0.0,,0.0,0.0,0.0,0.0,0.0,0.0,0.0,0.0,0.0,0.0,0.0,0.0,0.0,0.0,0.0,0.0,0.0,0.0,0.0,0.0,0.0,0.0,0.0,0.0,0.0,0.0,0.0,0.0,0.0,0.0,0.0,0.0,0.0,0.0,,,0.0,0.0,0.0,0.0,0.0,0.0,0.0,0.0,0.0,0.0,0.0,0.0,0.0,0.0,0.0,0.0,0.0,0.0,0.0,0.0,0.0,0.0,0.0,0.0,0.0,0.0,0.0,0.0,0.0,0.0,0.0,0.0,0.0,0.0,0.0,0.0,0.0,0.0,0.0,0.0,0.0,0.0,0.0,0.0,0.0,0.0,0.0,0.0,0.0,0.0,0.0,0.0,0.0,0.0,0.0,0.0,0.0,0.0,0.0,0.0,0.0,0.0,0.0,0.0,0.0,0.0,0.0,0.0,0.0,0.0,0.0
402021,0.0,2.0,0.0,0.0,0.0,0.0,0.0,0.0,0.0,1.0,1.0,0.0,0.0,1.0,1.0,1.0,1.0,1.0,0.0,5.0,2.0,6.791282653808594,3.0,0.0,0.0,5.0,1.0,193.0,31.0,9.0,0.0,10968.869873046875,394.9299907684326,32542.3291015625,2684.1500854492188,27160.290771484375,148.0,172.0,27.0,8.0,3.0,9.0,0.0,0.0,0.0,0.0,0.0,0.0,0.0,0.0,0.0,0.0,0.0,0.0,0.0,0.0,0.0,84.0,3.0,6.0,28.0,24.0,18.0,19.0,69.0,7.0,5.0,1.0,1.0,3.0,49.0,40.0,31.0,37.0,38.0,1.0,5.0,3.0,29.0,6.0,694.0,256.0,25.0,43.0,138.0,147.0,228.0,100.0,328.0,1.0,0.0,324.0,299.0,0.0,0.0,125.0,34.0,3.0,9.0,96.0,227.0,105.0,0.0,1001.0,213.0,0.0,2.0,0.0,2.0029407180845737,2.0,654.8822666666666,29.437339782714844,73750.5693359375,0.07066555507481098,0.0
402022,0.0,0.0,0.0,0.0,0.0,0.0,0.0,,0.0,0.0,0.0,0.0,0.0,0.0,0.0,0.0,0.0,0.0,0.0,0.0,0.0,0.0,0.0,0.0,0.0,0.0,0.0,0.0,0.0,0.0,0.0,0.0,0.0,0.0,0.0,0.0,0.0,0.0,0.0,0.0,0.0,0.0,0.0,0.0,0.0,0.0,0.0,0.0,0.0,0.0,0.0,0.0,0.0,0.0,0.0,0.0,0.0,0.0,0.0,0.0,0.0,0.0,0.0,0.0,0.0,0.0,0.0,0.0,0.0,0.0,0.0,0.0,0.0,0.0,0.0,0.0,0.0,0.0,0.0,1.0,0.0,0.0,0.0,0.0,0.0,0.0,0.0,0.0,0.0,0.0,0.0,0.0,0.0,0.0,0.0,0.0,0.0,0.0,0.0,0.0,0.0,0.0,0.0,0.0,0.0,0.0,0.0,0.0,0.0,0.0,86.58543333333333,0.0,0.0,0.0,0.0
402044,0.0,0.0,0.0,0.0,0.0,0.0,0.0,,0.0,0.0,0.0,0.0,0.0,0.0,0.0,0.0,0.0,0.0,0.0,0.0,0.0,1.7469288110733032,0.0,0.0,0.0,0.0,0.0,1.0,0.0,0.0,0.0,201.97999572753906,0.0,717.7199096679688,59.0099983215332,395.92999267578125,0.0,0.0,0.0,0.0,0.0,0.0,,,0.0,0.0,0.0,0.0,0.0,0.0,0.0,0.0,0.0,0.0,0.0,0.0,0.0,0.0,0.0,0.0,0.0,0.0,0.0,0.0,0.0,0.0,0.0,0.0,0.0,0.0,0.0,0.0,0.0,0.0,0.0,0.0,0.0,0.0,0.0,1.0,2.0,1.0,0.0,0.0,0.0,1.0,1.0,0.0,1.0,0.0,0.0,1.0,1.0,0.0,0.0,0.0,0.0,0.0,0.0,0.0,1.0,0.0,0.0,23.0,4.0,1.0,0.0,0.0,0.03057488240301609,0.0,11.762166666666673,24.033863067626953,1374.639892578125,0.0,0.0
402047,1.0,9.0,0.0,0.0,0.0,0.0,1.0,0.0,0.0,2.0,5.0,0.0,1.0,4.0,1.0,8.0,1.0,5.0,0.0,17.0,1.0,5.669568061828613,15.0,1.0,0.0,2.0,0.0,143.0,38.0,10.0,0.0,9515.799865722656,728.619987487793,29071.88037109375,3485.2899475097656,28461.4677734375,149.0,190.0,14.0,13.0,4.0,11.0,0.0,0.0,0.0,0.0,0.0,0.0,0.0,0.0,0.0,0.0,0.0,0.0,2.0,1.0,0.0,117.0,6.0,3.0,28.0,26.0,18.0,19.0,104.0,13.0,10.0,2.0,3.0,4.0,76.0,68.0,57.0,63.0,51.0,5.0,3.0,3.0,44.0,7.0,769.0,297.0,35.0,65.0,58.0,112.0,160.0,75.0,235.0,1.0,0.0,351.0,323.0,0.0,0.0,69.0,36.0,8.0,20.0,101.0,244.0,121.0,0.0,816.0,248.0,0.0,1.0,2.0,3.6440359354019165,0.0,657.8955333333333,30.836036682128906,71263.05810546875,0.961873484775424,1.0
402261,1.0,6.0,0.0,1.0,1.0,0.0,1.0,0.0,0.0,1.0,3.0,0.0,0.0,5.0,3.0,0.0,3.0,1.0,0.0,14.0,0.0,6.052033185958862,9.0,0.0,6.0,10.0,3.0,97.0,15.0,2.0,0.0,3364.689971923828,978.1600189208984,8848.670135498047,2036.2900390625,10010.100219726562,66.0,93.0,19.0,1.0,1.0,2.0,0.0,0.0,0.0,0.0,0.0,0.0,0.0,0.0,2.0,0.0,2.0,0.0,0.0,0.0,0.0,29.0,3.0,1.0,6.0,3.0,2.0,2.0,18.0,10.0,6.0,4.0,6.0,1.0,13.0,9.0,7.0,8.0,14.0,1.0,0.0,1.0,9.0,4.0,267.0,113.0,17.0,51.0,64.0,21.0,88.0,48.0,136.0,1.0,0.0,109.0,93.0,0.0,0.0,53.0,59.0,8.0,15.0,42.0,77.0,57.0,0.0,289.0,154.0,1.0,3.0,5.0,2.9968926906585693,0.0,255.34333333333336,33.773521423339844,25237.911010742188,1.418637752532959,1.0
402772,0.0,4.0,0.0,0.0,0.0,0.0,0.0,0.0,0.0,0.0,4.0,0.0,0.0,2.0,0.0,4.0,0.0,2.0,0.0,9.0,2.0,6.160334968566895,5.0,2.0,0.0,19.0,4.0,69.0,19.0,0.0,0.0,4776.6700439453125,678.5600070953369,18402.620239257812,1617.8099670410156,17810.730102539062,72.0,113.0,7.0,7.0,3.0,0.0,0.0,0.0,0.0,0.0,0.0,0.0,0.0,0.0,0.0,0.0,0.0,0.0,0.0,0.0,0.0,74.0,5.0,8.0,25.0,15.0,11.0,12.0,39.0,11.0,2.0,2.0,6.0,0.0,38.0,22.0,18.0,25.0,45.0,0.0,4.0,0.0,22.0,5.0,366.0,170.0,17.0,36.0,56.0,44.0,20.0,116.0,136.0,0.0,0.0,167.0,140.0,0.0,0.0,45.0,46.0,6.0,3.0,55.0,100.0,58.0,0.0,395.0,136.0,1.0,0.0,3.0,1.0788758024573326,42.0,431.4214333333333,33.782142639160156,43286.38916015625,0.12232496868818998,0.0
402817,0.0,0.0,0.0,0.0,0.0,0.0,0.0,,0.0,0.0,0.0,0.0,0.0,0.0,0.0,0.0,0.0,0.0,0.0,1.0,1.0,6.664417107899983,1.0,1.0,0.0,1.0,0.0,31.0,5.0,1.0,0.0,3062.669921875,100.15999984741211,11694.480224609375,785.3700103759766,8266.9296875,70.0,88.0,2.0,1.0,2.0,1.0,0.0,0.0,0.0,0.0,0.0,0.0,0.0,0.0,0.0,0.0,0.0,0.0,0.0,0.0,0.0,46.0,6.0,1.0,14.0,9.0,5.0,7.0,32.0,7.0,3.0,0.0,1.0,0.0,25.0,20.0,16.0,18.0,28.0,3.0,1.0,0.0,14.0,3.0,317.0,97.0,9.0,4.0,43.0,87.0,92.0,42.0,134.0,0.0,0.0,152.0,135.0,0.0,0.0,71.0,10.0,1.0,3.0,64.0,90.0,67.0,0.0,269.0,63.0,0.0,3.0,0.0,0.3888881281018257,0.0,216.4526666666667,29.267236709594727,23909.6103515625,0.0,1.0
402820,0.0,0.0,0.0,0.0,0.0,0.0,0.0,,0.0,0.0,0.0,0.0,0.0,0.0,0.0,0.0,0.0,0.0,0.0,0.0,0.0,0.0,0.0,0.0,0.0,0.0,0.0,0.0,0.0,0.0,0.0,0.0,0.0,0.0,0.0,0.0,0.0,0.0,0.0,0.0,0.0,0.0,,,0.0,0.0,0.0,0.0,0.0,0.0,0.0,0.0,0.0,0.0,0.0,0.0,0.0,0.0,0.0,0.0,0.0,0.0,0.0,0.0,0.0,0.0,0.0,0.0,0.0,0.0,0.0,0.0,0.0,0.0,0.0,0.0,0.0,0.0,0.0,0.0,0.0,0.0,0.0,0.0,0.0,0.0,0.0,0.0,0.0,0.0,0.0,0.0,0.0,0.0,0.0,0.0,0.0,0.0,0.0,0.0,0.0,0.0,0.0,0.0,0.0,0.0,0.0,0.0,0.0,0.0,0.0,0.0,0.0,0.0,0.0
402876,0.0,4.0,0.0,0.0,1.0,0.0,1.0,0.0,0.0,1.0,1.0,0.0,0.0,4.0,1.0,3.0,1.0,0.0,0.0,14.0,0.0,6.442296822865804,7.0,0.0,0.0,9.0,3.0,107.0,16.0,0.0,1.0,4019.4600219726562,1018.889965057373,11913.689453125,2033.260009765625,9201.029907226562,57.0,84.0,16.0,7.0,5.0,0.0,0.0,0.0,0.0,0.0,0.0,0.0,0.0,0.0,1.0,0.0,1.0,0.0,1.0,0.0,0.0,18.0,0.0,0.0,1.0,1.0,1.0,1.0,15.0,5.0,3.0,3.0,5.0,0.0,12.0,11.0,11.0,12.0,18.0,0.0,0.0,0.0,15.0,3.0,185.0,88.0,14.0,76.0,50.0,15.0,42.0,99.0,141.0,1.0,0.0,68.0,61.0,0.0,0.0,38.0,50.0,9.0,4.0,56.0,37.0,60.0,1.0,348.0,162.0,1.0,0.0,2.0,5.450233697891235,2.0,261.5036166666667,33.399749755859375,28186.330078125,0.749991912394762,0.0
402884,0.0,10.0,0.0,0.0,1.0,1.0,0.0,2.0,2.0,1.0,5.0,0.0,0.0,3.0,0.0,8.0,2.0,7.0,2.0,7.0,5.0,5.779733816782634,6.0,5.0,2.0,8.0,0.0,76.0,8.0,3.0,0.0,2620.7000732421875,525.2099914550781,11423.419921875,1149.9400024414062,10197.330322265625,58.0,97.0,19.0,1.0,0.0,3.0,0.0,0.0,0.0,0.0,0.0,0.0,0.0,0.0,0.0,0.0,0.0,0.0,0.0,0.0,0.0,56.0,3.0,2.0,11.0,8.0,5.0,6.0,39.0,12.0,8.0,1.0,2.0,7.0,33.0,23.0,15.0,21.0,42.0,2.0,1.0,5.0,25.0,3.0,281.0,114.0,14.0,24.0,33.0,25.0,37.0,45.0,82.0,0.0,0.0,120.0,98.0,0.0,0.0,26.0,32.0,3.0,0.0,60.0,77.0,60.0,0.0,228.0,99.0,0.0,1.0,2.0,1.7470756769180298,1.0,272.8605166666666,34.8641471862793,25916.59912109375,0.4971671625971794,0.0
402893,0.0,1.0,0.0,1.0,0.0,1.0,0.0,0.0,0.0,0.0,0.0,0.0,0.0,1.0,0.0,0.0,0.0,0.0,0.0,15.0,3.0,6.627143541971843,14.0,3.0,0.0,3.0,0.0,42.0,18.0,3.0,0.0,5609.500244140625,290.37998962402344,14216.62939453125,1872.77001953125,12605.89013671875,81.0,102.0,20.0,3.0,0.0,4.0,0.0,0.0,0.0,0.0,0.0,0.0,0.0,2.0,0.0,0.0,0.0,0.0,1.0,1.0,0.0,63.0,3.0,3.0,25.0,20.0,18.0,19.0,47.0,6.0,3.0,0.0,1.0,2.0,32.0,24.0,20.0,24.0,34.0,1.0,1.0,2.0,22.0,3.0,480.0,165.0,17.0,8.0,8.0,20.0,14.0,22.0,36.0,0.0,0.0,226.0,213.0,0.0,0.0,13.0,10.0,1.0,5.0,35.0,188.0,40.0,0.0,458.0,126.0,0.0,0.0,1.0,0.8262452259659767,1.0,313.2592666666667,28.431596755981445,34595.169921875,0.046209629625082016,1.0
402895,0.0,0.0,0.0,0.0,0.0,0.0,0.0,0.0,0.0,0.0,0.0,0.0,0.0,0.0,0.0,0.0,0.0,0.0,0.0,2.0,0.0,2.1236112912495932,1.0,0.0,0.0,2.0,0.0,8.0,0.0,0.0,0.0,844.7599487304688,74.01000213623047,2077.18994140625,329.1099853515625,1902.4200439453125,13.0,23.0,4.0,0.0,1.0,0.0,0.0,0.0,0.0,0.0,0.0,0.0,0.0,0.0,0.0,0.0,0.0,0.0,0.0,0.0,0.0,11.0,0.0,1.0,3.0,2.0,2.0,2.0,7.0,0.0,0.0,0.0,0.0,0.0,8.0,5.0,5.0,7.0,9.0,0.0,0.0,0.0,5.0,1.0,69.0,31.0,1.0,12.0,2.0,7.0,1.0,20.0,21.0,1.0,0.0,29.0,23.0,0.0,0.0,7.0,6.0,1.0,1.0,14.0,18.0,15.0,0.0,71.0,30.0,0.0,1.0,0.0,0.1574329435825348,2.0,49.22578333333334,30.47267723083496,5227.48974609375,0.0,0.0
402897,0.0,0.0,0.0,0.0,0.0,0.0,0.0,,0.0,0.0,0.0,0.0,0.0,0.0,0.0,0.0,0.0,0.0,0.0,0.0,0.0,0.0,0.0,0.0,0.0,0.0,0.0,0.0,0.0,0.0,0.0,0.0,0.0,0.0,0.0,0.0,0.0,0.0,0.0,0.0,0.0,0.0,,,0.0,0.0,0.0,0.0,0.0,0.0,0.0,0.0,0.0,0.0,0.0,0.0,0.0,0.0,0.0,0.0,0.0,0.0,0.0,0.0,0.0,0.0,0.0,0.0,0.0,0.0,0.0,0.0,0.0,0.0,0.0,0.0,0.0,0.0,0.0,0.0,0.0,0.0,0.0,0.0,0.0,0.0,0.0,0.0,0.0,0.0,0.0,0.0,0.0,0.0,0.0,0.0,0.0,0.0,0.0,0.0,0.0,0.0,0.0,0.0,0.0,0.0,0.0,0.0,0.0,0.0,0.0,0.0,0.0,0.0,0.0
402898,0.0,4.0,0.0,1.0,0.0,0.0,0.0,0.0,0.0,0.0,4.0,0.0,0.0,1.0,1.0,1.0,2.0,3.0,1.0,2.0,4.0,6.3265407880147295,2.0,4.0,4.0,4.0,2.0,36.0,6.0,4.0,0.0,2004.3100891113281,283.58999824523926,4896.0103759765625,934.7700042724609,3995.9299926757812,33.0,44.0,7.0,2.0,3.0,4.0,0.0,0.0,0.0,0.0,0.0,0.0,0.0,0.0,0.0,0.0,0.0,0.0,0.0,0.0,0.0,28.0,6.0,0.0,7.0,4.0,1.0,1.0,17.0,7.0,3.0,0.0,1.0,0.0,14.0,10.0,7.0,8.0,11.0,3.0,0.0,0.0,9.0,3.0,130.0,65.0,10.0,15.0,33.0,21.0,47.0,22.0,69.0,0.0,0.0,55.0,45.0,0.0,0.0,22.0,13.0,1.0,1.0,32.0,28.0,33.0,0.0,174.0,65.0,3.0,0.0,0.0,2.1699806451797485,0.0,115.74356666666668,29.894563674926758,12114.610107421875,0.11277077160775661,1.0
402904,0.0,0.0,0.0,0.0,0.0,0.0,0.0,,0.0,0.0,0.0,0.0,0.0,0.0,0.0,0.0,0.0,0.0,0.0,0.0,0.0,0.0,0.0,0.0,0.0,0.0,0.0,0.0,0.0,0.0,0.0,0.0,0.0,0.0,0.0,0.0,0.0,0.0,0.0,0.0,0.0,0.0,,,0.0,0.0,0.0,0.0,0.0,0.0,0.0,0.0,0.0,0.0,0.0,0.0,0.0,0.0,0.0,0.0,0.0,0.0,0.0,0.0,0.0,0.0,0.0,0.0,0.0,0.0,0.0,0.0,0.0,0.0,0.0,0.0,0.0,0.0,0.0,0.0,0.0,0.0,0.0,0.0,0.0,0.0,0.0,0.0,0.0,0.0,0.0,0.0,0.0,0.0,0.0,0.0,0.0,0.0,0.0,0.0,0.0,0.0,0.0,0.0,0.0,0.0,0.0,0.0,0.0,0.0,0.0,0.0,0.0,0.0,0.0
402920,1.0,10.0,0.0,2.0,0.0,0.0,5.0,0.0,0.0,1.0,2.0,1.0,1.0,9.0,4.0,4.0,4.0,1.0,0.0,6.0,0.0,5.3178518414497375,1.0,0.0,0.0,2.0,1.0,181.0,19.0,0.0,0.0,4371.180114746094,716.3900032043457,16530.059448242188,1885.1200256347656,14218.180053710938,33.0,55.0,26.0,8.0,5.0,0.0,0.0,0.0,0.0,0.0,0.0,0.0,0.0,0.0,3.0,0.0,3.0,0.0,2.0,0.0,0.0,4.0,0.0,0.0,1.0,0.0,0.0,1.0,2.0,2.0,1.0,1.0,2.0,0.0,1.0,1.0,1.0,1.0,2.0,0.0,0.0,0.0,1.0,7.0,185.0,99.0,17.0,95.0,70.0,13.0,131.0,47.0,178.0,2.0,0.0,71.0,60.0,1.0,1.0,39.0,58.0,4.0,13.0,47.0,35.0,60.0,0.0,369.0,151.0,3.0,4.0,1.0,31.35360312461853,0.0,368.9436833333334,31.53190040588379,37720.93005371094,2.1727181524038315,1.0
402921,1.0,4.0,0.0,1.0,1.0,0.0,0.0,0.0,0.0,2.0,1.0,0.0,0.0,2.0,2.0,0.0,2.0,2.0,0.0,10.0,1.0,4.65824681520462,9.0,1.0,0.0,3.0,0.0,31.0,13.0,7.0,0.0,5632.3602294921875,631.5200023651123,22385.760620117188,2089.7900390625,31448.20068359375,176.0,205.0,11.0,7.0,4.0,7.0,0.0,0.0,0.0,0.0,0.0,0.0,0.0,11.0,1.0,0.0,1.0,0.0,0.0,0.0,0.0,158.0,8.0,21.0,82.0,69.0,52.0,53.0,125.0,9.0,6.0,0.0,0.0,1.0,67.0,50.0,32.0,37.0,95.0,5.0,12.0,1.0,74.0,7.0,936.0,308.0,26.0,2.0,1.0,60.0,20.0,43.0,63.0,0.0,0.0,450.0,422.0,0.0,0.0,35.0,3.0,0.0,3.0,69.0,377.0,72.0,0.0,485.0,167.0,0.0,2.0,2.0,0.5559374243021011,2.0,708.075,31.347509384155273,62187.6298828125,0.19628627132624388,2.0
402925,0.0,1.0,0.0,0.0,0.0,0.0,0.0,0.0,0.0,0.0,1.0,0.0,0.0,0.0,0.0,1.0,0.0,1.0,0.0,2.0,2.0,5.1397058963775635,1.0,2.0,0.0,6.0,0.0,128.0,26.0,0.0,0.0,7233.540100097656,1430.5700225830078,21381.39013671875,3192.3300170898438,24633.349609375,103.0,142.0,27.0,3.0,0.0,0.0,0.0,0.0,0.0,0.0,0.0,0.0,0.0,0.0,0.0,0.0,0.0,0.0,0.0,0.0,0.0,80.0,3.0,7.0,41.0,25.0,24.0,31.0,42.0,6.0,2.0,1.0,2.0,1.0,33.0,15.0,13.0,22.0,50.0,0.0,1.0,1.0,21.0,7.0,572.0,235.0,22.0,86.0,89.0,61.0,50.0,186.0,236.0,1.0,0.0,276.0,234.0,0.0,0.0,80.0,46.0,6.0,6.0,98.0,158.0,104.0,0.0,608.0,265.0,2.0,4.0,1.0,1.2382363229990005,30.0,592.58425,33.66386413574219,57871.18115234375,0.02048644796013832,0.0
402926,1.0,1.0,0.0,1.0,0.0,0.0,0.0,0.0,0.0,0.0,0.0,0.0,1.0,1.0,0.0,0.0,0.0,0.0,0.0,0.0,0.0,4.959640800952911,0.0,0.0,0.0,5.0,0.0,21.0,7.0,0.0,0.0,3724.4598999023438,450.7100067138672,10730.829833984375,1388.2100067138672,10029.769653320312,34.0,52.0,3.0,4.0,2.0,0.0,0.0,0.0,0.0,0.0,0.0,0.0,0.0,0.0,0.0,0.0,0.0,0.0,0.0,0.0,0.0,15.0,0.0,3.0,8.0,5.0,4.0,5.0,9.0,0.0,0.0,0.0,0.0,0.0,7.0,4.0,3.0,4.0,6.0,0.0,1.0,0.0,4.0,6.0,208.0,84.0,10.0,37.0,26.0,12.0,22.0,53.0,75.0,0.0,0.0,100.0,81.0,0.0,0.0,25.0,23.0,5.0,1.0,38.0,56.0,39.0,0.0,330.0,106.0,4.0,2.0,0.0,4.300402492284775,15.0,241.71780000000007,33.19083786010742,26323.97998046875,0.1506470888853073,1.0
402934,0.0,2.0,0.0,0.0,0.0,0.0,0.0,0.0,0.0,0.0,0.0,0.0,1.0,2.0,0.0,1.0,0.0,0.0,0.0,0.0,0.0,1.5214059352874756,0.0,0.0,0.0,0.0,0.0,4.0,3.0,2.0,0.0,1375.580078125,130.1699981689453,5707.420166015625,417.3100128173828,4689.769775390625,17.0,22.0,0.0,0.0,3.0,2.0,,,0.0,0.0,0.0,0.0,0.0,2.0,0.0,0.0,0.0,0.0,1.0,0.0,0.0,17.0,1.0,4.0,10.0,7.0,5.0,5.0,9.0,1.0,0.0,0.0,0.0,0.0,6.0,2.0,0.0,1.0,10.0,0.0,2.0,0.0,3.0,2.0,167.0,53.0,3.0,0.0,2.0,12.0,4.0,10.0,14.0,0.0,0.0,79.0,75.0,0.0,0.0,5.0,1.0,1.0,1.0,6.0,71.0,7.0,0.0,118.0,33.0,1.0,0.0,0.0,0.7063437476754189,0.0,126.71301666666668,32.46162033081055,12320.24951171875,0.835953950881958,0.0
402974,0.0,0.0,0.0,0.0,0.0,0.0,0.0,0.0,0.0,0.0,0.0,0.0,0.0,0.0,0.0,0.0,0.0,0.0,0.0,2.0,1.0,6.307805776596069,2.0,1.0,0.0,8.0,1.0,29.0,3.0,0.0,0.0,1707.8600769042969,586.8499984741211,5702.800048828125,677.1299896240234,5366.2200927734375,22.0,39.0,4.0,0.0,1.0,0.0,0.0,0.0,0.0,0.0,0.0,0.0,0.0,0.0,0.0,0.0,0.0,0.0,0.0,0.0,0.0,17.0,2.0,0.0,3.0,1.0,1.0,1.0,7.0,5.0,1.0,1.0,3.0,0.0,9.0,5.0,5.0,7.0,11.0,0.0,0.0,0.0,3.0,4.0,106.0,51.0,2.0,11.0,10.0,8.0,4.0,25.0,29.0,0.0,0.0,47.0,32.0,0.0,0.0,12.0,16.0,3.0,3.0,19.0,25.0,22.0,0.0,144.0,61.0,4.0,0.0,1.0,1.1948095709085464,9.0,137.03359999999998,33.236568450927734,14040.8603515625,0.0,0.0
402979,0.0,0.0,0.0,0.0,0.0,0.0,0.0,,0.0,0.0,0.0,0.0,0.0,0.0,0.0,0.0,0.0,0.0,0.0,0.0,0.0,1.1467257738113403,0.0,0.0,0.0,0.0,0.0,1.0,1.0,0.0,0.0,36.130001068115234,0.0,394.8299560546875,4.019999980926514,554.27001953125,0.0,0.0,0.0,0.0,0.0,0.0,,,0.0,0.0,0.0,0.0,0.0,0.0,0.0,0.0,0.0,0.0,0.0,0.0,0.0,0.0,0.0,0.0,0.0,0.0,0.0,0.0,0.0,0.0,0.0,0.0,0.0,0.0,0.0,0.0,0.0,0.0,0.0,0.0,0.0,0.0,0.0,1.0,0.0,0.0,0.0,0.0,0.0,0.0,0.0,0.0,0.0,0.0,0.0,0.0,0.0,0.0,0.0,0.0,0.0,0.0,0.0,0.0,0.0,0.0,0.0,5.0,0.0,1.0,0.0,0.0,0.0009782497072592378,0.0,12.921833333333325,20.51953125,989.25,0.0,0.0
402985,0.0,1.0,0.0,1.0,0.0,0.0,0.0,0.0,0.0,1.0,0.0,0.0,0.0,1.0,0.0,0.0,0.0,0.0,0.0,0.0,0.0,4.6038864850997925,0.0,0.0,0.0,0.0,0.0,12.0,1.0,0.0,0.0,570.7200012207031,89.47000026702881,1605.1400146484375,204.98999404907227,1638.3500366210938,6.0,7.0,1.0,2.0,0.0,0.0,,,0.0,0.0,0.0,0.0,0.0,0.0,0.0,0.0,0.0,0.0,0.0,0.0,0.0,0.0,0.0,0.0,0.0,0.0,0.0,0.0,0.0,0.0,0.0,0.0,0.0,0.0,0.0,0.0,0.0,0.0,0.0,0.0,0.0,0.0,0.0,3.0,20.0,10.0,1.0,4.0,1.0,0.0,3.0,2.0,5.0,0.0,0.0,6.0,6.0,0.0,0.0,2.0,9.0,0.0,3.0,6.0,1.0,9.0,0.0,44.0,22.0,3.0,0.0,0.0,9.379956007003784,0.0,40.2379333333333,30.379413604736328,4108.669982910156,0.04948776215314865,0.0
403001,0.0,0.0,0.0,0.0,0.0,0.0,0.0,,0.0,0.0,0.0,0.0,0.0,0.0,0.0,0.0,0.0,0.0,0.0,0.0,2.0,2.7551271438598635,0.0,0.0,0.0,0.0,0.0,0.0,0.0,6.0,0.0,439.30001068115234,13.390000343322754,3893.5299682617188,88.46000289916992,19359.480224609375,4.0,14.0,0.0,0.0,1.0,11.0,0.0,0.0,114.0,93.0,4.166666626930237,20.0,19.0,25.0,0.0,0.0,0.0,0.0,0.0,5.0,0.0,62.0,5.0,17.0,33.0,13.0,7.0,11.0,22.0,5.0,1.0,0.0,0.0,0.0,24.0,8.0,2.0,2.0,15.0,1.0,5.0,0.0,1.0,5.0,217.0,129.0,10.0,0.0,0.0,26.0,15.0,11.0,26.0,0.0,0.0,125.0,98.0,0.0,0.0,14.0,0.0,0.0,0.0,3.0,67.0,3.0,0.0,40.0,8.0,0.0,0.0,0.0,0.20899632759392262,0.0,518.5802,26.710433959960938,23794.16015625,0.0,0.0
403002,0.0,1.0,0.0,0.0,0.0,1.0,0.0,0.0,0.0,0.0,0.0,0.0,0.0,0.0,0.0,1.0,0.0,1.0,0.0,3.0,0.0,2.4216892242431642,2.0,0.0,0.0,1.0,0.0,13.0,3.0,1.0,0.0,1043.8000183105469,151.75000381469727,2709.1700439453125,596.6400451660156,3379.8699951171875,23.0,29.0,2.0,0.0,1.0,1.0,,,0.0,0.0,0.0,0.0,0.0,0.0,0.0,0.0,0.0,0.0,0.0,0.0,0.0,16.0,1.0,1.0,7.0,5.0,5.0,5.0,11.0,1.0,0.0,0.0,0.0,0.0,8.0,6.0,6.0,6.0,11.0,0.0,0.0,0.0,6.0,2.0,86.0,40.0,3.0,10.0,12.0,13.0,12.0,23.0,35.0,0.0,0.0,39.0,34.0,0.0,0.0,10.0,6.0,1.0,0.0,25.0,13.0,25.0,0.0,86.0,39.0,2.0,0.0,2.0,1.1608899012207985,6.0,78.91890000000001,32.356082916259766,7881.22998046875,0.040265053510665894,0.0
403046,0.0,0.0,0.0,0.0,0.0,0.0,0.0,,0.0,0.0,0.0,0.0,0.0,0.0,0.0,0.0,0.0,0.0,0.0,0.0,0.0,0.40115293860435486,0.0,0.0,0.0,0.0,0.0,0.0,0.0,0.0,0.0,119.80999755859375,0.0,992.5800170898438,10.319999694824219,4381.91015625,6.0,10.0,0.0,0.0,0.0,2.0,,,26.0,22.0,0.5555555820465088,6.0,5.0,2.0,0.0,0.0,0.0,0.0,0.0,2.0,0.0,25.0,0.0,8.0,16.0,8.0,7.0,8.0,10.0,0.0,0.0,0.0,0.0,0.0,9.0,2.0,1.0,1.0,9.0,0.0,1.0,0.0,3.0,1.0,77.0,34.0,1.0,0.0,0.0,9.0,9.0,0.0,9.0,0.0,0.0,41.0,32.0,0.0,0.0,4.0,0.0,0.0,0.0,5.0,28.0,5.0,0.0,7.0,1.0,0.0,0.0,0.0,0.02321588061749935,0.0,102.85145,22.690780639648438,5504.6201171875,0.0,0.0
403049,0.0,3.0,0.0,0.0,0.0,1.0,0.0,1.0,0.0,1.0,0.0,0.0,0.0,3.0,2.0,0.0,2.0,0.0,0.0,8.0,3.0,5.648632824420929,7.0,2.0,0.0,3.0,0.0,77.0,22.0,11.0,0.0,7577.9400634765625,839.3400039672852,26477.519775390625,2474.4200134277344,32479.920166015625,129.0,151.0,15.0,8.0,11.0,13.0,0.0,0.0,0.0,0.0,0.0,0.0,0.0,20.0,1.0,0.0,1.0,0.0,2.0,2.0,0.0,102.0,2.0,7.0,61.0,52.0,47.0,52.0,87.0,3.0,3.0,1.0,1.0,0.0,38.0,32.0,27.0,29.0,40.0,2.0,3.0,0.0,32.0,8.0,979.0,319.0,20.0,4.0,12.0,128.0,76.0,68.0,144.0,0.0,0.0,488.0,469.0,0.0,0.0,74.0,7.0,3.0,10.0,57.0,386.0,67.0,0.0,666.0,195.0,1.0,1.0,1.0,0.6085104262456298,17.0,739.9730333333333,32.507606506347656,69849.13989257812,0.322732899338007,0.0
403063,0.0,0.0,0.0,0.0,0.0,0.0,0.0,,0.0,0.0,0.0,0.0,0.0,0.0,0.0,0.0,0.0,0.0,0.0,5.0,2.0,5.588626265525818,5.0,2.0,0.0,0.0,0.0,20.0,10.0,4.0,0.0,3563.7098999023438,566.1800003051758,15714.08984375,1492.4299926757812,16867.19970703125,52.0,66.0,6.0,3.0,3.0,4.0,0.0,0.0,0.0,0.0,0.0,0.0,0.0,12.0,0.0,0.0,0.0,0.0,0.0,0.0,0.0,43.0,0.0,11.0,31.0,21.0,20.0,20.0,23.0,0.0,0.0,0.0,0.0,0.0,12.0,2.0,1.0,1.0,31.0,0.0,1.0,0.0,17.0,4.0,314.0,125.0,3.0,2.0,5.0,41.0,30.0,18.0,48.0,0.0,0.0,155.0,140.0,0.0,0.0,24.0,0.0,0.0,3.0,46.0,94.0,49.0,0.0,311.0,128.0,0.0,0.0,0.0,0.2703892458230257,1.0,409.64515,31.36798095703125,38203.6103515625,0.0,0.0
403083,0.0,1.0,0.0,0.0,0.0,0.0,1.0,,0.0,0.0,0.0,0.0,0.0,1.0,1.0,0.0,1.0,0.0,0.0,2.0,1.0,4.502402385075887,2.0,1.0,0.0,0.0,0.0,22.0,3.0,5.0,0.0,4758.020324707031,335.4699935913086,18153.139892578125,1259.1900024414062,23530.270263671875,43.0,59.0,4.0,4.0,1.0,5.0,0.0,0.0,0.0,0.0,0.0,0.0,0.0,1.0,1.0,0.0,1.0,0.0,1.0,0.0,0.0,89.0,2.0,16.0,57.0,39.0,34.0,39.0,50.0,3.0,0.0,0.0,0.0,1.0,29.0,11.0,6.0,10.0,32.0,0.0,5.0,0.0,13.0,5.0,676.0,209.0,9.0,1.0,1.0,32.0,9.0,25.0,34.0,0.0,0.0,326.0,299.0,0.0,0.0,24.0,4.0,0.0,5.0,22.0,296.0,27.0,0.0,413.0,102.0,0.0,1.0,0.0,0.5785608440637589,0.0,534.4722666666667,32.661930084228516,48036.091796875,0.12475769221782684,3.0
403090,0.0,0.0,0.0,0.0,0.0,0.0,0.0,,0.0,0.0,0.0,0.0,0.0,0.0,0.0,0.0,0.0,0.0,0.0,0.0,0.0,0.0,0.0,0.0,0.0,0.0,0.0,0.0,0.0,0.0,0.0,0.0,0.0,0.0,0.0,0.0,0.0,0.0,0.0,0.0,0.0,0.0,,,0.0,0.0,0.0,0.0,0.0,0.0,0.0,0.0,0.0,0.0,0.0,0.0,0.0,0.0,0.0,0.0,0.0,0.0,0.0,0.0,0.0,0.0,0.0,0.0,0.0,0.0,0.0,0.0,0.0,0.0,0.0,0.0,0.0,0.0,0.0,1.0,0.0,0.0,0.0,0.0,0.0,0.0,0.0,0.0,0.0,0.0,0.0,0.0,0.0,0.0,0.0,0.0,0.0,0.0,0.0,0.0,0.0,0.0,0.0,0.0,0.0,0.0,0.0,0.0,0.0,0.0,32.81111666666666,0.0,0.0,0.0,0.0
403094,0.0,3.0,0.0,0.0,1.0,1.0,1.0,0.0,0.0,0.0,0.0,0.0,0.0,3.0,1.0,2.0,1.0,0.0,0.0,1.0,0.0,2.8043691515922546,1.0,0.0,0.0,0.0,0.0,23.0,2.0,0.0,0.0,564.3699951171875,177.99998474121094,2186.7900390625,300.8200149536133,1488.4800415039062,3.0,6.0,1.0,1.0,0.0,0.0,,,0.0,0.0,0.0,0.0,0.0,0.0,0.0,0.0,0.0,0.0,1.0,0.0,0.0,0.0,0.0,0.0,0.0,0.0,0.0,0.0,0.0,0.0,0.0,0.0,0.0,0.0,0.0,0.0,0.0,0.0,0.0,0.0,0.0,0.0,0.0,3.0,11.0,6.0,3.0,13.0,5.0,0.0,13.0,5.0,18.0,0.0,0.0,2.0,2.0,0.0,0.0,2.0,3.0,1.0,3.0,2.0,1.0,5.0,0.0,44.0,23.0,3.0,0.0,1.0,10.962891221046448,0.0,38.061983333333316,30.33389663696289,4718.4599609375,0.9212433099746704,0.0
403109,0.0,0.0,0.0,0.0,0.0,0.0,0.0,,0.0,0.0,0.0,0.0,0.0,0.0,0.0,0.0,0.0,0.0,0.0,0.0,0.0,1.0352153778076172,0.0,0.0,0.0,0.0,0.0,0.0,0.0,0.0,0.0,73.99000549316406,0.0,113.11000061035156,20.989999771118164,87.70999908447266,0.0,0.0,0.0,0.0,0.0,0.0,,,0.0,0.0,0.0,0.0,0.0,0.0,0.0,0.0,0.0,0.0,0.0,0.0,0.0,0.0,0.0,0.0,0.0,0.0,0.0,0.0,0.0,0.0,0.0,0.0,0.0,0.0,0.0,0.0,0.0,0.0,0.0,0.0,0.0,0.0,0.0,1.0,0.0,0.0,0.0,3.0,0.0,0.0,3.0,0.0,3.0,0.0,0.0,0.0,0.0,0.0,0.0,0.0,0.0,0.0,0.0,0.0,0.0,0.0,0.0,5.0,2.0,1.0,0.0,0.0,7.892109394073486,0.0,2.2258833333333286,22.11260414123535,295.79998779296875,0.0,0.0
403236,0.0,1.0,0.0,1.0,0.0,0.0,0.0,0.0,0.0,0.0,1.0,0.0,0.0,0.0,0.0,0.0,0.0,1.0,0.0,1.0,0.0,1.8642686208089192,0.0,0.0,1.0,3.0,1.0,13.0,2.0,0.0,0.0,624.530029296875,159.4199981689453,1649.5899658203125,287.7900085449219,1961.9000244140625,5.0,11.0,3.0,2.0,1.0,0.0,0.0,0.0,0.0,0.0,0.0,0.0,0.0,0.0,0.0,0.0,0.0,0.0,0.0,0.0,0.0,2.0,0.0,0.0,0.0,0.0,0.0,0.0,2.0,1.0,1.0,1.0,1.0,0.0,1.0,1.0,1.0,1.0,2.0,0.0,0.0,0.0,2.0,1.0,29.0,17.0,5.0,3.0,3.0,0.0,4.0,2.0,6.0,0.0,0.0,9.0,6.0,0.0,0.0,2.0,7.0,5.0,1.0,10.0,4.0,11.0,0.0,50.0,24.0,1.0,0.0,0.0,0.9745774865150452,0.0,50.24224999999999,30.205751419067383,4683.22998046875,0.0464879646897316,0.0
403274,0.0,1.0,0.0,0.0,0.0,0.0,0.0,0.0,0.0,0.0,1.0,0.0,0.0,0.0,0.0,1.0,0.0,1.0,0.0,2.0,2.0,5.8470762968063354,1.0,1.0,0.0,10.0,2.0,34.0,14.0,4.0,0.0,4033.6900634765625,610.2400131225586,16298.150390625,1450.9400024414062,17140.599609375,50.0,64.0,23.0,7.0,0.0,4.0,0.0,0.0,0.0,0.0,0.0,0.0,0.0,0.0,0.0,0.0,0.0,0.0,0.0,0.0,0.0,86.0,8.0,5.0,35.0,29.0,21.0,22.0,60.0,11.0,3.0,0.0,2.0,1.0,40.0,28.0,20.0,26.0,37.0,3.0,5.0,0.0,25.0,4.0,417.0,154.0,11.0,9.0,19.0,53.0,16.0,65.0,81.0,0.0,0.0,199.0,178.0,0.0,0.0,35.0,11.0,1.0,0.0,46.0,144.0,46.0,0.0,358.0,119.0,0.0,0.0,0.0,0.251358138397336,19.0,405.81909999999993,32.878456115722656,39533.6201171875,0.039300620555877686,0.0
403289,0.0,1.0,0.0,0.0,0.0,0.0,0.0,0.0,0.0,0.0,0.0,0.0,1.0,1.0,0.0,1.0,0.0,0.0,0.0,2.0,2.0,4.810913562774658,1.0,0.0,0.0,1.0,0.0,24.0,11.0,5.0,0.0,2466.0499572753906,149.57999420166016,9841.960571289062,639.2500152587891,7932.3800048828125,30.0,44.0,4.0,5.0,2.0,5.0,0.0,0.0,0.0,0.0,0.0,0.0,0.0,0.0,0.0,0.0,0.0,0.0,0.0,0.0,0.0,62.0,4.0,7.0,21.0,15.0,8.0,10.0,39.0,6.0,2.0,0.0,0.0,2.0,35.0,22.0,15.0,22.0,31.0,2.0,5.0,0.0,22.0,3.0,258.0,85.0,6.0,0.0,7.0,30.0,8.0,29.0,37.0,0.0,0.0,127.0,109.0,0.0,0.0,27.0,0.0,1.0,2.0,8.0,113.0,10.0,0.0,202.0,53.0,1.0,1.0,1.0,0.2223726622760296,4.0,208.4399,30.1994686126709,21029.220458984375,0.20353268086910248,0.0
403293,1.0,3.0,0.0,0.0,0.0,1.0,2.0,0.0,0.0,0.0,0.0,0.0,0.0,3.0,0.0,1.0,0.0,0.0,0.0,0.0,0.0,4.724312663078308,0.0,0.0,0.0,0.0,0.0,18.0,0.0,0.0,0.0,883.3600158691406,78.03999900817871,2393.0999450683594,338.8499984741211,2246.3899536132812,2.0,4.0,3.0,1.0,0.0,0.0,0.0,0.0,0.0,0.0,0.0,0.0,0.0,0.0,0.0,0.0,0.0,0.0,2.0,0.0,0.0,0.0,0.0,0.0,0.0,0.0,0.0,0.0,0.0,0.0,0.0,0.0,0.0,0.0,0.0,0.0,0.0,0.0,0.0,0.0,0.0,0.0,0.0,3.0,12.0,6.0,3.0,12.0,10.0,2.0,22.0,2.0,24.0,0.0,0.0,3.0,3.0,0.0,0.0,3.0,5.0,1.0,0.0,4.0,2.0,4.0,0.0,78.0,29.0,3.0,0.0,0.0,9.698498249053955,0.0,56.59863333333331,28.0526065826416,5939.739959716797,0.22058165818452835,0.0
403304,1.0,1.0,0.0,0.0,0.0,0.0,0.0,0.0,0.0,1.0,0.0,0.0,0.0,0.0,0.0,1.0,0.0,1.0,0.0,1.0,0.0,1.5721708536148071,1.0,0.0,0.0,0.0,0.0,49.0,3.0,1.0,0.0,1104.179931640625,181.36000061035156,2971.330078125,391.7699890136719,3160.2099609375,8.0,12.0,0.0,1.0,1.0,1.0,0.0,0.0,0.0,0.0,0.0,0.0,0.0,0.0,0.0,0.0,0.0,0.0,0.0,0.0,0.0,11.0,1.0,0.0,2.0,1.0,1.0,1.0,6.0,2.0,1.0,1.0,1.0,0.0,7.0,4.0,4.0,6.0,6.0,0.0,0.0,0.0,5.0,1.0,36.0,22.0,3.0,7.0,9.0,4.0,15.0,5.0,20.0,0.0,0.0,16.0,12.0,0.0,0.0,5.0,4.0,1.0,1.0,9.0,5.0,10.0,0.0,85.0,32.0,0.0,1.0,0.0,0.5406115055084229,0.0,77.528,31.154897689819336,7808.849609375,0.011006040498614311,0.0
403305,0.0,0.0,0.0,0.0,0.0,0.0,0.0,,0.0,0.0,0.0,0.0,0.0,0.0,0.0,0.0,0.0,0.0,0.0,0.0,0.0,0.0,0.0,0.0,0.0,0.0,0.0,0.0,0.0,0.0,0.0,0.0,0.0,0.0,0.0,0.0,0.0,0.0,0.0,0.0,0.0,0.0,,,0.0,0.0,0.0,0.0,0.0,0.0,0.0,0.0,0.0,0.0,0.0,0.0,0.0,0.0,0.0,0.0,0.0,0.0,0.0,0.0,0.0,0.0,0.0,0.0,0.0,0.0,0.0,0.0,0.0,0.0,0.0,0.0,0.0,0.0,0.0,0.0,0.0,0.0,0.0,0.0,0.0,0.0,0.0,0.0,0.0,0.0,0.0,0.0,0.0,0.0,0.0,0.0,0.0,0.0,0.0,0.0,0.0,0.0,0.0,0.0,0.0,0.0,0.0,0.0,0.0,0.0,0.0,0.0,0.0,0.0,0.0
403312,0.0,4.0,0.0,0.0,0.0,1.0,0.0,0.0,0.0,2.0,0.0,0.0,1.0,3.0,2.0,1.0,2.0,1.0,0.0,1.0,0.0,5.669818719228108,1.0,0.0,0.0,1.0,1.0,23.0,5.0,4.0,0.0,2772.4098510742188,387.12001037597656,9589.150146484375,1075.3599548339844,11383.7001953125,24.0,38.0,7.0,1.0,0.0,4.0,0.0,0.0,0.0,0.0,0.0,0.0,0.0,0.0,1.0,0.0,1.0,0.0,1.0,0.0,0.0,45.0,3.0,6.0,20.0,11.0,6.0,11.0,26.0,3.0,2.0,0.0,0.0,0.0,22.0,13.0,8.0,13.0,25.0,2.0,3.0,0.0,12.0,3.0,212.0,88.0,6.0,4.0,2.0,24.0,15.0,15.0,30.0,0.0,0.0,99.0,81.0,0.0,0.0,15.0,2.0,2.0,3.0,12.0,84.0,15.0,0.0,252.0,89.0,0.0,1.0,0.0,0.21546466648578644,2.0,268.4348,31.571008682250977,25207.740234375,0.9340014327317476,1.0
403319,0.0,1.0,0.0,1.0,0.0,0.0,0.0,,0.0,0.0,1.0,0.0,0.0,0.0,0.0,0.0,0.0,1.0,0.0,12.0,1.0,7.143174489339192,12.0,0.0,0.0,1.0,0.0,106.0,19.0,1.0,0.0,6304.779968261719,470.080020904541,11574.080322265625,2038.2899169921875,7651.0699462890625,66.0,86.0,8.0,7.0,2.0,1.0,0.0,0.0,0.0,0.0,0.0,0.0,0.0,0.0,0.0,0.0,0.0,0.0,0.0,0.0,0.0,27.0,1.0,1.0,7.0,6.0,5.0,5.0,19.0,2.0,1.0,1.0,1.0,0.0,18.0,12.0,11.0,16.0,20.0,0.0,1.0,0.0,13.0,3.0,240.0,102.0,4.0,3.0,31.0,56.0,56.0,34.0,90.0,0.0,0.0,107.0,92.0,0.0,0.0,39.0,12.0,0.0,8.0,52.0,58.0,60.0,0.0,499.0,150.0,1.0,1.0,5.0,0.14273864217102528,0.0,230.94581666666667,31.375871658325195,28038.30126953125,0.010233117267489433,1.0
403335,0.0,0.0,0.0,0.0,0.0,0.0,0.0,0.0,0.0,0.0,0.0,0.0,0.0,0.0,0.0,0.0,0.0,0.0,0.0,3.0,0.0,5.619958718617757,2.0,0.0,0.0,0.0,0.0,26.0,7.0,3.0,0.0,2551.519989013672,263.52002716064453,10355.040405273438,827.2800064086914,8704.610473632812,29.0,43.0,5.0,0.0,1.0,3.0,0.0,0.0,0.0,0.0,0.0,0.0,0.0,0.0,0.0,0.0,0.0,0.0,0.0,0.0,0.0,31.0,2.0,2.0,18.0,9.0,9.0,14.0,14.0,2.0,0.0,0.0,0.0,0.0,11.0,5.0,5.0,7.0,20.0,0.0,0.0,0.0,8.0,3.0,184.0,75.0,1.0,0.0,1.0,18.0,10.0,9.0,19.0,0.0,1.0,87.0,71.0,0.0,0.0,5.0,1.0,0.0,2.0,22.0,61.0,24.0,0.0,252.0,67.0,0.0,1.0,0.0,0.18068370502442122,1.0,237.72068333333334,32.15462112426758,22701.968505859375,0.0,0.0
403585,3.0,5.0,0.0,1.0,0.0,0.0,0.0,0.0,0.0,1.0,4.0,0.0,0.0,2.0,0.0,4.0,0.0,3.0,0.0,12.0,1.0,6.342100429534912,9.0,1.0,14.0,34.0,11.0,75.0,13.0,7.0,0.0,6637.3699951171875,624.4399681091309,21798.7900390625,2620.1300354003906,18616.05908203125,134.0,183.0,6.0,3.0,5.0,7.0,0.0,0.0,0.0,0.0,0.0,0.0,0.0,0.0,0.0,0.0,0.0,0.0,0.0,0.0,0.0,89.0,9.0,4.0,19.0,11.0,5.0,6.0,46.0,17.0,8.0,4.0,7.0,1.0,53.0,27.0,21.0,39.0,61.0,4.0,2.0,0.0,32.0,5.0,477.0,209.0,32.0,57.0,100.0,41.0,74.0,124.0,198.0,1.0,0.0,201.0,163.0,0.0,0.0,76.0,82.0,3.0,8.0,94.0,121.0,102.0,0.0,567.0,185.0,0.0,2.0,7.0,2.163157120347023,6.0,476.7946333333333,33.212284088134766,50296.7900390625,0.277822682633996,0.0
403596,1.0,1.0,0.0,0.0,0.0,0.0,0.0,0.0,0.0,0.0,1.0,0.0,0.0,1.0,1.0,0.0,1.0,0.0,0.0,8.0,0.0,5.2569023132324215,3.0,0.0,0.0,5.0,1.0,87.0,21.0,1.0,0.0,5791.369873046875,1373.7399597167969,17779.98046875,2609.39013671875,15065.479736328125,57.0,72.0,16.0,5.0,1.0,1.0,,,0.0,0.0,0.0,0.0,0.0,0.0,0.0,0.0,0.0,0.0,0.0,0.0,0.0,39.0,0.0,5.0,15.0,14.0,10.0,10.0,34.0,1.0,0.0,0.0,1.0,0.0,23.0,20.0,16.0,18.0,19.0,0.0,4.0,0.0,17.0,4.0,270.0,121.0,12.0,54.0,43.0,39.0,31.0,105.0,136.0,1.0,0.0,131.0,121.0,0.0,0.0,28.0,25.0,3.0,2.0,36.0,81.0,38.0,0.0,485.0,223.0,0.0,1.0,0.0,1.2672579288482666,26.0,388.0640000000001,32.645294189453125,42619.9609375,0.039362870156764984,1.0
403616,0.0,4.0,0.0,1.0,0.0,0.0,0.0,0.0,0.0,0.0,3.0,1.0,0.0,1.0,1.0,1.0,2.0,3.0,1.0,2.0,4.0,6.151861190795898,2.0,4.0,0.0,3.0,0.0,95.0,22.0,8.0,0.0,4800.5198974609375,450.9099884033203,13773.75,1623.6800231933594,10333.659912109375,110.0,125.0,13.0,3.0,6.0,8.0,0.0,0.0,0.0,0.0,0.0,0.0,0.0,0.0,1.0,0.0,1.0,0.0,0.0,0.0,0.0,80.0,4.0,9.0,31.0,23.0,16.0,18.0,58.0,6.0,3.0,0.0,0.0,2.0,43.0,32.0,24.0,28.0,38.0,2.0,5.0,1.0,25.0,3.0,428.0,162.0,14.0,13.0,50.0,81.0,89.0,55.0,144.0,0.0,0.0,196.0,176.0,1.0,1.0,74.0,12.0,1.0,4.0,83.0,121.0,87.0,0.0,423.0,121.0,0.0,0.0,1.0,0.6607336550951004,2.0,301.99760000000003,31.37859344482422,30982.51953125,0.83683667704463,2.0
403642,0.0,1.0,0.0,0.0,0.0,0.0,0.0,0.0,0.0,0.0,1.0,0.0,0.0,0.0,0.0,1.0,0.0,1.0,0.0,17.0,1.0,5.933745622634888,13.0,1.0,2.0,10.0,4.0,44.0,13.0,7.0,0.0,5348.929931640625,794.1499786376953,19882.43994140625,2217.6300659179688,17214.319091796875,144.0,175.0,7.0,4.0,6.0,7.0,0.0,0.0,0.0,0.0,0.0,0.0,0.0,0.0,0.0,0.0,0.0,0.0,0.0,0.0,0.0,85.0,2.0,9.0,24.0,15.0,11.0,13.0,62.0,4.0,3.0,2.0,2.0,0.0,57.0,44.0,40.0,46.0,55.0,1.0,3.0,0.0,39.0,4.0,588.0,220.0,17.0,19.0,23.0,27.0,13.0,56.0,69.0,0.0,0.0,283.0,255.0,0.0,0.0,38.0,36.0,3.0,5.0,121.0,142.0,126.0,0.0,467.0,164.0,0.0,0.0,6.0,0.30034561455249786,25.0,459.91824999999994,32.752994537353516,45457.4697265625,0.04047199338674545,0.0
404319,0.0,3.0,0.0,2.0,1.0,0.0,0.0,0.0,0.0,0.0,2.0,0.0,0.0,2.0,0.0,1.0,0.0,1.0,0.0,1.0,0.0,3.7435765266418457,1.0,0.0,1.0,5.0,2.0,40.0,2.0,2.0,0.0,2129.2100219726562,250.54999542236328,5063.6600341796875,778.239990234375,3238.7301025390625,25.0,34.0,5.0,1.0,0.0,2.0,,,0.0,0.0,0.0,0.0,0.0,0.0,0.0,0.0,0.0,0.0,0.0,0.0,0.0,6.0,0.0,2.0,2.0,0.0,0.0,0.0,1.0,0.0,0.0,0.0,0.0,0.0,4.0,1.0,1.0,2.0,4.0,0.0,0.0,0.0,0.0,2.0,80.0,36.0,8.0,14.0,32.0,5.0,27.0,24.0,51.0,0.0,0.0,31.0,27.0,0.0,0.0,13.0,15.0,2.0,2.0,28.0,8.0,30.0,0.0,183.0,58.0,2.0,0.0,1.0,1.626541793346405,0.0,90.67051666666669,30.186803817749023,11460.39013671875,0.10626549273729324,0.0
404353,0.0,6.0,0.0,1.0,2.0,0.0,0.0,1.0,1.0,0.0,3.0,0.0,0.0,5.0,2.0,3.0,2.0,1.0,0.0,24.0,0.0,6.380283713340759,12.0,0.0,1.0,11.0,2.0,84.0,15.0,1.0,0.0,6099.059814453125,1733.8399658203125,13004.98095703125,2896.3700561523438,14325.77978515625,113.0,167.0,10.0,3.0,2.0,1.0,0.0,0.0,0.0,0.0,0.0,0.0,0.0,0.0,1.0,0.0,1.0,0.0,0.0,0.0,0.0,41.0,2.0,0.0,5.0,4.0,3.0,3.0,22.0,9.0,4.0,2.0,6.0,1.0,27.0,14.0,12.0,24.0,28.0,1.0,0.0,1.0,10.0,4.0,439.0,176.0,16.0,55.0,73.0,20.0,36.0,112.0,148.0,1.0,0.0,189.0,161.0,0.0,0.0,63.0,94.0,2.0,8.0,114.0,99.0,122.0,0.0,477.0,221.0,0.0,2.0,7.0,4.060631513595581,2.0,360.78805000000006,34.41828536987305,38060.0302734375,1.5747145526111126,0.0
404645,0.0,0.0,0.0,0.0,0.0,0.0,0.0,0.0,0.0,0.0,0.0,0.0,0.0,0.0,0.0,0.0,0.0,0.0,0.0,2.0,2.0,5.688752333323161,2.0,2.0,0.0,2.0,0.0,101.0,17.0,7.0,0.0,9145.650024414062,752.6000061035156,29302.8896484375,2737.6700134277344,21144.441162109375,192.0,203.0,9.0,6.0,2.0,10.0,0.0,0.0,0.0,0.0,0.0,0.0,0.0,0.0,0.0,0.0,0.0,0.0,0.0,3.0,0.0,93.0,3.0,4.0,30.0,28.0,23.0,23.0,86.0,4.0,3.0,1.0,1.0,0.0,59.0,55.0,50.0,52.0,42.0,2.0,3.0,0.0,38.0,5.0,891.0,252.0,21.0,2.0,48.0,117.0,122.0,45.0,167.0,0.0,0.0,425.0,412.0,0.0,0.0,98.0,27.0,1.0,8.0,108.0,310.0,116.0,0.0,770.0,192.0,0.0,0.0,1.0,0.41234762966632843,3.0,554.9256166666667,33.09673309326172,63083.25,0.0,0.0
404885,0.0,1.0,0.0,0.0,0.0,1.0,0.0,1.0,0.0,0.0,0.0,0.0,0.0,1.0,0.0,1.0,0.0,0.0,0.0,0.0,0.0,7.016007741292317,0.0,0.0,0.0,0.0,0.0,42.0,5.0,1.0,0.0,3169.829833984375,196.94001007080078,8710.490356445312,941.7199859619141,4919.839782714844,13.0,21.0,4.0,3.0,1.0,1.0,0.0,0.0,0.0,0.0,0.0,0.0,0.0,0.0,0.0,0.0,0.0,0.0,0.0,0.0,0.0,16.0,1.0,1.0,4.0,3.0,2.0,2.0,12.0,2.0,1.0,0.0,0.0,1.0,10.0,8.0,6.0,7.0,6.0,0.0,1.0,1.0,3.0,3.0,99.0,45.0,2.0,3.0,16.0,8.0,20.0,7.0,27.0,2.0,0.0,44.0,35.0,0.0,0.0,10.0,5.0,0.0,2.0,15.0,30.0,17.0,0.0,264.0,57.0,2.0,1.0,0.0,3.079863101243973,0.0,152.65538333333333,28.511974334716797,17938.819580078125,0.1244342029094696,0.0
405175,0.0,5.0,0.0,1.0,0.0,1.0,0.0,0.0,0.0,0.0,4.0,0.0,0.0,0.0,0.0,2.0,1.0,5.0,1.0,0.0,0.0,3.37320339679718,0.0,0.0,0.0,0.0,0.0,28.0,1.0,1.0,0.0,2095.560089111328,271.2000045776367,4742.4798583984375,773.7899932861328,3744.679931640625,25.0,35.0,3.0,1.0,0.0,1.0,0.0,0.0,0.0,0.0,0.0,0.0,0.0,0.0,0.0,0.0,0.0,0.0,0.0,0.0,0.0,8.0,0.0,1.0,4.0,3.0,2.0,3.0,5.0,2.0,0.0,0.0,2.0,0.0,2.0,2.0,1.0,1.0,6.0,0.0,1.0,0.0,4.0,2.0,106.0,41.0,8.0,4.0,16.0,4.0,18.0,6.0,24.0,0.0,0.0,45.0,38.0,0.0,0.0,9.0,6.0,1.0,1.0,28.0,23.0,29.0,0.0,168.0,54.0,1.0,1.0,0.0,0.6813928484916687,0.0,103.66388333333335,31.836753845214844,11627.70947265625,0.3966021444648504,1.0
405178,0.0,1.0,0.0,0.0,0.0,0.0,0.0,1.0,0.0,0.0,0.0,0.0,0.0,1.0,1.0,0.0,1.0,0.0,0.0,17.0,8.0,5.604479074478149,17.0,8.0,0.0,0.0,0.0,44.0,21.0,7.0,0.0,7261.420166015625,901.2899780273438,25775.1796875,2272.6800842285156,26450.5693359375,199.0,233.0,15.0,4.0,4.0,12.0,0.0,0.0,0.0,0.0,0.0,0.0,0.0,14.0,0.0,0.0,0.0,0.0,0.0,5.0,0.0,148.0,7.0,16.0,89.0,80.0,61.0,66.0,130.0,8.0,7.0,0.0,0.0,1.0,51.0,43.0,23.0,27.0,66.0,6.0,13.0,1.0,58.0,6.0,999.0,356.0,26.0,2.0,6.0,100.0,56.0,52.0,108.0,0.0,0.0,479.0,444.0,0.0,0.0,66.0,4.0,1.0,6.0,69.0,383.0,75.0,0.0,631.0,187.0,0.0,0.0,0.0,0.49368096701800823,0.0,673.6380666666668,33.47406005859375,62661.1396484375,0.184045672416687,0.0
405263,0.0,1.0,0.0,0.0,0.0,1.0,0.0,0.0,0.0,0.0,0.0,0.0,0.0,1.0,0.0,1.0,0.0,0.0,0.0,6.0,1.0,5.48259961605072,5.0,1.0,0.0,1.0,0.0,23.0,8.0,2.0,0.0,2970.529998779297,357.6100015640259,10163.9599609375,1148.900032043457,11044.710083007812,37.0,55.0,2.0,1.0,2.0,4.0,0.0,0.0,0.0,0.0,0.0,0.0,0.0,0.0,0.0,0.0,0.0,0.0,1.0,2.0,0.0,55.0,0.0,9.0,34.0,24.0,20.0,25.0,36.0,1.0,0.0,0.0,0.0,1.0,20.0,12.0,8.0,10.0,29.0,0.0,4.0,0.0,15.0,4.0,349.0,111.0,5.0,1.0,2.0,22.0,10.0,15.0,25.0,0.0,0.0,164.0,147.0,0.0,0.0,10.0,6.0,1.0,6.0,22.0,138.0,28.0,0.0,266.0,95.0,2.0,0.0,2.0,0.16655470244586468,1.0,284.35603333333336,31.836801528930664,25685.708740234375,0.06044347956776619,0.0
405454,0.0,7.0,0.0,1.0,0.0,0.0,0.0,0.0,0.0,3.0,4.0,0.0,0.0,5.0,4.0,1.0,5.0,2.0,1.0,15.0,2.0,6.8773830731709795,9.0,1.0,0.0,1.0,0.0,152.0,18.0,2.0,0.0,5286.0599365234375,909.7100372314453,14440.36962890625,2245.75,10548.41015625,65.0,97.0,19.0,3.0,2.0,2.0,0.0,0.0,0.0,0.0,0.0,0.0,0.0,0.0,3.0,0.0,3.0,0.0,0.0,0.0,0.0,44.0,3.0,4.0,11.0,7.0,2.0,4.0,33.0,5.0,1.0,0.0,2.0,0.0,28.0,25.0,20.0,21.0,31.0,1.0,4.0,0.0,21.0,3.0,236.0,109.0,13.0,36.0,101.0,25.0,100.0,62.0,162.0,0.0,0.0,99.0,85.0,0.0,0.0,44.0,35.0,2.0,2.0,70.0,42.0,72.0,0.0,460.0,178.0,0.0,1.0,4.0,1.552158385515213,5.0,291.59950000000003,31.595182418823242,33430.298828125,0.8625682815909386,1.0
405469,0.0,1.0,0.0,1.0,0.0,0.0,0.0,0.0,0.0,0.0,1.0,0.0,0.0,1.0,1.0,0.0,1.0,0.0,0.0,8.0,0.0,6.672801335652669,6.0,0.0,2.0,6.0,1.0,59.0,8.0,0.0,0.0,4007.5198974609375,446.91998291015625,11336.56005859375,1639.5299682617188,8914.27001953125,48.0,69.0,9.0,1.0,5.0,0.0,0.0,0.0,0.0,0.0,0.0,0.0,0.0,0.0,0.0,0.0,0.0,0.0,0.0,0.0,0.0,38.0,3.0,5.0,15.0,10.0,7.0,7.0,25.0,4.0,1.0,0.0,1.0,0.0,19.0,14.0,11.0,11.0,27.0,1.0,2.0,0.0,17.0,3.0,197.0,94.0,5.0,31.0,34.0,9.0,13.0,61.0,74.0,0.0,0.0,88.0,75.0,0.0,0.0,23.0,25.0,1.0,1.0,41.0,46.0,42.0,0.0,350.0,111.0,0.0,3.0,2.0,0.3802405744791031,14.0,237.32469999999998,29.716388702392578,26344.7998046875,0.02048644796013832,0.0
405522,1.0,5.0,0.0,1.0,0.0,1.0,1.0,0.0,0.0,0.0,3.0,0.0,0.0,2.0,1.0,2.0,2.0,3.0,1.0,10.0,0.0,6.716113924980164,6.0,0.0,0.0,9.0,3.0,80.0,11.0,0.0,0.0,5967.809814453125,612.7399826049805,15321.570068359375,2205.409942626953,12838.48974609375,69.0,99.0,9.0,3.0,1.0,0.0,0.0,0.0,0.0,0.0,0.0,0.0,0.0,0.0,1.0,0.0,0.0,1.0,0.0,0.0,0.0,35.0,3.0,0.0,7.0,6.0,3.0,4.0,29.0,10.0,8.0,4.0,6.0,1.0,18.0,15.0,11.0,14.0,18.0,3.0,0.0,1.0,13.0,4.0,272.0,119.0,15.0,52.0,85.0,18.0,32.0,123.0,155.0,1.0,0.0,117.0,100.0,0.0,0.0,57.0,56.0,4.0,5.0,67.0,60.0,72.0,0.0,497.0,180.0,0.0,3.0,5.0,1.1910546720027924,8.0,330.25921666666665,33.14606475830078,36946.01953125,0.16725378576666117,0.0
405527,0.0,0.0,0.0,0.0,0.0,0.0,0.0,,0.0,0.0,0.0,0.0,0.0,0.0,0.0,0.0,0.0,0.0,0.0,0.0,0.0,3.0452593564987183,0.0,0.0,0.0,0.0,0.0,3.0,2.0,0.0,0.0,1257.4600524902344,109.19000339508057,4188.439758300781,326.86000061035156,3830.9599609375,7.0,14.0,1.0,1.0,0.0,0.0,,,0.0,0.0,0.0,0.0,0.0,0.0,0.0,0.0,0.0,0.0,0.0,0.0,0.0,22.0,2.0,4.0,9.0,4.0,2.0,3.0,10.0,2.0,0.0,0.0,0.0,0.0,11.0,6.0,4.0,5.0,15.0,0.0,2.0,0.0,6.0,2.0,107.0,35.0,1.0,1.0,0.0,6.0,4.0,3.0,7.0,0.0,0.0,50.0,42.0,0.0,0.0,3.0,2.0,0.0,1.0,8.0,43.0,9.0,0.0,105.0,26.0,1.0,1.0,0.0,0.0920830462127924,0.0,97.65581666666665,29.204425811767578,9712.909912109375,0.0,0.0
405528,0.0,2.0,0.0,0.0,0.0,0.0,1.0,0.0,0.0,0.0,1.0,0.0,0.0,1.0,1.0,0.0,2.0,1.0,1.0,1.0,2.0,6.276147842407227,1.0,1.0,0.0,5.0,1.0,36.0,4.0,2.0,0.0,2227.550033569336,266.11000061035156,7866.96044921875,968.8400344848633,7438.149475097656,29.0,43.0,5.0,3.0,1.0,2.0,0.0,0.0,0.0,0.0,0.0,0.0,0.0,0.0,0.0,0.0,0.0,0.0,0.0,0.0,0.0,36.0,3.0,4.0,13.0,4.0,2.0,6.0,14.0,4.0,1.0,0.0,1.0,0.0,19.0,9.0,7.0,12.0,21.0,1.0,1.0,0.0,8.0,4.0,153.0,72.0,4.0,13.0,20.0,7.0,12.0,28.0,40.0,0.0,0.0,73.0,52.0,0.0,0.0,11.0,18.0,4.0,0.0,32.0,37.0,32.0,0.0,195.0,72.0,3.0,0.0,1.0,0.9191334247589111,12.0,181.66254999999998,32.627925872802734,18767.610107421875,0.09128325060009956,0.0
405530,0.0,0.0,0.0,0.0,0.0,0.0,0.0,,0.0,0.0,0.0,0.0,0.0,0.0,0.0,0.0,0.0,0.0,0.0,0.0,0.0,3.021472990512848,0.0,0.0,0.0,0.0,0.0,0.0,0.0,3.0,0.0,350.1100082397461,7.21999979019165,5453.4500732421875,59.33999514579773,14563.14013671875,8.0,15.0,0.0,0.0,1.0,7.0,0.0,0.0,78.0,64.0,2.133333384990692,17.0,12.0,7.0,0.0,0.0,0.0,0.0,0.0,4.0,0.0,77.0,6.0,17.0,39.0,20.0,13.0,16.0,29.0,6.0,1.0,0.0,0.0,0.0,32.0,8.0,1.0,9.0,25.0,1.0,6.0,0.0,10.0,4.0,204.0,118.0,11.0,0.0,0.0,20.0,14.0,6.0,20.0,0.0,0.0,109.0,76.0,0.0,0.0,13.0,0.0,0.0,0.0,1.0,75.0,1.0,0.0,38.0,5.0,0.0,0.0,0.0,0.1320169512182474,0.0,405.81909999999993,25.6711483001709,20433.25927734375,0.0,0.0
405545,1.0,14.0,0.0,2.0,1.0,2.0,1.0,0.0,0.0,1.0,8.0,0.0,1.0,13.0,4.0,8.0,4.0,1.0,0.0,11.0,0.0,6.3754079937934875,5.0,0.0,0.0,6.0,0.0,94.0,11.0,0.0,0.0,3955.0699768066406,990.7000007629395,12482.540100097656,2110.8400802612305,16436.649536132812,42.0,81.0,8.0,6.0,4.0,0.0,0.0,0.0,0.0,0.0,0.0,0.0,0.0,0.0,1.0,0.0,1.0,0.0,5.0,0.0,0.0,23.0,2.0,0.0,2.0,1.0,0.0,0.0,12.0,12.0,6.0,4.0,8.0,2.0,9.0,5.0,3.0,5.0,11.0,1.0,0.0,1.0,6.0,8.0,251.0,127.0,22.0,118.0,96.0,29.0,204.0,39.0,243.0,3.0,0.0,86.0,63.0,0.0,0.0,50.0,96.0,12.0,19.0,51.0,65.0,70.0,0.0,345.0,197.0,7.0,1.0,2.0,22.364341616630554,1.0,349.2808333333333,33.557193756103516,35975.801025390625,2.7197604179382324,1.0
405562,0.0,0.0,0.0,0.0,0.0,0.0,0.0,,0.0,0.0,0.0,0.0,0.0,0.0,0.0,0.0,0.0,0.0,0.0,0.0,1.0,0.6818937659263611,0.0,1.0,0.0,0.0,0.0,1.0,1.0,1.0,0.0,211.36000061035156,0.0,1184.830078125,86.72000122070312,1213.9599609375,1.0,1.0,1.0,1.0,0.0,1.0,,,0.0,0.0,0.0,0.0,0.0,0.0,0.0,0.0,0.0,0.0,0.0,0.0,0.0,3.0,0.0,0.0,2.0,2.0,2.0,2.0,2.0,0.0,0.0,0.0,0.0,0.0,1.0,0.0,0.0,1.0,1.0,0.0,0.0,0.0,1.0,1.0,22.0,11.0,3.0,0.0,0.0,1.0,1.0,0.0,1.0,0.0,0.0,11.0,10.0,0.0,0.0,1.0,0.0,0.0,0.0,0.0,10.0,0.0,0.0,23.0,6.0,1.0,0.0,0.0,0.030026664957404137,0.0,29.499849999999995,25.081615447998047,2696.8701171875,0.0,0.0
405639,0.0,1.0,0.0,1.0,0.0,0.0,0.0,0.0,0.0,0.0,1.0,0.0,0.0,1.0,0.0,0.0,0.0,0.0,0.0,2.0,1.0,4.821907202402751,1.0,1.0,0.0,0.0,0.0,13.0,3.0,0.0,0.0,564.7200012207031,67.23000288009644,1448.4500122070312,240.58000946044922,879.0800170898438,8.0,14.0,3.0,0.0,0.0,0.0,0.0,0.0,0.0,0.0,0.0,0.0,0.0,0.0,0.0,0.0,0.0,0.0,0.0,0.0,0.0,8.0,1.0,0.0,1.0,0.0,0.0,0.0,4.0,3.0,2.0,1.0,1.0,1.0,4.0,2.0,1.0,2.0,5.0,0.0,0.0,1.0,4.0,2.0,33.0,16.0,2.0,4.0,9.0,2.0,8.0,7.0,15.0,0.0,0.0,14.0,10.0,0.0,0.0,4.0,3.0,0.0,1.0,7.0,8.0,8.0,0.0,47.0,17.0,2.0,0.0,0.0,0.8443252444267273,1.0,26.526600000000002,29.038951873779297,3200.0599365234375,0.0911804810166359,0.0
405742,1.0,17.0,0.0,2.0,4.0,0.0,2.0,0.0,0.0,0.0,10.0,0.0,0.0,14.0,9.0,4.0,11.0,3.0,2.0,53.0,4.0,5.68139009475708,26.0,4.0,2.0,15.0,6.0,172.0,10.0,2.0,0.0,6015.829833984375,1582.0400085449219,14364.039794921875,2978.3699951171875,22908.28955078125,111.0,187.0,24.0,4.0,10.0,2.0,0.0,0.0,0.0,0.0,0.0,0.0,0.0,0.0,4.0,0.0,4.0,0.0,1.0,0.0,0.0,49.0,1.0,0.0,3.0,2.0,1.0,2.0,33.0,21.0,16.0,14.0,17.0,3.0,25.0,15.0,13.0,21.0,40.0,1.0,0.0,1.0,28.0,5.0,397.0,183.0,37.0,104.0,130.0,29.0,113.0,150.0,263.0,3.0,0.0,142.0,116.0,0.0,0.0,98.0,93.0,17.0,8.0,103.0,108.0,111.0,0.0,514.0,253.0,0.0,1.0,23.0,8.12380301952362,1.0,505.95831666666675,34.140018463134766,47848.5693359375,3.2448049187660217,0.0
405755,0.0,6.0,0.0,0.0,1.0,0.0,1.0,0.0,0.0,3.0,1.0,0.0,0.0,3.0,1.0,3.0,3.0,3.0,2.0,7.0,2.0,4.049155044555664,5.0,2.0,0.0,3.0,0.0,41.0,5.0,0.0,0.0,1655.4298553466797,224.92000198364258,4122.5902099609375,911.8499908447266,3731.070037841797,15.0,27.0,5.0,2.0,3.0,0.0,0.0,0.0,0.0,0.0,0.0,0.0,0.0,0.0,1.0,0.0,1.0,0.0,1.0,0.0,0.0,11.0,2.0,0.0,3.0,2.0,1.0,1.0,6.0,2.0,1.0,0.0,0.0,0.0,6.0,3.0,2.0,4.0,7.0,1.0,0.0,0.0,3.0,3.0,59.0,28.0,9.0,16.0,21.0,0.0,16.0,21.0,37.0,2.0,0.0,18.0,12.0,0.0,0.0,11.0,13.0,2.0,4.0,10.0,18.0,14.0,0.0,143.0,67.0,3.0,0.0,5.0,4.5983827114105225,0.0,98.95519999999998,29.847793579101562,10645.859741210938,0.6399319767951965,0.0
405841,0.0,1.0,0.0,0.0,0.0,0.0,1.0,0.0,0.0,0.0,0.0,0.0,0.0,1.0,0.0,0.0,0.0,0.0,0.0,13.0,4.0,5.823341727256775,13.0,3.0,0.0,0.0,0.0,32.0,7.0,18.0,0.0,7420.060089111328,957.2100133895874,31544.19842529297,2583.5699615478516,28476.53057861328,86.0,105.0,8.0,4.0,13.0,25.0,0.0,0.0,0.0,0.0,0.0,0.0,0.0,12.0,0.0,0.0,0.0,0.0,1.0,7.0,0.0,125.0,8.0,7.0,67.0,60.0,49.0,52.0,107.0,10.0,7.0,0.0,0.0,2.0,48.0,40.0,27.0,31.0,31.0,5.0,6.0,2.0,24.0,8.0,1077.0,333.0,14.0,2.0,2.0,99.0,50.0,53.0,103.0,0.0,0.0,532.0,514.0,0.0,0.0,55.0,3.0,0.0,5.0,40.0,462.0,45.0,0.0,660.0,203.0,1.0,1.0,2.0,0.5826711123809218,1.0,761.0425166666666,32.90412902832031,70981.5703125,0.15028518438339233,1.0
405873,0.0,0.0,0.0,0.0,0.0,0.0,0.0,,0.0,0.0,0.0,0.0,0.0,0.0,0.0,0.0,0.0,0.0,0.0,0.0,0.0,2.9280168414115906,0.0,0.0,0.0,0.0,0.0,0.0,0.0,7.0,0.0,216.8000030517578,5.179999828338623,3689.2599487304688,105.419997215271,15949.37060546875,12.0,20.0,0.0,0.0,3.0,10.0,0.0,0.0,84.0,68.0,2.0476190745830536,11.0,8.0,8.0,0.0,0.0,0.0,0.0,0.0,3.0,0.0,88.0,1.0,26.0,53.0,30.0,18.0,26.0,44.0,1.0,1.0,0.0,0.0,0.0,34.0,13.0,1.0,7.0,21.0,1.0,11.0,0.0,12.0,4.0,216.0,124.0,6.0,0.0,0.0,17.0,12.0,5.0,17.0,0.0,0.0,114.0,74.0,0.0,0.0,10.0,0.0,0.0,0.0,3.0,78.0,3.0,0.0,16.0,5.0,0.0,0.0,0.0,0.16752514988183975,0.0,408.92733333333337,26.169952392578125,19966.0302734375,0.0,0.0
405877,0.0,3.0,0.0,0.0,0.0,0.0,0.0,0.0,0.0,0.0,2.0,0.0,0.0,2.0,1.0,1.0,2.0,1.0,1.0,2.0,0.0,6.173721432685852,1.0,0.0,0.0,1.0,0.0,126.0,12.0,0.0,0.0,3884.0698852539062,312.070032119751,10588.050048828125,1673.6300048828125,11330.05029296875,35.0,46.0,7.0,1.0,1.0,0.0,0.0,0.0,0.0,0.0,0.0,0.0,0.0,0.0,1.0,0.0,1.0,0.0,0.0,0.0,0.0,2.0,0.0,0.0,0.0,0.0,0.0,0.0,1.0,0.0,0.0,0.0,0.0,0.0,2.0,1.0,1.0,2.0,2.0,0.0,0.0,0.0,1.0,4.0,137.0,64.0,10.0,69.0,107.0,12.0,139.0,49.0,188.0,0.0,0.0,58.0,51.0,0.0,0.0,40.0,40.0,3.0,3.0,37.0,28.0,40.0,0.0,355.0,131.0,1.0,3.0,1.0,11.556740760803223,0.0,270.77358333333336,29.54066276550293,27787.869384765625,0.6216225028038025,0.0
405879,0.0,5.0,0.0,1.0,0.0,0.0,0.0,1.0,0.0,1.0,3.0,0.0,0.0,2.0,1.0,2.0,2.0,3.0,1.0,2.0,0.0,6.780791441599528,0.0,0.0,0.0,0.0,0.0,88.0,1.0,0.0,0.0,3298.6400146484375,624.6700134277344,8665.040283203125,1430.1300048828125,8681.11962890625,12.0,21.0,7.0,3.0,2.0,0.0,0.0,0.0,0.0,0.0,0.0,0.0,0.0,0.0,1.0,0.0,0.0,1.0,1.0,0.0,0.0,8.0,0.0,1.0,1.0,0.0,0.0,0.0,6.0,1.0,1.0,1.0,1.0,0.0,6.0,5.0,5.0,5.0,5.0,0.0,0.0,0.0,5.0,3.0,64.0,39.0,7.0,34.0,18.0,3.0,44.0,11.0,55.0,1.0,0.0,21.0,18.0,0.0,0.0,9.0,18.0,1.0,9.0,13.0,13.0,22.0,0.0,287.0,110.0,1.0,2.0,0.0,5.749718010425568,0.0,201.41621666666666,33.68587112426758,22699.599609375,0.14990947302430868,0.0
405881,0.0,0.0,0.0,0.0,0.0,0.0,0.0,,0.0,0.0,0.0,0.0,0.0,0.0,0.0,0.0,0.0,0.0,0.0,4.0,1.0,2.180777072906494,4.0,1.0,0.0,0.0,0.0,31.0,13.0,2.0,0.0,3109.5899658203125,453.1599807739258,10595.080078125,1117.6000061035156,11230.30029296875,24.0,28.0,1.0,5.0,0.0,2.0,,,0.0,0.0,0.0,0.0,0.0,8.0,0.0,0.0,0.0,0.0,0.0,0.0,0.0,32.0,0.0,4.0,22.0,18.0,15.0,18.0,27.0,0.0,0.0,0.0,0.0,0.0,10.0,9.0,6.0,6.0,8.0,0.0,3.0,0.0,5.0,3.0,262.0,106.0,12.0,1.0,2.0,20.0,11.0,12.0,23.0,1.0,0.0,130.0,125.0,0.0,0.0,14.0,0.0,0.0,0.0,10.0,112.0,10.0,0.0,280.0,93.0,1.0,0.0,2.0,0.44746918231248856,0.0,276.5174833333333,33.731632232666016,26505.73046875,0.0,0.0
405893,1.0,3.0,0.0,0.0,0.0,1.0,0.0,0.0,0.0,0.0,2.0,0.0,0.0,1.0,0.0,3.0,0.0,2.0,0.0,1.0,2.0,3.316187262535095,1.0,2.0,0.0,2.0,0.0,68.0,20.0,8.0,0.0,7620.260009765625,477.1299934387207,18125.159912109375,2070.6099243164062,16789.66015625,93.0,107.0,23.0,4.0,3.0,12.0,0.0,0.0,0.0,0.0,0.0,0.0,0.0,0.0,0.0,0.0,0.0,0.0,0.0,4.0,0.0,52.0,0.0,5.0,27.0,26.0,22.0,22.0,46.0,1.0,1.0,0.0,0.0,1.0,24.0,19.0,14.0,18.0,27.0,0.0,4.0,1.0,22.0,4.0,537.0,191.0,21.0,2.0,35.0,141.0,137.0,41.0,178.0,0.0,0.0,254.0,239.0,0.0,0.0,83.0,8.0,1.0,7.0,57.0,185.0,64.0,0.0,637.0,155.0,0.0,0.0,0.0,0.4442046284675598,1.0,407.2889666666666,31.407251358032227,45082.818359375,0.10632163845002651,1.0
405920,0.0,8.0,0.0,0.0,2.0,0.0,0.0,0.0,0.0,2.0,4.0,0.0,0.0,4.0,2.0,5.0,3.0,4.0,1.0,15.0,1.0,5.743861198425293,12.0,0.0,3.0,9.0,4.0,73.0,20.0,0.0,0.0,4266.850158691406,898.7199935913086,12046.64990234375,1967.239990234375,12321.389892578125,84.0,119.0,44.0,0.0,4.0,0.0,0.0,0.0,0.0,0.0,0.0,0.0,0.0,0.0,0.0,0.0,0.0,0.0,0.0,0.0,0.0,31.0,2.0,0.0,4.0,2.0,1.0,2.0,18.0,9.0,6.0,5.0,6.0,1.0,18.0,10.0,9.0,15.0,28.0,1.0,0.0,0.0,16.0,4.0,262.0,132.0,18.0,39.0,55.0,20.0,43.0,71.0,114.0,0.0,0.0,104.0,85.0,0.0,0.0,44.0,52.0,3.0,7.0,79.0,44.0,86.0,0.0,395.0,169.0,0.0,4.0,9.0,2.3249058723449707,2.0,330.2797333333333,33.86237335205078,31500.849609375,0.7209831476211548,0.0
406135,0.0,0.0,0.0,0.0,0.0,0.0,0.0,,0.0,0.0,0.0,0.0,0.0,0.0,0.0,0.0,0.0,0.0,0.0,0.0,0.0,1.4917873382568358,0.0,0.0,0.0,0.0,0.0,4.0,1.0,0.0,0.0,270.2799987792969,38.310001373291016,726.3900146484375,98.87999725341797,446.5400085449219,2.0,2.0,0.0,0.0,0.0,0.0,,,0.0,0.0,0.0,0.0,0.0,0.0,0.0,0.0,0.0,0.0,0.0,0.0,0.0,0.0,0.0,0.0,0.0,0.0,0.0,0.0,0.0,0.0,0.0,0.0,0.0,0.0,0.0,0.0,0.0,0.0,0.0,0.0,0.0,0.0,0.0,1.0,5.0,3.0,0.0,3.0,0.0,0.0,0.0,3.0,3.0,0.0,0.0,2.0,2.0,0.0,0.0,0.0,1.0,0.0,0.0,3.0,0.0,3.0,0.0,21.0,7.0,1.0,0.0,0.0,0.4202679991722107,0.0,12.674150000000012,28.383190155029297,1580.4000244140625,0.0,0.0
406205,0.0,0.0,0.0,0.0,0.0,0.0,0.0,,0.0,0.0,0.0,0.0,0.0,0.0,0.0,0.0,0.0,0.0,0.0,0.0,0.0,1.138270664215088,0.0,0.0,0.0,0.0,0.0,4.0,1.0,0.0,0.0,355.9700012207031,46.150001525878906,1053.8800048828125,200.16001892089844,1100.260009765625,3.0,4.0,1.0,0.0,0.0,0.0,,,0.0,0.0,0.0,0.0,0.0,0.0,0.0,0.0,0.0,0.0,0.0,0.0,0.0,3.0,0.0,0.0,0.0,0.0,0.0,0.0,2.0,0.0,0.0,0.0,0.0,0.0,3.0,2.0,2.0,3.0,1.0,0.0,0.0,0.0,0.0,1.0,16.0,7.0,0.0,1.0,2.0,1.0,0.0,4.0,4.0,0.0,0.0,7.0,6.0,0.0,0.0,3.0,1.0,0.0,0.0,2.0,5.0,2.0,0.0,31.0,13.0,1.0,0.0,0.0,0.0611581951379776,0.0,28.74970000000002,27.97463035583496,2756.419921875,0.0,0.0
406231,0.0,0.0,0.0,0.0,0.0,0.0,0.0,0.0,0.0,0.0,0.0,0.0,0.0,0.0,0.0,0.0,0.0,0.0,0.0,3.0,0.0,4.106780211130778,2.0,0.0,0.0,2.0,1.0,12.0,4.0,0.0,0.0,1386.0399475097656,216.06999969482422,4552.8599853515625,568.3800506591797,4080.0198974609375,31.0,43.0,3.0,2.0,1.0,0.0,0.0,0.0,0.0,0.0,0.0,0.0,0.0,0.0,0.0,0.0,0.0,0.0,0.0,0.0,0.0,10.0,1.0,0.0,2.0,1.0,1.0,1.0,6.0,2.0,0.0,0.0,1.0,0.0,6.0,5.0,5.0,5.0,5.0,0.0,0.0,0.0,4.0,2.0,117.0,51.0,8.0,35.0,29.0,7.0,36.0,35.0,71.0,0.0,0.0,52.0,41.0,0.0,0.0,14.0,24.0,0.0,3.0,21.0,34.0,24.0,0.0,101.0,52.0,1.0,1.0,1.0,5.358729839324951,2.0,103.4552,31.683820724487305,10803.3701171875,0.0,1.0
406249,0.0,0.0,0.0,0.0,0.0,0.0,0.0,0.0,0.0,0.0,0.0,0.0,0.0,0.0,0.0,0.0,0.0,0.0,0.0,2.0,0.0,1.9762053489685059,2.0,0.0,0.0,0.0,0.0,10.0,7.0,2.0,0.0,1145.1300048828125,123.10999298095703,4395.7705078125,431.9100036621094,4270.40966796875,15.0,21.0,3.0,3.0,0.0,2.0,,,0.0,0.0,0.0,0.0,0.0,0.0,0.0,0.0,0.0,0.0,0.0,0.0,0.0,15.0,1.0,1.0,5.0,1.0,1.0,3.0,6.0,2.0,0.0,0.0,0.0,1.0,8.0,5.0,5.0,5.0,6.0,0.0,0.0,0.0,2.0,1.0,73.0,31.0,1.0,0.0,4.0,12.0,9.0,7.0,16.0,0.0,0.0,36.0,26.0,0.0,0.0,8.0,2.0,0.0,2.0,9.0,24.0,11.0,0.0,100.0,33.0,0.0,0.0,2.0,0.07315050065517426,0.0,104.90254999999999,30.81171989440918,10366.330078125,0.0,0.0
406280,0.0,3.0,0.0,1.0,0.0,0.0,0.0,1.0,0.0,0.0,2.0,0.0,0.0,1.0,0.0,0.0,1.0,2.0,1.0,20.0,0.0,6.7519989013671875,9.0,0.0,0.0,7.0,2.0,97.0,9.0,0.0,0.0,5226.060119628906,1189.0800323486328,16412.580322265625,2485.750045776367,11604.330261230469,70.0,99.0,14.0,2.0,4.0,0.0,0.0,0.0,0.0,0.0,0.0,0.0,0.0,0.0,0.0,0.0,0.0,0.0,0.0,0.0,0.0,27.0,2.0,0.0,2.0,2.0,0.0,0.0,21.0,14.0,9.0,7.0,12.0,0.0,11.0,10.0,8.0,9.0,16.0,2.0,0.0,0.0,12.0,5.0,248.0,107.0,11.0,70.0,48.0,22.0,63.0,77.0,140.0,0.0,0.0,102.0,89.0,0.0,0.0,47.0,54.0,4.0,6.0,47.0,79.0,53.0,0.0,464.0,210.0,1.0,4.0,9.0,4.56264454126358,5.0,335.66993333333335,33.40660858154297,36917.7998046875,0.2112877368927002,0.0
406281,0.0,0.0,0.0,0.0,0.0,0.0,0.0,,0.0,0.0,0.0,0.0,0.0,0.0,0.0,0.0,0.0,0.0,0.0,0.0,0.0,0.0,0.0,0.0,0.0,0.0,0.0,0.0,0.0,0.0,0.0,0.0,0.0,0.0,0.0,0.0,0.0,0.0,0.0,0.0,0.0,0.0,,,0.0,0.0,0.0,0.0,0.0,0.0,0.0,0.0,0.0,0.0,0.0,0.0,0.0,0.0,0.0,0.0,0.0,0.0,0.0,0.0,0.0,0.0,0.0,0.0,0.0,0.0,0.0,0.0,0.0,0.0,0.0,0.0,0.0,0.0,0.0,1.0,0.0,0.0,0.0,0.0,0.0,0.0,0.0,0.0,0.0,0.0,0.0,0.0,0.0,0.0,0.0,0.0,0.0,0.0,0.0,0.0,0.0,0.0,0.0,0.0,0.0,0.0,0.0,0.0,0.0,0.0,85.81111666666666,0.0,0.0,0.0,0.0
406304,0.0,2.0,0.0,1.0,0.0,0.0,0.0,,0.0,0.0,2.0,0.0,0.0,1.0,0.0,1.0,0.0,1.0,0.0,1.0,0.0,2.904114818572998,0.0,0.0,0.0,2.0,0.0,34.0,4.0,0.0,0.0,2131.9500122070312,230.4200096130371,4187.47021484375,1007.6300048828125,3276.9899291992188,21.0,29.0,5.0,2.0,0.0,0.0,0.0,0.0,0.0,0.0,0.0,0.0,0.0,0.0,0.0,0.0,0.0,0.0,0.0,0.0,0.0,3.0,0.0,0.0,0.0,0.0,0.0,0.0,2.0,2.0,1.0,1.0,2.0,0.0,1.0,1.0,1.0,1.0,3.0,0.0,0.0,0.0,2.0,2.0,80.0,34.0,3.0,11.0,12.0,3.0,10.0,16.0,26.0,2.0,0.0,34.0,30.0,0.0,0.0,10.0,18.0,3.0,3.0,21.0,17.0,24.0,0.0,167.0,75.0,1.0,1.0,0.0,1.5659335851669312,3.0,90.04825,31.108154296875,10834.4599609375,0.05150042474269867,0.0
406595,0.0,0.0,0.0,0.0,0.0,0.0,0.0,,0.0,0.0,0.0,0.0,0.0,0.0,0.0,0.0,0.0,0.0,0.0,0.0,0.0,0.0,0.0,0.0,0.0,0.0,0.0,0.0,0.0,0.0,0.0,0.0,0.0,0.0,0.0,0.0,0.0,0.0,0.0,0.0,0.0,0.0,,,0.0,0.0,0.0,0.0,0.0,0.0,0.0,0.0,0.0,0.0,0.0,0.0,0.0,0.0,0.0,0.0,0.0,0.0,0.0,0.0,0.0,0.0,0.0,0.0,0.0,0.0,0.0,0.0,0.0,0.0,0.0,0.0,0.0,0.0,0.0,0.0,0.0,0.0,0.0,0.0,0.0,0.0,0.0,0.0,0.0,0.0,0.0,0.0,0.0,0.0,0.0,0.0,0.0,0.0,0.0,0.0,0.0,0.0,0.0,0.0,0.0,0.0,0.0,0.0,0.0,0.0,0.0,0.0,0.0,0.0,0.0
406606,0.0,1.0,0.0,1.0,0.0,0.0,0.0,1.0,1.0,0.0,0.0,0.0,0.0,0.0,0.0,0.0,0.0,1.0,0.0,1.0,0.0,1.7465299367904663,0.0,0.0,0.0,1.0,0.0,20.0,0.0,2.0,0.0,625.0499877929688,122.45999145507812,1717.97998046875,208.20997619628906,1069.22998046875,5.0,9.0,1.0,0.0,1.0,2.0,,,0.0,0.0,0.0,0.0,0.0,0.0,0.0,0.0,0.0,0.0,0.0,0.0,0.0,5.0,0.0,0.0,1.0,1.0,1.0,1.0,2.0,0.0,0.0,0.0,0.0,0.0,4.0,1.0,1.0,4.0,4.0,0.0,0.0,0.0,2.0,1.0,20.0,11.0,1.0,7.0,9.0,1.0,10.0,7.0,17.0,0.0,0.0,8.0,5.0,0.0,0.0,3.0,3.0,0.0,2.0,2.0,5.0,4.0,0.0,55.0,20.0,1.0,0.0,0.0,0.774756908416748,0.0,31.229050000000015,31.08257293701172,3742.929931640625,0.02771512046456337,0.0
407022,1.0,1.0,0.0,0.0,0.0,0.0,0.0,,0.0,1.0,0.0,0.0,0.0,0.0,0.0,1.0,0.0,1.0,0.0,3.0,1.0,4.131655597686768,3.0,1.0,0.0,2.0,0.0,36.0,13.0,1.0,0.0,2711.2500762939453,340.3099899291992,8904.50991821289,1099.530044555664,7371.620452880859,62.0,77.0,4.0,1.0,2.0,1.0,0.0,0.0,0.0,0.0,0.0,0.0,0.0,0.0,0.0,0.0,0.0,0.0,0.0,0.0,0.0,33.0,1.0,4.0,13.0,9.0,8.0,8.0,20.0,2.0,1.0,0.0,0.0,1.0,18.0,10.0,8.0,12.0,20.0,0.0,1.0,1.0,10.0,3.0,232.0,94.0,4.0,7.0,21.0,21.0,10.0,39.0,49.0,0.0,0.0,113.0,99.0,0.0,0.0,23.0,5.0,3.0,0.0,44.0,59.0,44.0,0.0,252.0,76.0,1.0,1.0,1.0,0.3179076239466667,16.0,198.56878333333333,31.1950740814209,20427.220092773438,0.013886111788451672,0.0
407114,0.0,0.0,0.0,0.0,0.0,0.0,0.0,,0.0,0.0,0.0,0.0,0.0,0.0,0.0,0.0,0.0,0.0,0.0,0.0,0.0,0.0,0.0,0.0,0.0,0.0,0.0,0.0,0.0,0.0,0.0,0.0,0.0,0.0,0.0,0.0,0.0,0.0,0.0,0.0,0.0,0.0,,,0.0,0.0,0.0,0.0,0.0,0.0,0.0,0.0,0.0,0.0,0.0,0.0,0.0,0.0,0.0,0.0,0.0,0.0,0.0,0.0,0.0,0.0,0.0,0.0,0.0,0.0,0.0,0.0,0.0,0.0,0.0,0.0,0.0,0.0,0.0,0.0,0.0,0.0,0.0,0.0,0.0,0.0,0.0,0.0,0.0,0.0,0.0,0.0,0.0,0.0,0.0,0.0,0.0,0.0,0.0,0.0,0.0,0.0,0.0,0.0,0.0,0.0,0.0,0.0,0.0,0.0,0.0,0.0,0.0,0.0,0.0
407343,0.0,4.0,0.0,2.0,1.0,0.0,0.0,0.0,0.0,1.0,2.0,0.0,0.0,3.0,0.0,2.0,0.0,1.0,0.0,13.0,2.0,4.389027237892151,11.0,2.0,0.0,9.0,2.0,67.0,12.0,1.0,0.0,3782.97998046875,529.1700134277344,10918.739501953125,1458.5799560546875,12934.06982421875,74.0,104.0,14.0,0.0,1.0,1.0,0.0,0.0,0.0,0.0,0.0,0.0,0.0,0.0,0.0,0.0,0.0,0.0,0.0,0.0,0.0,76.0,4.0,5.0,33.0,26.0,21.0,24.0,50.0,9.0,4.0,1.0,3.0,2.0,34.0,20.0,14.0,23.0,52.0,2.0,3.0,1.0,33.0,3.0,313.0,141.0,8.0,19.0,25.0,18.0,14.0,48.0,62.0,0.0,0.0,149.0,124.0,0.0,0.0,30.0,13.0,5.0,4.0,56.0,80.0,60.0,0.0,323.0,120.0,0.0,1.0,9.0,0.23569895699620247,28.0,303.6422166666667,31.371469497680664,29623.541015625,0.27547323517501354,0.0
407680,0.0,1.0,0.0,0.0,0.0,0.0,0.0,0.0,0.0,0.0,0.0,0.0,1.0,1.0,0.0,1.0,0.0,0.0,0.0,2.0,1.0,5.709290027618408,0.0,1.0,0.0,0.0,0.0,76.0,4.0,0.0,0.0,2491.5900268554688,429.3399887084961,10510.89990234375,1182.6700134277344,9178.550048828125,25.0,37.0,7.0,3.0,4.0,0.0,0.0,0.0,0.0,0.0,0.0,0.0,0.0,0.0,0.0,0.0,0.0,0.0,0.0,0.0,0.0,5.0,0.0,0.0,0.0,0.0,0.0,0.0,2.0,1.0,1.0,1.0,1.0,0.0,4.0,1.0,1.0,4.0,4.0,0.0,0.0,0.0,1.0,3.0,108.0,64.0,5.0,47.0,20.0,0.0,44.0,23.0,67.0,2.0,0.0,48.0,37.0,0.0,0.0,22.0,42.0,2.0,12.0,30.0,12.0,42.0,0.0,227.0,92.0,0.0,3.0,0.0,5.124895334243774,0.0,250.2231333333333,32.640113830566406,23793.0498046875,0.08488348126411438,0.0
407993,0.0,3.0,0.0,1.0,0.0,1.0,0.0,0.0,0.0,1.0,1.0,0.0,0.0,2.0,2.0,0.0,2.0,1.0,0.0,3.0,3.0,5.971347173055013,1.0,3.0,0.0,1.0,0.0,84.0,14.0,0.0,0.0,3269.7999877929688,430.44000244140625,9473.41015625,1120.7600402832031,11202.059814453125,56.0,68.0,10.0,5.0,0.0,1.0,0.0,0.0,0.0,0.0,0.0,0.0,0.0,0.0,0.0,0.0,0.0,0.0,2.0,1.0,0.0,36.0,3.0,1.0,8.0,7.0,4.0,4.0,30.0,6.0,4.0,1.0,2.0,1.0,22.0,19.0,15.0,17.0,23.0,2.0,1.0,1.0,18.0,3.0,244.0,94.0,6.0,4.0,15.0,14.0,29.0,4.0,33.0,0.0,0.0,104.0,97.0,0.0,0.0,18.0,27.0,1.0,7.0,49.0,65.0,56.0,0.0,287.0,88.0,1.0,0.0,1.0,0.9525019004940987,1.0,256.5089833333334,31.82990837097168,25496.4697265625,0.15549735724925995,1.0
408042,0.0,3.0,0.0,1.0,0.0,0.0,0.0,0.0,0.0,0.0,3.0,0.0,0.0,1.0,0.0,2.0,0.0,2.0,0.0,6.0,1.0,3.876823127269745,5.0,1.0,0.0,5.0,1.0,57.0,11.0,2.0,0.0,3386.4098510742188,929.2699737548828,11659.440002441406,1740.2799606323242,12004.849914550781,55.0,70.0,26.0,2.0,4.0,2.0,0.0,0.0,0.0,0.0,0.0,0.0,0.0,0.0,0.0,0.0,0.0,0.0,0.0,0.0,0.0,57.0,3.0,3.0,26.0,23.0,20.0,20.0,46.0,3.0,1.0,0.0,0.0,0.0,28.0,22.0,19.0,22.0,29.0,1.0,2.0,0.0,24.0,5.0,326.0,144.0,13.0,28.0,24.0,15.0,29.0,38.0,67.0,0.0,0.0,149.0,139.0,0.0,0.0,23.0,13.0,5.0,3.0,33.0,112.0,36.0,0.0,288.0,134.0,2.0,1.0,1.0,1.0065854340791702,12.0,296.7847,36.1678352355957,29720.25048828125,0.12125702202320099,0.0
408948,0.0,0.0,0.0,0.0,0.0,0.0,0.0,,0.0,0.0,0.0,0.0,0.0,0.0,0.0,0.0,0.0,0.0,0.0,0.0,0.0,0.0,0.0,0.0,0.0,0.0,0.0,0.0,0.0,0.0,0.0,0.0,0.0,0.0,0.0,0.0,0.0,0.0,0.0,0.0,0.0,0.0,,,0.0,0.0,0.0,0.0,0.0,0.0,0.0,0.0,0.0,0.0,0.0,0.0,0.0,0.0,0.0,0.0,0.0,0.0,0.0,0.0,0.0,0.0,0.0,0.0,0.0,0.0,0.0,0.0,0.0,0.0,0.0,0.0,0.0,0.0,0.0,1.0,0.0,0.0,0.0,0.0,0.0,0.0,0.0,0.0,0.0,0.0,0.0,0.0,0.0,0.0,0.0,0.0,0.0,0.0,0.0,0.0,0.0,0.0,0.0,0.0,0.0,0.0,0.0,0.0,0.0,0.0,33.28426666666667,0.0,0.0,0.0,0.0
408950,1.0,4.0,0.0,1.0,1.0,0.0,0.0,0.0,0.0,1.0,2.0,0.0,0.0,0.0,0.0,3.0,0.0,4.0,0.0,8.0,1.0,5.712720775604248,5.0,1.0,0.0,17.0,4.0,90.0,11.0,7.0,0.0,5733.570007324219,886.4200134277344,21627.760009765625,2478.350067138672,21414.450439453125,108.0,144.0,10.0,2.0,1.0,7.0,0.0,0.0,0.0,0.0,0.0,0.0,0.0,0.0,0.0,0.0,0.0,0.0,0.0,0.0,0.0,96.0,6.0,7.0,37.0,26.0,22.0,24.0,62.0,9.0,5.0,2.0,3.0,0.0,50.0,31.0,27.0,37.0,55.0,3.0,1.0,0.0,35.0,5.0,601.0,251.0,18.0,46.0,80.0,40.0,33.0,133.0,166.0,0.0,2.0,282.0,245.0,0.0,0.0,72.0,40.0,9.0,5.0,80.0,183.0,85.0,0.0,516.0,201.0,0.0,0.0,4.0,0.4304785802960396,41.0,546.8373,31.187646865844727,52140.5498046875,0.08837345149368048,0.0
409191,0.0,3.0,0.0,0.0,0.0,1.0,0.0,0.0,0.0,1.0,1.0,0.0,0.0,2.0,1.0,2.0,1.0,1.0,0.0,2.0,0.0,5.149752855300903,2.0,0.0,0.0,3.0,2.0,82.0,9.0,0.0,0.0,2961.209930419922,538.0400085449219,8909.070129394531,1350.5900421142578,8252.50048828125,35.0,46.0,14.0,5.0,0.0,0.0,0.0,0.0,0.0,0.0,0.0,0.0,0.0,0.0,1.0,0.0,1.0,0.0,1.0,0.0,0.0,12.0,1.0,0.0,1.0,0.0,0.0,0.0,6.0,3.0,2.0,2.0,2.0,0.0,8.0,4.0,4.0,7.0,12.0,0.0,0.0,0.0,6.0,3.0,105.0,48.0,8.0,30.0,28.0,9.0,38.0,29.0,67.0,2.0,0.0,40.0,33.0,0.0,0.0,20.0,22.0,1.0,5.0,40.0,8.0,45.0,0.0,263.0,96.0,1.0,2.0,2.0,2.8349363803863525,0.0,204.13228333333333,32.608787536621094,22011.41015625,0.1971585862338543,0.0
409241,0.0,4.0,0.0,0.0,1.0,1.0,1.0,0.0,0.0,0.0,0.0,0.0,0.0,3.0,2.0,0.0,2.0,1.0,0.0,4.0,9.0,5.875472068786621,3.0,4.0,0.0,0.0,0.0,29.0,16.0,15.0,0.0,4595.500183105469,468.3699951171875,18209.010498046875,1418.9900512695312,18646.10986328125,51.0,87.0,5.0,2.0,0.0,17.0,0.0,0.0,0.0,0.0,0.0,0.0,0.0,16.0,0.0,0.0,0.0,0.0,3.0,2.0,0.0,100.0,6.0,20.0,57.0,39.0,29.0,31.0,56.0,8.0,1.0,0.0,1.0,1.0,35.0,16.0,6.0,8.0,55.0,1.0,9.0,0.0,25.0,4.0,388.0,172.0,10.0,2.0,2.0,99.0,57.0,46.0,103.0,0.0,1.0,195.0,158.0,0.0,0.0,47.0,3.0,0.0,5.0,37.0,126.0,42.0,0.0,395.0,111.0,0.0,0.0,0.0,0.35185830295085907,1.0,445.4629666666667,31.828184127807617,43337.9794921875,0.18168485909700394,1.0
411174,0.0,1.0,0.0,0.0,0.0,0.0,1.0,0.0,0.0,0.0,0.0,0.0,0.0,1.0,0.0,0.0,0.0,0.0,0.0,0.0,0.0,6.497665723164876,0.0,0.0,0.0,0.0,0.0,99.0,19.0,0.0,0.0,2948.9100952148438,708.0800018310547,8274.630004882812,1398.0700073242188,5877.6900634765625,6.0,12.0,18.0,4.0,3.0,0.0,0.0,0.0,0.0,0.0,0.0,0.0,0.0,0.0,0.0,0.0,0.0,0.0,1.0,0.0,0.0,2.0,0.0,0.0,0.0,0.0,0.0,0.0,2.0,1.0,1.0,1.0,1.0,0.0,1.0,1.0,1.0,1.0,2.0,0.0,0.0,0.0,2.0,3.0,50.0,33.0,2.0,47.0,9.0,0.0,44.0,12.0,56.0,1.0,0.0,18.0,11.0,0.0,0.0,11.0,19.0,1.0,5.0,11.0,9.0,16.0,0.0,236.0,110.0,2.0,1.0,0.0,8.924165964126587,0.0,176.14315,33.212188720703125,19207.37890625,0.253532350063324,1.0
411176,0.0,3.0,0.0,0.0,0.0,0.0,0.0,0.0,0.0,1.0,2.0,0.0,0.0,1.0,1.0,2.0,1.0,2.0,0.0,12.0,2.0,6.195457458496094,6.0,1.0,3.0,16.0,2.0,88.0,12.0,2.0,0.0,3566.219970703125,698.6300354003906,10228.189453125,1324.699951171875,10082.03955078125,27.0,58.0,20.0,4.0,2.0,2.0,0.0,0.0,0.0,0.0,0.0,0.0,0.0,0.0,0.0,0.0,0.0,0.0,0.0,0.0,0.0,13.0,0.0,1.0,2.0,2.0,1.0,1.0,9.0,3.0,1.0,1.0,3.0,0.0,8.0,6.0,5.0,7.0,7.0,0.0,1.0,0.0,5.0,3.0,154.0,86.0,5.0,31.0,39.0,6.0,34.0,42.0,76.0,0.0,0.0,48.0,35.0,0.0,0.0,22.0,43.0,9.0,9.0,36.0,33.0,45.0,0.0,305.0,109.0,0.0,2.0,2.0,2.3268503546714783,0.0,251.01396666666665,32.31595993041992,25899.7802734375,0.23655079305171967,0.0
411226,0.0,2.0,0.0,0.0,0.0,0.0,1.0,0.0,0.0,0.0,1.0,0.0,0.0,1.0,0.0,1.0,1.0,1.0,1.0,0.0,1.0,4.56621781984965,0.0,1.0,0.0,4.0,1.0,54.0,5.0,0.0,0.0,4731.659912109375,512.0699996948242,14174.380004882812,2008.0499877929688,9757.309936523438,58.0,71.0,8.0,5.0,4.0,0.0,,,0.0,0.0,0.0,0.0,0.0,0.0,0.0,0.0,0.0,0.0,0.0,0.0,0.0,27.0,2.0,3.0,8.0,7.0,2.0,3.0,21.0,7.0,4.0,2.0,3.0,2.0,12.0,10.0,5.0,5.0,19.0,2.0,3.0,0.0,14.0,4.0,215.0,90.0,7.0,26.0,63.0,23.0,59.0,53.0,112.0,0.0,0.0,97.0,83.0,0.0,0.0,35.0,19.0,4.0,3.0,47.0,53.0,50.0,0.0,421.0,147.0,2.0,2.0,0.0,2.9891952872276306,4.0,276.7160166666667,31.65471839904785,31183.46923828125,0.2293056696653366,0.0
411301,0.0,0.0,0.0,0.0,0.0,0.0,0.0,,0.0,0.0,0.0,0.0,0.0,0.0,0.0,0.0,0.0,0.0,0.0,0.0,1.0,3.4261508782704673,0.0,1.0,0.0,0.0,0.0,0.0,0.0,6.0,0.0,368.5799865722656,0.0,3655.10009765625,65.1299991607666,13417.21044921875,8.0,16.0,0.0,0.0,0.0,9.0,0.0,0.0,75.0,64.0,2.125,9.0,8.0,17.0,0.0,0.0,0.0,0.0,0.0,3.0,0.0,71.0,0.0,26.0,40.0,21.0,7.0,14.0,37.0,0.0,0.0,0.0,0.0,0.0,31.0,16.0,2.0,5.0,16.0,0.0,14.0,0.0,6.0,3.0,224.0,120.0,1.0,0.0,0.0,21.0,15.0,6.0,21.0,0.0,0.0,119.0,90.0,0.0,0.0,10.0,0.0,0.0,0.0,3.0,78.0,3.0,0.0,29.0,6.0,0.0,0.0,0.0,0.08741067349910736,0.0,306.7999,24.355867385864258,17506.0205078125,0.0,0.0
411367,0.0,12.0,0.0,2.0,0.0,1.0,4.0,0.0,0.0,1.0,5.0,1.0,0.0,11.0,7.0,2.0,7.0,1.0,0.0,8.0,0.0,6.92644727230072,2.0,0.0,0.0,3.0,2.0,99.0,14.0,1.0,0.0,6891.630126953125,1075.4299774169922,18215.090087890625,2780.0499267578125,15934.829833984375,67.0,98.0,19.0,3.0,4.0,1.0,0.0,0.0,0.0,0.0,0.0,0.0,0.0,0.0,3.0,0.0,3.0,0.0,7.0,0.0,0.0,10.0,0.0,1.0,1.0,0.0,0.0,0.0,6.0,2.0,0.0,0.0,2.0,0.0,7.0,6.0,6.0,6.0,6.0,0.0,0.0,0.0,2.0,4.0,290.0,144.0,22.0,95.0,88.0,21.0,127.0,77.0,204.0,1.0,0.0,117.0,101.0,1.0,1.0,58.0,80.0,8.0,19.0,59.0,73.0,78.0,0.0,577.0,202.0,0.0,2.0,1.0,14.436632633209229,1.0,392.96203333333335,32.925559997558594,44897.02978515625,1.9972049295902252,1.0
411375,0.0,7.0,0.0,2.0,0.0,1.0,1.0,0.0,0.0,2.0,3.0,0.0,0.0,2.0,0.0,5.0,0.0,5.0,0.0,12.0,11.0,7.0477394461631775,11.0,10.0,0.0,3.0,0.0,112.0,39.0,17.0,0.0,15304.899780273438,1129.3699913024902,44470.26171875,4504.349914550781,30824.828857421875,430.0,481.0,43.0,11.0,9.0,22.0,0.0,0.0,0.0,0.0,0.0,0.0,0.0,0.0,0.0,0.0,0.0,0.0,1.0,5.0,0.0,215.0,5.0,6.0,60.0,58.0,48.0,49.0,197.0,21.0,19.0,3.0,4.0,12.0,134.0,120.0,99.0,111.0,101.0,5.0,5.0,11.0,91.0,8.0,1676.0,545.0,56.0,5.0,122.0,287.0,291.0,123.0,414.0,1.0,0.0,799.0,747.0,0.0,0.0,228.0,41.0,2.0,15.0,243.0,546.0,258.0,0.0,1294.0,318.0,0.0,2.0,2.0,0.8678929470479488,0.0,819.4039833333334,31.50023651123047,96233.7138671875,0.27299049869179726,0.0
411376,0.0,3.0,0.0,2.0,0.0,0.0,0.0,,0.0,1.0,2.0,0.0,0.0,1.0,0.0,1.0,0.0,2.0,0.0,2.0,0.0,2.7460535764694214,1.0,0.0,0.0,4.0,1.0,43.0,3.0,1.0,0.0,1337.8700561523438,379.4200134277344,4269.02001953125,830.7299499511719,6039.649658203125,14.0,28.0,3.0,2.0,1.0,1.0,,,0.0,0.0,0.0,0.0,0.0,0.0,0.0,0.0,0.0,0.0,0.0,0.0,0.0,8.0,1.0,1.0,3.0,2.0,1.0,1.0,5.0,3.0,2.0,2.0,2.0,0.0,2.0,1.0,0.0,0.0,7.0,0.0,1.0,0.0,4.0,2.0,67.0,34.0,3.0,26.0,12.0,0.0,17.0,21.0,38.0,1.0,0.0,23.0,15.0,0.0,0.0,9.0,23.0,0.0,0.0,25.0,8.0,25.0,0.0,117.0,64.0,0.0,2.0,1.0,2.045167028903961,0.0,140.27208333333334,33.52684020996094,12856.689453125,0.05741962417960167,1.0
411443,1.0,3.0,0.0,0.0,0.0,0.0,2.0,0.0,0.0,1.0,0.0,0.0,0.0,2.0,0.0,2.0,1.0,1.0,1.0,3.0,2.0,7.286714553833008,3.0,1.0,0.0,20.0,7.0,127.0,24.0,3.0,0.0,10279.560302734375,1229.5399932861328,29132.31005859375,4413.279876708984,20120.480102539062,105.0,136.0,24.0,7.0,2.0,4.0,0.0,0.0,0.0,0.0,0.0,0.0,0.0,0.0,0.0,0.0,0.0,0.0,1.0,1.0,0.0,107.0,2.0,12.0,45.0,32.0,26.0,31.0,73.0,8.0,6.0,4.0,4.0,2.0,54.0,35.0,28.0,38.0,53.0,1.0,5.0,1.0,32.0,6.0,575.0,263.0,19.0,67.0,37.0,58.0,43.0,119.0,162.0,0.0,0.0,263.0,230.0,0.0,0.0,57.0,30.0,8.0,4.0,80.0,159.0,84.0,0.0,844.0,335.0,1.0,1.0,1.0,1.115943819284439,46.0,546.7098,32.62147903442383,65175.169921875,0.13645657896995544,1.0
411470,0.0,0.0,0.0,0.0,0.0,0.0,0.0,,0.0,0.0,0.0,0.0,0.0,0.0,0.0,0.0,0.0,0.0,0.0,0.0,0.0,0.0,0.0,0.0,0.0,0.0,0.0,0.0,0.0,0.0,0.0,0.0,0.0,0.0,0.0,0.0,0.0,0.0,0.0,0.0,0.0,0.0,,,0.0,0.0,0.0,0.0,0.0,0.0,0.0,0.0,0.0,0.0,0.0,0.0,0.0,0.0,0.0,0.0,0.0,0.0,0.0,0.0,0.0,0.0,0.0,0.0,0.0,0.0,0.0,0.0,0.0,0.0,0.0,0.0,0.0,0.0,0.0,0.0,0.0,0.0,0.0,0.0,0.0,0.0,0.0,0.0,0.0,0.0,0.0,0.0,0.0,0.0,0.0,0.0,0.0,0.0,0.0,0.0,0.0,0.0,0.0,0.0,0.0,0.0,0.0,0.0,0.0,0.0,0.0,0.0,0.0,0.0,0.0
411624,0.0,1.0,0.0,0.0,0.0,0.0,0.0,0.0,0.0,1.0,0.0,0.0,0.0,0.0,0.0,1.0,0.0,1.0,0.0,2.0,0.0,7.079034169514974,2.0,0.0,0.0,0.0,0.0,81.0,7.0,1.0,0.0,3743.68017578125,110.64999389648438,11884.5,1007.7999877929688,6860.7896728515625,31.0,39.0,8.0,0.0,2.0,1.0,0.0,0.0,0.0,0.0,0.0,0.0,0.0,0.0,0.0,0.0,0.0,0.0,0.0,0.0,0.0,15.0,1.0,1.0,7.0,6.0,5.0,5.0,12.0,1.0,0.0,0.0,0.0,0.0,7.0,6.0,5.0,5.0,7.0,0.0,1.0,0.0,7.0,3.0,133.0,65.0,1.0,1.0,15.0,30.0,33.0,13.0,46.0,0.0,0.0,58.0,48.0,0.0,0.0,13.0,7.0,0.0,1.0,29.0,34.0,30.0,0.0,345.0,76.0,0.0,2.0,1.0,0.09715759288519621,0.0,203.31955000000002,28.224380493164062,23607.419921875,0.010535706765949726,0.0
411644,0.0,4.0,0.0,1.0,0.0,0.0,0.0,0.0,0.0,4.0,0.0,0.0,0.0,2.0,0.0,2.0,0.0,2.0,0.0,5.0,2.0,6.898701985677083,4.0,2.0,0.0,1.0,1.0,102.0,18.0,0.0,0.0,4151.5599365234375,223.27998733520508,12870.449951171875,1311.5900573730469,7649.90966796875,36.0,51.0,9.0,3.0,0.0,0.0,0.0,0.0,0.0,0.0,0.0,0.0,0.0,0.0,0.0,0.0,0.0,0.0,0.0,0.0,0.0,31.0,2.0,5.0,8.0,4.0,1.0,1.0,17.0,6.0,3.0,1.0,3.0,1.0,17.0,10.0,6.0,9.0,19.0,1.0,2.0,1.0,13.0,3.0,162.0,84.0,7.0,7.0,15.0,19.0,30.0,11.0,41.0,1.0,0.0,64.0,45.0,0.0,0.0,15.0,20.0,1.0,5.0,33.0,39.0,38.0,0.0,338.0,99.0,0.0,3.0,3.0,0.9422297403216362,0.0,228.77519999999998,29.378747940063477,26206.7900390625,0.16017034277319908,0.0
411653,0.0,0.0,0.0,0.0,0.0,0.0,0.0,,0.0,0.0,0.0,0.0,0.0,0.0,0.0,0.0,0.0,0.0,0.0,0.0,1.0,2.0437957445780435,0.0,0.0,0.0,0.0,0.0,4.0,1.0,1.0,0.0,448.3100280761719,51.56999969482422,2284.690185546875,166.24000549316406,2061.89990234375,5.0,8.0,1.0,1.0,0.0,1.0,,,0.0,0.0,0.0,0.0,0.0,0.0,0.0,0.0,0.0,0.0,0.0,0.0,0.0,8.0,0.0,2.0,5.0,3.0,3.0,3.0,3.0,0.0,0.0,0.0,0.0,0.0,3.0,0.0,0.0,1.0,5.0,0.0,0.0,0.0,1.0,1.0,40.0,14.0,0.0,0.0,0.0,7.0,2.0,5.0,7.0,0.0,0.0,20.0,16.0,0.0,0.0,3.0,0.0,0.0,0.0,1.0,18.0,1.0,0.0,38.0,13.0,0.0,1.0,0.0,0.08750652521848679,0.0,49.03696666666666,27.81941032409668,5012.7099609375,0.0,0.0
411658,0.0,0.0,0.0,0.0,0.0,0.0,0.0,,0.0,0.0,0.0,0.0,0.0,0.0,0.0,0.0,0.0,0.0,0.0,2.0,2.0,6.6140031814575195,1.0,2.0,0.0,0.0,0.0,40.0,10.0,6.0,0.0,3244.5201416015625,237.47999572753906,14602.1396484375,824.5299835205078,10426.1396484375,37.0,43.0,10.0,0.0,1.0,7.0,0.0,0.0,0.0,0.0,0.0,0.0,0.0,1.0,0.0,0.0,0.0,0.0,0.0,1.0,0.0,38.0,3.0,0.0,16.0,13.0,13.0,13.0,26.0,3.0,0.0,0.0,0.0,0.0,19.0,13.0,13.0,16.0,19.0,0.0,0.0,0.0,12.0,3.0,230.0,100.0,0.0,2.0,18.0,43.0,53.0,10.0,63.0,0.0,1.0,109.0,99.0,0.0,0.0,22.0,7.0,0.0,4.0,16.0,86.0,20.0,0.0,286.0,59.0,0.0,2.0,0.0,0.2013332713395357,0.0,267.70141666666666,31.1979923248291,29334.8095703125,0.0,0.0
411678,0.0,3.0,0.0,0.0,0.0,0.0,1.0,0.0,0.0,0.0,1.0,0.0,1.0,3.0,2.0,0.0,2.0,0.0,0.0,3.0,0.0,1.1642485459645588,1.0,0.0,0.0,0.0,0.0,25.0,7.0,0.0,0.0,1307.0999755859375,289.9599914550781,3801.77001953125,658.1099853515625,2652.820068359375,7.0,15.0,2.0,1.0,1.0,0.0,,,0.0,0.0,0.0,0.0,0.0,0.0,0.0,0.0,0.0,0.0,0.0,0.0,0.0,0.0,0.0,0.0,0.0,0.0,0.0,0.0,0.0,0.0,0.0,0.0,0.0,0.0,0.0,0.0,0.0,0.0,0.0,0.0,0.0,0.0,0.0,1.0,31.0,17.0,4.0,45.0,12.0,2.0,39.0,20.0,59.0,3.0,0.0,10.0,7.0,0.0,0.0,10.0,10.0,2.0,5.0,9.0,3.0,14.0,0.0,108.0,59.0,0.0,1.0,1.0,4.291129112243652,0.0,74.79993333333333,32.27238082885742,8709.759765625,0.3107073903083801,0.0
411680,0.0,0.0,0.0,0.0,0.0,0.0,0.0,,0.0,0.0,0.0,0.0,0.0,0.0,0.0,0.0,0.0,0.0,0.0,12.0,0.0,5.297323862711589,10.0,0.0,0.0,4.0,0.0,59.0,20.0,4.0,0.0,4334.590103149414,611.3499870300293,20121.140747070312,1763.7499618530273,21203.509887695312,101.0,131.0,29.0,4.0,6.0,4.0,0.0,0.0,0.0,0.0,0.0,0.0,0.0,1.0,0.0,0.0,0.0,0.0,0.0,0.0,0.0,75.0,3.0,6.0,35.0,25.0,19.0,26.0,57.0,5.0,2.0,1.0,1.0,1.0,35.0,30.0,24.0,25.0,50.0,1.0,5.0,0.0,36.0,6.0,560.0,201.0,10.0,7.0,12.0,17.0,15.0,21.0,36.0,0.0,0.0,275.0,251.0,0.0,0.0,17.0,7.0,3.0,5.0,39.0,211.0,44.0,0.0,396.0,146.0,1.0,1.0,5.0,0.25186697021126747,22.0,542.1143,33.86540985107422,48034.33947753906,0.0,0.0
411726,1.0,5.0,0.0,2.0,0.0,0.0,1.0,0.0,0.0,1.0,3.0,0.0,0.0,2.0,1.0,2.0,1.0,3.0,0.0,5.0,1.0,5.1650800704956055,2.0,1.0,1.0,5.0,0.0,104.0,17.0,4.0,0.0,3837.0401611328125,386.36000061035156,11154.709838867188,1582.3900299072266,10600.85986328125,76.0,106.0,9.0,3.0,6.0,4.0,0.0,0.0,0.0,0.0,0.0,0.0,0.0,0.0,0.0,0.0,0.0,0.0,1.0,0.0,0.0,74.0,6.0,3.0,16.0,13.0,7.0,7.0,54.0,8.0,5.0,0.0,0.0,2.0,50.0,36.0,29.0,39.0,43.0,4.0,2.0,1.0,26.0,4.0,412.0,150.0,20.0,22.0,89.0,81.0,110.0,82.0,192.0,0.0,0.0,190.0,162.0,0.0,0.0,84.0,20.0,1.0,9.0,69.0,124.0,78.0,0.0,335.0,123.0,0.0,4.0,2.0,1.6764369755983353,3.0,255.2108166666667,30.863201141357422,27561.36083984375,0.23935385793447495,0.0
412144,0.0,0.0,0.0,0.0,0.0,0.0,0.0,0.0,0.0,0.0,0.0,0.0,0.0,0.0,0.0,0.0,0.0,0.0,0.0,4.0,0.0,1.404854679107666,1.0,0.0,0.0,1.0,0.0,4.0,0.0,0.0,0.0,398.8600158691406,87.87999725341797,1051.530029296875,212.010009765625,839.3099365234375,9.0,15.0,1.0,0.0,0.0,0.0,,,0.0,0.0,0.0,0.0,0.0,0.0,0.0,0.0,0.0,0.0,0.0,0.0,0.0,4.0,0.0,0.0,0.0,0.0,0.0,0.0,4.0,0.0,0.0,0.0,0.0,0.0,4.0,4.0,4.0,4.0,3.0,0.0,0.0,0.0,3.0,1.0,41.0,20.0,2.0,6.0,7.0,0.0,3.0,10.0,13.0,0.0,0.0,18.0,14.0,0.0,0.0,6.0,14.0,0.0,1.0,7.0,12.0,8.0,0.0,37.0,17.0,1.0,0.0,1.0,0.3823789656162262,5.0,22.046266666666668,29.931861877441406,2589.590087890625,0.0,0.0
416051,0.0,3.0,0.0,0.0,0.0,0.0,0.0,,0.0,0.0,3.0,0.0,0.0,2.0,0.0,2.0,1.0,1.0,1.0,3.0,2.0,5.125317891438802,3.0,2.0,0.0,2.0,1.0,36.0,8.0,4.0,0.0,2539.4801635742188,312.0699996948242,10194.68994140625,888.5799865722656,12566.719482421875,35.0,50.0,6.0,1.0,7.0,5.0,0.0,0.0,0.0,0.0,0.0,0.0,0.0,0.0,0.0,0.0,0.0,0.0,0.0,1.0,0.0,55.0,6.0,6.0,26.0,16.0,12.0,14.0,26.0,7.0,2.0,0.0,0.0,1.0,22.0,8.0,4.0,9.0,32.0,2.0,2.0,0.0,17.0,3.0,172.0,78.0,5.0,8.0,4.0,14.0,13.0,13.0,26.0,0.0,0.0,78.0,59.0,0.0,0.0,9.0,3.0,3.0,5.0,24.0,50.0,29.0,0.0,229.0,76.0,0.0,0.0,2.0,0.42232862301170826,7.0,310.32276666666667,33.44611740112305,26501.5400390625,0.23068340122699738,0.0
416056,0.0,0.0,0.0,0.0,0.0,0.0,0.0,,0.0,0.0,0.0,0.0,0.0,0.0,0.0,0.0,0.0,0.0,0.0,0.0,0.0,0.0,0.0,0.0,0.0,0.0,0.0,0.0,0.0,0.0,0.0,0.0,0.0,0.0,0.0,0.0,0.0,0.0,0.0,0.0,0.0,0.0,,,0.0,0.0,0.0,0.0,0.0,0.0,0.0,0.0,0.0,0.0,0.0,0.0,0.0,0.0,0.0,0.0,0.0,0.0,0.0,0.0,0.0,0.0,0.0,0.0,0.0,0.0,0.0,0.0,0.0,0.0,0.0,0.0,0.0,0.0,0.0,0.0,0.0,0.0,0.0,0.0,0.0,0.0,0.0,0.0,0.0,0.0,0.0,0.0,0.0,0.0,0.0,0.0,0.0,0.0,0.0,0.0,0.0,0.0,0.0,0.0,0.0,0.0,0.0,0.0,0.0,0.0,0.0,0.0,0.0,0.0,0.0
416081,0.0,11.0,0.0,0.0,1.0,0.0,0.0,0.0,0.0,3.0,6.0,0.0,1.0,7.0,4.0,5.0,5.0,4.0,1.0,9.0,4.0,6.2349119782447815,6.0,4.0,0.0,1.0,0.0,285.0,37.0,1.0,0.0,8803.819885253906,1676.9800720214844,31846.849365234375,4194.520050048828,24818.369384765625,137.0,183.0,38.0,11.0,4.0,1.0,0.0,0.0,0.0,0.0,0.0,0.0,0.0,0.0,1.0,0.0,0.0,1.0,0.0,0.0,0.0,30.0,0.0,0.0,0.0,0.0,0.0,0.0,23.0,4.0,2.0,1.0,3.0,1.0,26.0,21.0,20.0,25.0,21.0,0.0,0.0,1.0,15.0,8.0,494.0,224.0,30.0,111.0,118.0,70.0,189.0,110.0,299.0,2.0,0.0,215.0,183.0,0.0,0.0,90.0,116.0,3.0,14.0,106.0,124.0,120.0,0.0,787.0,340.0,3.0,3.0,3.0,17.60255491733551,2.0,690.6236666666668,34.976646423339844,71340.54052734375,1.3940788358449936,0.0
416576,0.0,3.0,0.0,0.0,0.0,0.0,0.0,0.0,0.0,1.0,2.0,0.0,0.0,2.0,1.0,1.0,2.0,1.0,1.0,6.0,2.0,4.718162536621094,4.0,2.0,0.0,3.0,0.0,35.0,4.0,1.0,0.0,2892.6500244140625,446.3000183105469,6175.7698974609375,1051.7899780273438,4489.819885253906,31.0,44.0,6.0,0.0,2.0,1.0,0.0,0.0,0.0,0.0,0.0,0.0,0.0,0.0,1.0,0.0,1.0,0.0,0.0,0.0,0.0,30.0,3.0,0.0,4.0,1.0,1.0,1.0,19.0,3.0,0.0,0.0,0.0,0.0,23.0,18.0,18.0,20.0,14.0,0.0,0.0,0.0,8.0,3.0,172.0,61.0,12.0,9.0,40.0,41.0,39.0,51.0,90.0,0.0,0.0,77.0,72.0,0.0,0.0,36.0,16.0,0.0,3.0,12.0,70.0,15.0,0.0,232.0,87.0,2.0,1.0,0.0,0.8242112398147583,1.0,117.45150000000001,31.448652267456055,15056.330078125,0.35098468884825706,0.0
416652,0.0,1.0,0.0,0.0,0.0,0.0,0.0,0.0,0.0,1.0,0.0,0.0,0.0,0.0,0.0,1.0,0.0,1.0,0.0,4.0,0.0,7.7989570299784345,3.0,0.0,3.0,5.0,2.0,15.0,2.0,0.0,0.0,1369.8000030517578,556.1900062561035,3643.5398559570312,825.349983215332,2929.390106201172,14.0,22.0,3.0,0.0,1.0,0.0,0.0,0.0,0.0,0.0,0.0,0.0,0.0,0.0,0.0,0.0,0.0,0.0,0.0,0.0,0.0,2.0,0.0,0.0,1.0,1.0,1.0,1.0,1.0,1.0,0.0,0.0,1.0,0.0,0.0,0.0,0.0,0.0,2.0,0.0,0.0,0.0,1.0,3.0,50.0,28.0,3.0,23.0,21.0,2.0,20.0,26.0,46.0,0.0,0.0,16.0,12.0,0.0,0.0,8.0,6.0,2.0,1.0,15.0,7.0,16.0,0.0,113.0,69.0,3.0,0.0,2.0,4.2114545702934265,0.0,79.14486666666667,34.60516357421875,9324.269775390625,0.01499550323933363,0.0
416902,0.0,0.0,0.0,0.0,0.0,0.0,0.0,,0.0,0.0,0.0,0.0,0.0,0.0,0.0,0.0,0.0,0.0,0.0,0.0,1.0,3.2910008430480957,0.0,1.0,0.0,0.0,0.0,0.0,0.0,0.0,0.0,278.6699905395508,27.170000076293945,666.4199981689453,113.87000274658203,444.57001876831055,4.0,4.0,0.0,1.0,0.0,0.0,,,0.0,0.0,0.0,0.0,0.0,0.0,0.0,0.0,0.0,0.0,0.0,0.0,0.0,3.0,0.0,0.0,3.0,3.0,3.0,3.0,3.0,0.0,0.0,0.0,0.0,0.0,0.0,0.0,0.0,0.0,1.0,0.0,0.0,0.0,1.0,2.0,32.0,10.0,1.0,0.0,1.0,5.0,1.0,5.0,6.0,0.0,0.0,14.0,14.0,0.0,0.0,4.0,0.0,0.0,0.0,3.0,12.0,3.0,0.0,26.0,10.0,1.0,1.0,0.0,0.04254202917218208,0.0,15.729649999999992,27.946645736694336,1530.6998901367188,0.0,0.0
416906,0.0,0.0,0.0,0.0,0.0,0.0,0.0,,0.0,0.0,0.0,0.0,0.0,0.0,0.0,0.0,0.0,0.0,0.0,0.0,0.0,3.2273473739624023,0.0,0.0,0.0,0.0,0.0,0.0,0.0,12.0,0.0,623.3699951171875,5.909999370574951,5546.569885253906,192.9499969482422,23046.130859375,2.0,5.0,0.0,0.0,5.0,18.0,1.0,0.0,119.0,105.0,4.03809529542923,14.0,14.0,49.0,0.0,0.0,0.0,0.0,0.0,6.0,0.0,62.0,3.0,14.0,36.0,18.0,12.0,19.0,26.0,3.0,0.0,0.0,0.0,0.0,23.0,8.0,2.0,6.0,2.0,0.0,6.0,0.0,1.0,5.0,242.0,151.0,7.0,0.0,0.0,17.0,11.0,6.0,17.0,0.0,0.0,147.0,114.0,0.0,0.0,7.0,0.0,0.0,0.0,2.0,63.0,2.0,0.0,60.0,14.0,0.0,0.0,0.0,0.20052725076675415,0.0,546.8373,26.23512840270996,29414.9296875,0.0,1.0
416989,0.0,1.0,0.0,1.0,0.0,0.0,0.0,0.0,0.0,1.0,0.0,0.0,0.0,1.0,0.0,0.0,0.0,0.0,0.0,1.0,0.0,2.1970718701680503,1.0,0.0,0.0,0.0,0.0,13.0,4.0,0.0,0.0,601.6699829101562,93.27999877929688,1981.35009765625,328.3599853515625,1651.030029296875,3.0,8.0,2.0,1.0,1.0,0.0,0.0,0.0,0.0,0.0,0.0,0.0,0.0,0.0,0.0,0.0,0.0,0.0,0.0,0.0,0.0,4.0,1.0,0.0,1.0,1.0,0.0,0.0,4.0,1.0,1.0,0.0,0.0,0.0,2.0,2.0,1.0,1.0,4.0,1.0,0.0,0.0,4.0,1.0,21.0,12.0,3.0,10.0,7.0,0.0,13.0,4.0,17.0,0.0,0.0,8.0,4.0,0.0,0.0,2.0,5.0,0.0,2.0,5.0,3.0,7.0,0.0,51.0,27.0,1.0,0.0,0.0,2.2314982414245605,0.0,42.36994999999999,29.85338592529297,4655.68994140625,0.04274013265967369,0.0
418485,0.0,0.0,0.0,0.0,0.0,0.0,0.0,,0.0,0.0,0.0,0.0,0.0,0.0,0.0,0.0,0.0,0.0,0.0,0.0,0.0,0.0,0.0,0.0,0.0,0.0,0.0,0.0,0.0,0.0,0.0,0.0,0.0,0.0,0.0,0.0,0.0,0.0,0.0,0.0,0.0,0.0,,,0.0,0.0,0.0,0.0,0.0,0.0,0.0,0.0,0.0,0.0,0.0,0.0,0.0,0.0,0.0,0.0,0.0,0.0,0.0,0.0,0.0,0.0,0.0,0.0,0.0,0.0,0.0,0.0,0.0,0.0,0.0,0.0,0.0,0.0,0.0,0.0,0.0,0.0,0.0,0.0,0.0,0.0,0.0,0.0,0.0,0.0,0.0,0.0,0.0,0.0,0.0,0.0,0.0,0.0,0.0,0.0,0.0,0.0,0.0,0.0,0.0,0.0,0.0,0.0,0.0,0.0,0.0,0.0,0.0,0.0,0.0
418490,1.0,4.0,0.0,1.0,0.0,0.0,1.0,0.0,0.0,0.0,3.0,0.0,0.0,1.0,0.0,2.0,1.0,3.0,1.0,15.0,7.0,5.68454122543335,9.0,6.0,9.0,20.0,5.0,81.0,4.0,3.0,0.0,3064.1099243164062,128.0300006866455,12236.97021484375,884.7500305175781,12119.66943359375,123.0,154.0,11.0,1.0,7.0,3.0,0.0,0.0,0.0,0.0,0.0,0.0,0.0,0.0,0.0,0.0,0.0,0.0,0.0,0.0,0.0,68.0,6.0,7.0,16.0,13.0,2.0,3.0,51.0,12.0,9.0,2.0,2.0,4.0,40.0,29.0,16.0,23.0,45.0,5.0,6.0,2.0,35.0,3.0,376.0,139.0,18.0,12.0,71.0,78.0,62.0,99.0,161.0,0.0,0.0,159.0,140.0,0.0,0.0,83.0,42.0,0.0,7.0,101.0,77.0,108.0,0.0,264.0,69.0,0.0,0.0,9.0,1.7249850630760193,4.0,300.0228,28.777650833129883,28433.529296875,0.1500717345625162,1.0
418535,0.0,6.0,0.0,1.0,1.0,1.0,0.0,0.0,0.0,1.0,3.0,0.0,0.0,4.0,1.0,4.0,1.0,2.0,0.0,15.0,0.0,3.9368091583251954,6.0,0.0,0.0,4.0,0.0,99.0,14.0,0.0,0.0,3084.2999877929688,612.2299652099609,10207.33984375,1190.27001953125,8690.469970703125,48.0,81.0,23.0,3.0,6.0,0.0,,,0.0,0.0,0.0,0.0,0.0,0.0,0.0,0.0,0.0,0.0,1.0,0.0,0.0,25.0,2.0,1.0,3.0,2.0,0.0,0.0,16.0,9.0,3.0,1.0,6.0,1.0,13.0,11.0,8.0,9.0,25.0,1.0,1.0,1.0,16.0,3.0,162.0,76.0,14.0,56.0,58.0,23.0,95.0,42.0,137.0,0.0,0.0,60.0,47.0,0.0,0.0,34.0,49.0,7.0,7.0,65.0,15.0,72.0,0.0,276.0,94.0,0.0,3.0,5.0,3.613392949104309,2.0,218.97183333333334,32.70502471923828,23784.609375,0.6155073046684265,0.0
418548,1.0,1.0,0.0,1.0,0.0,0.0,0.0,0.0,0.0,1.0,0.0,0.0,0.0,0.0,0.0,0.0,0.0,1.0,0.0,20.0,2.0,5.9305675506591795,13.0,1.0,0.0,13.0,3.0,86.0,8.0,0.0,0.0,4436.709777832031,1560.4500122070312,12715.9794921875,2420.6299743652344,16447.4599609375,102.0,138.0,9.0,4.0,3.0,0.0,0.0,0.0,0.0,0.0,0.0,0.0,0.0,0.0,0.0,0.0,0.0,0.0,0.0,0.0,0.0,39.0,4.0,0.0,4.0,3.0,0.0,0.0,29.0,11.0,8.0,4.0,5.0,2.0,24.0,18.0,14.0,18.0,33.0,3.0,0.0,1.0,25.0,5.0,374.0,152.0,15.0,83.0,81.0,19.0,49.0,134.0,183.0,0.0,0.0,155.0,137.0,0.0,0.0,49.0,79.0,8.0,8.0,75.0,103.0,83.0,0.0,368.0,208.0,0.0,4.0,7.0,3.3930764496326447,3.0,381.3532,35.33224105834961,37581.22998046875,0.0,0.0
418550,1.0,4.0,0.0,0.0,1.0,0.0,0.0,0.0,0.0,2.0,1.0,0.0,0.0,3.0,1.0,3.0,1.0,1.0,0.0,28.0,2.0,5.725968837738037,14.0,1.0,3.0,8.0,4.0,35.0,4.0,0.0,0.0,2097.529983520508,609.8500003814697,5877.839385986328,918.1500091552734,9010.120178222656,62.0,96.0,5.0,1.0,2.0,0.0,0.0,0.0,0.0,0.0,0.0,0.0,0.0,0.0,1.0,0.0,1.0,0.0,0.0,0.0,0.0,28.0,0.0,0.0,2.0,2.0,2.0,2.0,21.0,8.0,5.0,5.0,8.0,0.0,18.0,14.0,14.0,18.0,25.0,0.0,0.0,0.0,18.0,5.0,205.0,97.0,11.0,20.0,48.0,8.0,10.0,66.0,76.0,0.0,0.0,82.0,71.0,0.0,0.0,31.0,43.0,4.0,3.0,60.0,46.0,63.0,0.0,188.0,75.0,4.0,0.0,12.0,2.3172954618930817,1.0,203.5586,34.946739196777344,18513.48974609375,0.3252512011677027,0.0
418561,0.0,1.0,0.0,0.0,0.0,0.0,1.0,0.0,0.0,0.0,0.0,0.0,0.0,1.0,0.0,1.0,0.0,0.0,0.0,0.0,0.0,1.5221796989440919,0.0,0.0,1.0,0.0,0.0,12.0,1.0,0.0,0.0,689.0,109.1500015258789,1727.0699462890625,376.4200134277344,1165.31005859375,10.0,14.0,2.0,0.0,0.0,0.0,,,0.0,0.0,0.0,0.0,0.0,0.0,0.0,0.0,0.0,0.0,0.0,0.0,0.0,3.0,0.0,0.0,0.0,0.0,0.0,0.0,2.0,1.0,0.0,0.0,1.0,0.0,2.0,2.0,2.0,2.0,2.0,0.0,0.0,0.0,1.0,1.0,35.0,17.0,2.0,6.0,18.0,0.0,19.0,5.0,24.0,0.0,0.0,16.0,13.0,0.0,0.0,7.0,8.0,0.0,0.0,15.0,3.0,15.0,0.0,56.0,32.0,1.0,0.0,0.0,1.6376957893371582,0.0,32.060500000000005,29.22711944580078,4066.949951171875,0.11286748945713043,0.0
418715,0.0,0.0,0.0,0.0,0.0,0.0,0.0,,0.0,0.0,0.0,0.0,0.0,0.0,0.0,0.0,0.0,0.0,0.0,2.0,2.0,6.073558171590169,2.0,2.0,0.0,1.0,0.0,21.0,12.0,3.0,0.0,3723.93994140625,704.97998046875,14019.400390625,1525.239990234375,10780.239501953125,43.0,52.0,7.0,5.0,1.0,6.0,0.0,0.0,0.0,0.0,0.0,0.0,0.0,7.0,0.0,0.0,0.0,0.0,0.0,3.0,0.0,47.0,1.0,8.0,26.0,20.0,17.0,17.0,32.0,1.0,1.0,0.0,0.0,0.0,20.0,11.0,8.0,11.0,22.0,1.0,2.0,0.0,17.0,3.0,387.0,157.0,4.0,0.0,2.0,33.0,23.0,12.0,35.0,0.0,0.0,183.0,169.0,0.0,0.0,14.0,4.0,0.0,5.0,24.0,148.0,29.0,0.0,315.0,114.0,0.0,0.0,1.0,0.17361198365688324,0.0,303.7823333333333,33.786014556884766,30753.798828125,0.0,0.0
418729,0.0,5.0,0.0,0.0,0.0,1.0,1.0,0.0,0.0,1.0,1.0,0.0,0.0,4.0,0.0,3.0,0.0,1.0,0.0,8.0,6.0,6.817519664764404,4.0,4.0,0.0,1.0,0.0,53.0,19.0,1.0,0.0,5067.219970703125,399.92999267578125,16576.03857421875,1664.2600402832031,9866.1298828125,50.0,73.0,28.0,8.0,3.0,1.0,0.0,0.0,0.0,0.0,0.0,0.0,0.0,0.0,0.0,0.0,0.0,0.0,2.0,0.0,0.0,41.0,1.0,6.0,14.0,9.0,6.0,7.0,25.0,3.0,1.0,0.0,0.0,2.0,24.0,15.0,11.0,15.0,20.0,0.0,3.0,1.0,13.0,3.0,255.0,122.0,9.0,10.0,45.0,39.0,63.0,31.0,94.0,0.0,0.0,107.0,85.0,0.0,0.0,25.0,23.0,3.0,7.0,50.0,66.0,57.0,0.0,446.0,118.0,0.0,1.0,4.0,0.6662395745515823,2.0,295.1525833333333,32.81644058227539,33573.580078125,0.2853236645460129,1.0
418747,0.0,1.0,0.0,0.0,0.0,0.0,0.0,0.0,0.0,1.0,0.0,0.0,0.0,0.0,0.0,0.0,1.0,1.0,1.0,0.0,0.0,4.086740493774414,0.0,0.0,0.0,0.0,0.0,26.0,3.0,0.0,0.0,796.2099838256836,153.27999687194824,2705.8399658203125,376.6300163269043,2002.039810180664,5.0,8.0,3.0,3.0,1.0,0.0,,,0.0,0.0,0.0,0.0,0.0,0.0,0.0,0.0,0.0,0.0,0.0,0.0,0.0,4.0,1.0,0.0,1.0,1.0,0.0,0.0,3.0,1.0,1.0,0.0,0.0,0.0,2.0,1.0,0.0,1.0,4.0,1.0,0.0,0.0,3.0,2.0,21.0,11.0,2.0,12.0,4.0,0.0,13.0,3.0,16.0,0.0,0.0,9.0,7.0,0.0,0.0,3.0,8.0,1.0,2.0,8.0,1.0,10.0,0.0,75.0,32.0,1.0,1.0,0.0,2.726899206638336,0.0,53.651516666666666,31.38693618774414,6034.000183105469,0.06388165801763535,0.0
418781,0.0,0.0,0.0,0.0,0.0,0.0,0.0,,0.0,0.0,0.0,0.0,0.0,0.0,0.0,0.0,0.0,0.0,0.0,0.0,0.0,1.6793574094772339,0.0,0.0,0.0,0.0,0.0,15.0,0.0,0.0,0.0,306.0199890136719,25.8700008392334,743.0900268554688,209.52000427246094,597.6199951171875,0.0,0.0,2.0,0.0,0.0,0.0,0.0,0.0,0.0,0.0,0.0,0.0,0.0,0.0,0.0,0.0,0.0,0.0,0.0,0.0,0.0,1.0,0.0,0.0,0.0,0.0,0.0,0.0,1.0,0.0,0.0,0.0,0.0,0.0,1.0,1.0,1.0,1.0,0.0,0.0,0.0,0.0,0.0,1.0,5.0,4.0,0.0,3.0,2.0,0.0,5.0,0.0,5.0,0.0,0.0,3.0,3.0,0.0,0.0,1.0,1.0,0.0,0.0,1.0,1.0,1.0,0.0,28.0,15.0,1.0,0.0,0.0,4.051891803741455,0.0,16.836100000000016,26.94875144958496,1882.119873046875,0.0,0.0
418795,1.0,7.0,0.0,2.0,0.0,0.0,2.0,1.0,0.0,0.0,4.0,0.0,0.0,6.0,2.0,2.0,3.0,1.0,1.0,4.0,0.0,6.11954140663147,2.0,0.0,0.0,1.0,0.0,106.0,13.0,0.0,0.0,3458.0601196289062,1051.3199844360352,11611.7001953125,1704.2400207519531,10308.139892578125,25.0,42.0,10.0,2.0,0.0,0.0,0.0,0.0,0.0,0.0,0.0,0.0,0.0,0.0,0.0,0.0,0.0,0.0,2.0,0.0,0.0,10.0,0.0,0.0,0.0,0.0,0.0,0.0,7.0,4.0,2.0,2.0,4.0,0.0,6.0,5.0,5.0,6.0,9.0,0.0,0.0,0.0,6.0,4.0,114.0,59.0,12.0,73.0,40.0,14.0,96.0,31.0,127.0,5.0,0.0,45.0,36.0,0.0,0.0,24.0,38.0,4.0,8.0,34.0,16.0,42.0,0.0,304.0,154.0,2.0,1.0,2.0,13.628451943397522,1.0,271.6193333333333,33.518367767333984,28133.459716796875,0.5617584511637688,0.0
418798,0.0,4.0,0.0,0.0,0.0,0.0,0.0,1.0,1.0,2.0,1.0,0.0,0.0,0.0,0.0,4.0,0.0,4.0,0.0,1.0,0.0,3.29170298576355,1.0,0.0,0.0,1.0,0.0,25.0,3.0,1.0,0.0,1947.2700805664062,72.13999938964844,4226.52001953125,708.7000122070312,3374.2501220703125,15.0,23.0,3.0,1.0,0.0,1.0,,,0.0,0.0,0.0,0.0,0.0,0.0,0.0,0.0,0.0,0.0,0.0,0.0,0.0,16.0,1.0,2.0,3.0,1.0,0.0,0.0,11.0,2.0,1.0,1.0,1.0,0.0,11.0,9.0,8.0,8.0,8.0,0.0,1.0,0.0,3.0,2.0,106.0,41.0,8.0,6.0,12.0,18.0,24.0,12.0,36.0,0.0,0.0,48.0,43.0,0.0,0.0,13.0,4.0,1.0,1.0,12.0,38.0,13.0,0.0,157.0,44.0,2.0,0.0,0.0,0.7097275108098984,0.0,94.95343333333335,28.93575668334961,10328.8798828125,0.22675161063671112,0.0
418881,1.0,1.0,0.0,0.0,0.0,0.0,0.0,1.0,0.0,0.0,0.0,0.0,0.0,1.0,0.0,0.0,0.0,0.0,0.0,2.0,0.0,2.700549507141113,0.0,0.0,0.0,1.0,1.0,24.0,3.0,0.0,0.0,1145.0000610351562,190.42000579833984,2788.33984375,418.739990234375,2951.7098999023438,5.0,11.0,0.0,0.0,1.0,0.0,0.0,0.0,0.0,0.0,0.0,0.0,0.0,0.0,0.0,0.0,0.0,0.0,1.0,0.0,0.0,1.0,0.0,0.0,0.0,0.0,0.0,0.0,0.0,0.0,0.0,0.0,0.0,0.0,1.0,0.0,0.0,1.0,1.0,0.0,0.0,0.0,0.0,2.0,29.0,19.0,6.0,12.0,2.0,0.0,11.0,3.0,14.0,0.0,0.0,8.0,5.0,0.0,0.0,2.0,14.0,2.0,3.0,13.0,2.0,16.0,0.0,99.0,31.0,2.0,0.0,0.0,4.463526964187622,0.0,66.31509999999999,32.30729675292969,7494.210205078125,0.0417950339615345,0.0
418963,1.0,0.0,0.0,0.0,0.0,0.0,0.0,0.0,0.0,0.0,0.0,0.0,0.0,0.0,0.0,0.0,0.0,0.0,0.0,0.0,0.0,3.776944935321808,0.0,0.0,0.0,5.0,2.0,63.0,15.0,2.0,0.0,4512.2100467681885,741.6099915504456,16048.200225830078,1591.8800430297852,13512.170120239258,87.0,97.0,14.0,3.0,2.0,2.0,0.0,0.0,0.0,0.0,0.0,0.0,0.0,1.0,0.0,0.0,0.0,0.0,0.0,0.0,0.0,28.0,0.0,1.0,18.0,14.0,14.0,17.0,23.0,2.0,2.0,2.0,2.0,0.0,8.0,7.0,7.0,7.0,18.0,0.0,0.0,0.0,15.0,5.0,328.0,129.0,5.0,46.0,39.0,66.0,37.0,114.0,151.0,1.0,0.0,163.0,150.0,0.0,0.0,43.0,20.0,5.0,5.0,41.0,99.0,46.0,0.0,409.0,121.0,2.0,2.0,0.0,0.5337232206948102,24.0,350.0819333333333,32.274681091308594,36406.06964111328,0.0,1.0
418975,0.0,5.0,0.0,0.0,1.0,0.0,0.0,0.0,0.0,1.0,3.0,0.0,0.0,2.0,2.0,3.0,2.0,3.0,0.0,6.0,2.0,4.397372841835022,4.0,2.0,0.0,1.0,0.0,70.0,11.0,1.0,0.0,4306.4901123046875,778.2600021362305,15176.700073242188,1761.8999786376953,9786.69970703125,117.0,138.0,26.0,2.0,2.0,1.0,0.0,0.0,0.0,0.0,0.0,0.0,0.0,0.0,0.0,0.0,0.0,0.0,0.0,0.0,0.0,30.0,0.0,0.0,4.0,4.0,4.0,4.0,25.0,2.0,1.0,0.0,0.0,2.0,24.0,20.0,19.0,22.0,23.0,0.0,0.0,1.0,19.0,5.0,368.0,119.0,13.0,41.0,85.0,44.0,122.0,48.0,170.0,2.0,0.0,170.0,154.0,0.0,0.0,72.0,52.0,1.0,4.0,85.0,95.0,89.0,0.0,362.0,137.0,2.0,3.0,3.0,4.192815482616425,1.0,267.9313333333334,33.309593200683594,31810.050537109375,0.2542039640247822,1.0
419002,0.0,0.0,0.0,0.0,0.0,0.0,0.0,,0.0,0.0,0.0,0.0,0.0,0.0,0.0,0.0,0.0,0.0,0.0,0.0,0.0,0.0,0.0,0.0,0.0,0.0,0.0,0.0,0.0,0.0,0.0,0.0,0.0,0.0,0.0,0.0,0.0,0.0,0.0,0.0,0.0,0.0,,,0.0,0.0,0.0,0.0,0.0,0.0,0.0,0.0,0.0,0.0,0.0,0.0,0.0,0.0,0.0,0.0,0.0,0.0,0.0,0.0,0.0,0.0,0.0,0.0,0.0,0.0,0.0,0.0,0.0,0.0,0.0,0.0,0.0,0.0,0.0,0.0,0.0,0.0,0.0,0.0,0.0,0.0,0.0,0.0,0.0,0.0,0.0,0.0,0.0,0.0,0.0,0.0,0.0,0.0,0.0,0.0,0.0,0.0,0.0,0.0,0.0,0.0,0.0,0.0,0.0,0.0,0.0,0.0,0.0,0.0,0.0
419003,0.0,0.0,0.0,0.0,0.0,0.0,0.0,,0.0,0.0,0.0,0.0,0.0,0.0,0.0,0.0,0.0,0.0,0.0,0.0,0.0,1.3287519216537476,0.0,0.0,0.0,0.0,0.0,2.0,0.0,0.0,0.0,306.5899658203125,93.98999786376953,1344.239990234375,136.47000122070312,1345.0899658203125,5.0,5.0,2.0,2.0,0.0,0.0,0.0,0.0,0.0,0.0,0.0,0.0,0.0,0.0,0.0,0.0,0.0,0.0,0.0,0.0,0.0,0.0,0.0,0.0,0.0,0.0,0.0,0.0,0.0,0.0,0.0,0.0,0.0,0.0,0.0,0.0,0.0,0.0,0.0,0.0,0.0,0.0,0.0,1.0,24.0,7.0,0.0,0.0,0.0,0.0,0.0,0.0,0.0,0.0,0.0,12.0,12.0,0.0,0.0,0.0,1.0,0.0,1.0,0.0,11.0,1.0,0.0,28.0,13.0,1.0,0.0,0.0,0.8319968581199646,0.0,36.85543333333334,32.682132720947266,3226.380126953125,0.0,1.0
419005,0.0,1.0,0.0,0.0,0.0,0.0,0.0,,0.0,0.0,1.0,0.0,0.0,1.0,0.0,1.0,0.0,0.0,0.0,0.0,0.0,1.5365561246871948,0.0,0.0,0.0,1.0,0.0,12.0,7.0,0.0,0.0,660.4600219726562,151.42999267578125,2129.719970703125,296.739990234375,1827.08984375,20.0,23.0,1.0,1.0,0.0,0.0,,,0.0,0.0,0.0,0.0,0.0,0.0,0.0,0.0,0.0,0.0,0.0,0.0,0.0,9.0,1.0,0.0,2.0,2.0,1.0,1.0,8.0,1.0,1.0,0.0,0.0,0.0,6.0,5.0,4.0,5.0,9.0,1.0,0.0,0.0,8.0,1.0,77.0,30.0,2.0,4.0,3.0,10.0,10.0,7.0,17.0,0.0,0.0,33.0,31.0,0.0,0.0,7.0,1.0,0.0,3.0,16.0,18.0,19.0,0.0,63.0,23.0,0.0,1.0,0.0,0.37667524814605713,0.0,49.44299999999999,30.32645034790039,5065.43994140625,0.04257136583328247,1.0
419020,0.0,8.0,0.0,1.0,0.0,0.0,1.0,0.0,0.0,2.0,5.0,0.0,0.0,4.0,2.0,3.0,5.0,4.0,3.0,23.0,1.0,6.520750522613525,13.0,1.0,4.0,9.0,1.0,135.0,11.0,2.0,0.0,5806.349853515625,750.6700057983398,19192.55029296875,2531.929931640625,16020.5595703125,96.0,143.0,14.0,5.0,4.0,2.0,0.0,0.0,0.0,0.0,0.0,0.0,0.0,0.0,1.0,0.0,1.0,0.0,1.0,0.0,0.0,44.0,2.0,1.0,5.0,4.0,2.0,2.0,25.0,8.0,3.0,2.0,6.0,0.0,31.0,18.0,16.0,28.0,33.0,1.0,1.0,0.0,17.0,4.0,362.0,178.0,22.0,31.0,119.0,24.0,112.0,62.0,174.0,0.0,0.0,147.0,118.0,0.0,0.0,67.0,86.0,3.0,13.0,95.0,76.0,108.0,0.0,494.0,187.0,0.0,0.0,8.0,5.2335004806518555,4.0,407.5486833333333,32.20136642456055,44302.0615234375,1.1636640131473541,1.0
419055,0.0,3.0,0.0,1.0,0.0,0.0,0.0,0.0,0.0,1.0,1.0,0.0,1.0,3.0,1.0,1.0,1.0,0.0,0.0,2.0,0.0,1.4990851402282714,1.0,0.0,0.0,3.0,1.0,37.0,9.0,0.0,0.0,1566.5400390625,465.30999755859375,4282.52001953125,826.5899658203125,3130.739990234375,10.0,16.0,6.0,2.0,1.0,0.0,,,0.0,0.0,0.0,0.0,0.0,0.0,0.0,0.0,0.0,0.0,0.0,0.0,0.0,6.0,1.0,0.0,1.0,0.0,0.0,0.0,3.0,2.0,1.0,1.0,1.0,0.0,3.0,2.0,2.0,2.0,5.0,0.0,0.0,0.0,2.0,1.0,67.0,31.0,6.0,17.0,22.0,3.0,27.0,15.0,42.0,0.0,0.0,22.0,21.0,0.0,0.0,11.0,18.0,4.0,1.0,13.0,23.0,14.0,0.0,127.0,70.0,0.0,1.0,0.0,1.2253135442733765,1.0,82.19483333333332,32.39887619018555,10271.69921875,0.46229708194732666,0.0
419062,0.0,1.0,0.0,0.0,0.0,1.0,0.0,0.0,0.0,0.0,0.0,0.0,0.0,1.0,0.0,1.0,0.0,0.0,0.0,2.0,2.0,4.908599853515625,2.0,2.0,0.0,0.0,0.0,22.0,11.0,1.0,0.0,5923.030029296875,276.9300193786621,20699.66015625,1326.6299591064453,14660.740234375,67.0,78.0,4.0,8.0,3.0,1.0,0.0,0.0,0.0,0.0,0.0,0.0,0.0,0.0,0.0,0.0,0.0,0.0,1.0,0.0,0.0,43.0,2.0,1.0,21.0,17.0,17.0,18.0,30.0,2.0,0.0,0.0,0.0,0.0,20.0,13.0,13.0,17.0,20.0,0.0,0.0,0.0,16.0,4.0,597.0,160.0,8.0,2.0,1.0,29.0,21.0,11.0,32.0,0.0,0.0,291.0,277.0,0.0,0.0,13.0,1.0,0.0,3.0,36.0,252.0,39.0,0.0,486.0,97.0,0.0,0.0,0.0,0.40475698933005333,0.0,419.95593333333335,30.653118133544922,42886.990234375,0.05554919317364693,1.0
419068,0.0,2.0,0.0,0.0,1.0,0.0,0.0,0.0,0.0,1.0,0.0,0.0,0.0,2.0,1.0,1.0,1.0,0.0,0.0,4.0,1.0,8.05734281539917,3.0,1.0,0.0,1.0,0.0,46.0,6.0,6.0,0.0,3699.259979248047,75.88999831676483,9021.720275878906,1076.3300094604492,5330.339866638184,51.0,64.0,8.0,1.0,2.0,6.0,0.0,0.0,0.0,0.0,0.0,0.0,0.0,0.0,1.0,0.0,1.0,0.0,0.0,0.0,0.0,39.0,5.0,1.0,7.0,4.0,1.0,1.0,25.0,9.0,7.0,3.0,3.0,1.0,23.0,14.0,10.0,16.0,23.0,3.0,0.0,1.0,16.0,5.0,192.0,77.0,5.0,9.0,49.0,24.0,53.0,29.0,82.0,0.0,0.0,94.0,79.0,0.0,0.0,35.0,31.0,1.0,5.0,54.0,32.0,59.0,0.0,315.0,71.0,4.0,1.0,1.0,1.1071949433535337,5.0,155.80253333333337,27.252059936523438,19203.540649414062,0.21681375056505203,0.0
419077,0.0,0.0,0.0,0.0,0.0,0.0,0.0,,0.0,0.0,0.0,0.0,0.0,0.0,0.0,0.0,0.0,0.0,0.0,0.0,0.0,1.2968884468078614,0.0,0.0,0.0,0.0,0.0,9.0,1.0,1.0,0.0,1704.5999755859375,240.9800262451172,4728.97998046875,710.2901000976562,3953.14990234375,10.0,13.0,2.0,1.0,1.0,1.0,,,0.0,0.0,0.0,0.0,0.0,0.0,0.0,0.0,0.0,0.0,0.0,0.0,0.0,16.0,1.0,2.0,11.0,9.0,8.0,8.0,11.0,1.0,0.0,0.0,0.0,0.0,4.0,2.0,1.0,1.0,12.0,0.0,1.0,0.0,7.0,1.0,104.0,37.0,2.0,0.0,0.0,2.0,1.0,1.0,2.0,0.0,0.0,51.0,47.0,0.0,0.0,2.0,0.0,0.0,2.0,6.0,42.0,8.0,0.0,148.0,50.0,0.0,0.0,0.0,0.07000381499528885,1.0,104.90254999999999,33.0159912109375,11338.0,0.0,0.0
419082,0.0,5.0,0.0,2.0,0.0,0.0,3.0,0.0,0.0,0.0,2.0,0.0,0.0,5.0,0.0,2.0,0.0,0.0,0.0,4.0,0.0,7.207826709747314,4.0,0.0,0.0,1.0,0.0,84.0,15.0,0.0,0.0,4676.340057373047,777.3500366210938,11755.569580078125,1897.2799530029297,8764.370239257812,25.0,35.0,18.0,5.0,2.0,0.0,0.0,0.0,0.0,0.0,0.0,0.0,0.0,0.0,0.0,0.0,0.0,0.0,2.0,0.0,0.0,4.0,0.0,0.0,0.0,0.0,0.0,0.0,2.0,1.0,1.0,1.0,1.0,0.0,3.0,1.0,1.0,3.0,4.0,0.0,0.0,0.0,2.0,5.0,103.0,52.0,9.0,69.0,53.0,7.0,104.0,25.0,129.0,2.0,0.0,38.0,33.0,0.0,0.0,18.0,40.0,2.0,12.0,30.0,15.0,42.0,0.0,366.0,148.0,3.0,1.0,4.0,18.04561197757721,0.0,247.66133333333335,33.23985290527344,27870.91015625,0.3820962943136692,0.0
419100,1.0,4.0,0.0,1.0,0.0,0.0,1.0,0.0,0.0,1.0,1.0,0.0,1.0,3.0,2.0,1.0,3.0,1.0,1.0,14.0,0.0,5.962893962860107,8.0,0.0,10.0,18.0,8.0,79.0,11.0,6.0,0.0,3534.3099975585938,753.2100372314453,10864.02001953125,1641.8499755859375,10849.440185546875,45.0,63.0,10.0,2.0,7.0,6.0,0.0,0.0,0.0,0.0,0.0,0.0,0.0,0.0,2.0,0.0,2.0,0.0,2.0,0.0,0.0,26.0,2.0,2.0,4.0,3.0,0.0,0.0,19.0,7.0,6.0,4.0,4.0,1.0,15.0,10.0,7.0,10.0,15.0,2.0,1.0,0.0,13.0,3.0,174.0,98.0,16.0,74.0,51.0,10.0,72.0,63.0,135.0,6.0,0.0,57.0,50.0,0.0,0.0,31.0,45.0,7.0,9.0,46.0,32.0,55.0,0.0,308.0,129.0,0.0,2.0,7.0,4.8200600147247314,0.0,278.23105,32.41666030883789,27642.830078125,1.0946233123540878,0.0
419101,0.0,0.0,0.0,0.0,0.0,0.0,0.0,,0.0,0.0,0.0,0.0,0.0,0.0,0.0,0.0,0.0,0.0,0.0,0.0,0.0,0.0,0.0,0.0,0.0,0.0,0.0,0.0,0.0,0.0,0.0,0.0,0.0,0.0,0.0,0.0,0.0,0.0,0.0,0.0,0.0,0.0,,,0.0,0.0,0.0,0.0,0.0,0.0,0.0,0.0,0.0,0.0,0.0,0.0,0.0,0.0,0.0,0.0,0.0,0.0,0.0,0.0,0.0,0.0,0.0,0.0,0.0,0.0,0.0,0.0,0.0,0.0,0.0,0.0,0.0,0.0,0.0,0.0,0.0,0.0,0.0,0.0,0.0,0.0,0.0,0.0,0.0,0.0,0.0,0.0,0.0,0.0,0.0,0.0,0.0,0.0,0.0,0.0,0.0,0.0,0.0,0.0,0.0,0.0,0.0,0.0,0.0,0.0,0.0,0.0,0.0,0.0,0.0
419108,0.0,3.0,0.0,1.0,0.0,2.0,0.0,0.0,0.0,0.0,1.0,0.0,0.0,2.0,0.0,2.0,0.0,1.0,0.0,6.0,3.0,5.81428337097168,4.0,3.0,0.0,1.0,0.0,31.0,13.0,4.0,0.0,3527.989990234375,572.1700439453125,11989.64013671875,1168.2400207519531,13101.6201171875,23.0,44.0,8.0,2.0,2.0,4.0,0.0,0.0,0.0,0.0,0.0,0.0,0.0,0.0,0.0,0.0,0.0,0.0,2.0,0.0,0.0,62.0,2.0,12.0,27.0,18.0,10.0,13.0,40.0,4.0,2.0,0.0,1.0,1.0,31.0,20.0,11.0,16.0,25.0,1.0,7.0,1.0,10.0,3.0,373.0,136.0,11.0,1.0,0.0,30.0,18.0,13.0,31.0,0.0,0.0,172.0,154.0,0.0,0.0,12.0,4.0,0.0,5.0,15.0,157.0,20.0,0.0,303.0,98.0,0.0,0.0,0.0,0.3446606397628784,0.0,313.2592666666667,32.97467803955078,30359.6611328125,0.13446678034961224,0.0
419126,0.0,2.0,0.0,0.0,0.0,1.0,0.0,0.0,0.0,1.0,0.0,0.0,0.0,1.0,0.0,0.0,0.0,1.0,0.0,3.0,1.0,6.094140529632568,1.0,1.0,0.0,3.0,1.0,95.0,2.0,0.0,0.0,2322.360107421875,728.6599960327148,6994.410095214844,1151.1199493408203,7843.7999267578125,14.0,24.0,6.0,1.0,1.0,0.0,0.0,0.0,0.0,0.0,0.0,0.0,0.0,0.0,0.0,0.0,0.0,0.0,1.0,0.0,0.0,6.0,0.0,0.0,0.0,0.0,0.0,0.0,5.0,3.0,3.0,3.0,3.0,0.0,3.0,2.0,2.0,3.0,5.0,0.0,0.0,0.0,4.0,3.0,65.0,36.0,6.0,30.0,6.0,0.0,27.0,9.0,36.0,2.0,0.0,25.0,20.0,0.0,0.0,8.0,26.0,4.0,5.0,20.0,8.0,25.0,0.0,190.0,93.0,1.0,1.0,1.0,10.566868543624878,0.0,182.71911666666665,34.75124740600586,19040.350341796875,0.20410257577896118,0.0
419132,0.0,3.0,0.0,0.0,1.0,0.0,0.0,0.0,0.0,0.0,1.0,0.0,1.0,1.0,0.0,2.0,1.0,2.0,1.0,8.0,1.0,6.308934052785237,3.0,1.0,10.0,14.0,1.0,15.0,1.0,0.0,0.0,1022.1199951171875,177.05999755859375,2372.93994140625,399.43997955322266,2526.0499877929688,11.0,32.0,2.0,0.0,1.0,0.0,0.0,0.0,0.0,0.0,0.0,0.0,0.0,0.0,0.0,0.0,0.0,0.0,0.0,0.0,0.0,15.0,2.0,0.0,2.0,2.0,0.0,0.0,10.0,7.0,5.0,3.0,5.0,0.0,6.0,3.0,1.0,4.0,14.0,2.0,0.0,0.0,10.0,3.0,77.0,46.0,7.0,16.0,18.0,6.0,2.0,38.0,40.0,0.0,0.0,26.0,19.0,0.0,0.0,17.0,19.0,3.0,1.0,17.0,16.0,18.0,0.0,90.0,35.0,3.0,0.0,2.0,1.9491640329360962,5.0,61.81651666666666,34.88373565673828,6497.60986328125,0.2186303585767746,0.0
419134,0.0,3.0,0.0,0.0,0.0,0.0,0.0,0.0,0.0,2.0,1.0,0.0,0.0,2.0,0.0,2.0,0.0,1.0,0.0,1.0,0.0,6.35026741027832,0.0,0.0,0.0,12.0,0.0,51.0,12.0,0.0,0.0,3729.300048828125,640.8299560546875,9752.219970703125,1709.4300537109375,9262.669677734375,48.0,70.0,9.0,1.0,0.0,0.0,0.0,0.0,0.0,0.0,0.0,0.0,0.0,0.0,0.0,0.0,0.0,0.0,0.0,0.0,0.0,33.0,2.0,3.0,7.0,6.0,2.0,2.0,25.0,4.0,3.0,2.0,2.0,0.0,22.0,16.0,12.0,17.0,17.0,1.0,3.0,0.0,12.0,3.0,230.0,109.0,11.0,64.0,29.0,9.0,28.0,74.0,102.0,1.0,0.0,103.0,89.0,0.0,0.0,27.0,30.0,7.0,3.0,50.0,42.0,53.0,0.0,320.0,129.0,1.0,1.0,0.0,0.9803371354937553,24.0,237.24518333333333,32.570796966552734,25094.44970703125,0.09260819852352142,1.0
419142,0.0,0.0,0.0,0.0,0.0,0.0,0.0,,0.0,0.0,0.0,0.0,0.0,0.0,0.0,0.0,0.0,0.0,0.0,0.0,0.0,0.0,0.0,0.0,0.0,0.0,0.0,0.0,0.0,0.0,0.0,0.0,0.0,0.0,0.0,0.0,0.0,0.0,0.0,0.0,0.0,0.0,,,0.0,0.0,0.0,0.0,0.0,0.0,0.0,0.0,0.0,0.0,0.0,0.0,0.0,0.0,0.0,0.0,0.0,0.0,0.0,0.0,0.0,0.0,0.0,0.0,0.0,0.0,0.0,0.0,0.0,0.0,0.0,0.0,0.0,0.0,0.0,0.0,0.0,0.0,0.0,0.0,0.0,0.0,0.0,0.0,0.0,0.0,0.0,0.0,0.0,0.0,0.0,0.0,0.0,0.0,0.0,0.0,0.0,0.0,0.0,0.0,0.0,0.0,0.0,0.0,0.0,0.0,0.0,0.0,0.0,0.0,0.0
419166,0.0,0.0,0.0,0.0,0.0,0.0,0.0,,0.0,0.0,0.0,0.0,0.0,0.0,0.0,0.0,0.0,0.0,0.0,1.0,0.0,1.4218448400497437,1.0,0.0,0.0,0.0,0.0,12.0,5.0,0.0,0.0,696.9299774169922,144.07000732421875,2220.330078125,307.1199951171875,3096.0899658203125,10.0,12.0,2.0,2.0,1.0,1.0,,,0.0,0.0,0.0,0.0,0.0,0.0,0.0,0.0,0.0,0.0,0.0,1.0,0.0,10.0,0.0,1.0,7.0,7.0,6.0,6.0,10.0,0.0,0.0,0.0,0.0,0.0,3.0,3.0,2.0,2.0,7.0,0.0,1.0,0.0,7.0,2.0,71.0,23.0,3.0,0.0,0.0,9.0,7.0,2.0,9.0,0.0,0.0,34.0,32.0,0.0,0.0,6.0,0.0,0.0,0.0,2.0,32.0,2.0,0.0,57.0,23.0,1.0,1.0,0.0,0.29109742119908333,0.0,69.37133333333334,30.55231475830078,6464.539794921875,0.0,0.0
419172,0.0,0.0,0.0,0.0,0.0,0.0,0.0,,0.0,0.0,0.0,0.0,0.0,0.0,0.0,0.0,0.0,0.0,0.0,0.0,0.0,0.0,0.0,0.0,0.0,0.0,0.0,0.0,0.0,0.0,0.0,0.0,0.0,0.0,0.0,0.0,0.0,0.0,0.0,0.0,0.0,0.0,,,0.0,0.0,0.0,0.0,0.0,0.0,0.0,0.0,0.0,0.0,0.0,0.0,0.0,0.0,0.0,0.0,0.0,0.0,0.0,0.0,0.0,0.0,0.0,0.0,0.0,0.0,0.0,0.0,0.0,0.0,0.0,0.0,0.0,0.0,0.0,0.0,0.0,0.0,0.0,0.0,0.0,0.0,0.0,0.0,0.0,0.0,0.0,0.0,0.0,0.0,0.0,0.0,0.0,0.0,0.0,0.0,0.0,0.0,0.0,0.0,0.0,0.0,0.0,0.0,0.0,0.0,0.0,0.0,0.0,0.0,0.0
419177,0.0,1.0,0.0,0.0,0.0,0.0,1.0,0.0,0.0,0.0,0.0,0.0,0.0,1.0,0.0,1.0,0.0,0.0,0.0,3.0,2.0,4.118219494819641,3.0,2.0,0.0,0.0,0.0,28.0,14.0,2.0,0.0,4707.27001953125,882.3300013542175,19196.499755859375,1991.489990234375,22747.290161132812,47.0,54.0,14.0,4.0,0.0,4.0,0.0,0.0,0.0,0.0,0.0,0.0,0.0,8.0,0.0,0.0,0.0,0.0,1.0,2.0,0.0,35.0,0.0,3.0,21.0,20.0,17.0,18.0,30.0,1.0,0.0,0.0,0.0,1.0,13.0,10.0,7.0,9.0,13.0,0.0,3.0,0.0,11.0,6.0,659.0,237.0,15.0,1.0,0.0,58.0,29.0,30.0,59.0,0.0,0.0,315.0,307.0,0.0,0.0,35.0,2.0,1.0,4.0,23.0,281.0,27.0,0.0,407.0,157.0,0.0,1.0,1.0,0.49071038514375687,1.0,533.55995,34.12277603149414,49524.88134765625,0.0626426488161087,0.0
419189,0.0,0.0,0.0,0.0,0.0,0.0,0.0,0.0,0.0,0.0,0.0,0.0,0.0,0.0,0.0,0.0,0.0,0.0,0.0,4.0,1.0,6.389233430226644,3.0,1.0,0.0,7.0,2.0,68.0,10.0,0.0,0.0,3566.5399169921875,802.4400024414062,12132.119873046875,1909.169921875,10846.010009765625,32.0,50.0,13.0,4.0,1.0,0.0,0.0,0.0,0.0,0.0,0.0,0.0,0.0,0.0,0.0,0.0,0.0,0.0,0.0,0.0,0.0,32.0,3.0,0.0,10.0,3.0,3.0,7.0,9.0,8.0,1.0,0.0,4.0,1.0,14.0,5.0,4.0,10.0,14.0,0.0,0.0,1.0,4.0,3.0,163.0,87.0,3.0,38.0,33.0,9.0,5.0,75.0,80.0,1.0,0.0,80.0,54.0,0.0,0.0,24.0,28.0,4.0,2.0,33.0,38.0,35.0,0.0,296.0,130.0,0.0,1.0,3.0,0.5319169536232948,25.0,274.07061666666664,33.094329833984375,29256.28125,0.0,0.0
419211,0.0,1.0,0.0,0.0,0.0,0.0,0.0,0.0,0.0,0.0,1.0,0.0,0.0,1.0,0.0,1.0,0.0,0.0,0.0,1.0,0.0,1.4933853149414062,0.0,0.0,0.0,0.0,0.0,25.0,1.0,0.0,0.0,643.4099731445312,88.36000061035156,2225.55029296875,263.1399841308594,2748.0400390625,1.0,7.0,1.0,0.0,1.0,0.0,0.0,0.0,0.0,0.0,0.0,0.0,0.0,0.0,0.0,0.0,0.0,0.0,1.0,0.0,0.0,1.0,0.0,0.0,0.0,0.0,0.0,0.0,0.0,1.0,0.0,0.0,1.0,0.0,0.0,0.0,0.0,0.0,1.0,0.0,0.0,0.0,0.0,1.0,15.0,9.0,1.0,10.0,8.0,2.0,12.0,8.0,20.0,0.0,0.0,5.0,1.0,0.0,0.0,4.0,6.0,0.0,3.0,4.0,2.0,7.0,0.0,66.0,16.0,0.0,1.0,0.0,1.9840410947799683,0.0,59.88353333333333,31.237651824951172,5968.5,0.06767334043979645,0.0
419223,0.0,4.0,0.0,0.0,1.0,0.0,0.0,0.0,0.0,1.0,2.0,0.0,0.0,0.0,0.0,3.0,1.0,4.0,1.0,10.0,1.0,6.389164447784424,8.0,1.0,7.0,7.0,1.0,115.0,9.0,3.0,0.0,4585.660003662109,618.9399909973145,13143.499938964844,2131.4500427246094,10234.720031738281,72.0,98.0,12.0,1.0,2.0,3.0,0.0,0.0,0.0,0.0,0.0,0.0,0.0,0.0,0.0,0.0,0.0,0.0,0.0,0.0,0.0,28.0,1.0,1.0,6.0,5.0,3.0,4.0,18.0,3.0,1.0,0.0,1.0,1.0,19.0,12.0,10.0,16.0,22.0,1.0,1.0,0.0,15.0,4.0,231.0,115.0,14.0,85.0,102.0,22.0,102.0,107.0,209.0,0.0,0.0,99.0,82.0,0.0,0.0,56.0,46.0,2.0,3.0,80.0,29.0,83.0,0.0,405.0,182.0,1.0,1.0,5.0,3.57882422208786,2.0,287.5561666666667,32.193450927734375,30714.271484375,0.15160801820456982,0.0
419225,0.0,0.0,0.0,0.0,0.0,0.0,0.0,,0.0,0.0,0.0,0.0,0.0,0.0,0.0,0.0,0.0,0.0,0.0,0.0,0.0,0.0,0.0,0.0,0.0,0.0,0.0,0.0,0.0,0.0,0.0,0.0,0.0,0.0,0.0,0.0,0.0,0.0,0.0,0.0,0.0,0.0,,,0.0,0.0,0.0,0.0,0.0,0.0,0.0,0.0,0.0,0.0,0.0,0.0,0.0,0.0,0.0,0.0,0.0,0.0,0.0,0.0,0.0,0.0,0.0,0.0,0.0,0.0,0.0,0.0,0.0,0.0,0.0,0.0,0.0,0.0,0.0,0.0,0.0,0.0,0.0,0.0,0.0,0.0,0.0,0.0,0.0,0.0,0.0,0.0,0.0,0.0,0.0,0.0,0.0,0.0,0.0,0.0,0.0,0.0,0.0,0.0,0.0,0.0,0.0,0.0,0.0,0.0,0.0,0.0,0.0,0.0,0.0
419281,0.0,2.0,0.0,0.0,1.0,0.0,0.0,0.0,0.0,1.0,0.0,0.0,0.0,0.0,0.0,2.0,0.0,2.0,0.0,5.0,1.0,5.932478745778401,4.0,0.0,0.0,4.0,1.0,76.0,18.0,2.0,0.0,3649.039794921875,1052.9199676513672,11635.009765625,1919.6798706054688,11521.3701171875,56.0,83.0,11.0,4.0,2.0,2.0,0.0,0.0,0.0,0.0,0.0,0.0,0.0,0.0,0.0,0.0,0.0,0.0,0.0,0.0,0.0,52.0,3.0,6.0,25.0,14.0,11.0,16.0,29.0,3.0,2.0,0.0,0.0,0.0,24.0,13.0,10.0,15.0,31.0,2.0,1.0,0.0,12.0,3.0,241.0,115.0,5.0,25.0,12.0,7.0,12.0,32.0,44.0,0.0,0.0,113.0,88.0,0.0,0.0,18.0,15.0,9.0,4.0,46.0,56.0,50.0,0.0,324.0,150.0,0.0,1.0,2.0,0.20582396909594536,15.0,300.7658,32.72227096557617,29778.0205078125,0.10951505042612553,1.0
419287,0.0,0.0,0.0,0.0,0.0,0.0,0.0,,0.0,0.0,0.0,0.0,0.0,0.0,0.0,0.0,0.0,0.0,0.0,0.0,0.0,0.0,0.0,0.0,0.0,0.0,0.0,0.0,0.0,0.0,0.0,0.0,0.0,0.0,0.0,0.0,0.0,0.0,0.0,0.0,0.0,0.0,,,0.0,0.0,0.0,0.0,0.0,0.0,0.0,0.0,0.0,0.0,0.0,0.0,0.0,0.0,0.0,0.0,0.0,0.0,0.0,0.0,0.0,0.0,0.0,0.0,0.0,0.0,0.0,0.0,0.0,0.0,0.0,0.0,0.0,0.0,0.0,0.0,0.0,0.0,0.0,0.0,0.0,0.0,0.0,0.0,0.0,0.0,0.0,0.0,0.0,0.0,0.0,0.0,0.0,0.0,0.0,0.0,0.0,0.0,0.0,0.0,0.0,0.0,0.0,0.0,0.0,0.0,0.0,0.0,0.0,0.0,0.0
419291,0.0,0.0,0.0,0.0,0.0,0.0,0.0,0.0,0.0,0.0,0.0,0.0,0.0,0.0,0.0,0.0,0.0,0.0,0.0,2.0,0.0,6.4903214772542315,0.0,0.0,0.0,0.0,0.0,150.0,11.0,1.0,0.0,3520.8199462890625,614.3999938964844,11967.18994140625,1466.6899719238281,10717.269775390625,23.0,43.0,11.0,2.0,3.0,1.0,0.0,0.0,0.0,0.0,0.0,0.0,0.0,0.0,0.0,0.0,0.0,0.0,0.0,0.0,0.0,12.0,1.0,0.0,2.0,0.0,0.0,1.0,2.0,5.0,0.0,0.0,4.0,0.0,5.0,2.0,2.0,4.0,9.0,0.0,0.0,0.0,2.0,3.0,108.0,53.0,2.0,27.0,23.0,1.0,33.0,18.0,51.0,0.0,0.0,51.0,32.0,0.0,0.0,7.0,38.0,2.0,14.0,27.0,12.0,41.0,0.0,328.0,123.0,0.0,2.0,0.0,4.787886023521423,0.0,262.48803333333336,31.4527587890625,28286.369140625,0.0,1.0
419300,0.0,0.0,0.0,0.0,0.0,0.0,0.0,,0.0,0.0,0.0,0.0,0.0,0.0,0.0,0.0,0.0,0.0,0.0,0.0,0.0,1.8541577657063801,0.0,0.0,0.0,0.0,0.0,6.0,0.0,0.0,0.0,116.5899887084961,0.0,420.2699890136719,36.619998931884766,216.80999755859375,0.0,0.0,0.0,0.0,0.0,0.0,,,0.0,0.0,0.0,0.0,0.0,0.0,0.0,0.0,0.0,0.0,0.0,0.0,0.0,0.0,0.0,0.0,0.0,0.0,0.0,0.0,0.0,0.0,0.0,0.0,0.0,0.0,0.0,0.0,0.0,0.0,0.0,0.0,0.0,0.0,0.0,1.0,0.0,0.0,0.0,0.0,0.0,0.0,0.0,0.0,0.0,0.0,0.0,0.0,0.0,0.0,0.0,0.0,0.0,0.0,0.0,0.0,0.0,0.0,0.0,10.0,4.0,1.0,0.0,0.0,0.21211053431034088,0.0,8.526716666666672,23.405550003051758,790.2899169921875,0.0,0.0
419302,0.0,2.0,0.0,0.0,0.0,0.0,0.0,0.0,0.0,1.0,1.0,0.0,0.0,1.0,1.0,0.0,2.0,1.0,1.0,2.0,0.0,7.8556389808654785,1.0,0.0,0.0,1.0,0.0,62.0,5.0,0.0,0.0,1886.0199432373047,279.17000579833984,4143.929870605469,1006.5399780273438,3411.3101654052734,10.0,20.0,5.0,2.0,0.0,0.0,0.0,0.0,0.0,0.0,0.0,0.0,0.0,0.0,0.0,0.0,0.0,0.0,0.0,0.0,0.0,6.0,1.0,0.0,2.0,1.0,1.0,1.0,3.0,2.0,1.0,1.0,1.0,0.0,2.0,1.0,1.0,1.0,5.0,0.0,0.0,0.0,2.0,3.0,52.0,23.0,2.0,13.0,21.0,5.0,24.0,15.0,39.0,0.0,0.0,22.0,16.0,0.0,0.0,9.0,16.0,0.0,6.0,11.0,9.0,17.0,0.0,170.0,70.0,3.0,0.0,1.0,5.1421157121658325,2.0,88.98698333333334,31.61288070678711,10726.9697265625,0.19835565611720085,0.0
419303,0.0,0.0,0.0,0.0,0.0,0.0,0.0,0.0,0.0,0.0,0.0,0.0,0.0,0.0,0.0,0.0,0.0,0.0,0.0,4.0,0.0,6.752855618794759,3.0,0.0,0.0,2.0,0.0,64.0,2.0,0.0,0.0,2573.510009765625,753.3700103759766,9165.000366210938,1313.56005859375,8705.799682617188,29.0,44.0,11.0,0.0,4.0,0.0,0.0,0.0,0.0,0.0,0.0,0.0,0.0,0.0,0.0,0.0,0.0,0.0,0.0,0.0,0.0,38.0,4.0,4.0,15.0,8.0,4.0,7.0,20.0,5.0,1.0,1.0,1.0,0.0,18.0,11.0,7.0,10.0,20.0,0.0,4.0,0.0,14.0,3.0,168.0,82.0,1.0,18.0,19.0,12.0,20.0,29.0,49.0,0.0,0.0,77.0,57.0,0.0,0.0,13.0,8.0,4.0,2.0,23.0,48.0,25.0,0.0,235.0,107.0,1.0,1.0,1.0,0.32072414457798004,15.0,213.11866666666668,33.776912689208984,22511.240112304688,0.0,0.0
419326,0.0,0.0,0.0,0.0,0.0,0.0,0.0,,0.0,0.0,0.0,0.0,0.0,0.0,0.0,0.0,0.0,0.0,0.0,0.0,0.0,0.0,0.0,0.0,0.0,0.0,0.0,0.0,0.0,0.0,0.0,0.0,0.0,0.0,0.0,0.0,0.0,0.0,0.0,0.0,0.0,0.0,,,0.0,0.0,0.0,0.0,0.0,0.0,0.0,0.0,0.0,0.0,0.0,0.0,0.0,0.0,0.0,0.0,0.0,0.0,0.0,0.0,0.0,0.0,0.0,0.0,0.0,0.0,0.0,0.0,0.0,0.0,0.0,0.0,0.0,0.0,0.0,0.0,0.0,0.0,0.0,0.0,0.0,0.0,0.0,0.0,0.0,0.0,0.0,0.0,0.0,0.0,0.0,0.0,0.0,0.0,0.0,0.0,0.0,0.0,0.0,0.0,0.0,0.0,0.0,0.0,0.0,0.0,0.0,0.0,0.0,0.0,0.0
419436,0.0,1.0,0.0,0.0,0.0,0.0,0.0,1.0,0.0,0.0,0.0,0.0,0.0,0.0,0.0,1.0,0.0,1.0,0.0,1.0,0.0,2.0419341723124185,1.0,0.0,2.0,2.0,2.0,18.0,4.0,0.0,0.0,609.1400146484375,139.10000610351562,1448.219970703125,340.4599914550781,1663.7099609375,7.0,8.0,3.0,1.0,0.0,0.0,,,0.0,0.0,0.0,0.0,0.0,0.0,0.0,0.0,0.0,0.0,0.0,0.0,0.0,2.0,0.0,0.0,0.0,0.0,0.0,0.0,2.0,0.0,0.0,0.0,0.0,0.0,2.0,2.0,2.0,2.0,1.0,0.0,0.0,0.0,1.0,1.0,27.0,14.0,2.0,2.0,4.0,1.0,3.0,4.0,7.0,0.0,0.0,12.0,11.0,0.0,0.0,0.0,2.0,0.0,0.0,8.0,2.0,8.0,0.0,51.0,24.0,1.0,0.0,1.0,0.6788147687911987,4.0,41.12281666666666,30.038389205932617,4200.6298828125,0.050725266337394714,0.0
419441,0.0,1.0,0.0,0.0,0.0,0.0,0.0,0.0,0.0,1.0,0.0,0.0,0.0,0.0,0.0,0.0,0.0,1.0,0.0,1.0,0.0,5.864308595657349,1.0,0.0,0.0,3.0,1.0,45.0,6.0,0.0,1.0,1658.8700561523438,398.9199447631836,5710.1895751953125,702.9700622558594,5155.2799072265625,16.0,26.0,3.0,4.0,0.0,0.0,0.0,0.0,0.0,0.0,0.0,0.0,0.0,0.0,0.0,0.0,0.0,0.0,0.0,0.0,0.0,18.0,1.0,2.0,7.0,4.0,4.0,4.0,10.0,2.0,1.0,1.0,1.0,0.0,9.0,5.0,5.0,6.0,12.0,0.0,0.0,0.0,5.0,2.0,75.0,33.0,4.0,13.0,6.0,1.0,5.0,15.0,20.0,0.0,0.0,33.0,25.0,0.0,0.0,8.0,7.0,1.0,0.0,13.0,21.0,13.0,1.0,157.0,57.0,0.0,0.0,1.0,0.1108382772654295,4.0,134.29381666666666,32.64027404785156,13626.23095703125,0.004065040498971939,0.0
419459,0.0,0.0,0.0,0.0,0.0,0.0,0.0,,0.0,0.0,0.0,0.0,0.0,0.0,0.0,0.0,0.0,0.0,0.0,0.0,0.0,3.0960259437561035,0.0,0.0,0.0,0.0,0.0,0.0,0.0,8.0,0.0,171.59999465942383,8.880000114440918,3008.22998046875,16.380001068115234,12800.81982421875,9.0,21.0,0.0,1.0,1.0,9.0,0.0,0.0,124.0,103.0,1.87777778506279,16.0,12.0,22.0,0.0,0.0,0.0,0.0,0.0,1.0,0.0,84.0,7.0,17.0,39.0,11.0,8.0,15.0,17.0,8.0,0.0,0.0,0.0,1.0,37.0,6.0,3.0,12.0,25.0,0.0,3.0,0.0,4.0,3.0,162.0,101.0,0.0,0.0,0.0,7.0,4.0,3.0,7.0,0.0,1.0,93.0,50.0,0.0,0.0,4.0,0.0,0.0,0.0,3.0,48.0,3.0,0.0,20.0,2.0,0.0,0.0,0.0,0.06286568287760019,0.0,310.32276666666667,26.80693817138672,16005.91015625,0.0,1.0
419461,0.0,0.0,0.0,0.0,0.0,0.0,0.0,,0.0,0.0,0.0,0.0,0.0,0.0,0.0,0.0,0.0,0.0,0.0,0.0,0.0,0.0,0.0,0.0,0.0,0.0,0.0,0.0,0.0,0.0,0.0,0.0,0.0,0.0,0.0,0.0,0.0,0.0,0.0,0.0,0.0,0.0,,,0.0,0.0,0.0,0.0,0.0,0.0,0.0,0.0,0.0,0.0,0.0,0.0,0.0,0.0,0.0,0.0,0.0,0.0,0.0,0.0,0.0,0.0,0.0,0.0,0.0,0.0,0.0,0.0,0.0,0.0,0.0,0.0,0.0,0.0,0.0,0.0,0.0,0.0,0.0,0.0,0.0,0.0,0.0,0.0,0.0,0.0,0.0,0.0,0.0,0.0,0.0,0.0,0.0,0.0,0.0,0.0,0.0,0.0,0.0,0.0,0.0,0.0,0.0,0.0,0.0,0.0,0.0,0.0,0.0,0.0,0.0
419463,0.0,0.0,0.0,0.0,0.0,0.0,0.0,0.0,0.0,0.0,0.0,0.0,0.0,0.0,0.0,0.0,0.0,0.0,0.0,3.0,0.0,4.621961911519368,2.0,0.0,0.0,0.0,0.0,60.0,8.0,0.0,0.0,2132.5098876953125,459.8300018310547,5170.1700439453125,974.4500122070312,3555.3997802734375,4.0,10.0,8.0,1.0,2.0,0.0,0.0,0.0,0.0,0.0,0.0,0.0,0.0,0.0,0.0,0.0,0.0,0.0,0.0,0.0,0.0,7.0,0.0,0.0,0.0,0.0,0.0,0.0,3.0,3.0,0.0,0.0,3.0,0.0,4.0,3.0,3.0,4.0,5.0,0.0,0.0,0.0,2.0,2.0,33.0,23.0,2.0,10.0,7.0,1.0,11.0,7.0,18.0,0.0,0.0,14.0,9.0,0.0,0.0,1.0,12.0,1.0,5.0,6.0,5.0,11.0,0.0,176.0,66.0,0.0,2.0,1.0,2.0853264331817627,1.0,105.73320000000001,30.443099975585938,12292.35986328125,0.0,0.0
419473,0.0,0.0,0.0,0.0,0.0,0.0,0.0,,0.0,0.0,0.0,0.0,0.0,0.0,0.0,0.0,0.0,0.0,0.0,0.0,1.0,6.143459479014079,0.0,1.0,0.0,0.0,0.0,85.0,14.0,0.0,0.0,2504.9500732421875,113.46000289916992,7728.479736328125,757.8700561523438,5948.320068359375,18.0,22.0,13.0,7.0,0.0,0.0,0.0,0.0,0.0,0.0,0.0,0.0,0.0,0.0,0.0,0.0,0.0,0.0,0.0,0.0,0.0,6.0,1.0,0.0,2.0,1.0,0.0,1.0,4.0,1.0,1.0,0.0,0.0,0.0,3.0,2.0,1.0,2.0,5.0,1.0,0.0,0.0,4.0,3.0,69.0,25.0,2.0,5.0,41.0,15.0,47.0,14.0,61.0,0.0,0.0,32.0,25.0,0.0,0.0,17.0,5.0,0.0,0.0,18.0,14.0,18.0,0.0,232.0,55.0,0.0,3.0,0.0,0.42491514980793,1.0,166.995,28.50379753112793,17053.07958984375,0.0,1.0
419518,1.0,0.0,0.0,0.0,0.0,0.0,0.0,0.0,0.0,0.0,0.0,0.0,0.0,0.0,0.0,0.0,0.0,0.0,0.0,4.0,5.0,5.340701580047607,3.0,5.0,0.0,2.0,2.0,81.0,26.0,7.0,0.0,5873.989990234375,369.7300109863281,19956.2001953125,1778.3899536132812,15524.209228515625,56.0,68.0,17.0,3.0,4.0,7.0,0.0,0.0,0.0,0.0,0.0,0.0,0.0,0.0,0.0,0.0,0.0,0.0,0.0,0.0,0.0,58.0,2.0,4.0,18.0,13.0,12.0,12.0,41.0,2.0,0.0,0.0,0.0,0.0,38.0,28.0,27.0,32.0,22.0,0.0,1.0,0.0,10.0,4.0,425.0,171.0,25.0,4.0,59.0,76.0,105.0,34.0,139.0,0.0,0.0,199.0,182.0,0.0,0.0,65.0,11.0,1.0,4.0,42.0,157.0,46.0,0.0,497.0,137.0,0.0,1.0,2.0,0.16882041282951832,1.0,391.34568333333334,32.9950065612793,43502.51953125,0.0,0.0
419567,0.0,0.0,0.0,0.0,0.0,0.0,0.0,,0.0,0.0,0.0,0.0,0.0,0.0,0.0,0.0,0.0,0.0,0.0,0.0,0.0,2.065570672353109,0.0,0.0,0.0,0.0,0.0,4.0,1.0,0.0,0.0,176.60000610351562,49.52000045776367,817.9600830078125,86.25000762939453,745.3999633789062,3.0,3.0,0.0,0.0,0.0,0.0,0.0,0.0,0.0,0.0,0.0,0.0,0.0,0.0,0.0,0.0,0.0,0.0,0.0,0.0,0.0,5.0,0.0,2.0,2.0,1.0,0.0,0.0,2.0,0.0,0.0,0.0,0.0,0.0,3.0,1.0,0.0,1.0,2.0,0.0,1.0,0.0,2.0,1.0,11.0,6.0,0.0,0.0,1.0,0.0,0.0,1.0,1.0,0.0,0.0,6.0,4.0,0.0,0.0,0.0,0.0,0.0,0.0,3.0,0.0,3.0,0.0,19.0,8.0,1.0,0.0,0.0,0.01916196569800377,3.0,18.139233333333323,30.896602630615234,1875.7301025390625,0.0,0.0
419572,0.0,0.0,0.0,0.0,0.0,0.0,0.0,,0.0,0.0,0.0,0.0,0.0,0.0,0.0,0.0,0.0,0.0,0.0,0.0,0.0,0.0,0.0,0.0,0.0,0.0,0.0,0.0,0.0,0.0,0.0,0.0,0.0,0.0,0.0,0.0,0.0,0.0,0.0,0.0,0.0,0.0,,,0.0,0.0,0.0,0.0,0.0,0.0,0.0,0.0,0.0,0.0,0.0,0.0,0.0,0.0,0.0,0.0,0.0,0.0,0.0,0.0,0.0,0.0,0.0,0.0,0.0,0.0,0.0,0.0,0.0,0.0,0.0,0.0,0.0,0.0,0.0,0.0,0.0,0.0,0.0,0.0,0.0,0.0,0.0,0.0,0.0,0.0,0.0,0.0,0.0,0.0,0.0,0.0,0.0,0.0,0.0,0.0,0.0,0.0,0.0,0.0,0.0,0.0,0.0,0.0,0.0,0.0,0.0,0.0,0.0,0.0,0.0
419577,0.0,0.0,0.0,0.0,0.0,0.0,0.0,,0.0,0.0,0.0,0.0,0.0,0.0,0.0,0.0,0.0,0.0,0.0,0.0,0.0,0.0,0.0,0.0,0.0,0.0,0.0,0.0,0.0,0.0,0.0,0.0,0.0,0.0,0.0,0.0,0.0,0.0,0.0,0.0,0.0,0.0,,,0.0,0.0,0.0,0.0,0.0,0.0,0.0,0.0,0.0,0.0,0.0,0.0,0.0,0.0,0.0,0.0,0.0,0.0,0.0,0.0,0.0,0.0,0.0,0.0,0.0,0.0,0.0,0.0,0.0,0.0,0.0,0.0,0.0,0.0,0.0,0.0,0.0,0.0,0.0,0.0,0.0,0.0,0.0,0.0,0.0,0.0,0.0,0.0,0.0,0.0,0.0,0.0,0.0,0.0,0.0,0.0,0.0,0.0,0.0,0.0,0.0,0.0,0.0,0.0,0.0,0.0,0.0,0.0,0.0,0.0,0.0
419652,0.0,19.0,0.0,2.0,0.0,1.0,10.0,0.0,0.0,4.0,4.0,0.0,0.0,18.0,11.0,5.0,12.0,1.0,1.0,8.0,0.0,4.611642042795817,2.0,0.0,0.0,1.0,0.0,108.0,5.0,0.0,0.0,4526.389892578125,1407.9100036621094,17409.340087890625,1994.5900268554688,24130.6904296875,27.0,60.0,11.0,5.0,3.0,0.0,0.0,0.0,0.0,0.0,0.0,0.0,0.0,0.0,7.0,0.0,6.0,1.0,7.0,0.0,0.0,8.0,0.0,0.0,0.0,0.0,0.0,0.0,2.0,4.0,1.0,1.0,3.0,1.0,4.0,1.0,1.0,3.0,6.0,0.0,0.0,0.0,2.0,5.0,171.0,94.0,28.0,51.0,22.0,0.0,59.0,14.0,73.0,0.0,0.0,47.0,34.0,0.0,0.0,18.0,64.0,8.0,23.0,45.0,20.0,68.0,0.0,375.0,172.0,0.0,1.0,1.0,15.211122035980225,0.0,537.7782333333333,36.52069091796875,49468.919921875,4.623677685856819,0.0
419654,0.0,0.0,0.0,0.0,0.0,0.0,0.0,,0.0,0.0,0.0,0.0,0.0,0.0,0.0,0.0,0.0,0.0,0.0,0.0,0.0,1.3881621360778809,0.0,0.0,0.0,0.0,0.0,11.0,2.0,0.0,0.0,349.5400390625,47.290000915527344,754.0999755859375,153.16000366210938,414.57000732421875,1.0,2.0,0.0,0.0,0.0,0.0,,,0.0,0.0,0.0,0.0,0.0,0.0,0.0,0.0,0.0,0.0,0.0,0.0,0.0,2.0,0.0,0.0,0.0,0.0,0.0,0.0,1.0,0.0,0.0,0.0,0.0,0.0,2.0,1.0,1.0,2.0,1.0,0.0,0.0,0.0,0.0,1.0,7.0,3.0,0.0,0.0,2.0,1.0,2.0,1.0,3.0,0.0,0.0,3.0,2.0,0.0,0.0,0.0,0.0,0.0,0.0,0.0,4.0,0.0,0.0,26.0,14.0,1.0,0.0,0.0,0.5151913166046143,0.0,12.292150000000007,29.23077392578125,1718.659912109375,0.0,0.0
419662,0.0,2.0,0.0,0.0,0.0,0.0,0.0,0.0,0.0,0.0,1.0,1.0,0.0,2.0,1.0,1.0,1.0,0.0,0.0,0.0,0.0,2.0805086294809976,0.0,0.0,0.0,0.0,0.0,56.0,4.0,0.0,0.0,1297.949966430664,238.25000381469727,4380.1904296875,647.4499435424805,5139.7003173828125,15.0,22.0,8.0,0.0,2.0,0.0,,,0.0,0.0,0.0,0.0,0.0,0.0,0.0,0.0,0.0,0.0,0.0,0.0,0.0,2.0,0.0,0.0,0.0,0.0,0.0,0.0,0.0,1.0,0.0,0.0,1.0,0.0,1.0,0.0,0.0,1.0,2.0,0.0,0.0,0.0,0.0,2.0,54.0,29.0,5.0,34.0,16.0,2.0,47.0,5.0,52.0,1.0,0.0,24.0,18.0,1.0,0.0,10.0,21.0,1.0,9.0,17.0,2.0,26.0,0.0,120.0,47.0,1.0,0.0,0.0,7.576265811920166,0.0,117.39786666666666,31.05547523498535,11703.540161132812,0.8471685647964478,0.0
419672,0.0,3.0,0.0,0.0,0.0,2.0,0.0,1.0,0.0,0.0,0.0,0.0,0.0,3.0,1.0,2.0,1.0,0.0,0.0,1.0,4.0,4.746309677759807,1.0,1.0,0.0,0.0,0.0,8.0,3.0,0.0,0.0,1922.4799423217773,237.419997215271,8247.830322265625,588.0900077819824,7423.959625244141,16.0,27.0,1.0,2.0,2.0,0.0,0.0,0.0,0.0,0.0,0.0,0.0,0.0,0.0,1.0,0.0,1.0,0.0,3.0,0.0,0.0,33.0,0.0,7.0,21.0,15.0,14.0,14.0,20.0,0.0,0.0,0.0,0.0,0.0,12.0,5.0,4.0,5.0,15.0,0.0,1.0,0.0,5.0,5.0,222.0,72.0,7.0,2.0,1.0,15.0,12.0,6.0,18.0,0.0,0.0,99.0,84.0,0.0,0.0,10.0,3.0,0.0,3.0,11.0,89.0,14.0,0.0,165.0,45.0,4.0,0.0,0.0,1.3909533200785518,0.0,184.69578333333334,31.809419631958008,18419.780517578125,0.31661850959062576,0.0
419681,0.0,3.0,0.0,0.0,0.0,0.0,0.0,0.0,0.0,2.0,1.0,0.0,0.0,2.0,0.0,2.0,1.0,1.0,1.0,3.0,0.0,2.517078717549642,2.0,0.0,0.0,0.0,0.0,38.0,5.0,1.0,0.0,1635.4199829101562,53.260000228881836,3827.6002197265625,712.1200103759766,3223.489990234375,18.0,27.0,0.0,2.0,1.0,1.0,0.0,0.0,0.0,0.0,0.0,0.0,0.0,0.0,0.0,0.0,0.0,0.0,0.0,0.0,0.0,7.0,0.0,0.0,2.0,1.0,1.0,2.0,5.0,1.0,0.0,0.0,1.0,0.0,4.0,4.0,4.0,4.0,6.0,0.0,0.0,0.0,4.0,2.0,62.0,29.0,3.0,16.0,22.0,8.0,31.0,15.0,46.0,0.0,0.0,24.0,19.0,0.0,0.0,10.0,12.0,1.0,3.0,22.0,7.0,25.0,0.0,137.0,44.0,1.0,1.0,2.0,1.195364534854889,0.0,75.20505,27.853992462158203,9451.889892578125,0.17222740035504103,0.0
422657,0.0,1.0,0.0,1.0,0.0,0.0,0.0,0.0,0.0,1.0,0.0,0.0,0.0,1.0,0.0,0.0,0.0,0.0,0.0,7.0,2.0,6.502542972564697,7.0,2.0,0.0,0.0,0.0,85.0,22.0,4.0,0.0,5147.1597900390625,292.75000762939453,18114.31005859375,1418.4199829101562,13679.9599609375,151.0,167.0,7.0,6.0,6.0,4.0,0.0,0.0,0.0,0.0,0.0,0.0,0.0,0.0,0.0,0.0,0.0,0.0,0.0,0.0,0.0,64.0,2.0,2.0,17.0,15.0,13.0,13.0,51.0,5.0,4.0,0.0,0.0,3.0,42.0,32.0,28.0,35.0,44.0,2.0,0.0,2.0,37.0,4.0,519.0,177.0,12.0,2.0,32.0,109.0,106.0,37.0,143.0,0.0,0.0,243.0,224.0,0.0,0.0,78.0,8.0,0.0,4.0,65.0,174.0,69.0,0.0,424.0,109.0,0.0,3.0,1.0,0.22072169370949268,4.0,360.22103333333337,30.380409240722656,38652.59912109375,0.03707534819841385,0.0
422968,0.0,0.0,0.0,0.0,0.0,0.0,0.0,,0.0,0.0,0.0,0.0,0.0,0.0,0.0,0.0,0.0,0.0,0.0,0.0,0.0,2.360175132751465,0.0,0.0,0.0,0.0,0.0,14.0,1.0,0.0,0.0,368.05999755859375,46.34000015258789,979.7000122070312,198.63999938964844,775.219970703125,0.0,0.0,1.0,0.0,0.0,0.0,0.0,0.0,0.0,0.0,0.0,0.0,0.0,0.0,0.0,0.0,0.0,0.0,0.0,0.0,0.0,0.0,0.0,0.0,0.0,0.0,0.0,0.0,0.0,0.0,0.0,0.0,0.0,0.0,0.0,0.0,0.0,0.0,0.0,0.0,0.0,0.0,0.0,1.0,4.0,3.0,0.0,4.0,0.0,0.0,3.0,1.0,4.0,0.0,0.0,2.0,1.0,0.0,0.0,0.0,0.0,1.0,0.0,1.0,1.0,1.0,0.0,36.0,16.0,1.0,0.0,0.0,1.6743136644363403,0.0,20.00184999999999,28.927934646606445,2367.9599609375,0.0,0.0
423522,0.0,5.0,0.0,0.0,2.0,0.0,0.0,0.0,0.0,1.0,2.0,0.0,0.0,3.0,1.0,3.0,2.0,2.0,1.0,19.0,1.0,6.4133840799331665,10.0,1.0,0.0,8.0,3.0,84.0,21.0,0.0,0.0,4844.0799560546875,1299.4899597167969,15930.869140625,2674.6600036621094,12171.240478515625,74.0,104.0,23.0,4.0,4.0,0.0,0.0,0.0,0.0,0.0,0.0,0.0,0.0,0.0,0.0,0.0,0.0,0.0,0.0,0.0,0.0,26.0,2.0,0.0,8.0,5.0,4.0,6.0,17.0,8.0,3.0,2.0,6.0,0.0,10.0,9.0,8.0,8.0,18.0,1.0,0.0,0.0,12.0,4.0,286.0,145.0,10.0,27.0,37.0,12.0,26.0,50.0,76.0,0.0,0.0,107.0,94.0,0.0,0.0,31.0,41.0,7.0,8.0,85.0,51.0,93.0,0.0,396.0,223.0,0.0,2.0,8.0,1.202551744878292,11.0,343.94795000000005,36.669898986816406,36920.34033203125,0.42178545892238617,1.0
423574,0.0,0.0,0.0,0.0,0.0,0.0,0.0,,0.0,0.0,0.0,0.0,0.0,0.0,0.0,0.0,0.0,0.0,0.0,0.0,0.0,0.0,0.0,0.0,0.0,0.0,0.0,0.0,0.0,0.0,0.0,0.0,0.0,0.0,0.0,0.0,0.0,0.0,0.0,0.0,0.0,0.0,,,0.0,0.0,0.0,0.0,0.0,0.0,0.0,0.0,0.0,0.0,0.0,0.0,0.0,0.0,0.0,0.0,0.0,0.0,0.0,0.0,0.0,0.0,0.0,0.0,0.0,0.0,0.0,0.0,0.0,0.0,0.0,0.0,0.0,0.0,0.0,0.0,0.0,0.0,0.0,0.0,0.0,0.0,0.0,0.0,0.0,0.0,0.0,0.0,0.0,0.0,0.0,0.0,0.0,0.0,0.0,0.0,0.0,0.0,0.0,0.0,0.0,0.0,0.0,0.0,0.0,0.0,0.0,0.0,0.0,0.0,0.0
423575,0.0,0.0,0.0,0.0,0.0,0.0,0.0,,0.0,0.0,0.0,0.0,0.0,0.0,0.0,0.0,0.0,0.0,0.0,4.0,0.0,6.372622966766357,2.0,0.0,0.0,1.0,0.0,28.0,4.0,0.0,0.0,1921.5699768066406,575.3099975585938,4307.880126953125,966.6100006103516,4379.830078125,20.0,30.0,2.0,0.0,1.0,0.0,0.0,0.0,0.0,0.0,0.0,0.0,0.0,0.0,0.0,0.0,0.0,0.0,0.0,0.0,0.0,11.0,0.0,2.0,5.0,2.0,1.0,3.0,5.0,2.0,0.0,0.0,2.0,0.0,4.0,3.0,2.0,2.0,8.0,0.0,1.0,0.0,2.0,3.0,75.0,33.0,1.0,17.0,13.0,5.0,17.0,18.0,35.0,0.0,0.0,33.0,25.0,0.0,0.0,13.0,12.0,1.0,2.0,22.0,13.0,24.0,0.0,160.0,74.0,3.0,0.0,1.0,2.0230349749326706,0.0,112.68400000000001,32.36019515991211,12151.199951171875,0.0,0.0
423595,0.0,3.0,0.0,1.0,1.0,0.0,0.0,0.0,0.0,1.0,1.0,0.0,0.0,1.0,0.0,1.0,0.0,2.0,0.0,5.0,1.0,6.520412604014079,5.0,1.0,0.0,2.0,1.0,67.0,18.0,0.0,0.0,4931.360107421875,653.1100006103516,14093.83984375,1905.949951171875,11314.030517578125,67.0,84.0,10.0,4.0,0.0,0.0,0.0,0.0,0.0,0.0,0.0,0.0,0.0,0.0,0.0,0.0,0.0,0.0,0.0,0.0,0.0,64.0,7.0,2.0,26.0,22.0,16.0,17.0,47.0,9.0,4.0,0.0,1.0,1.0,29.0,21.0,15.0,19.0,27.0,4.0,2.0,0.0,19.0,3.0,364.0,117.0,8.0,6.0,26.0,66.0,66.0,32.0,98.0,0.0,0.0,171.0,156.0,0.0,0.0,58.0,9.0,0.0,6.0,47.0,126.0,53.0,0.0,415.0,133.0,0.0,1.0,2.0,0.29543437063694,3.0,302.8543666666667,32.28368377685547,32898.2880859375,0.08501002565026283,1.0
423646,0.0,5.0,0.0,1.0,0.0,0.0,0.0,0.0,0.0,2.0,3.0,0.0,0.0,1.0,0.0,2.0,2.0,4.0,2.0,20.0,2.0,7.29542875289917,16.0,2.0,8.0,14.0,5.0,257.0,38.0,4.0,0.0,11462.890045166016,927.2799797058105,31814.310180664062,4115.939910888672,19693.3701171875,283.0,343.0,51.0,4.0,5.0,4.0,0.0,0.0,0.0,0.0,0.0,0.0,0.0,0.0,0.0,0.0,0.0,0.0,0.0,0.0,0.0,152.0,4.0,6.0,14.0,10.0,4.0,4.0,120.0,16.0,12.0,3.0,4.0,8.0,122.0,98.0,85.0,104.0,94.0,2.0,4.0,7.0,71.0,8.0,1024.0,361.0,46.0,45.0,146.0,172.0,277.0,86.0,363.0,1.0,0.0,469.0,420.0,0.0,0.0,151.0,65.0,5.0,15.0,165.0,319.0,180.0,0.0,976.0,291.0,3.0,4.0,2.0,2.819849133491516,0.0,565.1375666666667,30.453874588012695,68013.7880859375,0.4715609550476074,1.0
423658,0.0,0.0,0.0,0.0,0.0,0.0,0.0,,0.0,0.0,0.0,0.0,0.0,0.0,0.0,0.0,0.0,0.0,0.0,0.0,0.0,1.5766236782073975,0.0,0.0,0.0,1.0,0.0,28.0,7.0,0.0,0.0,1260.4200439453125,220.1399917602539,3673.6099853515625,671.9600067138672,3020.7099609375,16.0,19.0,3.0,2.0,0.0,0.0,,,0.0,0.0,0.0,0.0,0.0,0.0,0.0,0.0,0.0,0.0,0.0,0.0,0.0,3.0,0.0,0.0,0.0,0.0,0.0,0.0,3.0,0.0,0.0,0.0,0.0,0.0,3.0,3.0,3.0,3.0,3.0,0.0,0.0,0.0,3.0,2.0,67.0,32.0,1.0,24.0,17.0,4.0,22.0,23.0,45.0,1.0,0.0,29.0,25.0,0.0,0.0,9.0,26.0,1.0,2.0,15.0,17.0,17.0,0.0,114.0,45.0,2.0,0.0,0.0,2.4943594932556152,0.0,83.8494,30.731529235839844,8846.840576171875,0.0,0.0
423700,0.0,0.0,0.0,0.0,0.0,0.0,0.0,,0.0,0.0,0.0,0.0,0.0,0.0,0.0,0.0,0.0,0.0,0.0,0.0,0.0,2.6327821731567385,0.0,0.0,0.0,4.0,1.0,19.0,4.0,0.0,0.0,1766.3500061035156,400.110013961792,4805.000061035156,709.9600372314453,3746.199951171875,19.0,29.0,4.0,0.0,2.0,0.0,,,0.0,0.0,0.0,0.0,0.0,0.0,0.0,0.0,0.0,0.0,0.0,0.0,0.0,19.0,2.0,3.0,10.0,7.0,5.0,5.0,12.0,2.0,1.0,0.0,0.0,0.0,7.0,4.0,2.0,2.0,11.0,1.0,1.0,0.0,4.0,2.0,122.0,56.0,3.0,11.0,17.0,15.0,10.0,33.0,43.0,1.0,0.0,53.0,46.0,0.0,0.0,18.0,10.0,2.0,6.0,19.0,26.0,25.0,0.0,164.0,53.0,1.0,1.0,0.0,0.2718600630760193,9.0,100.61593333333333,31.8419246673584,11427.619506835938,0.0,0.0
423855,0.0,0.0,0.0,0.0,0.0,0.0,0.0,0.0,0.0,0.0,0.0,0.0,0.0,0.0,0.0,0.0,0.0,0.0,0.0,2.0,0.0,4.642442385355632,2.0,0.0,0.0,3.0,2.0,2.0,0.0,0.0,0.0,1037.7899780273438,239.51001739501953,2276.1700439453125,500.91998291015625,2180.5999755859375,7.0,8.0,0.0,0.0,1.0,0.0,0.0,0.0,0.0,0.0,0.0,0.0,0.0,0.0,0.0,0.0,0.0,0.0,0.0,0.0,0.0,5.0,0.0,0.0,0.0,0.0,0.0,0.0,4.0,2.0,2.0,2.0,2.0,0.0,3.0,2.0,2.0,3.0,3.0,0.0,0.0,0.0,3.0,2.0,23.0,14.0,1.0,7.0,6.0,2.0,4.0,11.0,15.0,0.0,0.0,9.0,9.0,0.0,0.0,5.0,5.0,2.0,1.0,2.0,7.0,3.0,0.0,72.0,36.0,2.0,0.0,2.0,1.447241097688675,4.0,53.77991666666668,30.906593322753906,6234.98974609375,0.0,0.0
423874,0.0,2.0,0.0,0.0,0.0,1.0,1.0,0.0,0.0,0.0,0.0,0.0,0.0,2.0,0.0,2.0,0.0,0.0,0.0,3.0,1.0,6.227701346079509,3.0,1.0,0.0,2.0,1.0,41.0,22.0,6.0,0.0,4146.77001953125,445.49998474121094,13278.42041015625,1298.7900390625,11982.460205078125,62.0,76.0,5.0,7.0,3.0,8.0,0.0,0.0,0.0,0.0,0.0,0.0,0.0,0.0,0.0,0.0,0.0,0.0,2.0,2.0,0.0,55.0,3.0,9.0,28.0,21.0,15.0,16.0,37.0,3.0,1.0,0.0,0.0,0.0,24.0,15.0,9.0,12.0,27.0,1.0,5.0,0.0,17.0,3.0,403.0,129.0,11.0,6.0,8.0,39.0,3.0,50.0,53.0,0.0,0.0,200.0,183.0,0.0,0.0,23.0,10.0,1.0,4.0,29.0,156.0,33.0,0.0,365.0,107.0,0.0,0.0,0.0,0.34372279793024063,10.0,300.0228,32.279178619384766,31151.9404296875,0.22412940114736557,0.0
423880,0.0,0.0,0.0,0.0,0.0,0.0,0.0,0.0,0.0,0.0,0.0,0.0,0.0,0.0,0.0,0.0,0.0,0.0,0.0,2.0,1.0,4.437939167022705,1.0,1.0,0.0,9.0,3.0,25.0,5.0,0.0,0.0,1862.2299194335938,444.219970703125,5667.10986328125,914.9300231933594,4414.1099853515625,19.0,27.0,4.0,3.0,1.0,0.0,0.0,0.0,0.0,0.0,0.0,0.0,0.0,0.0,0.0,0.0,0.0,0.0,0.0,0.0,0.0,14.0,1.0,0.0,2.0,1.0,1.0,1.0,10.0,4.0,3.0,3.0,3.0,0.0,8.0,6.0,6.0,7.0,8.0,0.0,0.0,0.0,5.0,2.0,103.0,46.0,7.0,32.0,20.0,4.0,18.0,38.0,56.0,0.0,0.0,45.0,39.0,0.0,0.0,16.0,14.0,3.0,2.0,18.0,25.0,20.0,0.0,151.0,68.0,0.0,2.0,1.0,1.183829128742218,12.0,120.47548333333333,32.42163848876953,13302.599609375,0.0,0.0
423933,0.0,1.0,0.0,1.0,0.0,0.0,0.0,1.0,0.0,0.0,0.0,0.0,0.0,0.0,0.0,0.0,0.0,1.0,0.0,3.0,0.0,1.3850461959838867,3.0,0.0,0.0,0.0,0.0,2.0,0.0,0.0,0.0,232.1000213623047,43.63999938964844,581.7000122070312,69.19999694824219,535.6500244140625,7.0,11.0,1.0,0.0,0.0,0.0,,,0.0,0.0,0.0,0.0,0.0,0.0,0.0,0.0,0.0,0.0,0.0,0.0,0.0,3.0,0.0,0.0,0.0,0.0,0.0,0.0,1.0,0.0,0.0,0.0,0.0,0.0,3.0,1.0,1.0,3.0,3.0,0.0,0.0,0.0,1.0,1.0,20.0,8.0,1.0,0.0,2.0,2.0,1.0,3.0,4.0,0.0,0.0,8.0,6.0,0.0,0.0,4.0,2.0,0.0,0.0,7.0,3.0,7.0,0.0,19.0,5.0,1.0,0.0,2.0,0.6710551977157593,0.0,12.63888333333334,28.972116470336914,1462.2900390625,0.06678135693073273,0.0
423941,2.0,3.0,0.0,0.0,0.0,0.0,1.0,1.0,1.0,0.0,1.0,0.0,0.0,1.0,0.0,0.0,1.0,2.0,1.0,6.0,1.0,4.1238397598266605,5.0,1.0,0.0,4.0,1.0,43.0,12.0,1.0,0.0,4698.7501220703125,368.62998390197754,9828.3701171875,1716.7698974609375,7035.019775390625,49.0,68.0,11.0,5.0,2.0,1.0,,,0.0,0.0,0.0,0.0,0.0,0.0,1.0,1.0,0.0,1.0,1.0,0.0,0.0,42.0,2.0,2.0,7.0,4.0,2.0,3.0,33.0,4.0,3.0,1.0,1.0,1.0,31.0,26.0,23.0,26.0,30.0,1.0,1.0,1.0,23.0,3.0,206.0,90.0,12.0,4.0,13.0,34.0,32.0,19.0,51.0,0.0,0.0,93.0,79.0,0.0,0.0,23.0,8.0,2.0,4.0,36.0,56.0,40.0,0.0,386.0,122.0,1.0,1.0,1.0,1.1534997299313545,0.0,206.59373333333338,32.315528869628906,23647.54150390625,0.2973179817199707,1.0
424031,0.0,3.0,0.0,0.0,0.0,3.0,0.0,0.0,0.0,0.0,0.0,0.0,0.0,3.0,0.0,2.0,0.0,0.0,0.0,7.0,0.0,6.350379228591919,3.0,0.0,1.0,15.0,2.0,80.0,29.0,4.0,1.0,5290.830078125,1432.6299743652344,15856.8095703125,2506.1300048828125,14744.5693359375,58.0,98.0,11.0,5.0,4.0,4.0,0.0,0.0,0.0,0.0,0.0,0.0,0.0,4.0,0.0,0.0,0.0,0.0,3.0,0.0,0.0,70.0,5.0,5.0,17.0,11.0,6.0,7.0,38.0,13.0,4.0,1.0,7.0,1.0,40.0,23.0,18.0,29.0,40.0,3.0,2.0,0.0,21.0,4.0,419.0,182.0,13.0,39.0,35.0,37.0,30.0,81.0,111.0,0.0,0.0,189.0,160.0,0.0,0.0,42.0,33.0,7.0,10.0,47.0,134.0,57.0,1.0,420.0,192.0,0.0,1.0,2.0,0.9821664988994598,20.0,376.90566666666666,33.646183013916016,39830.9697265625,0.39592552185058594,1.0
424036,1.0,4.0,0.0,0.0,1.0,0.0,0.0,0.0,0.0,0.0,3.0,0.0,0.0,1.0,0.0,3.0,1.0,3.0,1.0,5.0,2.0,6.381994724273682,3.0,2.0,2.0,7.0,3.0,119.0,29.0,10.0,0.0,7556.500244140625,324.4300079345703,17603.62158203125,2599.3300170898438,15290.72021484375,115.0,139.0,34.0,2.0,5.0,10.0,0.0,0.0,0.0,0.0,0.0,0.0,0.0,0.0,0.0,0.0,0.0,0.0,0.0,0.0,0.0,106.0,6.0,7.0,34.0,29.0,20.0,21.0,88.0,9.0,5.0,1.0,1.0,2.0,63.0,54.0,44.0,48.0,44.0,3.0,6.0,1.0,39.0,4.0,640.0,214.0,20.0,11.0,108.0,142.0,153.0,108.0,261.0,0.0,0.0,297.0,269.0,0.0,0.0,110.0,27.0,1.0,8.0,75.0,227.0,83.0,0.0,648.0,177.0,0.0,0.0,1.0,0.6004096381366253,0.0,407.5486833333333,30.89681625366211,43374.6015625,0.22573496028780937,0.0
424047,0.0,1.0,0.0,0.0,0.0,0.0,0.0,0.0,0.0,1.0,0.0,0.0,0.0,1.0,0.0,1.0,0.0,0.0,0.0,2.0,1.0,4.848971525828044,1.0,1.0,2.0,6.0,3.0,39.0,3.0,5.0,0.0,1735.06005859375,377.53997802734375,4532.2901611328125,799.3200073242188,2917.0198974609375,17.0,25.0,1.0,0.0,0.0,5.0,0.0,0.0,0.0,0.0,0.0,0.0,0.0,0.0,0.0,0.0,0.0,0.0,0.0,0.0,0.0,14.0,1.0,0.0,2.0,1.0,1.0,1.0,7.0,2.0,0.0,0.0,1.0,0.0,10.0,6.0,6.0,9.0,8.0,0.0,0.0,0.0,5.0,2.0,82.0,40.0,4.0,10.0,18.0,5.0,21.0,12.0,33.0,0.0,0.0,35.0,25.0,0.0,0.0,8.0,11.0,0.0,0.0,14.0,22.0,14.0,0.0,145.0,55.0,2.0,0.0,1.0,1.3056402206420898,0.0,85.3363,31.284231185913086,10361.2294921875,0.04807103052735329,0.0
424051,0.0,4.0,0.0,1.0,0.0,0.0,2.0,0.0,0.0,0.0,2.0,0.0,0.0,4.0,3.0,0.0,3.0,0.0,0.0,1.0,0.0,5.723860740661621,1.0,0.0,0.0,1.0,0.0,53.0,2.0,0.0,0.0,2653.390106201172,424.45001101493835,8080.779846191406,901.7199821472168,10468.38003540039,17.0,24.0,18.0,4.0,3.0,0.0,0.0,0.0,0.0,0.0,0.0,0.0,0.0,0.0,3.0,0.0,3.0,0.0,0.0,0.0,0.0,2.0,0.0,0.0,0.0,0.0,0.0,0.0,2.0,0.0,0.0,0.0,0.0,0.0,2.0,2.0,2.0,2.0,2.0,0.0,0.0,0.0,2.0,4.0,61.0,34.0,9.0,75.0,13.0,3.0,77.0,14.0,91.0,2.0,0.0,21.0,18.0,0.0,0.0,11.0,25.0,5.0,14.0,14.0,5.0,28.0,0.0,226.0,77.0,1.0,3.0,1.0,17.72401762008667,0.0,245.16461666666672,33.604190826416016,22528.719970703125,1.3987680971622467,0.0
424056,0.0,1.0,0.0,0.0,0.0,0.0,0.0,0.0,0.0,0.0,1.0,0.0,0.0,0.0,0.0,0.0,1.0,1.0,1.0,1.0,0.0,1.956376552581787,0.0,0.0,0.0,0.0,0.0,31.0,1.0,0.0,0.0,613.8099975585938,136.4499969482422,1828.510009765625,357.9700012207031,1974.010009765625,5.0,8.0,2.0,0.0,0.0,0.0,0.0,0.0,0.0,0.0,0.0,0.0,0.0,0.0,0.0,0.0,0.0,0.0,0.0,0.0,0.0,1.0,0.0,0.0,0.0,0.0,0.0,0.0,0.0,0.0,0.0,0.0,0.0,0.0,1.0,0.0,0.0,1.0,1.0,0.0,0.0,0.0,0.0,1.0,20.0,12.0,2.0,15.0,6.0,0.0,13.0,8.0,21.0,0.0,0.0,6.0,5.0,0.0,0.0,1.0,7.0,1.0,1.0,6.0,3.0,7.0,0.0,59.0,26.0,0.0,1.0,0.0,1.1804890632629395,0.0,50.18769999999999,33.07010269165039,4910.75,0.03396240994334221,0.0
424071,0.0,1.0,0.0,1.0,0.0,0.0,0.0,0.0,0.0,1.0,0.0,0.0,0.0,0.0,0.0,0.0,0.0,1.0,0.0,1.0,0.0,3.782223622004191,1.0,0.0,0.0,3.0,0.0,35.0,10.0,3.0,0.0,2301.8200073242188,411.9499816894531,9044.159606933594,1011.4200057983398,9797.750244140625,72.0,81.0,3.0,3.0,2.0,3.0,0.0,0.0,0.0,0.0,0.0,0.0,0.0,0.0,0.0,0.0,0.0,0.0,0.0,0.0,0.0,34.0,0.0,4.0,21.0,16.0,15.0,17.0,24.0,1.0,1.0,1.0,1.0,0.0,12.0,7.0,6.0,8.0,18.0,0.0,1.0,0.0,16.0,4.0,338.0,119.0,6.0,11.0,8.0,24.0,11.0,32.0,43.0,0.0,0.0,166.0,152.0,0.0,0.0,19.0,10.0,3.0,3.0,52.0,99.0,55.0,0.0,201.0,77.0,2.0,2.0,0.0,0.24908561259508133,17.0,240.65803333333332,32.430782318115234,22567.099609375,0.014687354676425457,0.0
424081,0.0,0.0,0.0,0.0,0.0,0.0,0.0,,0.0,0.0,0.0,0.0,0.0,0.0,0.0,0.0,0.0,0.0,0.0,0.0,0.0,2.993745446205139,0.0,0.0,0.0,0.0,0.0,0.0,0.0,5.0,0.0,337.5300102233887,0.0,3878.1300659179688,67.24999523162842,17305.129638671875,11.0,17.0,0.0,0.0,0.0,6.0,0.0,0.0,57.0,54.0,2.925000011920929,17.0,15.0,17.0,0.0,0.0,0.0,0.0,0.0,1.0,0.0,70.0,2.0,21.0,33.0,16.0,6.0,10.0,28.0,2.0,0.0,0.0,0.0,0.0,35.0,12.0,2.0,12.0,16.0,0.0,10.0,0.0,9.0,4.0,237.0,126.0,10.0,0.0,0.0,28.0,22.0,6.0,28.0,0.0,0.0,123.0,89.0,0.0,0.0,12.0,0.0,0.0,0.0,0.0,90.0,0.0,0.0,35.0,6.0,0.0,0.0,0.0,0.21485790982842445,0.0,432.60131666666666,24.154216766357422,21588.03955078125,0.0,0.0
424106,1.0,1.0,0.0,1.0,0.0,0.0,0.0,0.0,0.0,0.0,1.0,0.0,0.0,1.0,0.0,0.0,0.0,0.0,0.0,18.0,4.0,2.6368760108947753,13.0,4.0,0.0,9.0,2.0,44.0,0.0,0.0,0.0,2307.760009765625,286.49999237060547,5857.059326171875,867.8699951171875,6077.619873046875,34.0,53.0,0.0,2.0,2.0,0.0,,,0.0,0.0,0.0,0.0,0.0,0.0,0.0,0.0,0.0,0.0,0.0,0.0,0.0,33.0,0.0,2.0,5.0,4.0,3.0,3.0,28.0,13.0,12.0,8.0,9.0,4.0,15.0,12.0,7.0,9.0,27.0,0.0,1.0,4.0,24.0,2.0,109.0,48.0,5.0,4.0,37.0,35.0,11.0,65.0,76.0,0.0,0.0,41.0,35.0,0.0,0.0,41.0,8.0,2.0,2.0,7.0,49.0,9.0,0.0,184.0,62.0,1.0,1.0,11.0,0.8009352087974548,0.0,138.7773666666667,32.880767822265625,15396.8095703125,0.09234816581010818,2.0
424119,0.0,3.0,0.0,0.0,0.0,0.0,0.0,0.0,0.0,1.0,2.0,0.0,0.0,0.0,0.0,1.0,2.0,3.0,2.0,12.0,0.0,5.330179214477539,6.0,0.0,5.0,14.0,3.0,67.0,8.0,3.0,0.0,2773.000030517578,349.69001388549805,8952.550109863281,1080.0800323486328,5683.170135498047,34.0,61.0,6.0,4.0,8.0,3.0,,,0.0,0.0,0.0,0.0,0.0,0.0,0.0,0.0,0.0,0.0,0.0,0.0,0.0,21.0,0.0,0.0,0.0,0.0,0.0,0.0,15.0,6.0,5.0,4.0,4.0,2.0,15.0,10.0,9.0,13.0,17.0,0.0,0.0,1.0,13.0,3.0,134.0,71.0,8.0,12.0,26.0,7.0,11.0,34.0,45.0,0.0,0.0,45.0,35.0,0.0,0.0,16.0,27.0,0.0,1.0,35.0,33.0,36.0,0.0,243.0,74.0,1.0,2.0,4.0,1.7431719303131104,0.0,163.2437,32.36287307739258,18838.48974609375,0.1311430037021637,1.0
424422,1.0,2.0,0.0,1.0,0.0,0.0,0.0,0.0,0.0,0.0,2.0,0.0,0.0,0.0,0.0,0.0,1.0,2.0,1.0,8.0,0.0,5.321657180786133,3.0,0.0,0.0,4.0,1.0,197.0,61.0,2.0,0.0,6678.0699462890625,1236.1200256347656,20374.58984375,3410.6498413085938,16797.14990234375,56.0,91.0,42.0,10.0,9.0,2.0,,,0.0,0.0,0.0,0.0,0.0,0.0,1.0,0.0,0.0,1.0,0.0,0.0,0.0,37.0,3.0,3.0,9.0,4.0,2.0,3.0,18.0,6.0,2.0,1.0,2.0,1.0,22.0,12.0,9.0,15.0,29.0,0.0,2.0,1.0,15.0,4.0,280.0,146.0,6.0,24.0,47.0,16.0,35.0,52.0,87.0,0.0,0.0,113.0,82.0,0.0,0.0,24.0,35.0,3.0,12.0,68.0,55.0,80.0,0.0,560.0,237.0,0.0,2.0,2.0,0.9362384080886841,4.0,439.9449166666667,31.05018424987793,48496.580078125,0.07270978391170502,2.0
424556,0.0,0.0,0.0,0.0,0.0,0.0,0.0,,0.0,0.0,0.0,0.0,0.0,0.0,0.0,0.0,0.0,0.0,0.0,0.0,0.0,0.0,0.0,0.0,0.0,0.0,0.0,0.0,0.0,0.0,0.0,0.0,0.0,0.0,0.0,0.0,0.0,0.0,0.0,0.0,0.0,0.0,,,0.0,0.0,0.0,0.0,0.0,0.0,0.0,0.0,0.0,0.0,0.0,0.0,0.0,0.0,0.0,0.0,0.0,0.0,0.0,0.0,0.0,0.0,0.0,0.0,0.0,0.0,0.0,0.0,0.0,0.0,0.0,0.0,0.0,0.0,0.0,0.0,0.0,0.0,0.0,0.0,0.0,0.0,0.0,0.0,0.0,0.0,0.0,0.0,0.0,0.0,0.0,0.0,0.0,0.0,0.0,0.0,0.0,0.0,0.0,0.0,0.0,0.0,0.0,0.0,0.0,0.0,0.0,0.0,0.0,0.0,0.0
425580,0.0,0.0,0.0,0.0,0.0,0.0,0.0,,0.0,0.0,0.0,0.0,0.0,0.0,0.0,0.0,0.0,0.0,0.0,0.0,0.0,0.0,0.0,0.0,0.0,0.0,0.0,0.0,0.0,0.0,0.0,0.0,0.0,0.0,0.0,0.0,0.0,0.0,0.0,0.0,0.0,0.0,,,0.0,0.0,0.0,0.0,0.0,0.0,0.0,0.0,0.0,0.0,0.0,0.0,0.0,0.0,0.0,0.0,0.0,0.0,0.0,0.0,0.0,0.0,0.0,0.0,0.0,0.0,0.0,0.0,0.0,0.0,0.0,0.0,0.0,0.0,0.0,0.0,0.0,0.0,0.0,0.0,0.0,0.0,0.0,0.0,0.0,0.0,0.0,0.0,0.0,0.0,0.0,0.0,0.0,0.0,0.0,0.0,0.0,0.0,0.0,0.0,0.0,0.0,0.0,0.0,0.0,0.0,0.0,0.0,0.0,0.0,0.0
425607,0.0,0.0,0.0,0.0,0.0,0.0,0.0,,0.0,0.0,0.0,0.0,0.0,0.0,0.0,0.0,0.0,0.0,0.0,4.0,1.0,5.954226175944011,4.0,0.0,0.0,0.0,0.0,30.0,11.0,1.0,0.0,1992.3999328613281,353.15999603271484,9271.130126953125,843.8500366210938,9568.039794921875,30.0,40.0,7.0,3.0,1.0,2.0,0.0,0.0,0.0,0.0,0.0,0.0,0.0,0.0,0.0,0.0,0.0,0.0,0.0,1.0,0.0,54.0,0.0,11.0,30.0,24.0,18.0,19.0,35.0,1.0,0.0,0.0,0.0,1.0,23.0,11.0,5.0,11.0,23.0,0.0,6.0,0.0,15.0,3.0,208.0,84.0,2.0,2.0,0.0,36.0,12.0,26.0,38.0,0.0,0.0,98.0,81.0,0.0,0.0,16.0,1.0,0.0,2.0,16.0,77.0,18.0,0.0,167.0,70.0,1.0,1.0,0.0,0.06906821019947529,4.0,221.79108333333335,33.79536437988281,22028.58056640625,0.0,0.0
425701,0.0,1.0,0.0,0.0,0.0,1.0,0.0,0.0,0.0,0.0,0.0,0.0,0.0,1.0,0.0,1.0,0.0,0.0,0.0,6.0,1.0,4.878947925567627,6.0,1.0,0.0,0.0,0.0,14.0,6.0,6.0,0.0,5421.7498779296875,313.3700180053711,18194.5400390625,1678.3899841308594,16347.31982421875,66.0,80.0,7.0,0.0,2.0,7.0,0.0,0.0,0.0,0.0,0.0,0.0,0.0,8.0,0.0,0.0,0.0,0.0,1.0,1.0,0.0,51.0,4.0,4.0,28.0,22.0,20.0,20.0,36.0,4.0,2.0,0.0,0.0,0.0,19.0,12.0,10.0,11.0,23.0,2.0,0.0,0.0,13.0,4.0,485.0,177.0,20.0,3.0,8.0,39.0,21.0,29.0,50.0,0.0,0.0,237.0,221.0,0.0,0.0,26.0,5.0,0.0,1.0,28.0,193.0,29.0,0.0,449.0,132.0,0.0,0.0,0.0,0.4603164941072464,2.0,412.8016,30.7481746673584,41955.3701171875,0.2209215760231018,1.0
425804,0.0,0.0,0.0,0.0,0.0,0.0,0.0,,0.0,0.0,0.0,0.0,0.0,0.0,0.0,0.0,0.0,0.0,0.0,0.0,0.0,0.0,0.0,0.0,0.0,0.0,0.0,0.0,0.0,0.0,0.0,0.0,0.0,0.0,0.0,0.0,0.0,0.0,0.0,0.0,0.0,0.0,,,0.0,0.0,0.0,0.0,0.0,0.0,0.0,0.0,0.0,0.0,0.0,0.0,0.0,0.0,0.0,0.0,0.0,0.0,0.0,0.0,0.0,0.0,0.0,0.0,0.0,0.0,0.0,0.0,0.0,0.0,0.0,0.0,0.0,0.0,0.0,0.0,0.0,0.0,0.0,0.0,0.0,0.0,0.0,0.0,0.0,0.0,0.0,0.0,0.0,0.0,0.0,0.0,0.0,0.0,0.0,0.0,0.0,0.0,0.0,0.0,0.0,0.0,0.0,0.0,0.0,0.0,0.0,0.0,0.0,0.0,0.0
426357,0.0,0.0,0.0,0.0,0.0,0.0,0.0,0.0,0.0,0.0,0.0,0.0,0.0,0.0,0.0,0.0,0.0,0.0,0.0,10.0,0.0,6.069047331809998,4.0,0.0,0.0,7.0,2.0,104.0,14.0,0.0,0.0,5366.2298583984375,944.4900054931641,15667.77001953125,2433.889892578125,15988.850341796875,42.0,64.0,12.0,1.0,1.0,0.0,0.0,0.0,0.0,0.0,0.0,0.0,0.0,0.0,0.0,0.0,0.0,0.0,0.0,0.0,0.0,74.0,3.0,7.0,31.0,21.0,16.0,21.0,48.0,5.0,3.0,1.0,2.0,0.0,38.0,24.0,19.0,28.0,31.0,2.0,3.0,0.0,22.0,4.0,287.0,152.0,7.0,58.0,48.0,35.0,39.0,102.0,141.0,1.0,0.0,137.0,109.0,0.0,0.0,39.0,19.0,5.0,7.0,47.0,66.0,54.0,0.0,460.0,194.0,0.0,1.0,2.0,0.5698039308190346,38.0,399.45593333333335,33.67913055419922,40401.23046875,0.0,0.0
426506,1.0,2.0,0.0,0.0,0.0,0.0,0.0,0.0,0.0,1.0,1.0,0.0,0.0,0.0,0.0,0.0,2.0,2.0,2.0,5.0,0.0,3.311635971069336,2.0,0.0,0.0,2.0,0.0,25.0,3.0,0.0,0.0,872.2100219726562,302.8100051879883,2637.9700927734375,440.5799865722656,2277.2100830078125,9.0,19.0,1.0,2.0,0.0,0.0,,,0.0,0.0,0.0,0.0,0.0,0.0,0.0,0.0,0.0,0.0,0.0,0.0,0.0,10.0,2.0,0.0,2.0,2.0,0.0,0.0,7.0,5.0,3.0,1.0,3.0,0.0,3.0,2.0,0.0,1.0,10.0,2.0,0.0,0.0,7.0,2.0,41.0,20.0,6.0,6.0,8.0,0.0,3.0,11.0,14.0,0.0,0.0,14.0,13.0,0.0,0.0,6.0,12.0,3.0,0.0,9.0,14.0,9.0,0.0,86.0,41.0,2.0,0.0,0.0,1.8624151349067688,0.0,59.66921666666667,34.3028678894043,6530.780029296875,0.04906347952783108,0.0
428882,1.0,2.0,0.0,1.0,0.0,0.0,0.0,0.0,0.0,0.0,2.0,0.0,0.0,0.0,0.0,0.0,1.0,2.0,1.0,10.0,1.0,5.360731065273285,9.0,1.0,1.0,13.0,5.0,164.0,17.0,5.0,0.0,6767.139923095703,1141.5900115966797,19671.02978515625,3540.000015258789,23406.769897460938,169.0,200.0,11.0,2.0,5.0,5.0,0.0,0.0,0.0,0.0,0.0,0.0,0.0,0.0,0.0,0.0,0.0,0.0,0.0,0.0,0.0,76.0,3.0,6.0,21.0,15.0,9.0,12.0,58.0,9.0,6.0,2.0,3.0,3.0,46.0,37.0,29.0,34.0,45.0,2.0,4.0,2.0,36.0,7.0,712.0,239.0,21.0,34.0,162.0,141.0,146.0,191.0,337.0,1.0,0.0,327.0,300.0,0.0,0.0,160.0,43.0,4.0,9.0,102.0,239.0,111.0,0.0,573.0,286.0,1.0,5.0,2.0,1.9935855641961098,6.0,539.98195,32.18366622924805,54526.531005859375,0.0633427482098341,1.0
428885,0.0,4.0,0.0,0.0,0.0,1.0,0.0,0.0,0.0,1.0,2.0,0.0,0.0,1.0,0.0,3.0,1.0,3.0,1.0,4.0,3.0,6.23280668258667,1.0,3.0,8.0,16.0,7.0,83.0,28.0,13.0,0.0,6032.77001953125,554.8499908447266,18144.7197265625,1910.1298522949219,15710.930419921875,112.0,130.0,16.0,5.0,4.0,13.0,0.0,0.0,0.0,0.0,0.0,0.0,0.0,0.0,0.0,0.0,0.0,0.0,1.0,0.0,0.0,105.0,9.0,9.0,30.0,22.0,11.0,12.0,74.0,13.0,7.0,0.0,1.0,3.0,62.0,45.0,32.0,41.0,27.0,5.0,6.0,2.0,20.0,4.0,640.0,236.0,24.0,7.0,58.0,83.0,110.0,38.0,148.0,0.0,0.0,295.0,264.0,0.0,0.0,73.0,24.0,0.0,5.0,59.0,238.0,64.0,0.0,505.0,134.0,0.0,0.0,0.0,0.39599914103746414,1.0,407.5486833333333,34.485877990722656,42353.4013671875,0.1861892780289054,1.0
428886,1.0,19.0,0.0,3.0,2.0,0.0,1.0,0.0,0.0,3.0,13.0,0.0,0.0,15.0,6.0,7.0,7.0,4.0,1.0,20.0,10.0,6.045196533203125,11.0,10.0,3.0,6.0,1.0,103.0,11.0,0.0,0.0,6153.3699951171875,1484.2799377441406,20035.690185546875,2893.009979248047,22428.450439453125,92.0,147.0,29.0,7.0,9.0,0.0,0.0,0.0,0.0,0.0,0.0,0.0,0.0,0.0,1.0,0.0,1.0,0.0,0.0,0.0,0.0,38.0,1.0,1.0,2.0,2.0,0.0,0.0,28.0,14.0,7.0,3.0,10.0,3.0,22.0,19.0,14.0,17.0,28.0,1.0,1.0,3.0,20.0,5.0,415.0,184.0,43.0,148.0,121.0,26.0,130.0,165.0,295.0,9.0,0.0,166.0,145.0,0.0,0.0,100.0,116.0,11.0,12.0,92.0,110.0,104.0,0.0,510.0,248.0,0.0,2.0,7.0,7.86350953578949,9.0,525.3198833333333,35.1251335144043,52994.7998046875,1.4718912541866302,0.0
428890,0.0,0.0,0.0,0.0,,,,,0.0,,,,,0.0,0.0,0.0,0.0,0.0,0.0,,,,,,0.0,0.0,0.0,,,0.0,0.0,,,,,,,,,0.0,0.0,0.0,,,,,0.0,0.0,0.0,0.0,0.0,0.0,0.0,0.0,0.0,0.0,0.0,,,,,,,,,,,,,,,,,,,,,,,1.0,,,,,,,,,,0.0,0.0,0.0,0.0,0.0,0.0,,,,,,,,0.0,,,0.0,0.0,,,0.0,,,,,1.0
428905,1.0,9.0,0.0,4.0,0.0,0.0,3.0,0.0,0.0,2.0,3.0,0.0,1.0,7.0,0.0,4.0,0.0,2.0,0.0,6.0,0.0,5.344295310974121,3.0,0.0,0.0,3.0,1.0,106.0,15.0,0.0,0.0,3107.880126953125,1169.040023803711,10131.719543457031,1684.8900146484375,16625.0703125,29.0,54.0,13.0,7.0,8.0,0.0,0.0,0.0,0.0,0.0,0.0,0.0,0.0,0.0,0.0,0.0,0.0,0.0,2.0,0.0,0.0,11.0,2.0,0.0,2.0,1.0,0.0,0.0,6.0,2.0,1.0,0.0,0.0,0.0,7.0,4.0,3.0,5.0,10.0,1.0,0.0,0.0,6.0,5.0,148.0,79.0,17.0,81.0,108.0,2.0,167.0,24.0,191.0,1.0,0.0,53.0,39.0,0.0,0.0,38.0,59.0,5.0,13.0,39.0,23.0,52.0,0.0,267.0,155.0,2.0,3.0,2.0,17.8248507976532,0.0,365.92546666666664,35.0510139465332,32718.600830078125,0.9617387559264898,1.0
429063,1.0,3.0,0.0,0.0,0.0,0.0,1.0,0.0,0.0,2.0,0.0,0.0,0.0,3.0,2.0,1.0,2.0,0.0,0.0,5.0,0.0,6.209683418273926,2.0,0.0,0.0,4.0,1.0,66.0,11.0,1.0,0.0,3693.6797485351562,499.37998962402344,9195.579711914062,1196.4100341796875,9289.4599609375,27.0,44.0,5.0,4.0,2.0,1.0,0.0,0.0,0.0,0.0,0.0,0.0,0.0,0.0,0.0,0.0,0.0,0.0,0.0,0.0,0.0,19.0,1.0,2.0,4.0,2.0,1.0,1.0,9.0,7.0,3.0,3.0,6.0,0.0,8.0,4.0,3.0,5.0,17.0,0.0,1.0,0.0,7.0,3.0,106.0,56.0,7.0,40.0,25.0,3.0,21.0,47.0,68.0,1.0,0.0,41.0,33.0,0.0,0.0,21.0,16.0,8.0,4.0,34.0,17.0,38.0,0.0,290.0,97.0,0.0,3.0,2.0,2.1263636350631714,3.0,228.72783333333334,32.68410110473633,23874.50927734375,0.43354247510433197,0.0
429095,0.0,0.0,0.0,0.0,0.0,0.0,0.0,0.0,0.0,0.0,0.0,0.0,0.0,0.0,0.0,0.0,0.0,0.0,0.0,1.0,3.0,4.9563220024108885,0.0,3.0,0.0,1.0,0.0,82.0,18.0,4.0,0.0,3967.1299438476562,381.94996643066406,11856.469848632812,1203.9800262451172,9668.449829101562,39.0,47.0,6.0,3.0,2.0,4.0,0.0,0.0,0.0,0.0,0.0,0.0,0.0,0.0,0.0,0.0,0.0,0.0,0.0,0.0,0.0,28.0,2.0,2.0,16.0,12.0,10.0,12.0,17.0,3.0,0.0,0.0,1.0,0.0,9.0,5.0,3.0,5.0,12.0,0.0,2.0,0.0,9.0,4.0,274.0,92.0,5.0,5.0,10.0,40.0,22.0,33.0,55.0,1.0,0.0,130.0,119.0,0.0,0.0,27.0,9.0,0.0,1.0,32.0,96.0,33.0,0.0,328.0,96.0,1.0,3.0,0.0,0.973599448800087,0.0,260.76005,31.421247482299805,27077.979736328125,0.0,1.0
429157,1.0,14.0,0.0,2.0,1.0,0.0,2.0,0.0,0.0,4.0,7.0,0.0,0.0,8.0,5.0,6.0,6.0,6.0,1.0,9.0,2.0,6.4308762550354,6.0,2.0,0.0,4.0,2.0,162.0,12.0,0.0,0.0,6575.940185546875,1235.1200256347656,19021.800048828125,2983.2899780273438,17458.73974609375,95.0,136.0,13.0,5.0,7.0,0.0,0.0,0.0,0.0,0.0,0.0,0.0,0.0,0.0,4.0,0.0,4.0,0.0,2.0,0.0,0.0,38.0,4.0,0.0,5.0,5.0,1.0,1.0,34.0,7.0,7.0,2.0,2.0,1.0,26.0,22.0,17.0,21.0,28.0,4.0,0.0,1.0,25.0,5.0,355.0,168.0,31.0,99.0,115.0,34.0,120.0,128.0,248.0,1.0,0.0,135.0,111.0,0.0,0.0,81.0,84.0,6.0,17.0,124.0,44.0,141.0,0.0,581.0,251.0,0.0,4.0,5.0,5.568570256233215,2.0,440.15866666666665,33.01201248168945,47274.888671875,2.2698412612080574,0.0
429392,0.0,2.0,0.0,0.0,0.0,0.0,1.0,0.0,0.0,0.0,1.0,0.0,0.0,2.0,1.0,0.0,1.0,0.0,0.0,1.0,0.0,5.791003799438476,1.0,0.0,0.0,0.0,0.0,22.0,4.0,3.0,0.0,1361.3299560546875,137.0900001525879,3854.500045776367,670.5,2435.3599548339844,12.0,19.0,1.0,0.0,0.0,3.0,0.0,0.0,0.0,0.0,0.0,0.0,0.0,0.0,0.0,0.0,0.0,0.0,1.0,0.0,0.0,10.0,0.0,0.0,2.0,0.0,0.0,2.0,7.0,2.0,2.0,1.0,1.0,1.0,6.0,5.0,4.0,5.0,7.0,0.0,0.0,1.0,5.0,4.0,65.0,30.0,4.0,10.0,10.0,9.0,20.0,9.0,29.0,0.0,0.0,30.0,23.0,0.0,0.0,10.0,3.0,0.0,2.0,16.0,14.0,18.0,0.0,115.0,43.0,4.0,0.0,0.0,1.2915007174015045,0.0,73.62925,27.91912078857422,8458.780151367188,0.18829013407230377,0.0
429600,0.0,0.0,0.0,0.0,0.0,0.0,0.0,,0.0,0.0,0.0,0.0,0.0,0.0,0.0,0.0,0.0,0.0,0.0,0.0,0.0,0.0,0.0,0.0,0.0,0.0,0.0,0.0,0.0,0.0,0.0,0.0,0.0,0.0,0.0,0.0,0.0,0.0,0.0,0.0,0.0,0.0,,,0.0,0.0,0.0,0.0,0.0,0.0,0.0,0.0,0.0,0.0,0.0,0.0,0.0,0.0,0.0,0.0,0.0,0.0,0.0,0.0,0.0,0.0,0.0,0.0,0.0,0.0,0.0,0.0,0.0,0.0,0.0,0.0,0.0,0.0,0.0,0.0,0.0,0.0,0.0,0.0,0.0,0.0,0.0,0.0,0.0,0.0,0.0,0.0,0.0,0.0,0.0,0.0,0.0,0.0,0.0,0.0,0.0,0.0,0.0,0.0,0.0,0.0,0.0,0.0,0.0,0.0,0.0,0.0,0.0,0.0,0.0
429608,0.0,2.0,0.0,0.0,0.0,0.0,0.0,0.0,0.0,1.0,1.0,0.0,0.0,1.0,0.0,2.0,0.0,1.0,0.0,3.0,0.0,6.657441298166911,2.0,0.0,0.0,11.0,3.0,41.0,6.0,0.0,0.0,3973.9298095703125,899.0400390625,12288.72021484375,1979.4299621582031,11437.020263671875,57.0,76.0,6.0,1.0,2.0,0.0,0.0,0.0,0.0,0.0,0.0,0.0,0.0,0.0,0.0,0.0,0.0,0.0,0.0,0.0,0.0,25.0,2.0,1.0,9.0,7.0,5.0,6.0,20.0,6.0,5.0,3.0,4.0,0.0,10.0,8.0,6.0,7.0,12.0,2.0,0.0,0.0,7.0,3.0,258.0,104.0,10.0,42.0,38.0,6.0,42.0,44.0,86.0,4.0,0.0,123.0,113.0,0.0,0.0,28.0,40.0,9.0,1.0,57.0,54.0,58.0,0.0,309.0,155.0,0.0,1.0,0.0,2.564587712287903,28.0,274.67033333333336,34.06005096435547,30578.1396484375,0.032514228485524654,0.0
429639,0.0,0.0,0.0,0.0,0.0,0.0,0.0,,0.0,0.0,0.0,0.0,0.0,0.0,0.0,0.0,0.0,0.0,0.0,0.0,0.0,0.0,0.0,0.0,0.0,0.0,0.0,0.0,0.0,0.0,0.0,0.0,0.0,0.0,0.0,0.0,0.0,0.0,0.0,0.0,0.0,0.0,,,0.0,0.0,0.0,0.0,0.0,0.0,0.0,0.0,0.0,0.0,0.0,0.0,0.0,0.0,0.0,0.0,0.0,0.0,0.0,0.0,0.0,0.0,0.0,0.0,0.0,0.0,0.0,0.0,0.0,0.0,0.0,0.0,0.0,0.0,0.0,0.0,0.0,0.0,0.0,0.0,0.0,0.0,0.0,0.0,0.0,0.0,0.0,0.0,0.0,0.0,0.0,0.0,0.0,0.0,0.0,0.0,0.0,0.0,0.0,0.0,0.0,0.0,0.0,0.0,0.0,0.0,0.0,0.0,0.0,0.0,0.0
429640,0.0,0.0,0.0,0.0,0.0,0.0,0.0,,0.0,0.0,0.0,0.0,0.0,0.0,0.0,0.0,0.0,0.0,0.0,0.0,0.0,1.7141517400741577,0.0,0.0,0.0,0.0,0.0,7.0,1.0,1.0,0.0,1050.2098388671875,53.90999984741211,2886.169921875,255.44000244140625,1701.6099853515625,13.0,15.0,1.0,0.0,0.0,1.0,,,0.0,0.0,0.0,0.0,0.0,0.0,0.0,0.0,0.0,0.0,0.0,0.0,0.0,12.0,1.0,0.0,7.0,5.0,5.0,6.0,8.0,1.0,0.0,0.0,0.0,0.0,4.0,3.0,3.0,3.0,2.0,0.0,0.0,0.0,1.0,1.0,72.0,26.0,1.0,0.0,13.0,15.0,25.0,3.0,28.0,0.0,0.0,34.0,31.0,0.0,0.0,11.0,3.0,0.0,2.0,8.0,24.0,10.0,0.0,85.0,18.0,1.0,0.0,0.0,0.06728332489728928,0.0,52.01958333333333,26.64407730102539,5947.33984375,0.0,0.0
429642,0.0,6.0,0.0,2.0,1.0,0.0,0.0,0.0,0.0,1.0,4.0,0.0,0.0,4.0,1.0,2.0,1.0,2.0,0.0,24.0,0.0,6.605733275413513,13.0,0.0,0.0,8.0,0.0,107.0,19.0,0.0,0.0,4875.219970703125,631.4400024414062,14592.239990234375,1818.9499816894531,11628.66064453125,87.0,131.0,13.0,5.0,11.0,0.0,0.0,0.0,0.0,0.0,0.0,0.0,0.0,0.0,1.0,0.0,1.0,0.0,0.0,0.0,0.0,29.0,3.0,0.0,3.0,2.0,0.0,0.0,23.0,9.0,6.0,4.0,6.0,0.0,17.0,15.0,13.0,14.0,28.0,2.0,0.0,0.0,22.0,4.0,288.0,147.0,15.0,32.0,113.0,35.0,121.0,59.0,180.0,0.0,0.0,104.0,86.0,0.0,0.0,73.0,65.0,6.0,15.0,116.0,29.0,131.0,0.0,412.0,140.0,1.0,2.0,10.0,5.284891963005066,2.0,305.8442,32.34675979614258,33546.51025390625,0.34200455620884895,1.0
430070,0.0,3.0,0.0,0.0,0.0,0.0,2.0,0.0,0.0,0.0,1.0,0.0,0.0,3.0,1.0,2.0,1.0,0.0,0.0,1.0,0.0,4.987508058547974,1.0,0.0,0.0,0.0,0.0,76.0,13.0,0.0,0.0,1967.56005859375,432.86002349853516,8176.900146484375,1180.8999938964844,6964.0699462890625,3.0,11.0,13.0,6.0,4.0,0.0,,,0.0,0.0,0.0,0.0,0.0,0.0,1.0,0.0,1.0,0.0,1.0,0.0,0.0,2.0,0.0,0.0,0.0,0.0,0.0,0.0,0.0,2.0,0.0,0.0,2.0,0.0,0.0,0.0,0.0,0.0,2.0,0.0,0.0,0.0,0.0,3.0,37.0,24.0,4.0,65.0,10.0,1.0,68.0,8.0,76.0,0.0,0.0,10.0,6.0,0.0,0.0,10.0,14.0,1.0,3.0,13.0,5.0,16.0,0.0,180.0,94.0,1.0,2.0,0.0,6.666761875152588,0.0,168.35075,32.057735443115234,18722.2900390625,0.4586486220359802,0.0
430097,0.0,2.0,0.0,1.0,0.0,0.0,0.0,,0.0,1.0,1.0,0.0,0.0,1.0,0.0,1.0,0.0,1.0,0.0,4.0,0.0,7.617232958475749,1.0,0.0,0.0,1.0,1.0,52.0,8.0,0.0,0.0,2707.2199096679688,208.08999633789062,6963.900329589844,683.7800064086914,3697.2896423339844,17.0,28.0,3.0,2.0,1.0,0.0,0.0,0.0,0.0,0.0,0.0,0.0,0.0,0.0,0.0,0.0,0.0,0.0,0.0,0.0,0.0,7.0,1.0,0.0,3.0,3.0,2.0,2.0,7.0,1.0,1.0,0.0,0.0,0.0,3.0,3.0,2.0,2.0,5.0,1.0,0.0,0.0,5.0,3.0,90.0,38.0,3.0,0.0,21.0,11.0,16.0,16.0,32.0,0.0,0.0,35.0,29.0,0.0,0.0,13.0,15.0,0.0,7.0,17.0,24.0,24.0,0.0,208.0,53.0,2.0,1.0,0.0,1.2813281416893005,0.0,114.56993333333335,31.406068801879883,14260.279907226562,0.15128806792199612,1.0
430098,0.0,1.0,0.0,0.0,0.0,1.0,0.0,0.0,0.0,0.0,0.0,0.0,0.0,1.0,0.0,1.0,0.0,0.0,0.0,1.0,0.0,4.825301647186279,0.0,0.0,0.0,1.0,0.0,22.0,3.0,0.0,0.0,1006.8299865722656,120.43000030517578,2434.3900146484375,551.8000030517578,1785.9600219726562,5.0,11.0,3.0,2.0,0.0,0.0,0.0,0.0,0.0,0.0,0.0,0.0,0.0,0.0,0.0,0.0,0.0,0.0,1.0,0.0,0.0,6.0,1.0,0.0,1.0,0.0,0.0,0.0,1.0,4.0,1.0,1.0,3.0,0.0,1.0,0.0,0.0,0.0,3.0,0.0,0.0,0.0,1.0,2.0,27.0,14.0,2.0,11.0,16.0,0.0,24.0,3.0,27.0,0.0,0.0,11.0,7.0,0.0,0.0,2.0,13.0,0.0,6.0,5.0,3.0,11.0,0.0,78.0,34.0,2.0,0.0,0.0,3.705111503601074,0.0,49.21558333333334,28.179553985595703,5899.41015625,0.14918607473373413,0.0
430100,0.0,3.0,0.0,0.0,0.0,0.0,1.0,0.0,0.0,0.0,2.0,0.0,0.0,2.0,1.0,2.0,1.0,1.0,0.0,3.0,1.0,4.81679093837738,1.0,0.0,0.0,1.0,0.0,40.0,2.0,0.0,0.0,1627.3599548339844,139.8499984741211,3908.839874267578,729.5599784851074,3238.309959411621,8.0,21.0,8.0,2.0,2.0,0.0,0.0,0.0,0.0,0.0,0.0,0.0,0.0,0.0,1.0,0.0,1.0,0.0,2.0,0.0,0.0,5.0,1.0,0.0,1.0,0.0,0.0,0.0,1.0,2.0,0.0,0.0,1.0,0.0,2.0,1.0,1.0,1.0,5.0,0.0,0.0,0.0,1.0,3.0,61.0,29.0,6.0,9.0,8.0,0.0,13.0,4.0,17.0,0.0,0.0,24.0,16.0,0.0,0.0,5.0,28.0,0.0,5.0,12.0,15.0,17.0,0.0,137.0,62.0,2.0,1.0,1.0,7.7317198514938354,0.0,88.35838333333332,29.71381378173828,9643.919860839844,0.3869273355230689,0.0
430120,0.0,3.0,0.0,0.0,0.0,1.0,1.0,1.0,0.0,0.0,0.0,0.0,0.0,3.0,0.0,3.0,0.0,0.0,0.0,4.0,0.0,7.496017138163249,3.0,0.0,0.0,6.0,1.0,10.0,5.0,0.0,0.0,1795.4200744628906,606.610034942627,6361.380279541016,740.9700241088867,5628.910705566406,33.0,54.0,1.0,1.0,2.0,0.0,0.0,0.0,0.0,0.0,0.0,0.0,0.0,0.0,0.0,0.0,0.0,0.0,3.0,0.0,0.0,22.0,1.0,0.0,4.0,4.0,3.0,3.0,21.0,4.0,4.0,1.0,1.0,2.0,14.0,13.0,10.0,11.0,14.0,1.0,0.0,2.0,13.0,3.0,173.0,81.0,13.0,20.0,24.0,8.0,8.0,44.0,52.0,0.0,0.0,81.0,72.0,0.0,0.0,20.0,27.0,2.0,5.0,21.0,52.0,26.0,0.0,145.0,57.0,2.0,0.0,0.0,2.713717997074127,15.0,132.43903333333333,31.549135208129883,15133.289672851562,0.22330784797668457,0.0
430138,0.0,6.0,0.0,2.0,1.0,0.0,1.0,0.0,0.0,2.0,2.0,0.0,0.0,3.0,2.0,1.0,3.0,3.0,1.0,23.0,1.0,6.582232570648193,9.0,1.0,1.0,17.0,3.0,136.0,32.0,0.0,0.0,6377.1199951171875,1290.9399871826172,18774.54052734375,2720.0199584960938,14812.669921875,74.0,122.0,29.0,5.0,8.0,0.0,0.0,0.0,0.0,0.0,0.0,0.0,0.0,0.0,0.0,0.0,0.0,0.0,0.0,0.0,0.0,28.0,2.0,1.0,5.0,3.0,2.0,2.0,17.0,9.0,5.0,4.0,7.0,0.0,14.0,9.0,8.0,11.0,22.0,1.0,0.0,0.0,16.0,5.0,262.0,138.0,15.0,55.0,34.0,6.0,25.0,70.0,95.0,2.0,0.0,95.0,76.0,0.0,0.0,36.0,73.0,14.0,6.0,91.0,39.0,97.0,0.0,537.0,213.0,0.0,5.0,6.0,6.925360083580017,9.0,401.87763333333334,34.15131378173828,43975.2890625,0.6788784731179476,0.0
430144,0.0,7.0,0.0,0.0,0.0,0.0,1.0,0.0,0.0,1.0,5.0,0.0,0.0,4.0,3.0,3.0,3.0,3.0,0.0,6.0,9.0,4.441051721572876,4.0,9.0,0.0,19.0,5.0,81.0,20.0,12.0,0.0,7109.099853515625,1573.7000122070312,23816.7900390625,3352.8900451660156,27129.4091796875,192.0,247.0,36.0,10.0,9.0,13.0,,,0.0,0.0,0.0,0.0,0.0,0.0,2.0,0.0,2.0,0.0,1.0,1.0,0.0,160.0,8.0,12.0,42.0,27.0,19.0,22.0,110.0,17.0,6.0,0.0,3.0,6.0,101.0,77.0,65.0,75.0,109.0,2.0,6.0,4.0,72.0,6.0,896.0,359.0,37.0,58.0,96.0,61.0,52.0,163.0,215.0,0.0,0.0,420.0,379.0,0.0,0.0,91.0,69.0,9.0,8.0,131.0,263.0,139.0,0.0,631.0,283.0,0.0,1.0,3.0,0.6894086226820946,50.0,640.0823333333334,33.170169830322266,62981.8876953125,1.0975941959768534,0.0
430147,0.0,0.0,0.0,0.0,0.0,0.0,0.0,0.0,0.0,0.0,0.0,0.0,0.0,0.0,0.0,0.0,0.0,0.0,0.0,8.0,1.0,5.975452899932861,8.0,0.0,0.0,0.0,0.0,15.0,4.0,5.0,0.0,3746.9600830078125,733.5200042724609,12194.3203125,1479.9900207519531,12377.52978515625,40.0,51.0,2.0,1.0,3.0,6.0,0.0,0.0,0.0,0.0,0.0,0.0,0.0,13.0,0.0,0.0,0.0,0.0,0.0,1.0,0.0,45.0,2.0,3.0,30.0,27.0,25.0,25.0,34.0,2.0,0.0,0.0,0.0,0.0,13.0,7.0,5.0,8.0,21.0,0.0,2.0,0.0,12.0,3.0,352.0,109.0,6.0,0.0,3.0,45.0,20.0,28.0,48.0,0.0,0.0,180.0,171.0,0.0,0.0,30.0,2.0,0.0,2.0,18.0,139.0,20.0,0.0,349.0,123.0,0.0,0.0,0.0,0.2534792535007,2.0,306.7999,33.5548095703125,30532.3193359375,0.0,0.0
430150,3.0,8.0,0.0,1.0,1.0,1.0,0.0,1.0,0.0,1.0,4.0,0.0,0.0,5.0,3.0,1.0,6.0,3.0,3.0,7.0,2.0,5.49805760383606,3.0,1.0,0.0,4.0,0.0,110.0,15.0,0.0,0.0,3733.590087890625,976.3599243164062,13210.239990234375,2039.300048828125,15695.530029296875,42.0,72.0,5.0,4.0,1.0,0.0,0.0,0.0,0.0,0.0,0.0,0.0,0.0,0.0,1.0,0.0,1.0,0.0,1.0,0.0,0.0,25.0,1.0,0.0,2.0,2.0,1.0,1.0,20.0,5.0,3.0,2.0,4.0,0.0,18.0,15.0,14.0,17.0,16.0,1.0,0.0,0.0,12.0,4.0,194.0,101.0,17.0,64.0,66.0,4.0,105.0,29.0,134.0,5.0,0.0,81.0,65.0,0.0,0.0,38.0,57.0,7.0,14.0,55.0,26.0,69.0,0.0,346.0,155.0,0.0,2.0,3.0,6.899537563323975,2.0,389.2267333333333,32.61077880859375,35655.021484375,0.6774495989084244,0.0
430176,2.0,5.0,0.0,2.0,0.0,0.0,0.0,0.0,0.0,2.0,3.0,0.0,0.0,2.0,0.0,3.0,0.0,3.0,0.0,12.0,0.0,5.992980360984802,8.0,0.0,0.0,5.0,1.0,54.0,15.0,0.0,0.0,4996.510009765625,453.47999572753906,15233.839599609375,1737.4700317382812,15011.5693359375,78.0,106.0,11.0,5.0,3.0,0.0,0.0,0.0,0.0,0.0,0.0,0.0,0.0,0.0,0.0,0.0,0.0,0.0,0.0,0.0,0.0,47.0,2.0,3.0,13.0,9.0,6.0,8.0,33.0,3.0,2.0,0.0,0.0,1.0,31.0,22.0,18.0,25.0,42.0,1.0,2.0,1.0,29.0,4.0,308.0,140.0,16.0,29.0,62.0,39.0,89.0,41.0,130.0,0.0,0.0,126.0,111.0,0.0,0.0,38.0,32.0,3.0,15.0,72.0,69.0,87.0,0.0,443.0,129.0,0.0,2.0,5.0,1.2993140518665314,0.0,374.26675,35.61319351196289,37432.87109375,0.25094314850866795,0.0
430194,1.0,0.0,0.0,0.0,0.0,0.0,0.0,0.0,0.0,0.0,0.0,0.0,0.0,0.0,0.0,0.0,0.0,0.0,0.0,0.0,0.0,1.5153964757919312,0.0,0.0,0.0,0.0,0.0,4.0,2.0,0.0,0.0,353.760009765625,46.279998779296875,1492.8699951171875,114.88999938964844,1331.0101318359375,2.0,4.0,1.0,1.0,0.0,0.0,,,0.0,0.0,0.0,0.0,0.0,0.0,0.0,0.0,0.0,0.0,0.0,0.0,0.0,3.0,0.0,0.0,2.0,1.0,1.0,2.0,2.0,0.0,0.0,0.0,0.0,0.0,1.0,1.0,1.0,1.0,2.0,0.0,0.0,0.0,1.0,1.0,23.0,9.0,1.0,0.0,0.0,5.0,1.0,4.0,5.0,0.0,0.0,10.0,8.0,0.0,0.0,0.0,2.0,0.0,1.0,2.0,7.0,3.0,0.0,32.0,11.0,1.0,0.0,0.0,0.16974064707756042,0.0,33.01181666666666,28.307649612426758,3338.809814453125,0.0,0.0
430196,0.0,0.0,0.0,0.0,0.0,0.0,0.0,,0.0,0.0,0.0,0.0,0.0,0.0,0.0,0.0,0.0,0.0,0.0,0.0,0.0,1.6089879274368286,0.0,0.0,1.0,1.0,0.0,4.0,0.0,0.0,0.0,269.45001220703125,9.90999984741211,572.25,146.67999267578125,351.3800354003906,2.0,2.0,0.0,0.0,0.0,0.0,0.0,0.0,0.0,0.0,0.0,0.0,0.0,0.0,0.0,0.0,0.0,0.0,0.0,0.0,0.0,0.0,0.0,0.0,0.0,0.0,0.0,0.0,0.0,0.0,0.0,0.0,0.0,0.0,0.0,0.0,0.0,0.0,0.0,0.0,0.0,0.0,0.0,1.0,9.0,6.0,0.0,0.0,1.0,0.0,1.0,0.0,1.0,0.0,0.0,3.0,3.0,0.0,0.0,0.0,0.0,0.0,0.0,0.0,3.0,0.0,0.0,21.0,5.0,1.0,0.0,0.0,0.022504903376102448,0.0,12.337916666666672,26.462020874023438,1349.6700439453125,0.0,0.0
430385,0.0,1.0,0.0,1.0,0.0,0.0,0.0,0.0,0.0,0.0,1.0,0.0,0.0,0.0,0.0,0.0,0.0,1.0,0.0,0.0,0.0,5.21079142888387,0.0,0.0,0.0,1.0,0.0,16.0,3.0,0.0,0.0,1165.2600402832031,67.59000205993652,3508.2203979492188,362.61000061035156,2700.1599731445312,26.0,29.0,3.0,0.0,1.0,0.0,0.0,0.0,0.0,0.0,0.0,0.0,0.0,0.0,0.0,0.0,0.0,0.0,0.0,0.0,0.0,28.0,1.0,2.0,6.0,5.0,3.0,3.0,25.0,2.0,2.0,0.0,0.0,1.0,20.0,18.0,15.0,16.0,11.0,1.0,1.0,1.0,9.0,2.0,122.0,40.0,3.0,1.0,6.0,7.0,11.0,3.0,14.0,0.0,0.0,56.0,54.0,0.0,0.0,7.0,5.0,0.0,2.0,17.0,43.0,19.0,0.0,99.0,26.0,2.0,0.0,0.0,0.7407113611698151,0.0,64.09340000000002,29.56527328491211,7803.8399658203125,0.007474482525140047,0.0
430387,0.0,2.0,0.0,0.0,0.0,0.0,2.0,0.0,0.0,0.0,0.0,0.0,0.0,2.0,1.0,1.0,1.0,0.0,0.0,0.0,0.0,4.220957279205322,0.0,0.0,0.0,0.0,0.0,13.0,1.0,0.0,0.0,458.30999755859375,83.04001045227051,1917.6199340820312,227.84999084472656,1721.5399780273438,4.0,7.0,4.0,1.0,0.0,0.0,,,0.0,0.0,0.0,0.0,0.0,0.0,0.0,0.0,0.0,0.0,2.0,0.0,0.0,0.0,0.0,0.0,0.0,0.0,0.0,0.0,0.0,0.0,0.0,0.0,0.0,0.0,0.0,0.0,0.0,0.0,0.0,0.0,0.0,0.0,0.0,2.0,19.0,8.0,3.0,11.0,5.0,0.0,10.0,6.0,16.0,0.0,0.0,7.0,4.0,0.0,0.0,4.0,8.0,2.0,1.0,6.0,3.0,7.0,0.0,37.0,22.0,2.0,0.0,0.0,9.798622608184814,0.0,41.72641666666668,30.540882110595703,4408.35986328125,0.5124431848526001,1.0
430401,0.0,0.0,0.0,0.0,0.0,0.0,0.0,0.0,0.0,0.0,0.0,0.0,0.0,0.0,0.0,0.0,0.0,0.0,0.0,1.0,0.0,2.851880192756653,0.0,0.0,0.0,2.0,1.0,8.0,3.0,0.0,0.0,1138.0099792480469,142.6099853515625,4018.5400390625,335.0199890136719,3909.659912109375,6.0,10.0,4.0,0.0,1.0,0.0,0.0,0.0,0.0,0.0,0.0,0.0,0.0,0.0,0.0,0.0,0.0,0.0,0.0,0.0,0.0,11.0,0.0,2.0,3.0,2.0,0.0,1.0,9.0,0.0,0.0,0.0,0.0,0.0,8.0,7.0,5.0,6.0,4.0,0.0,2.0,0.0,3.0,2.0,74.0,29.0,1.0,6.0,0.0,7.0,5.0,8.0,13.0,0.0,0.0,34.0,31.0,0.0,0.0,6.0,3.0,2.0,0.0,4.0,30.0,4.0,0.0,100.0,28.0,1.0,1.0,0.0,0.1046889629215002,4.0,99.72338333333333,32.9287109375,9543.840087890625,0.0,0.0
430407,0.0,2.0,0.0,0.0,0.0,0.0,1.0,0.0,0.0,0.0,1.0,0.0,0.0,2.0,1.0,1.0,1.0,0.0,0.0,7.0,0.0,5.362093567848206,3.0,0.0,0.0,3.0,0.0,125.0,22.0,0.0,0.0,5143.7904052734375,1343.3198852539062,12043.81982421875,2750.599853515625,11044.47998046875,23.0,37.0,18.0,2.0,1.0,0.0,0.0,0.0,0.0,0.0,0.0,0.0,0.0,0.0,1.0,0.0,1.0,0.0,1.0,0.0,0.0,6.0,0.0,0.0,0.0,0.0,0.0,0.0,5.0,1.0,1.0,1.0,1.0,0.0,5.0,4.0,4.0,5.0,6.0,0.0,0.0,0.0,5.0,3.0,92.0,53.0,7.0,73.0,25.0,4.0,71.0,31.0,102.0,1.0,0.0,30.0,28.0,0.0,0.0,21.0,31.0,8.0,5.0,28.0,14.0,33.0,0.0,432.0,239.0,0.0,2.0,0.0,4.137845277786255,0.0,271.51321666666666,35.00226974487305,32326.009765625,0.7855825424194336,0.0
430413,1.0,9.0,0.0,0.0,0.0,1.0,1.0,0.0,0.0,1.0,6.0,0.0,0.0,5.0,3.0,5.0,4.0,4.0,1.0,4.0,0.0,6.283432126045227,4.0,0.0,0.0,1.0,0.0,173.0,9.0,0.0,0.0,4503.6500244140625,676.3400115966797,15875.0302734375,1799.2500305175781,13753.66015625,28.0,46.0,11.0,6.0,4.0,0.0,0.0,0.0,0.0,0.0,0.0,0.0,0.0,0.0,2.0,0.0,1.0,1.0,2.0,0.0,0.0,10.0,2.0,0.0,2.0,2.0,0.0,0.0,7.0,4.0,2.0,0.0,2.0,0.0,4.0,3.0,1.0,2.0,9.0,2.0,0.0,0.0,6.0,4.0,117.0,67.0,15.0,82.0,80.0,3.0,141.0,24.0,165.0,1.0,0.0,35.0,26.0,0.0,0.0,25.0,45.0,2.0,24.0,35.0,8.0,59.0,0.0,385.0,141.0,0.0,3.0,4.0,9.73533308506012,0.0,349.8537166666666,33.3029670715332,36607.9306640625,0.6344259157776833,0.0
430437,0.0,0.0,0.0,0.0,0.0,0.0,0.0,,0.0,0.0,0.0,0.0,0.0,0.0,0.0,0.0,0.0,0.0,0.0,0.0,0.0,0.0,0.0,0.0,0.0,0.0,0.0,0.0,0.0,0.0,0.0,0.0,0.0,0.0,0.0,0.0,0.0,0.0,0.0,0.0,0.0,0.0,,,0.0,0.0,0.0,0.0,0.0,0.0,0.0,0.0,0.0,0.0,0.0,0.0,0.0,0.0,0.0,0.0,0.0,0.0,0.0,0.0,0.0,0.0,0.0,0.0,0.0,0.0,0.0,0.0,0.0,0.0,0.0,0.0,0.0,0.0,0.0,0.0,0.0,0.0,0.0,0.0,0.0,0.0,0.0,0.0,0.0,0.0,0.0,0.0,0.0,0.0,0.0,0.0,0.0,0.0,0.0,0.0,0.0,0.0,0.0,0.0,0.0,0.0,0.0,0.0,0.0,0.0,0.0,0.0,0.0,0.0,0.0
430440,0.0,2.0,0.0,0.0,0.0,0.0,0.0,0.0,0.0,1.0,1.0,0.0,0.0,1.0,0.0,2.0,0.0,1.0,0.0,10.0,3.0,6.9692089557647705,5.0,1.0,4.0,8.0,4.0,105.0,15.0,7.0,0.0,7983.399658203125,482.60001373291016,22645.06982421875,2376.9500732421875,13835.1103515625,99.0,128.0,25.0,2.0,8.0,7.0,0.0,0.0,0.0,0.0,0.0,0.0,0.0,0.0,0.0,0.0,0.0,0.0,0.0,0.0,0.0,87.0,4.0,5.0,22.0,13.0,10.0,13.0,51.0,12.0,5.0,3.0,5.0,3.0,53.0,33.0,29.0,41.0,52.0,1.0,2.0,1.0,32.0,4.0,388.0,174.0,11.0,6.0,61.0,71.0,103.0,35.0,138.0,0.0,0.0,172.0,142.0,0.0,0.0,56.0,23.0,1.0,12.0,91.0,85.0,103.0,0.0,648.0,186.0,0.0,1.0,3.0,0.2591473311185837,1.0,406.97360000000003,32.783573150634766,47323.1298828125,0.06828646920621395,0.0
430442,0.0,1.0,0.0,0.0,0.0,1.0,0.0,0.0,0.0,0.0,0.0,0.0,0.0,1.0,1.0,0.0,1.0,0.0,0.0,3.0,3.0,5.86769700050354,3.0,1.0,0.0,0.0,0.0,18.0,6.0,6.0,0.0,4193.320068359375,316.0500144958496,20176.95947265625,985.6100006103516,17363.968505859375,51.0,67.0,4.0,8.0,1.0,7.0,0.0,0.0,0.0,0.0,0.0,0.0,0.0,0.0,0.0,0.0,0.0,0.0,1.0,1.0,0.0,93.0,4.0,18.0,48.0,29.0,20.0,26.0,53.0,8.0,3.0,0.0,1.0,3.0,37.0,21.0,10.0,12.0,38.0,1.0,8.0,2.0,20.0,4.0,409.0,146.0,8.0,3.0,2.0,27.0,20.0,12.0,32.0,0.0,0.0,199.0,171.0,0.0,0.0,10.0,6.0,0.0,5.0,41.0,148.0,46.0,0.0,370.0,82.0,0.0,0.0,1.0,0.4494778737425804,0.0,438.20265000000006,30.68354034423828,43035.9111328125,0.05311703681945801,1.0
430450,0.0,1.0,0.0,0.0,0.0,0.0,0.0,,0.0,0.0,1.0,0.0,0.0,0.0,0.0,1.0,0.0,1.0,0.0,7.0,2.0,3.4467906951904297,4.0,2.0,0.0,9.0,3.0,83.0,14.0,0.0,0.0,3042.869873046875,613.989990234375,9326.14013671875,1365.0199890136719,6637.349609375,31.0,49.0,6.0,0.0,0.0,0.0,0.0,0.0,0.0,0.0,0.0,0.0,0.0,0.0,0.0,0.0,0.0,0.0,0.0,0.0,0.0,14.0,0.0,0.0,2.0,1.0,1.0,2.0,8.0,2.0,1.0,1.0,2.0,0.0,10.0,6.0,6.0,10.0,11.0,0.0,0.0,0.0,7.0,2.0,116.0,60.0,2.0,19.0,22.0,3.0,17.0,27.0,44.0,0.0,0.0,43.0,33.0,0.0,0.0,14.0,25.0,3.0,3.0,21.0,32.0,24.0,0.0,279.0,121.0,0.0,1.0,4.0,0.35996580123901367,4.0,183.24768333333333,32.820255279541016,20985.3701171875,0.02846684865653515,1.0
430452,0.0,5.0,0.0,1.0,0.0,0.0,0.0,0.0,0.0,3.0,2.0,0.0,0.0,1.0,0.0,2.0,2.0,4.0,2.0,3.0,1.0,6.488139629364014,3.0,0.0,3.0,8.0,1.0,180.0,11.0,0.0,0.0,6013.119812011719,719.1899871826172,16542.730224609375,2184.7300720214844,13065.000244140625,55.0,77.0,28.0,1.0,0.0,0.0,0.0,0.0,0.0,0.0,0.0,0.0,0.0,0.0,1.0,0.0,0.0,1.0,0.0,0.0,0.0,33.0,3.0,1.0,4.0,2.0,0.0,0.0,23.0,7.0,5.0,3.0,4.0,0.0,22.0,16.0,14.0,18.0,27.0,2.0,0.0,0.0,18.0,4.0,199.0,94.0,11.0,34.0,89.0,17.0,80.0,60.0,140.0,0.0,0.0,80.0,65.0,0.0,0.0,41.0,37.0,2.0,7.0,57.0,33.0,64.0,0.0,513.0,175.0,1.0,1.0,3.0,2.1808872669935226,1.0,354.5715,32.272422790527344,38524.7705078125,0.10858610831201077,0.0
430465,0.0,0.0,0.0,0.0,0.0,0.0,0.0,,0.0,0.0,0.0,0.0,0.0,0.0,0.0,0.0,0.0,0.0,0.0,0.0,0.0,1.7013158798217773,0.0,0.0,0.0,0.0,0.0,4.0,2.0,0.0,0.0,188.82000732421875,32.869998931884766,430.95001220703125,125.72000122070312,228.13002014160156,2.0,4.0,2.0,0.0,0.0,0.0,0.0,0.0,0.0,0.0,0.0,0.0,0.0,0.0,0.0,0.0,0.0,0.0,0.0,0.0,0.0,5.0,1.0,0.0,1.0,1.0,0.0,0.0,5.0,2.0,2.0,1.0,1.0,0.0,2.0,2.0,1.0,1.0,4.0,1.0,0.0,0.0,4.0,1.0,12.0,5.0,1.0,3.0,6.0,1.0,2.0,8.0,10.0,0.0,0.0,6.0,4.0,0.0,0.0,3.0,4.0,0.0,0.0,1.0,5.0,1.0,0.0,18.0,8.0,1.0,0.0,0.0,0.9447957873344421,0.0,7.135899999999992,27.88941192626953,1006.489990234375,0.0,0.0
430476,0.0,11.0,0.0,4.0,3.0,0.0,0.0,0.0,0.0,2.0,5.0,0.0,0.0,8.0,0.0,6.0,1.0,3.0,1.0,18.0,3.0,5.728166007995606,10.0,3.0,3.0,5.0,0.0,109.0,11.0,3.0,0.0,3728.349822998047,1051.2100067138672,13495.19970703125,1770.8399963378906,15430.7607421875,50.0,85.0,27.0,3.0,8.0,3.0,0.0,0.0,0.0,0.0,0.0,0.0,0.0,0.0,0.0,0.0,0.0,0.0,0.0,0.0,0.0,34.0,4.0,0.0,4.0,3.0,0.0,0.0,25.0,12.0,9.0,4.0,6.0,2.0,18.0,13.0,8.0,12.0,30.0,3.0,0.0,2.0,22.0,5.0,218.0,124.0,19.0,73.0,79.0,14.0,93.0,73.0,166.0,0.0,0.0,77.0,65.0,0.0,0.0,47.0,58.0,5.0,15.0,69.0,31.0,84.0,0.0,321.0,165.0,2.0,2.0,6.0,7.036629498004913,2.0,369.5523166666667,35.17372131347656,35476.360107421875,0.9069126546382904,0.0
430477,0.0,1.0,0.0,0.0,0.0,0.0,0.0,0.0,0.0,1.0,0.0,0.0,0.0,1.0,1.0,0.0,1.0,0.0,0.0,4.0,0.0,3.9298141479492186,1.0,0.0,0.0,7.0,1.0,49.0,9.0,5.0,0.0,4754.77001953125,538.6900024414062,14309.27978515625,2242.0999145507812,11011.429931640625,85.0,107.0,24.0,2.0,3.0,5.0,0.0,0.0,0.0,0.0,0.0,0.0,0.0,0.0,0.0,0.0,0.0,0.0,0.0,0.0,0.0,86.0,6.0,13.0,35.0,24.0,14.0,16.0,60.0,11.0,7.0,4.0,4.0,1.0,40.0,29.0,18.0,20.0,56.0,2.0,8.0,1.0,39.0,3.0,370.0,150.0,11.0,19.0,25.0,33.0,21.0,56.0,77.0,0.0,0.0,182.0,163.0,0.0,0.0,29.0,23.0,2.0,1.0,56.0,114.0,57.0,0.0,408.0,166.0,0.0,1.0,1.0,0.2788571007549763,22.0,301.154,30.711078643798828,32856.26953125,0.12706682085990906,1.0
430482,0.0,10.0,0.0,1.0,0.0,0.0,1.0,1.0,0.0,3.0,5.0,0.0,0.0,5.0,1.0,6.0,2.0,5.0,1.0,18.0,3.0,6.4780675888061525,6.0,3.0,4.0,3.0,0.0,72.0,12.0,2.0,0.0,6050.619873046875,755.2099952697754,18351.3505859375,2493.770034790039,15189.569946289062,98.0,142.0,19.0,2.0,13.0,2.0,0.0,0.0,0.0,0.0,0.0,0.0,0.0,0.0,2.0,0.0,1.0,1.0,1.0,0.0,0.0,54.0,4.0,2.0,13.0,5.0,3.0,7.0,31.0,7.0,4.0,2.0,3.0,0.0,34.0,22.0,20.0,28.0,32.0,2.0,0.0,0.0,18.0,5.0,471.0,191.0,27.0,49.0,128.0,64.0,114.0,127.0,241.0,0.0,0.0,207.0,176.0,0.0,0.0,101.0,50.0,5.0,7.0,78.0,153.0,85.0,0.0,522.0,185.0,0.0,4.0,3.0,3.034841626882553,3.0,395.8297,33.45850372314453,42840.52197265625,1.0569224655628204,0.0
430512,0.0,0.0,0.0,0.0,0.0,0.0,0.0,,0.0,0.0,0.0,0.0,0.0,0.0,0.0,0.0,0.0,0.0,0.0,0.0,0.0,0.0,0.0,0.0,0.0,0.0,0.0,0.0,0.0,0.0,0.0,0.0,0.0,0.0,0.0,0.0,0.0,0.0,0.0,0.0,0.0,0.0,,,0.0,0.0,0.0,0.0,0.0,0.0,0.0,0.0,0.0,0.0,0.0,0.0,0.0,0.0,0.0,0.0,0.0,0.0,0.0,0.0,0.0,0.0,0.0,0.0,0.0,0.0,0.0,0.0,0.0,0.0,0.0,0.0,0.0,0.0,0.0,0.0,0.0,0.0,0.0,0.0,0.0,0.0,0.0,0.0,0.0,0.0,0.0,0.0,0.0,0.0,0.0,0.0,0.0,0.0,0.0,0.0,0.0,0.0,0.0,0.0,0.0,0.0,0.0,0.0,0.0,0.0,0.0,0.0,0.0,0.0,0.0
430518,0.0,0.0,0.0,0.0,0.0,0.0,0.0,,0.0,0.0,0.0,0.0,0.0,0.0,0.0,0.0,0.0,0.0,0.0,1.0,0.0,4.311446348826091,1.0,0.0,0.0,0.0,0.0,27.0,4.0,1.0,0.0,1273.0699768066406,319.3400115966797,4593.400085449219,592.2799377441406,3825.6302490234375,8.0,14.0,3.0,1.0,1.0,1.0,0.0,0.0,0.0,0.0,0.0,0.0,0.0,0.0,0.0,0.0,0.0,0.0,0.0,0.0,0.0,17.0,1.0,0.0,6.0,4.0,4.0,5.0,11.0,1.0,0.0,0.0,0.0,0.0,10.0,7.0,7.0,9.0,5.0,0.0,0.0,0.0,4.0,2.0,85.0,40.0,1.0,2.0,3.0,4.0,3.0,6.0,9.0,0.0,0.0,46.0,35.0,0.0,0.0,4.0,1.0,0.0,0.0,3.0,32.0,3.0,0.0,105.0,56.0,1.0,1.0,0.0,0.04486423637717962,11.0,104.76098333333334,32.5929069519043,10603.719848632812,0.0,0.0
430594,0.0,0.0,0.0,0.0,0.0,0.0,0.0,,0.0,0.0,0.0,0.0,0.0,0.0,0.0,0.0,0.0,0.0,0.0,3.0,0.0,1.2421356201171876,2.0,0.0,0.0,0.0,0.0,10.0,1.0,1.0,0.0,758.9600219726562,104.75,1802.3800048828125,449.0299987792969,1960.5,7.0,8.0,0.0,2.0,1.0,1.0,0.0,0.0,0.0,0.0,0.0,0.0,0.0,0.0,0.0,0.0,0.0,0.0,0.0,0.0,0.0,9.0,1.0,0.0,2.0,2.0,1.0,1.0,9.0,1.0,1.0,0.0,0.0,0.0,6.0,6.0,5.0,5.0,3.0,1.0,0.0,0.0,3.0,1.0,42.0,23.0,0.0,4.0,2.0,0.0,3.0,3.0,6.0,0.0,0.0,22.0,22.0,0.0,0.0,1.0,2.0,0.0,0.0,3.0,15.0,3.0,0.0,65.0,30.0,0.0,1.0,2.0,0.12597708404064178,6.0,49.02105,29.412220001220703,5075.6201171875,0.0,1.0
430597,0.0,2.0,0.0,0.0,0.0,0.0,0.0,0.0,0.0,1.0,1.0,0.0,0.0,1.0,1.0,1.0,1.0,1.0,0.0,4.0,0.0,5.114130592346191,3.0,0.0,0.0,3.0,1.0,60.0,9.0,1.0,0.0,2585.149932861328,706.239990234375,7201.72998046875,1016.93994140625,6967.830078125,38.0,51.0,6.0,4.0,4.0,1.0,,,0.0,0.0,0.0,0.0,0.0,0.0,1.0,0.0,1.0,0.0,0.0,0.0,0.0,16.0,0.0,1.0,3.0,3.0,2.0,2.0,14.0,3.0,2.0,2.0,2.0,1.0,10.0,9.0,8.0,8.0,12.0,0.0,1.0,0.0,10.0,4.0,151.0,65.0,11.0,30.0,42.0,38.0,71.0,39.0,110.0,0.0,0.0,65.0,59.0,0.0,0.0,35.0,11.0,2.0,4.0,28.0,41.0,32.0,0.0,216.0,87.0,3.0,1.0,1.0,4.022201657295227,0.0,171.50476666666668,34.09315490722656,18477.88916015625,0.48813891410827637,0.0
430601,1.0,1.0,0.0,1.0,0.0,1.0,0.0,0.0,0.0,0.0,0.0,0.0,0.0,1.0,0.0,0.0,0.0,0.0,0.0,2.0,2.0,5.858175468444824,2.0,2.0,0.0,0.0,0.0,23.0,8.0,9.0,0.0,5583.069763183594,669.8099975585938,21653.6201171875,1554.9299926757812,21375.14892578125,102.0,114.0,8.0,1.0,3.0,11.0,0.0,0.0,0.0,0.0,0.0,0.0,0.0,16.0,0.0,0.0,0.0,0.0,0.0,2.0,0.0,94.0,0.0,7.0,50.0,44.0,40.0,43.0,81.0,2.0,1.0,0.0,0.0,2.0,42.0,36.0,31.0,33.0,27.0,0.0,4.0,1.0,24.0,5.0,876.0,247.0,19.0,3.0,2.0,52.0,25.0,32.0,57.0,0.0,0.0,431.0,413.0,0.0,0.0,29.0,2.0,0.0,6.0,16.0,385.0,22.0,0.0,500.0,122.0,0.0,0.0,0.0,0.596228688955307,0.0,520.8456000000001,31.725143432617188,50836.5791015625,0.026707394048571587,0.0
430605,4.0,8.0,0.0,1.0,0.0,0.0,0.0,0.0,0.0,2.0,5.0,1.0,0.0,5.0,2.0,3.0,2.0,3.0,0.0,6.0,4.0,7.160576629638672,2.0,3.0,8.0,12.0,2.0,159.0,15.0,9.0,0.0,8919.59033203125,252.79000091552734,25567.6796875,2285.6400451660156,17718.42041015625,99.0,143.0,37.0,4.0,7.0,9.0,0.0,0.0,0.0,0.0,0.0,0.0,0.0,0.0,0.0,0.0,0.0,0.0,1.0,0.0,0.0,73.0,6.0,2.0,15.0,12.0,7.0,7.0,44.0,15.0,5.0,2.0,5.0,4.0,43.0,27.0,22.0,31.0,50.0,3.0,2.0,0.0,30.0,5.0,459.0,200.0,27.0,56.0,156.0,127.0,258.0,81.0,339.0,0.0,0.0,200.0,161.0,1.0,0.0,116.0,51.0,5.0,7.0,85.0,129.0,92.0,0.0,739.0,158.0,0.0,4.0,0.0,3.3093692660331726,0.0,458.66215,28.908437728881836,54744.119140625,1.0223325062543154,0.0
430609,0.0,10.0,0.0,1.0,1.0,0.0,1.0,0.0,0.0,2.0,6.0,0.0,0.0,5.0,3.0,4.0,4.0,5.0,1.0,14.0,0.0,6.203185749053955,6.0,0.0,3.0,5.0,0.0,133.0,16.0,1.0,0.0,4902.770080566406,545.8000183105469,12030.870361328125,1526.6199645996094,14485.730712890625,60.0,90.0,9.0,1.0,3.0,1.0,0.0,0.0,0.0,0.0,0.0,0.0,0.0,0.0,3.0,0.0,3.0,0.0,1.0,0.0,0.0,36.0,4.0,1.0,5.0,3.0,0.0,0.0,21.0,11.0,4.0,1.0,6.0,1.0,20.0,14.0,10.0,14.0,27.0,2.0,1.0,1.0,14.0,5.0,223.0,103.0,17.0,53.0,92.0,39.0,146.0,38.0,184.0,1.0,0.0,90.0,78.0,0.0,0.0,55.0,46.0,2.0,10.0,61.0,43.0,71.0,0.0,417.0,134.0,1.0,4.0,3.0,6.455537438392639,2.0,324.12940000000003,31.943435668945312,33491.7900390625,1.206252295523882,0.0
430624,0.0,0.0,0.0,0.0,0.0,0.0,0.0,,0.0,0.0,0.0,0.0,0.0,0.0,0.0,0.0,0.0,0.0,0.0,0.0,0.0,0.0,0.0,0.0,0.0,0.0,0.0,0.0,0.0,0.0,0.0,0.0,0.0,0.0,0.0,0.0,0.0,0.0,0.0,0.0,0.0,0.0,,,0.0,0.0,0.0,0.0,0.0,0.0,0.0,0.0,0.0,0.0,0.0,0.0,0.0,0.0,0.0,0.0,0.0,0.0,0.0,0.0,0.0,0.0,0.0,0.0,0.0,0.0,0.0,0.0,0.0,0.0,0.0,0.0,0.0,0.0,0.0,1.0,0.0,0.0,0.0,0.0,0.0,0.0,0.0,0.0,0.0,0.0,0.0,0.0,0.0,0.0,0.0,0.0,0.0,0.0,0.0,0.0,0.0,0.0,0.0,0.0,0.0,0.0,0.0,0.0,0.0,0.0,47.418033333333334,0.0,0.0,0.0,0.0
430628,1.0,13.0,0.0,1.0,0.0,2.0,4.0,1.0,0.0,2.0,3.0,0.0,0.0,10.0,3.0,7.0,4.0,3.0,1.0,5.0,3.0,6.233977496623993,3.0,3.0,0.0,1.0,0.0,239.0,37.0,6.0,0.0,11818.340026855469,853.2099924087524,41710.07019042969,3470.0699920654297,32710.079467773438,214.0,259.0,36.0,9.0,12.0,6.0,0.0,0.0,0.0,0.0,0.0,0.0,0.0,0.0,1.0,0.0,1.0,0.0,9.0,0.0,0.0,86.0,1.0,7.0,24.0,21.0,16.0,16.0,69.0,3.0,1.0,0.0,1.0,1.0,59.0,47.0,42.0,50.0,54.0,1.0,4.0,0.0,41.0,8.0,933.0,293.0,26.0,50.0,97.0,122.0,206.0,63.0,269.0,0.0,0.0,430.0,393.0,0.0,0.0,90.0,58.0,4.0,23.0,172.0,266.0,195.0,0.0,1024.0,277.0,1.0,0.0,1.0,4.509000649675727,1.0,869.10485,30.200515747070312,90561.76977539062,1.924832247197628,1.0
430631,1.0,7.0,0.0,1.0,2.0,3.0,1.0,0.0,0.0,1.0,0.0,0.0,0.0,7.0,1.0,4.0,1.0,0.0,0.0,18.0,0.0,5.322291314601898,9.0,0.0,0.0,9.0,4.0,77.0,7.0,0.0,0.0,4224.52001953125,989.5200119018555,13136.099975585938,1808.6799926757812,12732.7998046875,53.0,89.0,12.0,4.0,3.0,0.0,0.0,0.0,0.0,0.0,0.0,0.0,0.0,0.0,0.0,0.0,0.0,0.0,4.0,0.0,0.0,23.0,3.0,0.0,5.0,1.0,0.0,2.0,10.0,8.0,5.0,4.0,4.0,1.0,10.0,4.0,3.0,6.0,21.0,1.0,0.0,0.0,9.0,7.0,275.0,131.0,22.0,80.0,18.0,4.0,57.0,45.0,102.0,2.0,0.0,109.0,90.0,0.0,0.0,29.0,64.0,23.0,14.0,49.0,75.0,63.0,0.0,322.0,153.0,6.0,1.0,5.0,6.682017773389816,8.0,324.7864,33.51842498779297,32891.620849609375,0.4813296664506197,0.0
430657,0.0,1.0,0.0,0.0,0.0,0.0,0.0,0.0,0.0,0.0,1.0,0.0,0.0,1.0,1.0,0.0,1.0,0.0,0.0,2.0,1.0,3.5307726860046387,1.0,0.0,2.0,14.0,3.0,29.0,8.0,4.0,0.0,2370.7701416015625,583.0999908447266,4736.599914550781,1084.5400085449219,4922.620544433594,27.0,41.0,18.0,2.0,0.0,4.0,0.0,0.0,0.0,0.0,0.0,0.0,0.0,0.0,0.0,0.0,0.0,0.0,0.0,0.0,0.0,24.0,1.0,3.0,8.0,5.0,4.0,4.0,12.0,4.0,2.0,1.0,2.0,1.0,12.0,5.0,3.0,7.0,15.0,0.0,1.0,1.0,8.0,2.0,134.0,65.0,7.0,27.0,14.0,13.0,18.0,36.0,54.0,0.0,0.0,52.0,44.0,0.0,0.0,17.0,13.0,4.0,1.0,14.0,41.0,15.0,0.0,198.0,85.0,1.0,0.0,1.0,1.1147454380989075,8.0,123.68744999999998,33.683467864990234,13697.629638671875,0.04114826023578644,0.0
430658,0.0,1.0,0.0,0.0,0.0,1.0,0.0,0.0,0.0,0.0,0.0,0.0,0.0,1.0,1.0,0.0,1.0,0.0,0.0,2.0,0.0,3.369910717010498,0.0,0.0,0.0,2.0,0.0,13.0,3.0,1.0,0.0,1092.9700012207031,156.63000106811523,3194.0400390625,484.1000213623047,2407.110076904297,12.0,16.0,1.0,3.0,1.0,1.0,0.0,0.0,0.0,0.0,0.0,0.0,0.0,0.0,0.0,0.0,0.0,0.0,1.0,0.0,0.0,17.0,0.0,3.0,6.0,6.0,3.0,3.0,16.0,0.0,0.0,0.0,0.0,0.0,11.0,10.0,7.0,8.0,8.0,0.0,3.0,0.0,8.0,2.0,70.0,31.0,2.0,4.0,3.0,8.0,2.0,13.0,15.0,1.0,0.0,30.0,29.0,0.0,0.0,4.0,2.0,0.0,1.0,6.0,27.0,7.0,0.0,98.0,35.0,2.0,0.0,0.0,0.2283121533691883,1.0,66.44733333333335,33.267330169677734,7334.850341796875,0.1065957173705101,0.0
430667,0.0,2.0,0.0,0.0,0.0,1.0,0.0,1.0,0.0,0.0,0.0,0.0,0.0,2.0,2.0,0.0,2.0,0.0,0.0,3.0,4.0,3.069160223007202,3.0,3.0,0.0,0.0,0.0,7.0,6.0,3.0,0.0,1821.010009765625,209.44998931884766,7158.739501953125,477.22999572753906,5777.030029296875,56.0,65.0,18.0,2.0,1.0,4.0,0.0,0.0,0.0,0.0,0.0,0.0,0.0,0.0,1.0,0.0,1.0,0.0,2.0,1.0,0.0,43.0,2.0,4.0,18.0,14.0,11.0,12.0,35.0,3.0,2.0,0.0,0.0,1.0,22.0,19.0,15.0,15.0,26.0,1.0,2.0,1.0,26.0,2.0,272.0,103.0,12.0,0.0,1.0,21.0,5.0,17.0,22.0,0.0,0.0,123.0,110.0,0.0,0.0,7.0,6.0,0.0,3.0,30.0,91.0,33.0,0.0,158.0,40.0,0.0,1.0,1.0,0.16776537150144577,0.0,152.47841666666667,31.90532684326172,15443.4599609375,0.24903862178325653,0.0
430669,3.0,10.0,0.0,5.0,3.0,0.0,1.0,1.0,1.0,2.0,3.0,0.0,0.0,5.0,1.0,4.0,1.0,5.0,0.0,25.0,2.0,6.852266788482666,18.0,2.0,5.0,12.0,5.0,123.0,18.0,2.0,0.0,7143.9698486328125,954.0199890136719,20910.25048828125,3165.3900756835938,14242.249267578125,134.0,182.0,17.0,1.0,3.0,2.0,0.0,0.0,0.0,0.0,0.0,0.0,0.0,0.0,0.0,0.0,0.0,0.0,0.0,0.0,0.0,82.0,5.0,1.0,10.0,5.0,2.0,4.0,54.0,15.0,10.0,8.0,9.0,1.0,57.0,39.0,36.0,50.0,47.0,2.0,1.0,0.0,33.0,4.0,599.0,243.0,34.0,71.0,100.0,47.0,96.0,122.0,218.0,1.0,0.0,271.0,223.0,0.0,0.0,73.0,117.0,4.0,8.0,91.0,191.0,99.0,0.0,653.0,229.0,0.0,2.0,14.0,3.4748141765594482,14.0,405.9256833333334,33.027687072753906,46415.8798828125,0.9657626114785671,0.0
430671,0.0,1.0,0.0,0.0,0.0,0.0,0.0,0.0,0.0,0.0,1.0,0.0,0.0,1.0,0.0,1.0,0.0,0.0,0.0,2.0,0.0,5.106210350990295,1.0,0.0,9.0,19.0,4.0,51.0,10.0,7.0,0.0,4499.590026855469,909.1399841308594,13702.150634765625,1766.7300415039062,8587.579956054688,45.0,59.0,13.0,2.0,0.0,7.0,,,0.0,0.0,0.0,0.0,0.0,0.0,0.0,0.0,0.0,0.0,0.0,0.0,0.0,35.0,2.0,4.0,10.0,7.0,3.0,4.0,25.0,9.0,7.0,4.0,6.0,1.0,16.0,11.0,6.0,9.0,17.0,2.0,2.0,1.0,14.0,3.0,236.0,122.0,14.0,40.0,28.0,22.0,25.0,65.0,90.0,0.0,0.0,117.0,106.0,0.0,0.0,27.0,36.0,6.0,0.0,40.0,51.0,40.0,0.0,384.0,141.0,1.0,1.0,1.0,0.7802363187074661,32.0,257.1438,34.7191047668457,29465.19091796875,0.11224012821912766,0.0
430690,1.0,1.0,0.0,0.0,0.0,1.0,0.0,0.0,0.0,0.0,0.0,0.0,0.0,1.0,0.0,0.0,0.0,0.0,0.0,6.0,4.0,5.5676960945129395,6.0,3.0,0.0,2.0,1.0,21.0,4.0,6.0,0.0,4524.980041503906,377.75,19471.35009765625,1446.4200744628906,16791.280517578125,80.0,97.0,12.0,3.0,6.0,7.0,0.0,0.0,0.0,0.0,0.0,0.0,0.0,13.0,0.0,0.0,0.0,0.0,1.0,1.0,0.0,95.0,1.0,15.0,50.0,45.0,33.0,34.0,80.0,1.0,1.0,0.0,0.0,0.0,44.0,34.0,22.0,28.0,58.0,1.0,11.0,0.0,50.0,4.0,585.0,204.0,16.0,2.0,1.0,55.0,29.0,29.0,58.0,0.0,0.0,290.0,271.0,0.0,0.0,30.0,5.0,0.0,5.0,51.0,218.0,56.0,0.0,386.0,119.0,0.0,0.0,0.0,0.4835639577358961,3.0,459.91824999999994,30.896345138549805,42611.779296875,0.06132124364376068,0.0
430697,0.0,6.0,0.0,3.0,0.0,1.0,0.0,2.0,2.0,0.0,3.0,0.0,0.0,1.0,0.0,3.0,0.0,5.0,0.0,9.0,4.0,6.6360249519348145,6.0,4.0,5.0,12.0,3.0,89.0,17.0,15.0,0.0,5145.4600830078125,276.74999237060547,14815.9501953125,1332.9899597167969,10798.8701171875,54.0,79.0,13.0,4.0,5.0,17.0,0.0,0.0,0.0,0.0,0.0,0.0,0.0,0.0,0.0,0.0,0.0,0.0,1.0,2.0,0.0,58.0,4.0,4.0,13.0,10.0,5.0,5.0,38.0,5.0,3.0,0.0,0.0,1.0,40.0,25.0,20.0,31.0,37.0,3.0,2.0,0.0,27.0,3.0,299.0,135.0,14.0,8.0,53.0,48.0,82.0,27.0,109.0,0.0,0.0,130.0,112.0,0.0,0.0,45.0,17.0,0.0,5.0,53.0,83.0,58.0,0.0,431.0,112.0,0.0,1.0,1.0,0.36849648505449295,0.0,292.5059666666667,34.21611404418945,32370.0205078125,0.2871517390012741,1.0
430698,2.0,3.0,0.0,0.0,0.0,0.0,1.0,0.0,0.0,0.0,2.0,0.0,0.0,1.0,0.0,1.0,1.0,2.0,1.0,6.0,0.0,5.032886385917664,4.0,0.0,0.0,1.0,1.0,61.0,7.0,0.0,0.0,3017.2299194335938,204.95000076293945,9432.830444335938,1067.0599822998047,7414.8599853515625,55.0,67.0,8.0,1.0,2.0,0.0,0.0,0.0,0.0,0.0,0.0,0.0,0.0,0.0,0.0,0.0,0.0,0.0,0.0,0.0,0.0,13.0,0.0,0.0,0.0,0.0,0.0,0.0,13.0,3.0,3.0,3.0,3.0,0.0,10.0,10.0,10.0,10.0,9.0,0.0,0.0,0.0,9.0,3.0,185.0,68.0,9.0,43.0,46.0,17.0,62.0,44.0,106.0,0.0,0.0,84.0,79.0,0.0,0.0,31.0,29.0,4.0,5.0,50.0,41.0,55.0,0.0,253.0,83.0,1.0,2.0,1.0,4.637561678886414,3.0,191.86515,31.52810287475586,21136.930908203125,0.23675720393657684,0.0
430707,0.0,2.0,0.0,0.0,0.0,1.0,0.0,0.0,0.0,1.0,0.0,0.0,0.0,2.0,0.0,1.0,0.0,0.0,0.0,10.0,0.0,6.461994469165802,6.0,0.0,0.0,15.0,2.0,132.0,25.0,5.0,0.0,9381.040237426758,1542.7799758911133,28285.330017089844,4360.909912109375,26411.190307617188,97.0,135.0,33.0,6.0,5.0,5.0,0.0,0.0,0.0,0.0,0.0,0.0,0.0,0.0,0.0,0.0,0.0,0.0,1.0,0.0,0.0,122.0,3.0,7.0,32.0,21.0,15.0,22.0,90.0,7.0,3.0,1.0,2.0,2.0,83.0,66.0,59.0,71.0,37.0,1.0,5.0,1.0,27.0,8.0,750.0,323.0,32.0,108.0,54.0,83.0,101.0,144.0,245.0,1.0,0.0,353.0,314.0,0.0,0.0,88.0,62.0,9.0,7.0,64.0,265.0,71.0,0.0,834.0,323.0,1.0,4.0,0.0,2.5475010126829147,42.0,666.8922333333333,32.75897216796875,69981.24987792969,0.05632311478257179,0.0
430718,0.0,8.0,0.0,1.0,0.0,0.0,2.0,0.0,0.0,1.0,4.0,0.0,1.0,4.0,2.0,4.0,2.0,4.0,0.0,8.0,3.0,6.999573826789856,8.0,3.0,0.0,7.0,2.0,82.0,10.0,6.0,0.0,6359.869964599609,254.26000499725342,20034.719604492188,1347.5300102233887,14086.609786987305,139.0,168.0,9.0,1.0,3.0,7.0,0.0,0.0,0.0,0.0,0.0,0.0,0.0,0.0,1.0,0.0,1.0,0.0,1.0,1.0,0.0,100.0,6.0,9.0,24.0,19.0,9.0,9.0,77.0,12.0,7.0,0.0,1.0,5.0,64.0,51.0,37.0,44.0,33.0,3.0,7.0,4.0,24.0,8.0,639.0,207.0,23.0,43.0,146.0,128.0,218.0,99.0,317.0,0.0,0.0,297.0,266.0,0.0,0.0,137.0,41.0,2.0,6.0,93.0,210.0,99.0,0.0,518.0,111.0,4.0,4.0,0.0,3.0098319142125547,3.0,366.81455000000005,30.152973175048828,42082.99087524414,1.3332217633724213,0.0
430733,0.0,5.0,0.0,1.0,0.0,0.0,1.0,0.0,0.0,0.0,3.0,0.0,1.0,5.0,3.0,1.0,3.0,0.0,0.0,3.0,2.0,7.662824928760529,2.0,2.0,0.0,1.0,0.0,107.0,10.0,1.0,0.0,6723.059844970703,219.28999543190002,14135.340026855469,1933.1700286865234,9146.909912109375,59.0,76.0,24.0,6.0,8.0,1.0,0.0,0.0,0.0,0.0,0.0,0.0,0.0,0.0,2.0,0.0,2.0,0.0,1.0,0.0,0.0,30.0,3.0,1.0,7.0,6.0,3.0,3.0,27.0,4.0,3.0,1.0,1.0,0.0,19.0,18.0,15.0,15.0,13.0,2.0,1.0,0.0,10.0,8.0,227.0,97.0,15.0,54.0,78.0,18.0,102.0,48.0,150.0,0.0,0.0,101.0,89.0,0.0,0.0,33.0,38.0,5.0,5.0,53.0,60.0,58.0,0.0,568.0,142.0,7.0,1.0,2.0,13.350554198026657,1.0,262.03216666666674,30.46206283569336,32157.770629882812,1.5692767426371574,0.0
430735,2.0,5.0,0.0,0.0,1.0,0.0,0.0,0.0,0.0,1.0,2.0,0.0,0.0,3.0,2.0,2.0,3.0,2.0,1.0,6.0,2.0,6.1793283224105835,4.0,2.0,0.0,15.0,3.0,113.0,26.0,6.0,0.0,10387.809692382812,1733.9500122070312,35667.420654296875,4750.730041503906,35446.139892578125,214.0,260.0,21.0,8.0,4.0,8.0,0.0,0.0,0.0,0.0,0.0,0.0,0.0,0.0,0.0,0.0,0.0,0.0,1.0,2.0,0.0,133.0,8.0,9.0,44.0,34.0,25.0,27.0,97.0,13.0,7.0,4.0,4.0,1.0,76.0,56.0,47.0,58.0,59.0,3.0,6.0,0.0,40.0,8.0,987.0,431.0,46.0,165.0,137.0,110.0,90.0,322.0,412.0,4.0,0.0,474.0,433.0,0.0,0.0,132.0,118.0,16.0,14.0,158.0,272.0,172.0,0.0,907.0,363.0,0.0,0.0,1.0,2.377964660525322,57.0,857.4236500000001,33.32626724243164,87986.0517578125,0.34708335995674133,1.0
430740,4.0,6.0,0.0,4.0,0.0,0.0,0.0,0.0,0.0,1.0,5.0,0.0,0.0,4.0,1.0,1.0,1.0,2.0,0.0,33.0,0.0,5.881594340006511,19.0,0.0,1.0,8.0,3.0,156.0,24.0,0.0,0.0,6253.2098388671875,947.8199996948242,17920.27001953125,2963.5900268554688,20919.120361328125,117.0,163.0,15.0,3.0,10.0,0.0,0.0,0.0,0.0,0.0,0.0,0.0,0.0,0.0,0.0,0.0,0.0,0.0,0.0,0.0,0.0,51.0,3.0,0.0,6.0,3.0,1.0,3.0,29.0,13.0,6.0,3.0,7.0,3.0,32.0,20.0,17.0,26.0,45.0,2.0,0.0,1.0,25.0,6.0,414.0,181.0,18.0,68.0,100.0,29.0,103.0,94.0,197.0,0.0,0.0,165.0,142.0,0.0,0.0,74.0,86.0,6.0,12.0,119.0,89.0,131.0,0.0,524.0,225.0,0.0,5.0,15.0,5.907342731952667,1.0,500.45925,33.06761932373047,49004.00927734375,0.30506572406738997,0.0
430750,2.0,13.0,0.0,3.0,0.0,1.0,2.0,0.0,0.0,4.0,6.0,0.0,0.0,7.0,1.0,7.0,2.0,6.0,1.0,30.0,3.0,6.5539475083351135,22.0,3.0,0.0,2.0,0.0,305.0,24.0,3.0,0.0,9477.010040283203,819.1100082397461,25761.67041015625,3511.220016479492,18373.64974975586,128.0,163.0,37.0,6.0,10.0,3.0,0.0,0.0,0.0,0.0,0.0,0.0,0.0,0.0,0.0,0.0,0.0,0.0,2.0,0.0,0.0,100.0,4.0,3.0,13.0,12.0,6.0,6.0,83.0,17.0,13.0,9.0,12.0,1.0,70.0,58.0,51.0,62.0,56.0,3.0,3.0,1.0,45.0,8.0,537.0,233.0,33.0,89.0,175.0,50.0,248.0,66.0,314.0,0.0,0.0,229.0,207.0,0.0,0.0,95.0,79.0,4.0,14.0,98.0,162.0,112.0,0.0,849.0,266.0,2.0,6.0,15.0,11.37807297706604,0.0,535.375,32.209922790527344,57942.660400390625,1.1608793940395117,0.0
430751,1.0,23.0,0.0,1.0,4.0,2.0,4.0,0.0,0.0,2.0,9.0,1.0,1.0,16.0,8.0,9.0,12.0,7.0,4.0,8.0,2.0,5.930540442466736,7.0,1.0,0.0,8.0,1.0,272.0,16.0,1.0,0.0,8665.599914550781,1496.8100357055664,24401.589721679688,4172.75,26814.48095703125,85.0,137.0,58.0,4.0,5.0,1.0,0.0,0.0,0.0,0.0,0.0,0.0,0.0,0.0,5.0,0.0,5.0,0.0,5.0,0.0,0.0,26.0,1.0,0.0,1.0,1.0,0.0,0.0,21.0,4.0,1.0,0.0,3.0,0.0,21.0,19.0,18.0,20.0,25.0,1.0,0.0,0.0,20.0,8.0,392.0,192.0,33.0,148.0,129.0,14.0,236.0,55.0,291.0,1.0,0.0,149.0,124.0,1.0,1.0,79.0,125.0,13.0,24.0,108.0,66.0,132.0,0.0,745.0,319.0,0.0,6.0,2.0,29.943958640098572,1.0,664.9475333333335,32.203094482421875,65551.22998046875,4.334169706329703,0.0
430753,0.0,0.0,0.0,0.0,0.0,0.0,0.0,,0.0,0.0,0.0,0.0,0.0,0.0,0.0,0.0,0.0,0.0,0.0,0.0,2.0,3.36551633477211,0.0,2.0,0.0,0.0,0.0,0.0,0.0,10.0,0.0,1398.4199981689453,90.59999966621399,8305.110107421875,460.34999656677246,37836.1005859375,24.0,47.0,0.0,0.0,3.0,12.0,0.0,0.0,120.0,93.0,5.5,14.0,9.0,28.0,0.0,0.0,0.0,0.0,0.0,2.0,0.0,146.0,5.0,39.0,85.0,43.0,32.0,41.0,60.0,5.0,1.0,0.0,0.0,0.0,56.0,16.0,5.0,12.0,46.0,1.0,10.0,0.0,12.0,8.0,608.0,310.0,23.0,0.0,0.0,126.0,85.0,41.0,126.0,0.0,0.0,314.0,253.0,0.0,0.0,68.0,0.0,0.0,0.0,12.0,228.0,12.0,0.0,143.0,44.0,0.0,0.0,0.0,0.4803261235356331,0.0,857.4236500000001,29.873960494995117,48090.57958984375,0.0,0.0
430754,0.0,0.0,0.0,0.0,0.0,0.0,0.0,,0.0,0.0,0.0,0.0,0.0,0.0,0.0,0.0,0.0,0.0,0.0,0.0,0.0,0.8990538716316223,0.0,0.0,0.0,0.0,0.0,1.0,0.0,0.0,0.0,410.97998046875,16.700000762939453,1989.5401611328125,117.5300064086914,1035.820068359375,8.0,10.0,0.0,0.0,0.0,0.0,,,0.0,0.0,0.0,0.0,0.0,0.0,0.0,0.0,0.0,0.0,0.0,0.0,0.0,6.0,0.0,0.0,1.0,1.0,1.0,1.0,4.0,0.0,0.0,0.0,0.0,0.0,5.0,3.0,3.0,5.0,4.0,0.0,0.0,0.0,2.0,1.0,49.0,18.0,4.0,0.0,1.0,6.0,5.0,2.0,7.0,0.0,0.0,24.0,22.0,0.0,0.0,5.0,2.0,0.0,0.0,4.0,20.0,4.0,0.0,36.0,7.0,1.0,0.0,0.0,0.15985457599163055,0.0,29.62663333333333,26.359155654907227,3570.5703125,0.0,0.0
430759,0.0,2.0,0.0,0.0,0.0,0.0,0.0,0.0,0.0,0.0,2.0,0.0,0.0,2.0,1.0,1.0,1.0,0.0,0.0,2.0,0.0,4.856148910522461,0.0,0.0,0.0,0.0,0.0,27.0,3.0,1.0,0.0,1433.1600036621094,259.34998321533203,4556.340087890625,515.2900009155273,4420.239990234375,5.0,12.0,3.0,1.0,3.0,1.0,,,0.0,0.0,0.0,0.0,0.0,0.0,0.0,0.0,0.0,0.0,0.0,0.0,0.0,0.0,0.0,0.0,0.0,0.0,0.0,0.0,0.0,0.0,0.0,0.0,0.0,0.0,0.0,0.0,0.0,0.0,0.0,0.0,0.0,0.0,0.0,4.0,41.0,25.0,3.0,36.0,16.0,0.0,34.0,18.0,52.0,0.0,0.0,13.0,7.0,0.0,0.0,12.0,19.0,3.0,5.0,14.0,6.0,19.0,0.0,140.0,40.0,4.0,0.0,0.0,9.661447763442993,0.0,117.51943333333334,32.086952209472656,11184.380249023438,0.33698948100209236,0.0
430763,1.0,3.0,0.0,0.0,0.0,0.0,0.0,0.0,0.0,1.0,2.0,0.0,0.0,1.0,1.0,2.0,1.0,2.0,0.0,0.0,0.0,5.5260009765625,0.0,0.0,0.0,2.0,1.0,71.0,12.0,2.0,0.0,5732.0902099609375,568.5099945068359,13684.990234375,1896.2699890136719,10933.150146484375,49.0,59.0,14.0,1.0,3.0,2.0,,,0.0,0.0,0.0,0.0,0.0,0.0,1.0,0.0,1.0,0.0,0.0,0.0,0.0,41.0,3.0,3.0,13.0,9.0,6.0,7.0,27.0,5.0,2.0,1.0,1.0,1.0,23.0,16.0,13.0,16.0,17.0,1.0,2.0,0.0,12.0,4.0,242.0,104.0,14.0,41.0,70.0,42.0,119.0,34.0,153.0,0.0,0.0,106.0,93.0,0.0,0.0,53.0,21.0,2.0,9.0,53.0,58.0,62.0,0.0,483.0,143.0,0.0,4.0,0.0,2.263055592775345,0.0,284.68021666666664,32.1667594909668,32815.009765625,0.09950391575694084,0.0
430766,0.0,0.0,0.0,0.0,0.0,0.0,0.0,,0.0,0.0,0.0,0.0,0.0,0.0,0.0,0.0,0.0,0.0,0.0,1.0,0.0,1.2223105430603027,0.0,0.0,0.0,1.0,0.0,3.0,0.0,0.0,0.0,388.57000732421875,48.93000030517578,740.4500732421875,104.00999450683594,633.4600219726562,5.0,6.0,1.0,0.0,0.0,0.0,0.0,0.0,0.0,0.0,0.0,0.0,0.0,0.0,0.0,0.0,0.0,0.0,0.0,0.0,0.0,1.0,0.0,0.0,0.0,0.0,0.0,0.0,0.0,1.0,0.0,0.0,1.0,0.0,0.0,0.0,0.0,0.0,1.0,0.0,0.0,0.0,0.0,1.0,25.0,9.0,0.0,5.0,4.0,3.0,7.0,5.0,12.0,0.0,0.0,10.0,10.0,0.0,0.0,5.0,3.0,2.0,0.0,6.0,8.0,6.0,0.0,28.0,10.0,1.0,0.0,0.0,1.5388057231903076,0.0,18.784783333333337,27.999042510986328,1915.4200439453125,0.0,0.0
430822,0.0,8.0,0.0,2.0,2.0,0.0,2.0,1.0,1.0,0.0,3.0,0.0,0.0,6.0,2.0,2.0,4.0,2.0,2.0,17.0,1.0,6.146854996681213,8.0,1.0,4.0,7.0,2.0,54.0,12.0,1.0,0.0,3100.0,871.5500030517578,7829.0802001953125,1332.8300476074219,8754.909545898438,55.0,76.0,8.0,0.0,2.0,1.0,0.0,0.0,0.0,0.0,0.0,0.0,0.0,0.0,2.0,0.0,2.0,0.0,0.0,0.0,0.0,21.0,1.0,2.0,5.0,5.0,2.0,2.0,18.0,4.0,4.0,3.0,3.0,0.0,12.0,9.0,6.0,9.0,12.0,1.0,2.0,0.0,9.0,4.0,193.0,85.0,14.0,34.0,40.0,21.0,31.0,64.0,95.0,1.0,0.0,73.0,69.0,0.0,0.0,36.0,48.0,3.0,7.0,55.0,36.0,62.0,0.0,270.0,104.0,2.0,2.0,7.0,3.6402066946029663,0.0,211.64278333333334,33.32061004638672,21888.3701171875,1.4370406568050385,0.0
430831,1.0,1.0,0.0,0.0,0.0,0.0,0.0,0.0,0.0,1.0,0.0,0.0,0.0,0.0,0.0,1.0,0.0,1.0,0.0,5.0,1.0,6.6336528062820435,4.0,1.0,0.0,1.0,0.0,114.0,29.0,10.0,0.0,4351.220031738281,347.8700141906738,14753.2890625,1483.7599487304688,12745.820373535156,77.0,97.0,23.0,2.0,4.0,10.0,0.0,0.0,0.0,0.0,0.0,0.0,0.0,0.0,0.0,0.0,0.0,0.0,0.0,0.0,0.0,55.0,2.0,0.0,15.0,10.0,9.0,13.0,42.0,4.0,2.0,1.0,1.0,1.0,36.0,30.0,29.0,33.0,35.0,1.0,0.0,0.0,27.0,4.0,391.0,134.0,8.0,2.0,20.0,32.0,38.0,16.0,54.0,0.0,0.0,190.0,172.0,0.0,0.0,26.0,9.0,0.0,5.0,73.0,107.0,78.0,0.0,387.0,110.0,1.0,1.0,0.0,0.48753183893859386,1.0,305.26345000000003,31.884506225585938,33681.9609375,0.004771494306623936,0.0
430834,0.0,0.0,0.0,0.0,0.0,0.0,0.0,,0.0,0.0,0.0,0.0,0.0,0.0,0.0,0.0,0.0,0.0,0.0,0.0,0.0,0.0,0.0,0.0,0.0,0.0,0.0,0.0,0.0,0.0,0.0,0.0,0.0,0.0,0.0,0.0,0.0,0.0,0.0,0.0,0.0,0.0,,,0.0,0.0,0.0,0.0,0.0,0.0,0.0,0.0,0.0,0.0,0.0,0.0,0.0,0.0,0.0,0.0,0.0,0.0,0.0,0.0,0.0,0.0,0.0,0.0,0.0,0.0,0.0,0.0,0.0,0.0,0.0,0.0,0.0,0.0,0.0,0.0,0.0,0.0,0.0,0.0,0.0,0.0,0.0,0.0,0.0,0.0,0.0,0.0,0.0,0.0,0.0,0.0,0.0,0.0,0.0,0.0,0.0,0.0,0.0,0.0,0.0,0.0,0.0,0.0,0.0,0.0,0.0,0.0,0.0,0.0,0.0
430854,1.0,2.0,0.0,1.0,0.0,0.0,1.0,0.0,0.0,1.0,0.0,0.0,0.0,2.0,0.0,1.0,0.0,0.0,0.0,14.0,0.0,2.883124351501465,13.0,0.0,0.0,1.0,0.0,24.0,12.0,1.0,0.0,2098.1100463867188,406.65000915527344,7499.6904296875,765.5500183105469,7460.22998046875,40.0,61.0,13.0,3.0,1.0,1.0,0.0,0.0,0.0,0.0,0.0,0.0,0.0,0.0,0.0,0.0,0.0,0.0,0.0,0.0,0.0,45.0,0.0,7.0,26.0,22.0,18.0,19.0,33.0,0.0,0.0,0.0,0.0,0.0,19.0,11.0,7.0,12.0,22.0,0.0,4.0,0.0,15.0,2.0,203.0,92.0,5.0,4.0,7.0,18.0,6.0,23.0,29.0,0.0,0.0,92.0,79.0,0.0,0.0,12.0,5.0,1.0,2.0,41.0,48.0,43.0,0.0,173.0,65.0,0.0,1.0,3.0,0.1024787463247776,9.0,190.212,34.3645133972168,18230.23046875,0.1379372663795948,0.0
430917,0.0,4.0,0.0,0.0,0.0,0.0,1.0,0.0,0.0,1.0,1.0,0.0,1.0,4.0,3.0,1.0,3.0,0.0,0.0,3.0,0.0,6.212053537368774,0.0,0.0,0.0,0.0,0.0,76.0,9.0,0.0,0.0,3444.2499237060547,387.2900161743164,10133.579833984375,1410.2699890136719,10035.390075683594,13.0,27.0,15.0,1.0,1.0,0.0,0.0,0.0,0.0,0.0,0.0,0.0,0.0,0.0,0.0,0.0,0.0,0.0,2.0,0.0,0.0,4.0,1.0,0.0,1.0,1.0,0.0,0.0,3.0,1.0,1.0,0.0,0.0,0.0,2.0,1.0,0.0,1.0,0.0,1.0,0.0,0.0,0.0,4.0,77.0,42.0,10.0,32.0,10.0,1.0,35.0,8.0,43.0,2.0,0.0,29.0,20.0,0.0,0.0,9.0,30.0,3.0,6.0,22.0,12.0,28.0,0.0,319.0,106.0,2.0,1.0,0.0,10.354050517082214,0.0,241.34380000000004,32.45138931274414,25410.78173828125,0.4228098466992378,0.0
431196,0.0,3.0,0.0,0.0,0.0,2.0,1.0,0.0,0.0,0.0,0.0,0.0,0.0,3.0,2.0,1.0,2.0,0.0,0.0,8.0,0.0,4.433843731880188,8.0,0.0,0.0,0.0,0.0,52.0,22.0,10.0,0.0,5175.129913330078,303.6399898529053,19232.659912109375,1305.7100219726562,31654.639892578125,182.0,197.0,11.0,9.0,3.0,12.0,0.0,0.0,0.0,0.0,0.0,0.0,0.0,5.0,1.0,0.0,1.0,0.0,3.0,2.0,0.0,106.0,1.0,11.0,66.0,60.0,50.0,54.0,95.0,1.0,0.0,0.0,0.0,0.0,39.0,35.0,25.0,27.0,67.0,0.0,10.0,0.0,60.0,7.0,905.0,299.0,19.0,6.0,2.0,29.0,24.0,13.0,37.0,0.0,0.0,430.0,415.0,0.0,0.0,22.0,4.0,1.0,9.0,65.0,343.0,74.0,0.0,415.0,108.0,0.0,5.0,3.0,1.9204601850360632,2.0,685.9859166666668,32.34606170654297,57671.779296875,0.4078458994626999,2.0
431200,0.0,3.0,0.0,0.0,0.0,0.0,0.0,0.0,0.0,0.0,2.0,0.0,1.0,3.0,2.0,1.0,2.0,0.0,0.0,2.0,0.0,6.529381942749024,1.0,0.0,0.0,9.0,2.0,64.0,20.0,2.0,0.0,7120.140289306641,957.8000106811523,20290.200592041016,2975.010009765625,16270.199584960938,80.0,100.0,11.0,9.0,1.0,2.0,0.0,0.0,0.0,0.0,0.0,0.0,0.0,0.0,2.0,0.0,2.0,0.0,0.0,0.0,0.0,37.0,3.0,1.0,21.0,15.0,14.0,17.0,24.0,5.0,1.0,1.0,2.0,0.0,11.0,8.0,7.0,7.0,24.0,0.0,1.0,0.0,13.0,5.0,461.0,201.0,19.0,135.0,109.0,94.0,53.0,285.0,338.0,3.0,0.0,213.0,194.0,0.0,0.0,75.0,38.0,8.0,5.0,47.0,153.0,52.0,0.0,598.0,221.0,1.0,0.0,0.0,1.7582772076129913,32.0,451.55219999999997,31.568317413330078,47613.349853515625,0.6426095217466354,0.0
431202,0.0,1.0,0.0,1.0,0.0,0.0,0.0,0.0,0.0,1.0,0.0,0.0,0.0,0.0,0.0,0.0,0.0,1.0,0.0,1.0,2.0,4.351616954803466,1.0,1.0,0.0,0.0,0.0,9.0,3.0,1.0,0.0,3119.739990234375,307.75998878479004,11946.6103515625,1214.509994506836,16443.150390625,25.0,44.0,6.0,2.0,3.0,1.0,0.0,0.0,0.0,0.0,0.0,0.0,0.0,0.0,0.0,0.0,0.0,0.0,0.0,0.0,0.0,55.0,2.0,14.0,31.0,12.0,9.0,15.0,20.0,3.0,1.0,0.0,0.0,1.0,21.0,7.0,3.0,4.0,34.0,0.0,3.0,1.0,10.0,4.0,216.0,87.0,4.0,2.0,2.0,14.0,6.0,12.0,18.0,0.0,0.0,97.0,70.0,0.0,0.0,10.0,1.0,0.0,5.0,12.0,81.0,17.0,0.0,271.0,94.0,0.0,2.0,1.0,0.21483578719198704,0.0,363.09106666666673,32.144126892089844,33031.77001953125,0.014584885910153389,0.0
431208,0.0,0.0,0.0,0.0,0.0,0.0,0.0,,0.0,0.0,0.0,0.0,0.0,0.0,0.0,0.0,0.0,0.0,0.0,0.0,0.0,5.369405428568522,0.0,0.0,0.0,0.0,0.0,10.0,3.0,0.0,0.0,330.8600082397461,60.389997482299805,684.1699829101562,165.39999771118164,402.3399963378906,2.0,3.0,0.0,1.0,0.0,0.0,,,0.0,0.0,0.0,0.0,0.0,0.0,0.0,0.0,0.0,0.0,0.0,0.0,0.0,1.0,0.0,0.0,1.0,0.0,0.0,1.0,0.0,0.0,0.0,0.0,0.0,0.0,0.0,0.0,0.0,0.0,1.0,0.0,0.0,0.0,0.0,2.0,10.0,4.0,0.0,1.0,1.0,0.0,0.0,2.0,2.0,0.0,0.0,5.0,4.0,0.0,0.0,0.0,0.0,0.0,0.0,2.0,3.0,2.0,0.0,24.0,15.0,2.0,0.0,0.0,1.5675239562988281,1.0,12.10611666666668,31.40174674987793,1643.159912109375,0.0,1.0
431209,0.0,0.0,0.0,0.0,0.0,0.0,0.0,,0.0,0.0,0.0,0.0,0.0,0.0,0.0,0.0,0.0,0.0,0.0,0.0,0.0,0.0,0.0,0.0,0.0,0.0,0.0,0.0,0.0,0.0,0.0,0.0,0.0,0.0,0.0,0.0,0.0,0.0,0.0,0.0,0.0,0.0,,,0.0,0.0,0.0,0.0,0.0,0.0,0.0,0.0,0.0,0.0,0.0,0.0,0.0,0.0,0.0,0.0,0.0,0.0,0.0,0.0,0.0,0.0,0.0,0.0,0.0,0.0,0.0,0.0,0.0,0.0,0.0,0.0,0.0,0.0,0.0,0.0,0.0,0.0,0.0,0.0,0.0,0.0,0.0,0.0,0.0,0.0,0.0,0.0,0.0,0.0,0.0,0.0,0.0,0.0,0.0,0.0,0.0,0.0,0.0,0.0,0.0,0.0,0.0,0.0,0.0,0.0,0.0,0.0,0.0,0.0,0.0
431211,1.0,8.0,0.0,2.0,1.0,0.0,2.0,0.0,0.0,0.0,3.0,0.0,1.0,4.0,1.0,2.0,3.0,4.0,2.0,12.0,0.0,6.069408098856608,6.0,0.0,0.0,1.0,1.0,82.0,7.0,1.0,0.0,2809.6199951171875,1055.0600128173828,8510.849975585938,1421.1800231933594,9323.23974609375,26.0,47.0,10.0,2.0,3.0,1.0,0.0,0.0,0.0,0.0,0.0,0.0,0.0,0.0,1.0,0.0,1.0,0.0,0.0,0.0,0.0,11.0,1.0,0.0,1.0,1.0,0.0,0.0,8.0,4.0,3.0,2.0,3.0,0.0,6.0,4.0,3.0,5.0,11.0,1.0,0.0,0.0,8.0,3.0,102.0,55.0,10.0,47.0,25.0,9.0,50.0,31.0,81.0,1.0,0.0,36.0,28.0,0.0,0.0,23.0,33.0,6.0,8.0,37.0,10.0,45.0,0.0,243.0,120.0,1.0,2.0,3.0,3.863259732723236,0.0,230.20638333333335,34.58567428588867,23119.94873046875,1.1261674389243126,0.0
431212,0.0,6.0,0.0,1.0,1.0,0.0,1.0,0.0,0.0,1.0,3.0,0.0,0.0,4.0,2.0,2.0,3.0,2.0,1.0,16.0,1.0,6.785743713378906,8.0,1.0,0.0,8.0,3.0,154.0,7.0,0.0,0.0,4650.580078125,804.1400451660156,14692.259765625,1773.1800842285156,11652.37060546875,34.0,61.0,11.0,1.0,4.0,0.0,0.0,0.0,0.0,0.0,0.0,0.0,0.0,0.0,1.0,0.0,1.0,0.0,1.0,0.0,0.0,14.0,2.0,0.0,2.0,0.0,0.0,0.0,6.0,4.0,2.0,2.0,2.0,0.0,8.0,4.0,4.0,6.0,10.0,0.0,0.0,0.0,5.0,3.0,147.0,84.0,10.0,22.0,36.0,5.0,30.0,33.0,63.0,1.0,0.0,48.0,36.0,0.0,0.0,19.0,40.0,12.0,10.0,37.0,33.0,47.0,0.0,411.0,138.0,0.0,2.0,6.0,2.074110746383667,1.0,297.3423833333334,33.425907135009766,33572.53125,0.2544851303100586,0.0
431219,0.0,0.0,0.0,0.0,0.0,0.0,0.0,,0.0,0.0,0.0,0.0,0.0,0.0,0.0,0.0,0.0,0.0,0.0,0.0,0.0,2.2402040163675943,0.0,0.0,0.0,0.0,0.0,3.0,1.0,0.0,0.0,371.7099914550781,23.719999313354492,1163.83984375,132.0500030517578,733.760009765625,5.0,6.0,1.0,0.0,0.0,0.0,0.0,0.0,0.0,0.0,0.0,0.0,0.0,0.0,0.0,0.0,0.0,0.0,0.0,0.0,0.0,3.0,0.0,1.0,1.0,1.0,0.0,0.0,3.0,0.0,0.0,0.0,0.0,0.0,2.0,2.0,1.0,1.0,2.0,0.0,1.0,0.0,2.0,1.0,28.0,9.0,0.0,0.0,1.0,3.0,1.0,3.0,4.0,0.0,0.0,13.0,12.0,0.0,0.0,3.0,0.0,0.0,0.0,2.0,12.0,2.0,0.0,36.0,12.0,1.0,0.0,0.0,0.15921393036842346,0.0,22.35244999999999,31.03609848022461,2425.080078125,0.0,0.0
431223,0.0,0.0,0.0,0.0,0.0,0.0,0.0,,0.0,0.0,0.0,0.0,0.0,0.0,0.0,0.0,0.0,0.0,0.0,0.0,0.0,0.0,0.0,0.0,0.0,0.0,0.0,0.0,0.0,0.0,0.0,0.0,0.0,0.0,0.0,0.0,0.0,0.0,0.0,0.0,0.0,0.0,,,0.0,0.0,0.0,0.0,0.0,0.0,0.0,0.0,0.0,0.0,0.0,0.0,0.0,0.0,0.0,0.0,0.0,0.0,0.0,0.0,0.0,0.0,0.0,0.0,0.0,0.0,0.0,0.0,0.0,0.0,0.0,0.0,0.0,0.0,0.0,0.0,0.0,0.0,0.0,0.0,0.0,0.0,0.0,0.0,0.0,0.0,0.0,0.0,0.0,0.0,0.0,0.0,0.0,0.0,0.0,0.0,0.0,0.0,0.0,0.0,0.0,0.0,0.0,0.0,0.0,0.0,0.0,0.0,0.0,0.0,0.0
431225,0.0,0.0,0.0,0.0,0.0,0.0,0.0,,0.0,0.0,0.0,0.0,0.0,0.0,0.0,0.0,0.0,0.0,0.0,8.0,0.0,5.486241817474365,7.0,0.0,0.0,0.0,0.0,28.0,16.0,3.0,0.0,2805.31982421875,325.3000030517578,12403.9609375,925.8899841308594,11810.31982421875,36.0,49.0,10.0,4.0,0.0,5.0,0.0,0.0,0.0,0.0,0.0,0.0,0.0,17.0,0.0,0.0,0.0,0.0,0.0,2.0,0.0,38.0,1.0,7.0,22.0,17.0,13.0,14.0,25.0,1.0,0.0,0.0,0.0,0.0,15.0,8.0,4.0,7.0,25.0,0.0,4.0,0.0,15.0,3.0,212.0,106.0,2.0,1.0,5.0,11.0,9.0,8.0,17.0,0.0,1.0,106.0,94.0,0.0,0.0,6.0,0.0,0.0,1.0,23.0,66.0,24.0,0.0,258.0,78.0,0.0,0.0,2.0,0.42230934649705887,0.0,309.44849999999997,32.396121978759766,28270.7900390625,0.0,1.0
431230,1.0,1.0,0.0,0.0,0.0,0.0,0.0,0.0,0.0,1.0,0.0,0.0,0.0,0.0,0.0,1.0,0.0,1.0,0.0,8.0,5.0,7.460911591847737,5.0,4.0,0.0,0.0,0.0,182.0,22.0,4.0,0.0,7282.1898193359375,360.4300003051758,18840.92919921875,1905.639892578125,10032.810546875,63.0,92.0,20.0,1.0,0.0,4.0,0.0,0.0,0.0,0.0,0.0,0.0,0.0,0.0,0.0,0.0,0.0,0.0,0.0,0.0,0.0,62.0,8.0,6.0,24.0,12.0,7.0,10.0,31.0,10.0,4.0,1.0,1.0,1.0,28.0,15.0,9.0,13.0,45.0,2.0,3.0,1.0,20.0,3.0,253.0,118.0,6.0,4.0,35.0,46.0,63.0,22.0,85.0,0.0,0.0,111.0,84.0,0.0,0.0,32.0,10.0,0.0,8.0,61.0,49.0,69.0,0.0,635.0,142.0,0.0,0.0,4.0,0.09249778091907501,0.0,309.44849999999997,32.34135437011719,38422.0,0.02743629366159439,0.0
431693,0.0,3.0,0.0,1.0,0.0,0.0,1.0,0.0,0.0,0.0,1.0,0.0,1.0,3.0,1.0,1.0,1.0,0.0,0.0,2.0,0.0,5.980687618255615,0.0,0.0,0.0,0.0,0.0,41.0,3.0,0.0,0.0,2255.430000305176,257.05998706817627,8910.169921875,897.0899810791016,5662.820098876953,11.0,20.0,3.0,5.0,4.0,0.0,0.0,0.0,0.0,0.0,0.0,0.0,0.0,0.0,0.0,0.0,0.0,0.0,1.0,0.0,0.0,0.0,0.0,0.0,0.0,0.0,0.0,0.0,0.0,0.0,0.0,0.0,0.0,0.0,0.0,0.0,0.0,0.0,0.0,0.0,0.0,0.0,0.0,3.0,48.0,26.0,5.0,19.0,8.0,1.0,22.0,6.0,28.0,2.0,0.0,17.0,13.0,0.0,0.0,5.0,23.0,1.0,12.0,13.0,3.0,25.0,0.0,210.0,61.0,1.0,1.0,0.0,9.223032474517822,0.0,168.96856666666667,30.473539352416992,17982.570434570312,0.24790982902050018,1.0
431696,0.0,2.0,0.0,0.0,0.0,0.0,0.0,0.0,0.0,0.0,2.0,0.0,0.0,1.0,1.0,1.0,1.0,1.0,0.0,15.0,1.0,5.807873916625977,11.0,1.0,0.0,4.0,1.0,79.0,28.0,1.0,0.0,5408.60986328125,1605.9500274658203,17910.0,2817.5399169921875,18311.688720703125,88.0,123.0,22.0,8.0,13.0,2.0,0.0,0.0,0.0,0.0,0.0,0.0,0.0,0.0,0.0,0.0,0.0,0.0,0.0,1.0,0.0,92.0,8.0,1.0,19.0,15.0,10.0,10.0,69.0,15.0,9.0,1.0,2.0,5.0,58.0,45.0,37.0,44.0,35.0,5.0,0.0,3.0,30.0,5.0,428.0,212.0,15.0,42.0,39.0,29.0,48.0,62.0,110.0,1.0,0.0,202.0,167.0,0.0,0.0,34.0,28.0,6.0,8.0,68.0,117.0,76.0,0.0,464.0,231.0,0.0,2.0,2.0,1.1484683901071548,34.0,475.81683333333336,35.22618103027344,46053.791015625,0.3355216346681118,1.0
431698,0.0,2.0,0.0,0.0,0.0,1.0,0.0,0.0,0.0,0.0,1.0,0.0,0.0,1.0,0.0,2.0,0.0,1.0,0.0,1.0,0.0,3.834509531656901,1.0,0.0,0.0,0.0,0.0,30.0,14.0,3.0,0.0,1759.4199829101562,443.32000732421875,7065.570068359375,739.1900024414062,7242.75,23.0,37.0,8.0,4.0,1.0,3.0,,,0.0,0.0,0.0,0.0,0.0,0.0,0.0,0.0,0.0,0.0,1.0,0.0,0.0,27.0,1.0,6.0,15.0,10.0,7.0,8.0,15.0,1.0,0.0,0.0,0.0,0.0,11.0,5.0,2.0,4.0,20.0,0.0,3.0,0.0,12.0,2.0,114.0,48.0,5.0,0.0,2.0,19.0,11.0,10.0,21.0,0.0,0.0,54.0,41.0,0.0,0.0,8.0,3.0,0.0,2.0,22.0,30.0,24.0,0.0,151.0,71.0,0.0,1.0,0.0,0.051060935482382774,1.0,180.07026666666667,32.522865295410156,17250.24951171875,0.10778623819351196,1.0
431781,1.0,1.0,0.0,0.0,0.0,0.0,0.0,0.0,0.0,1.0,0.0,0.0,0.0,1.0,0.0,1.0,0.0,0.0,0.0,7.0,0.0,4.12330945332845,5.0,0.0,0.0,2.0,1.0,56.0,9.0,0.0,0.0,2221.52001953125,506.7100067138672,7763.609375,1074.989990234375,7607.570068359375,21.0,30.0,3.0,2.0,1.0,1.0,,,0.0,0.0,0.0,0.0,0.0,0.0,0.0,0.0,0.0,0.0,0.0,1.0,0.0,21.0,0.0,2.0,10.0,9.0,7.0,8.0,17.0,1.0,1.0,1.0,1.0,0.0,10.0,7.0,5.0,8.0,7.0,0.0,2.0,0.0,7.0,2.0,154.0,74.0,3.0,5.0,20.0,28.0,10.0,43.0,53.0,1.0,0.0,69.0,59.0,0.0,0.0,24.0,6.0,0.0,1.0,20.0,48.0,21.0,0.0,209.0,82.0,0.0,1.0,2.0,0.18584728240966797,8.0,186.09703333333334,33.52260208129883,19174.400390625,0.03159517049789429,0.0
431788,1.0,8.0,0.0,2.0,0.0,0.0,0.0,0.0,0.0,2.0,6.0,0.0,0.0,1.0,1.0,3.0,3.0,7.0,2.0,5.0,5.0,6.866334557533264,3.0,5.0,0.0,3.0,1.0,51.0,10.0,1.0,0.0,4337.690124511719,321.5299835205078,13741.400146484375,1685.7699432373047,9324.679931640625,95.0,125.0,7.0,4.0,2.0,1.0,0.0,0.0,0.0,0.0,0.0,0.0,0.0,0.0,2.0,0.0,1.0,1.0,0.0,0.0,0.0,77.0,9.0,4.0,21.0,13.0,7.0,8.0,52.0,13.0,7.0,0.0,1.0,3.0,43.0,32.0,23.0,27.0,54.0,4.0,2.0,3.0,33.0,4.0,369.0,140.0,18.0,13.0,51.0,43.0,79.0,28.0,107.0,0.0,0.0,161.0,138.0,0.0,0.0,49.0,16.0,2.0,5.0,94.0,83.0,99.0,0.0,356.0,114.0,1.0,3.0,1.0,1.0642517879605293,1.0,257.2300333333333,31.457612991333008,29411.07080078125,0.37015940248966217,1.0
431858,0.0,1.0,0.0,0.0,0.0,0.0,0.0,0.0,0.0,0.0,0.0,0.0,1.0,1.0,0.0,1.0,0.0,0.0,0.0,34.0,0.0,5.894408941268921,18.0,0.0,0.0,9.0,0.0,70.0,25.0,2.0,0.0,4308.060012817383,785.7200241088867,11977.079345703125,1916.0899810791016,13086.250610351562,109.0,157.0,12.0,6.0,4.0,2.0,0.0,0.0,0.0,0.0,0.0,0.0,0.0,0.0,0.0,0.0,0.0,0.0,0.0,0.0,0.0,63.0,3.0,6.0,24.0,17.0,15.0,15.0,41.0,7.0,4.0,3.0,4.0,0.0,32.0,20.0,18.0,23.0,47.0,1.0,1.0,0.0,27.0,4.0,451.0,179.0,14.0,42.0,52.0,35.0,39.0,90.0,129.0,0.0,0.0,211.0,190.0,0.0,0.0,48.0,51.0,4.0,6.0,77.0,129.0,83.0,0.0,355.0,157.0,1.0,1.0,12.0,0.6022888198494911,28.0,315.7954833333333,33.46651840209961,32073.2001953125,0.024796154350042343,0.0
431861,0.0,1.0,0.0,0.0,0.0,0.0,0.0,0.0,0.0,1.0,0.0,0.0,0.0,0.0,0.0,0.0,1.0,1.0,1.0,6.0,1.0,6.553208529949188,2.0,1.0,2.0,3.0,0.0,119.0,10.0,0.0,0.0,3520.0000610351562,560.1300010681152,8917.369934082031,1444.7699813842773,6309.129943847656,54.0,74.0,11.0,2.0,2.0,0.0,0.0,0.0,0.0,0.0,0.0,0.0,0.0,0.0,0.0,0.0,0.0,0.0,0.0,0.0,0.0,32.0,3.0,0.0,3.0,1.0,0.0,0.0,21.0,10.0,6.0,3.0,4.0,3.0,19.0,14.0,11.0,13.0,23.0,1.0,0.0,2.0,12.0,7.0,227.0,78.0,8.0,10.0,36.0,12.0,45.0,13.0,58.0,0.0,0.0,104.0,89.0,0.0,0.0,18.0,29.0,3.0,3.0,47.0,64.0,50.0,0.0,300.0,105.0,6.0,1.0,1.0,4.148755133152008,0.0,169.16446666666667,30.754690170288086,20751.399536132812,0.08212576806545258,0.0
431889,0.0,0.0,0.0,0.0,0.0,0.0,0.0,,0.0,0.0,0.0,0.0,0.0,0.0,0.0,0.0,0.0,0.0,0.0,0.0,0.0,0.0,0.0,0.0,0.0,0.0,0.0,0.0,0.0,0.0,0.0,0.0,0.0,0.0,0.0,0.0,0.0,0.0,0.0,0.0,0.0,0.0,,,0.0,0.0,0.0,0.0,0.0,0.0,0.0,0.0,0.0,0.0,0.0,0.0,0.0,0.0,0.0,0.0,0.0,0.0,0.0,0.0,0.0,0.0,0.0,0.0,0.0,0.0,0.0,0.0,0.0,0.0,0.0,0.0,0.0,0.0,0.0,0.0,0.0,0.0,0.0,0.0,0.0,0.0,0.0,0.0,0.0,0.0,0.0,0.0,0.0,0.0,0.0,0.0,0.0,0.0,0.0,0.0,0.0,0.0,0.0,0.0,0.0,0.0,0.0,0.0,0.0,0.0,0.0,0.0,0.0,0.0,0.0
433066,0.0,4.0,0.0,0.0,1.0,2.0,0.0,0.0,0.0,1.0,0.0,0.0,0.0,2.0,2.0,1.0,2.0,2.0,0.0,15.0,0.0,4.338578224182129,7.0,0.0,0.0,8.0,2.0,47.0,7.0,0.0,0.0,2058.3700561523438,297.05999755859375,7497.68017578125,995.7799682617188,8058.179931640625,28.0,53.0,8.0,0.0,2.0,0.0,0.0,0.0,0.0,0.0,0.0,0.0,0.0,0.0,0.0,0.0,0.0,0.0,1.0,0.0,0.0,8.0,1.0,0.0,1.0,1.0,0.0,0.0,6.0,5.0,3.0,2.0,4.0,0.0,2.0,2.0,1.0,1.0,4.0,1.0,0.0,0.0,2.0,3.0,107.0,58.0,10.0,40.0,30.0,12.0,46.0,36.0,82.0,0.0,0.0,34.0,27.0,0.0,0.0,15.0,42.0,4.0,6.0,32.0,21.0,38.0,0.0,178.0,81.0,0.0,3.0,5.0,11.072890281677246,0.0,197.08256666666665,31.573936462402344,18907.0703125,0.221205934882164,0.0
433067,0.0,0.0,0.0,0.0,0.0,0.0,0.0,,0.0,0.0,0.0,0.0,0.0,0.0,0.0,0.0,0.0,0.0,0.0,0.0,0.0,1.2270203431447346,0.0,0.0,0.0,0.0,0.0,33.0,3.0,0.0,0.0,1148.2398681640625,146.02000427246094,2715.43994140625,389.0799865722656,1753.7900390625,16.0,17.0,0.0,1.0,0.0,0.0,,,0.0,0.0,0.0,0.0,0.0,0.0,0.0,0.0,0.0,0.0,0.0,0.0,0.0,2.0,0.0,0.0,1.0,1.0,1.0,1.0,2.0,0.0,0.0,0.0,0.0,0.0,1.0,1.0,1.0,1.0,2.0,0.0,0.0,0.0,2.0,1.0,39.0,14.0,0.0,9.0,16.0,8.0,23.0,10.0,33.0,0.0,0.0,18.0,17.0,0.0,0.0,6.0,5.0,0.0,1.0,17.0,2.0,18.0,0.0,107.0,30.0,1.0,0.0,0.0,0.994879424571991,0.0,50.05661666666667,29.7968807220459,6152.56982421875,0.0,0.0
433072,0.0,1.0,0.0,0.0,0.0,0.0,0.0,0.0,0.0,0.0,1.0,0.0,0.0,1.0,1.0,0.0,1.0,0.0,0.0,3.0,1.0,4.4049027760823565,2.0,1.0,1.0,1.0,0.0,35.0,9.0,0.0,0.0,2672.2900390625,507.6999816894531,8116.5,1085.4199829101562,6730.919677734375,33.0,44.0,5.0,1.0,0.0,1.0,0.0,0.0,0.0,0.0,0.0,0.0,0.0,0.0,0.0,0.0,0.0,0.0,0.0,1.0,0.0,26.0,0.0,3.0,15.0,13.0,11.0,12.0,21.0,1.0,1.0,0.0,0.0,1.0,10.0,7.0,4.0,6.0,13.0,0.0,2.0,1.0,9.0,2.0,164.0,74.0,10.0,24.0,19.0,31.0,13.0,61.0,74.0,0.0,0.0,79.0,70.0,0.0,0.0,23.0,7.0,3.0,1.0,28.0,42.0,29.0,0.0,224.0,87.0,0.0,2.0,0.0,0.8006115853786469,10.0,173.60865,34.69419860839844,19112.828125,0.10053467750549316,0.0
433074,1.0,0.0,0.0,0.0,0.0,0.0,0.0,0.0,0.0,0.0,0.0,0.0,0.0,0.0,0.0,0.0,0.0,0.0,0.0,1.0,0.0,6.598674933115642,1.0,0.0,3.0,7.0,3.0,64.0,19.0,8.0,0.0,4513.97021484375,534.9700164794922,13145.97021484375,1421.780029296875,10958.320068359375,42.0,55.0,19.0,3.0,0.0,8.0,0.0,0.0,0.0,0.0,0.0,0.0,0.0,0.0,0.0,0.0,0.0,0.0,0.0,0.0,0.0,56.0,4.0,3.0,19.0,14.0,12.0,12.0,34.0,7.0,4.0,0.0,1.0,2.0,30.0,16.0,12.0,21.0,19.0,2.0,0.0,2.0,12.0,3.0,261.0,111.0,9.0,5.0,35.0,40.0,49.0,31.0,80.0,0.0,0.0,125.0,99.0,0.0,0.0,32.0,6.0,1.0,1.0,39.0,76.0,40.0,0.0,383.0,104.0,0.0,1.0,1.0,0.08995509520173073,0.0,279.24181666666664,31.441585540771484,30575.0107421875,0.0,2.0
433076,0.0,3.0,0.0,0.0,0.0,0.0,0.0,0.0,0.0,0.0,3.0,0.0,0.0,0.0,0.0,2.0,0.0,3.0,0.0,4.0,4.0,7.173365831375122,2.0,4.0,0.0,1.0,1.0,114.0,31.0,3.0,0.0,7895.9403076171875,539.8299942016602,20526.3701171875,2355.679931640625,11674.899658203125,69.0,91.0,39.0,8.0,1.0,3.0,0.0,0.0,0.0,0.0,0.0,0.0,0.0,0.0,0.0,0.0,0.0,0.0,0.0,0.0,0.0,59.0,5.0,4.0,16.0,9.0,6.0,7.0,35.0,6.0,1.0,0.0,1.0,0.0,37.0,25.0,22.0,28.0,41.0,1.0,2.0,0.0,22.0,4.0,320.0,133.0,11.0,8.0,79.0,59.0,109.0,37.0,146.0,0.0,0.0,147.0,122.0,0.0,0.0,53.0,14.0,1.0,3.0,59.0,91.0,62.0,0.0,613.0,169.0,0.0,3.0,0.0,0.2963726073503494,1.0,360.19883333333337,31.891984939575195,42992.720703125,0.1261865496635437,1.0
433092,0.0,4.0,0.0,1.0,0.0,1.0,0.0,0.0,0.0,0.0,3.0,0.0,0.0,3.0,1.0,2.0,1.0,1.0,0.0,8.0,0.0,5.013877073923747,3.0,0.0,1.0,2.0,1.0,25.0,1.0,1.0,0.0,1843.8699493408203,430.99999237060547,4932.550384521484,889.5600051879883,4132.440124511719,26.0,42.0,4.0,0.0,2.0,1.0,,,0.0,0.0,0.0,0.0,0.0,0.0,1.0,0.0,1.0,0.0,0.0,0.0,0.0,15.0,1.0,0.0,1.0,1.0,0.0,0.0,13.0,2.0,2.0,0.0,0.0,1.0,12.0,10.0,8.0,10.0,8.0,1.0,0.0,1.0,7.0,4.0,106.0,50.0,9.0,23.0,37.0,14.0,40.0,34.0,74.0,2.0,0.0,42.0,33.0,0.0,0.0,16.0,29.0,2.0,1.0,17.0,36.0,18.0,0.0,141.0,64.0,3.0,1.0,2.0,3.627330869436264,0.0,107.07663333333335,32.700523376464844,12229.420288085938,0.14261167496442795,0.0
433097,2.0,6.0,0.0,0.0,1.0,0.0,1.0,0.0,0.0,1.0,2.0,0.0,0.0,3.0,1.0,3.0,3.0,3.0,2.0,9.0,4.0,5.6366007924079895,9.0,3.0,30.0,40.0,15.0,120.0,18.0,20.0,0.0,8534.810180664062,1313.7599906921387,29732.96923828125,3106.179962158203,24066.899658203125,150.0,181.0,11.0,4.0,0.0,20.0,0.0,0.0,0.0,0.0,0.0,0.0,0.0,0.0,1.0,0.0,0.0,1.0,1.0,0.0,0.0,113.0,5.0,3.0,32.0,28.0,24.0,24.0,88.0,12.0,6.0,2.0,5.0,2.0,69.0,54.0,49.0,59.0,49.0,3.0,1.0,1.0,36.0,7.0,742.0,310.0,37.0,31.0,88.0,155.0,175.0,99.0,274.0,1.0,0.0,340.0,312.0,0.0,0.0,112.0,28.0,3.0,10.0,102.0,213.0,112.0,0.0,709.0,233.0,0.0,4.0,2.0,1.9544944949448109,2.0,622.0375333333334,33.055171966552734,66754.6201171875,0.3091347273439169,2.0
433118,1.0,3.0,0.0,0.0,0.0,0.0,1.0,0.0,0.0,0.0,2.0,0.0,0.0,2.0,0.0,2.0,0.0,1.0,0.0,5.0,0.0,6.597462336222331,3.0,0.0,2.0,6.0,0.0,37.0,9.0,4.0,0.0,2586.939910888672,317.53000259399414,8746.799682617188,850.8400573730469,6717.910003662109,32.0,59.0,7.0,2.0,4.0,4.0,0.0,0.0,0.0,0.0,0.0,0.0,0.0,0.0,0.0,0.0,0.0,0.0,0.0,0.0,0.0,38.0,1.0,3.0,7.0,3.0,1.0,3.0,21.0,4.0,1.0,1.0,2.0,1.0,27.0,17.0,15.0,22.0,19.0,0.0,2.0,0.0,8.0,3.0,204.0,87.0,13.0,20.0,48.0,37.0,73.0,32.0,105.0,0.0,0.0,85.0,60.0,0.0,0.0,33.0,23.0,2.0,4.0,37.0,57.0,41.0,0.0,207.0,67.0,1.0,2.0,2.0,1.4953924417495728,1.0,172.91901666666666,31.273176193237305,19220.020141601562,0.5604425854980946,0.0
433147,0.0,2.0,0.0,0.0,0.0,0.0,0.0,0.0,0.0,0.0,2.0,0.0,0.0,2.0,1.0,1.0,1.0,0.0,0.0,3.0,0.0,4.860491434733073,3.0,0.0,5.0,6.0,0.0,52.0,6.0,2.0,0.0,3445.260025024414,481.1200141906738,7796.380126953125,1582.6100006103516,7742.180358886719,31.0,43.0,8.0,3.0,2.0,2.0,0.0,0.0,0.0,0.0,0.0,0.0,0.0,0.0,0.0,0.0,0.0,0.0,1.0,0.0,0.0,19.0,0.0,0.0,2.0,2.0,2.0,2.0,13.0,3.0,1.0,0.0,1.0,2.0,14.0,10.0,9.0,12.0,9.0,0.0,0.0,1.0,5.0,4.0,173.0,71.0,13.0,24.0,52.0,23.0,59.0,40.0,99.0,0.0,0.0,76.0,66.0,0.0,0.0,21.0,27.0,2.0,3.0,27.0,52.0,30.0,0.0,321.0,117.0,2.0,2.0,2.0,2.3683768436312675,2.0,176.92998333333333,31.2656192779541,21047.550537109375,0.33900654315948486,0.0
433161,0.0,2.0,0.0,0.0,1.0,0.0,0.0,0.0,0.0,0.0,1.0,0.0,0.0,0.0,0.0,1.0,1.0,2.0,1.0,4.0,0.0,5.338480830192566,2.0,0.0,0.0,2.0,0.0,116.0,20.0,0.0,0.0,3254.790008544922,239.7899932861328,9557.319946289062,1162.540054321289,6365.000061035156,32.0,44.0,20.0,5.0,3.0,0.0,0.0,0.0,0.0,0.0,0.0,0.0,0.0,0.0,0.0,0.0,0.0,0.0,0.0,0.0,0.0,11.0,1.0,1.0,2.0,1.0,0.0,0.0,7.0,1.0,0.0,0.0,0.0,0.0,8.0,6.0,5.0,6.0,11.0,0.0,1.0,0.0,7.0,3.0,108.0,52.0,3.0,7.0,37.0,20.0,42.0,22.0,64.0,0.0,0.0,41.0,35.0,0.0,0.0,22.0,18.0,1.0,6.0,31.0,19.0,37.0,0.0,297.0,86.0,1.0,2.0,2.0,0.5828538686037064,0.0,177.22288333333336,31.297046661376953,20579.4404296875,0.1008844543248415,0.0
433191,0.0,1.0,0.0,0.0,0.0,0.0,1.0,0.0,0.0,0.0,0.0,0.0,0.0,1.0,1.0,0.0,1.0,0.0,0.0,0.0,0.0,6.816195964813232,0.0,0.0,0.0,0.0,0.0,73.0,4.0,0.0,0.0,2408.5098571777344,249.70999550819397,7358.860046386719,988.129997253418,6229.779998779297,10.0,18.0,6.0,4.0,2.0,0.0,0.0,0.0,0.0,0.0,0.0,0.0,0.0,0.0,0.0,0.0,0.0,0.0,0.0,0.0,0.0,8.0,1.0,0.0,1.0,0.0,0.0,0.0,3.0,2.0,0.0,0.0,1.0,0.0,5.0,3.0,3.0,4.0,8.0,0.0,0.0,0.0,3.0,3.0,41.0,22.0,3.0,34.0,26.0,3.0,56.0,7.0,63.0,0.0,0.0,19.0,12.0,0.0,0.0,11.0,9.0,3.0,2.0,14.0,4.0,16.0,0.0,192.0,75.0,1.0,2.0,0.0,5.036603569984436,0.0,160.21568333333335,33.819969177246094,17234.990112304688,0.15148557722568512,0.0
433195,0.0,3.0,0.0,0.0,1.0,0.0,0.0,1.0,1.0,0.0,1.0,0.0,0.0,1.0,0.0,2.0,1.0,2.0,1.0,26.0,4.0,5.228290176391601,13.0,4.0,7.0,21.0,6.0,78.0,16.0,13.0,0.0,4503.340026855469,1203.2100067138672,14993.9892578125,1897.3399658203125,16451.7001953125,115.0,163.0,10.0,3.0,12.0,13.0,0.0,0.0,0.0,0.0,0.0,0.0,0.0,0.0,1.0,1.0,0.0,1.0,0.0,0.0,0.0,122.0,12.0,14.0,44.0,28.0,15.0,18.0,72.0,17.0,9.0,2.0,4.0,1.0,61.0,35.0,22.0,34.0,50.0,7.0,6.0,0.0,26.0,5.0,630.0,266.0,21.0,39.0,53.0,23.0,36.0,79.0,115.0,1.0,0.0,282.0,239.0,0.0,0.0,52.0,56.0,9.0,10.0,75.0,202.0,85.0,0.0,382.0,160.0,0.0,3.0,8.0,1.3013202100992203,28.0,447.5041,35.15843963623047,39049.580078125,0.15457839891314507,0.0
433361,0.0,1.0,0.0,0.0,0.0,0.0,1.0,0.0,0.0,0.0,0.0,0.0,0.0,1.0,1.0,0.0,1.0,0.0,0.0,5.0,2.0,7.162879625956218,3.0,2.0,2.0,4.0,2.0,92.0,5.0,5.0,0.0,4315.4100341796875,441.20997619628906,15214.98046875,1770.89990234375,8915.43994140625,32.0,49.0,5.0,0.0,0.0,5.0,0.0,0.0,0.0,0.0,0.0,0.0,0.0,0.0,0.0,0.0,0.0,0.0,1.0,0.0,0.0,23.0,1.0,2.0,5.0,4.0,1.0,2.0,18.0,2.0,1.0,0.0,1.0,0.0,16.0,13.0,10.0,13.0,16.0,1.0,2.0,0.0,14.0,3.0,162.0,78.0,4.0,57.0,85.0,38.0,149.0,31.0,180.0,2.0,0.0,75.0,59.0,0.0,0.0,42.0,30.0,0.0,9.0,33.0,35.0,42.0,0.0,408.0,123.0,0.0,2.0,0.0,2.3778228983283043,1.0,257.30771666666664,30.265153884887695,30657.939453125,0.11029890179634094,0.0
433362,0.0,1.0,0.0,0.0,0.0,0.0,1.0,0.0,0.0,0.0,0.0,0.0,0.0,0.0,0.0,1.0,0.0,1.0,0.0,5.0,0.0,6.130573908487956,3.0,0.0,1.0,5.0,0.0,102.0,24.0,0.0,0.0,3823.300048828125,823.6900329589844,10993.81005859375,2083.7200317382812,12208.4501953125,28.0,50.0,22.0,4.0,2.0,0.0,0.0,0.0,0.0,0.0,0.0,0.0,0.0,0.0,0.0,0.0,0.0,0.0,0.0,0.0,0.0,26.0,3.0,1.0,12.0,7.0,5.0,8.0,15.0,5.0,3.0,1.0,2.0,0.0,9.0,5.0,3.0,5.0,10.0,2.0,0.0,0.0,2.0,3.0,153.0,88.0,2.0,46.0,48.0,8.0,21.0,81.0,102.0,0.0,0.0,74.0,51.0,0.0,0.0,23.0,17.0,5.0,5.0,30.0,30.0,35.0,0.0,343.0,150.0,0.0,1.0,2.0,1.2781241089105606,19.0,293.00266666666664,34.80824279785156,29932.970703125,0.04680574685335159,0.0
433365,0.0,0.0,0.0,0.0,0.0,0.0,0.0,0.0,0.0,0.0,0.0,0.0,0.0,0.0,0.0,0.0,0.0,0.0,0.0,0.0,1.0,1.5731527010599773,0.0,0.0,0.0,0.0,0.0,0.0,0.0,3.0,0.0,109.02000045776367,0.0,1093.8699951171875,0.0,6594.16015625,1.0,4.0,0.0,0.0,1.0,3.0,,,51.0,44.0,0.9166666865348816,6.0,5.0,12.0,0.0,0.0,0.0,0.0,0.0,0.0,0.0,48.0,1.0,14.0,26.0,10.0,6.0,11.0,16.0,1.0,1.0,0.0,0.0,0.0,21.0,5.0,1.0,6.0,5.0,1.0,3.0,0.0,1.0,2.0,86.0,55.0,2.0,0.0,0.0,16.0,9.0,7.0,16.0,0.0,0.0,48.0,24.0,0.0,0.0,8.0,0.0,0.0,0.0,1.0,25.0,1.0,0.0,9.0,0.0,0.0,0.0,0.0,0.037603652104735374,0.0,198.18926666666667,19.698884963989258,7797.050048828125,0.0,0.0
433367,0.0,1.0,0.0,0.0,0.0,0.0,1.0,1.0,0.0,0.0,0.0,0.0,0.0,1.0,1.0,0.0,1.0,0.0,0.0,3.0,1.0,4.083762327829997,3.0,1.0,0.0,2.0,0.0,17.0,5.0,2.0,0.0,2329.4600830078125,365.80001068115234,8711.2294921875,888.3899230957031,8182.3798828125,21.0,37.0,5.0,0.0,1.0,2.0,0.0,0.0,0.0,0.0,0.0,0.0,0.0,0.0,1.0,0.0,1.0,0.0,1.0,0.0,0.0,43.0,3.0,5.0,21.0,15.0,11.0,13.0,28.0,4.0,1.0,0.0,0.0,1.0,18.0,12.0,8.0,9.0,17.0,1.0,3.0,0.0,9.0,2.0,205.0,82.0,2.0,0.0,9.0,16.0,2.0,23.0,25.0,1.0,0.0,93.0,77.0,0.0,0.0,15.0,7.0,0.0,1.0,21.0,74.0,22.0,0.0,199.0,66.0,0.0,0.0,0.0,0.2220865786075592,0.0,200.57511666666664,30.720247268676758,20477.259765625,0.11460399627685547,0.0
433378,2.0,3.0,0.0,0.0,0.0,0.0,0.0,1.0,1.0,1.0,1.0,0.0,0.0,0.0,0.0,2.0,1.0,3.0,1.0,11.0,7.0,6.271551609039307,6.0,5.0,4.0,9.0,3.0,125.0,17.0,7.0,0.0,4090.2999267578125,486.20997619628906,13658.16064453125,1360.0299987792969,11626.39013671875,68.0,103.0,19.0,4.0,15.0,7.0,0.0,0.0,0.0,0.0,0.0,0.0,0.0,0.0,0.0,0.0,0.0,0.0,0.0,0.0,0.0,74.0,7.0,7.0,19.0,10.0,4.0,5.0,46.0,11.0,6.0,2.0,3.0,1.0,44.0,30.0,23.0,29.0,54.0,3.0,3.0,1.0,34.0,3.0,289.0,129.0,10.0,25.0,93.0,32.0,73.0,77.0,150.0,0.0,0.0,123.0,94.0,0.0,0.0,55.0,30.0,3.0,6.0,69.0,70.0,75.0,0.0,368.0,102.0,0.0,0.0,2.0,0.9784177988767624,3.0,298.7354833333333,31.68494987487793,31221.08984375,0.05578267574310303,0.0
433380,0.0,1.0,0.0,0.0,0.0,1.0,0.0,0.0,0.0,0.0,0.0,0.0,0.0,1.0,0.0,0.0,0.0,0.0,0.0,0.0,4.0,6.015115420023601,0.0,3.0,0.0,0.0,0.0,17.0,6.0,3.0,0.0,3213.800048828125,451.7300109863281,13596.73046875,1017.8199768066406,11665.7099609375,28.0,32.0,5.0,1.0,1.0,5.0,0.0,0.0,0.0,0.0,0.0,0.0,0.0,1.0,0.0,0.0,0.0,0.0,1.0,2.0,0.0,20.0,0.0,4.0,14.0,9.0,7.0,10.0,13.0,0.0,0.0,0.0,0.0,0.0,6.0,4.0,2.0,2.0,10.0,0.0,2.0,0.0,7.0,3.0,236.0,89.0,1.0,2.0,2.0,26.0,11.0,19.0,30.0,0.0,0.0,113.0,107.0,0.0,0.0,17.0,2.0,0.0,2.0,22.0,85.0,24.0,0.0,275.0,77.0,0.0,0.0,0.0,0.1983206383883953,0.0,298.7354833333333,30.599586486816406,29945.7900390625,0.0781136304140091,0.0
433394,0.0,0.0,0.0,0.0,0.0,0.0,0.0,0.0,0.0,0.0,0.0,0.0,0.0,0.0,0.0,0.0,0.0,0.0,0.0,0.0,1.0,6.629346211751302,0.0,1.0,0.0,0.0,0.0,73.0,10.0,1.0,0.0,3888.3099975585938,200.96999740600586,7283.200439453125,1061.8600158691406,5839.6502685546875,26.0,30.0,10.0,2.0,1.0,1.0,0.0,0.0,0.0,0.0,0.0,0.0,0.0,0.0,0.0,0.0,0.0,0.0,0.0,0.0,0.0,18.0,2.0,4.0,8.0,5.0,2.0,2.0,10.0,2.0,0.0,0.0,0.0,0.0,8.0,5.0,2.0,2.0,11.0,0.0,3.0,0.0,6.0,3.0,146.0,59.0,5.0,3.0,18.0,28.0,41.0,8.0,49.0,0.0,0.0,65.0,59.0,0.0,0.0,22.0,4.0,0.0,3.0,11.0,54.0,14.0,0.0,312.0,80.0,2.0,2.0,0.0,0.16665102913975716,1.0,163.11981666666668,29.5404052734375,18273.99072265625,0.0,2.0
433426,1.0,6.0,0.0,0.0,1.0,1.0,1.0,0.0,0.0,0.0,2.0,0.0,0.0,5.0,3.0,2.0,4.0,1.0,1.0,7.0,0.0,7.268104791641235,3.0,0.0,0.0,5.0,2.0,73.0,11.0,0.0,0.0,3989.1300354003906,952.4899864196777,9866.620208740234,1877.740005493164,8642.459747314453,18.0,37.0,5.0,5.0,6.0,0.0,0.0,0.0,0.0,0.0,0.0,0.0,0.0,0.0,2.0,0.0,2.0,0.0,2.0,0.0,0.0,11.0,1.0,0.0,1.0,0.0,0.0,0.0,3.0,5.0,2.0,2.0,4.0,0.0,5.0,1.0,1.0,4.0,9.0,0.0,0.0,0.0,2.0,6.0,112.0,54.0,8.0,69.0,26.0,5.0,78.0,22.0,100.0,2.0,0.0,37.0,27.0,0.0,0.0,25.0,32.0,11.0,10.0,23.0,23.0,33.0,0.0,317.0,137.0,6.0,0.0,2.0,22.010715007781982,0.0,215.49868333333336,34.5766487121582,25328.439575195312,1.5900229960680008,0.0
433439,0.0,0.0,0.0,0.0,0.0,0.0,0.0,,0.0,0.0,0.0,0.0,0.0,0.0,0.0,0.0,0.0,0.0,0.0,2.0,5.0,5.800102551778157,2.0,4.0,0.0,0.0,0.0,7.0,3.0,2.0,0.0,1575.3499450683594,179.4199995994568,6103.789962768555,769.5299758911133,7894.019470214844,22.0,28.0,3.0,0.0,2.0,2.0,0.0,0.0,0.0,0.0,0.0,0.0,0.0,2.0,0.0,0.0,0.0,0.0,0.0,0.0,0.0,24.0,4.0,1.0,11.0,9.0,6.0,6.0,17.0,4.0,3.0,0.0,0.0,0.0,9.0,5.0,2.0,4.0,11.0,3.0,0.0,0.0,9.0,3.0,138.0,59.0,1.0,0.0,1.0,10.0,6.0,5.0,11.0,0.0,0.0,68.0,56.0,0.0,0.0,5.0,1.0,0.0,0.0,16.0,43.0,16.0,0.0,145.0,54.0,2.0,0.0,0.0,0.10401980660390109,6.0,177.82118333333335,31.64490509033203,16522.109130859375,0.0,0.0
433461,0.0,3.0,0.0,1.0,1.0,0.0,0.0,0.0,0.0,1.0,1.0,0.0,0.0,2.0,1.0,1.0,1.0,1.0,0.0,2.0,0.0,5.607468795776367,1.0,0.0,4.0,6.0,2.0,14.0,2.0,2.0,0.0,1336.759994506836,467.4800033569336,4067.049835205078,787.6799926757812,2658.510025024414,14.0,22.0,4.0,2.0,1.0,2.0,0.0,0.0,0.0,0.0,0.0,0.0,0.0,0.0,0.0,0.0,0.0,0.0,0.0,0.0,0.0,10.0,1.0,1.0,3.0,1.0,0.0,1.0,5.0,1.0,0.0,0.0,0.0,0.0,6.0,4.0,3.0,4.0,6.0,0.0,1.0,0.0,3.0,4.0,68.0,35.0,5.0,14.0,21.0,10.0,19.0,26.0,45.0,0.0,0.0,27.0,23.0,0.0,0.0,14.0,13.0,3.0,1.0,11.0,19.0,12.0,0.0,101.0,50.0,4.0,0.0,1.0,3.6874627768993378,2.0,84.15663333333335,32.69396209716797,9317.480163574219,0.13890093937516212,0.0
433466,0.0,0.0,0.0,0.0,0.0,0.0,0.0,,0.0,0.0,0.0,0.0,0.0,0.0,0.0,0.0,0.0,0.0,0.0,0.0,0.0,0.0,0.0,0.0,0.0,0.0,0.0,0.0,0.0,0.0,0.0,0.0,0.0,0.0,0.0,0.0,0.0,0.0,0.0,0.0,0.0,0.0,,,0.0,0.0,0.0,0.0,0.0,0.0,0.0,0.0,0.0,0.0,0.0,0.0,0.0,0.0,0.0,0.0,0.0,0.0,0.0,0.0,0.0,0.0,0.0,0.0,0.0,0.0,0.0,0.0,0.0,0.0,0.0,0.0,0.0,0.0,0.0,0.0,0.0,0.0,0.0,0.0,0.0,0.0,0.0,0.0,0.0,0.0,0.0,0.0,0.0,0.0,0.0,0.0,0.0,0.0,0.0,0.0,0.0,0.0,0.0,0.0,0.0,0.0,0.0,0.0,0.0,0.0,0.0,0.0,0.0,0.0,0.0
433469,0.0,2.0,0.0,0.0,0.0,1.0,0.0,0.0,0.0,1.0,0.0,0.0,0.0,1.0,0.0,2.0,0.0,1.0,0.0,4.0,6.0,6.48473846912384,3.0,6.0,0.0,2.0,0.0,156.0,42.0,2.0,0.0,6351.1199951171875,686.130012512207,18726.06982421875,2124.6298828125,16400.94970703125,77.0,100.0,23.0,5.0,3.0,3.0,0.0,0.0,0.0,0.0,0.0,0.0,0.0,0.0,0.0,0.0,0.0,0.0,1.0,1.0,0.0,74.0,6.0,10.0,30.0,22.0,13.0,14.0,47.0,7.0,2.0,0.0,0.0,1.0,37.0,23.0,14.0,20.0,43.0,2.0,7.0,0.0,22.0,4.0,406.0,151.0,11.0,2.0,25.0,92.0,61.0,58.0,119.0,0.0,0.0,191.0,169.0,0.0,0.0,70.0,11.0,1.0,4.0,60.0,134.0,64.0,0.0,538.0,161.0,0.0,1.0,2.0,0.33126170188188553,0.0,409.74681666666663,31.555009841918945,44288.900390625,0.11879502981901169,2.0
433526,0.0,0.0,0.0,0.0,0.0,0.0,0.0,,0.0,0.0,0.0,0.0,0.0,0.0,0.0,0.0,0.0,0.0,0.0,0.0,0.0,2.4996848106384277,0.0,0.0,0.0,0.0,0.0,7.0,2.0,0.0,0.0,253.46002197265625,29.450000762939453,678.9500122070312,212.05999755859375,486.5099792480469,2.0,2.0,0.0,0.0,0.0,0.0,,,0.0,0.0,0.0,0.0,0.0,0.0,0.0,0.0,0.0,0.0,0.0,0.0,0.0,1.0,0.0,0.0,1.0,1.0,1.0,1.0,1.0,0.0,0.0,0.0,0.0,0.0,0.0,0.0,0.0,0.0,1.0,0.0,0.0,0.0,1.0,1.0,6.0,4.0,0.0,0.0,0.0,0.0,0.0,0.0,0.0,0.0,0.0,3.0,3.0,0.0,0.0,0.0,0.0,0.0,0.0,1.0,1.0,1.0,0.0,25.0,12.0,1.0,0.0,0.0,0.22013075649738312,1.0,13.243583333333333,27.605712890625,1660.4300537109375,0.0,0.0
433527,0.0,0.0,0.0,0.0,0.0,0.0,0.0,,0.0,0.0,0.0,0.0,0.0,0.0,0.0,0.0,0.0,0.0,0.0,1.0,0.0,5.622141679128011,1.0,0.0,0.0,0.0,0.0,38.0,6.0,4.0,0.0,3112.2001342773438,318.5400085449219,11454.84033203125,1098.6199645996094,10885.6904296875,16.0,31.0,12.0,1.0,1.0,4.0,0.0,0.0,0.0,0.0,0.0,0.0,0.0,0.0,0.0,0.0,0.0,0.0,0.0,0.0,0.0,61.0,1.0,9.0,36.0,23.0,20.0,26.0,36.0,1.0,0.0,0.0,0.0,0.0,24.0,13.0,10.0,14.0,32.0,0.0,3.0,0.0,17.0,3.0,190.0,94.0,4.0,0.0,2.0,27.0,1.0,28.0,29.0,0.0,0.0,97.0,70.0,0.0,0.0,11.0,1.0,0.0,2.0,11.0,64.0,13.0,0.0,269.0,86.0,0.0,1.0,0.0,0.15284430608153343,19.0,287.09605,32.39413070678711,26869.8896484375,0.0,0.0
433534,0.0,2.0,0.0,0.0,0.0,0.0,0.0,1.0,0.0,1.0,0.0,0.0,0.0,2.0,1.0,1.0,1.0,0.0,0.0,10.0,2.0,6.621109167734782,8.0,2.0,0.0,0.0,0.0,149.0,17.0,3.0,0.0,4577.7802734375,383.8000030517578,16087.1201171875,1346.3100280761719,9549.14013671875,40.0,61.0,15.0,5.0,4.0,3.0,0.0,0.0,0.0,0.0,0.0,0.0,0.0,0.0,1.0,0.0,1.0,0.0,1.0,0.0,0.0,33.0,5.0,1.0,9.0,6.0,3.0,3.0,19.0,7.0,3.0,1.0,2.0,0.0,17.0,10.0,7.0,11.0,21.0,2.0,1.0,0.0,12.0,3.0,204.0,103.0,7.0,7.0,41.0,15.0,36.0,27.0,63.0,0.0,0.0,80.0,62.0,0.0,0.0,17.0,12.0,0.0,6.0,36.0,54.0,42.0,0.0,407.0,103.0,0.0,1.0,5.0,0.2956378310918808,1.0,289.9522833333333,31.06444549560547,31944.1494140625,0.23220808804035187,0.0
433571,0.0,0.0,0.0,0.0,0.0,0.0,0.0,,0.0,0.0,0.0,0.0,0.0,0.0,0.0,0.0,0.0,0.0,0.0,0.0,0.0,1.8684412638346355,0.0,0.0,0.0,0.0,0.0,0.0,0.0,1.0,0.0,89.03999519348145,4.09999942779541,1106.5699462890625,23.68000030517578,5824.870361328125,5.0,9.0,0.0,0.0,1.0,2.0,,,43.0,36.0,1.4000000059604645,3.0,3.0,22.0,0.0,0.0,0.0,0.0,0.0,1.0,0.0,46.0,3.0,11.0,23.0,6.0,3.0,9.0,11.0,3.0,0.0,0.0,0.0,0.0,20.0,5.0,2.0,6.0,5.0,0.0,3.0,0.0,2.0,2.0,124.0,69.0,2.0,0.0,0.0,12.0,8.0,4.0,12.0,0.0,0.0,71.0,42.0,0.0,0.0,9.0,0.0,0.0,0.0,2.0,43.0,2.0,0.0,10.0,2.0,0.0,1.0,0.0,0.03214937262237072,0.0,149.57488333333333,25.495336532592773,7048.259765625,0.0,0.0
433585,0.0,1.0,0.0,0.0,0.0,0.0,0.0,0.0,0.0,1.0,0.0,0.0,0.0,1.0,0.0,1.0,0.0,0.0,0.0,14.0,0.0,6.373985290527344,8.0,0.0,0.0,1.0,0.0,120.0,14.0,0.0,0.0,3930.429931640625,492.3899841308594,11082.51953125,1351.0400695800781,10729.68994140625,32.0,47.0,14.0,3.0,5.0,0.0,0.0,0.0,0.0,0.0,0.0,0.0,0.0,0.0,0.0,0.0,0.0,0.0,0.0,0.0,0.0,17.0,1.0,1.0,4.0,1.0,1.0,2.0,7.0,3.0,1.0,1.0,2.0,0.0,10.0,5.0,5.0,8.0,13.0,0.0,0.0,0.0,4.0,3.0,128.0,65.0,3.0,50.0,35.0,5.0,42.0,48.0,90.0,0.0,0.0,48.0,40.0,0.0,0.0,16.0,24.0,2.0,11.0,31.0,25.0,42.0,0.0,331.0,112.0,0.0,2.0,6.0,1.8523691296577454,1.0,259.6850166666667,31.88771629333496,27586.06982421875,0.4489513337612152,0.0
433600,0.0,0.0,0.0,0.0,0.0,0.0,0.0,,0.0,0.0,0.0,0.0,0.0,0.0,0.0,0.0,0.0,0.0,0.0,0.0,0.0,0.0,0.0,0.0,0.0,0.0,0.0,0.0,0.0,0.0,0.0,0.0,0.0,0.0,0.0,0.0,0.0,0.0,0.0,0.0,0.0,0.0,,,0.0,0.0,0.0,0.0,0.0,0.0,0.0,0.0,0.0,0.0,0.0,0.0,0.0,0.0,0.0,0.0,0.0,0.0,0.0,0.0,0.0,0.0,0.0,0.0,0.0,0.0,0.0,0.0,0.0,0.0,0.0,0.0,0.0,0.0,0.0,0.0,0.0,0.0,0.0,0.0,0.0,0.0,0.0,0.0,0.0,0.0,0.0,0.0,0.0,0.0,0.0,0.0,0.0,0.0,0.0,0.0,0.0,0.0,0.0,0.0,0.0,0.0,0.0,0.0,0.0,0.0,0.0,0.0,0.0,0.0,0.0
433631,0.0,0.0,0.0,0.0,0.0,0.0,0.0,,0.0,0.0,0.0,0.0,0.0,0.0,0.0,0.0,0.0,0.0,0.0,0.0,0.0,0.0,0.0,0.0,0.0,0.0,0.0,0.0,0.0,0.0,0.0,0.0,0.0,0.0,0.0,0.0,0.0,0.0,0.0,0.0,0.0,0.0,,,0.0,0.0,0.0,0.0,0.0,0.0,0.0,0.0,0.0,0.0,0.0,0.0,0.0,0.0,0.0,0.0,0.0,0.0,0.0,0.0,0.0,0.0,0.0,0.0,0.0,0.0,0.0,0.0,0.0,0.0,0.0,0.0,0.0,0.0,0.0,0.0,0.0,0.0,0.0,0.0,0.0,0.0,0.0,0.0,0.0,0.0,0.0,0.0,0.0,0.0,0.0,0.0,0.0,0.0,0.0,0.0,0.0,0.0,0.0,0.0,0.0,0.0,0.0,0.0,0.0,0.0,0.0,0.0,0.0,0.0,0.0
433635,0.0,4.0,0.0,0.0,0.0,0.0,0.0,0.0,0.0,3.0,1.0,0.0,0.0,0.0,0.0,2.0,1.0,4.0,1.0,5.0,3.0,7.144162178039551,2.0,3.0,44.0,42.0,16.0,91.0,15.0,25.0,0.0,11989.190063476562,353.04000663757324,21066.829833984375,3460.080032348633,15627.769897460938,129.0,162.0,16.0,2.0,6.0,25.0,0.0,0.0,0.0,0.0,0.0,0.0,0.0,0.0,1.0,0.0,0.0,1.0,0.0,0.0,0.0,113.0,5.0,3.0,16.0,10.0,7.0,8.0,80.0,15.0,9.0,1.0,1.0,9.0,82.0,61.0,52.0,65.0,62.0,2.0,1.0,6.0,46.0,5.0,618.0,293.0,37.0,22.0,76.0,114.0,133.0,79.0,212.0,0.0,0.0,281.0,244.0,0.0,0.0,78.0,31.0,1.0,5.0,122.0,138.0,127.0,0.0,897.0,210.0,1.0,1.0,2.0,1.0640457272529602,1.0,444.18358333333333,29.755699157714844,52496.91064453125,0.09672367572784424,0.0
433667,1.0,0.0,0.0,0.0,0.0,0.0,0.0,0.0,0.0,0.0,0.0,0.0,0.0,0.0,0.0,0.0,0.0,0.0,0.0,3.0,3.0,6.187986493110657,3.0,3.0,0.0,5.0,1.0,75.0,17.0,4.0,0.0,4849.0400390625,1248.429931640625,17540.35986328125,2336.260009765625,16606.8095703125,78.0,95.0,19.0,0.0,3.0,4.0,0.0,0.0,0.0,0.0,0.0,0.0,0.0,0.0,0.0,0.0,0.0,0.0,0.0,0.0,0.0,60.0,4.0,4.0,25.0,19.0,17.0,17.0,36.0,9.0,6.0,4.0,4.0,1.0,26.0,11.0,8.0,17.0,42.0,1.0,1.0,1.0,26.0,4.0,322.0,155.0,7.0,41.0,56.0,66.0,30.0,133.0,163.0,0.0,0.0,162.0,140.0,0.0,0.0,51.0,22.0,3.0,1.0,50.0,85.0,51.0,0.0,418.0,196.0,0.0,0.0,2.0,0.568401999771595,35.0,413.65509999999995,33.678733825683594,42580.900390625,0.0,0.0
433668,0.0,7.0,0.0,1.0,0.0,0.0,0.0,0.0,0.0,2.0,4.0,0.0,0.0,5.0,2.0,2.0,3.0,2.0,1.0,0.0,2.0,7.161083221435547,0.0,2.0,5.0,11.0,2.0,75.0,4.0,11.0,0.0,4412.23974609375,477.73998260498047,11258.480224609375,1527.4501037597656,6536.6397705078125,28.0,43.0,10.0,0.0,3.0,11.0,0.0,0.0,0.0,0.0,0.0,0.0,0.0,0.0,1.0,0.0,1.0,0.0,1.0,0.0,0.0,35.0,3.0,2.0,9.0,6.0,4.0,4.0,21.0,4.0,2.0,0.0,0.0,1.0,22.0,13.0,10.0,16.0,18.0,1.0,1.0,1.0,11.0,3.0,201.0,94.0,12.0,15.0,26.0,26.0,35.0,32.0,67.0,0.0,0.0,84.0,69.0,0.0,0.0,23.0,16.0,2.0,3.0,33.0,50.0,36.0,0.0,385.0,125.0,1.0,1.0,0.0,0.6401607915759087,0.0,204.00071666666668,29.79463005065918,24212.549560546875,0.7041301503777504,0.0
433679,0.0,0.0,0.0,0.0,0.0,0.0,0.0,,0.0,0.0,0.0,0.0,0.0,0.0,0.0,0.0,0.0,0.0,0.0,0.0,5.0,5.587703704833984,0.0,5.0,0.0,0.0,0.0,23.0,5.0,2.0,0.0,2333.9700927734375,185.61999201774597,7622.859619140625,823.429988861084,4476.719970703125,54.0,60.0,4.0,4.0,0.0,2.0,0.0,0.0,0.0,0.0,0.0,0.0,0.0,0.0,0.0,0.0,0.0,0.0,0.0,0.0,0.0,28.0,0.0,1.0,7.0,6.0,5.0,6.0,25.0,2.0,2.0,0.0,0.0,2.0,19.0,17.0,14.0,16.0,17.0,0.0,1.0,2.0,15.0,3.0,226.0,77.0,2.0,8.0,12.0,36.0,39.0,17.0,56.0,0.0,0.0,105.0,97.0,0.0,0.0,28.0,4.0,1.0,1.0,36.0,68.0,37.0,0.0,201.0,54.0,1.0,2.0,0.0,0.418042816221714,0.0,126.38288333333333,30.2603702545166,15442.599853515625,0.0,1.0
433694,0.0,0.0,0.0,0.0,0.0,0.0,0.0,,0.0,0.0,0.0,0.0,0.0,0.0,0.0,0.0,0.0,0.0,0.0,4.0,1.0,6.303208986918132,3.0,1.0,0.0,2.0,0.0,37.0,9.0,1.0,0.0,2258.47998046875,687.6800384521484,8389.610229492188,1025.4800262451172,8674.760437011719,27.0,37.0,7.0,2.0,0.0,1.0,0.0,0.0,0.0,0.0,0.0,0.0,0.0,0.0,0.0,0.0,0.0,0.0,0.0,0.0,0.0,38.0,3.0,3.0,21.0,14.0,12.0,15.0,22.0,3.0,0.0,0.0,0.0,0.0,14.0,8.0,6.0,8.0,16.0,0.0,2.0,0.0,8.0,3.0,222.0,83.0,2.0,10.0,19.0,26.0,10.0,45.0,55.0,0.0,0.0,109.0,94.0,0.0,0.0,26.0,10.0,0.0,2.0,19.0,76.0,21.0,0.0,203.0,86.0,1.0,2.0,1.0,0.09881980903446674,16.0,204.07143333333335,32.07349395751953,21036.009765625,0.0,0.0
433724,0.0,3.0,0.0,1.0,0.0,0.0,0.0,0.0,0.0,1.0,2.0,0.0,0.0,2.0,0.0,2.0,0.0,1.0,0.0,9.0,0.0,5.150057911872864,1.0,0.0,0.0,2.0,0.0,57.0,6.0,0.0,0.0,2522.0001525878906,444.15999603271484,7570.3197021484375,1199.2100524902344,6066.7401123046875,21.0,34.0,6.0,4.0,2.0,0.0,0.0,0.0,0.0,0.0,0.0,0.0,0.0,0.0,0.0,0.0,0.0,0.0,0.0,0.0,0.0,5.0,0.0,0.0,0.0,0.0,0.0,0.0,1.0,1.0,0.0,0.0,1.0,0.0,4.0,1.0,1.0,4.0,3.0,0.0,0.0,0.0,0.0,3.0,105.0,65.0,6.0,29.0,28.0,4.0,23.0,38.0,61.0,0.0,0.0,33.0,30.0,0.0,0.0,19.0,28.0,1.0,5.0,28.0,26.0,33.0,0.0,207.0,90.0,2.0,1.0,1.0,2.5676233768463135,3.0,156.30538333333334,29.829980850219727,17802.4306640625,0.05679658427834511,0.0
433754,0.0,3.0,0.0,0.0,0.0,0.0,1.0,1.0,1.0,1.0,0.0,0.0,0.0,2.0,1.0,1.0,1.0,1.0,0.0,8.0,0.0,6.767307758331299,5.0,0.0,0.0,1.0,1.0,92.0,7.0,1.0,0.0,2690.3201293945312,379.2099914550781,8423.219604492188,1051.4400329589844,6876.2603759765625,16.0,31.0,6.0,4.0,4.0,1.0,0.0,0.0,0.0,0.0,0.0,0.0,0.0,0.0,0.0,0.0,0.0,0.0,0.0,0.0,0.0,8.0,1.0,0.0,1.0,1.0,0.0,0.0,6.0,1.0,1.0,0.0,0.0,0.0,6.0,4.0,3.0,5.0,5.0,1.0,0.0,0.0,3.0,3.0,70.0,42.0,8.0,20.0,20.0,4.0,32.0,12.0,44.0,0.0,0.0,26.0,18.0,0.0,0.0,17.0,26.0,4.0,8.0,23.0,8.0,31.0,0.0,251.0,94.0,1.0,2.0,3.0,4.6315436363220215,0.0,172.08943333333337,32.71700668334961,19420.4501953125,0.31470974907279015,0.0
433755,0.0,0.0,0.0,0.0,0.0,0.0,0.0,,0.0,0.0,0.0,0.0,0.0,0.0,0.0,0.0,0.0,0.0,0.0,0.0,0.0,2.358415444691976,0.0,0.0,0.0,0.0,0.0,4.0,1.0,0.0,0.0,349.39996337890625,0.0,1062.9400634765625,111.80000305175781,787.3399658203125,4.0,5.0,0.0,0.0,0.0,0.0,,,0.0,0.0,0.0,0.0,0.0,0.0,0.0,0.0,0.0,0.0,0.0,0.0,0.0,3.0,0.0,0.0,1.0,1.0,1.0,1.0,3.0,0.0,0.0,0.0,0.0,0.0,2.0,2.0,2.0,2.0,2.0,0.0,0.0,0.0,2.0,1.0,16.0,7.0,0.0,0.0,1.0,1.0,1.0,1.0,2.0,0.0,0.0,7.0,6.0,0.0,0.0,1.0,0.0,0.0,0.0,1.0,6.0,1.0,0.0,23.0,9.0,1.0,0.0,0.0,0.0470818355679512,0.0,19.474083333333326,24.583059310913086,2311.47998046875,0.0,0.0
433787,0.0,8.0,0.0,1.0,0.0,0.0,4.0,0.0,0.0,2.0,2.0,0.0,0.0,8.0,3.0,4.0,3.0,0.0,0.0,7.0,2.0,7.1152269045511884,5.0,2.0,0.0,0.0,0.0,103.0,6.0,1.0,0.0,5805.209716796875,373.3299865722656,16989.3896484375,1805.7200317382812,11380.01953125,58.0,75.0,11.0,3.0,0.0,1.0,0.0,0.0,0.0,0.0,0.0,0.0,0.0,0.0,0.0,0.0,0.0,0.0,3.0,0.0,0.0,27.0,1.0,2.0,9.0,8.0,6.0,6.0,23.0,1.0,1.0,0.0,0.0,0.0,17.0,14.0,12.0,14.0,16.0,1.0,1.0,0.0,14.0,3.0,226.0,98.0,10.0,37.0,45.0,35.0,71.0,46.0,117.0,0.0,0.0,96.0,87.0,0.0,0.0,47.0,32.0,0.0,8.0,56.0,55.0,64.0,0.0,483.0,135.0,0.0,0.0,4.0,1.8600172102451324,0.0,306.7999,30.435049057006836,36353.669921875,0.6524675637483597,0.0
433795,0.0,3.0,0.0,0.0,0.0,0.0,0.0,0.0,0.0,1.0,2.0,0.0,0.0,2.0,2.0,1.0,2.0,1.0,0.0,0.0,0.0,3.673797607421875,0.0,0.0,0.0,0.0,0.0,5.0,1.0,0.0,0.0,587.8199768066406,28.249999046325684,1375.8599853515625,243.5500030517578,921.6299743652344,3.0,6.0,0.0,0.0,1.0,0.0,0.0,0.0,0.0,0.0,0.0,0.0,0.0,0.0,1.0,0.0,1.0,0.0,0.0,0.0,0.0,1.0,0.0,0.0,0.0,0.0,0.0,0.0,1.0,0.0,0.0,0.0,0.0,0.0,1.0,1.0,1.0,1.0,1.0,0.0,0.0,0.0,1.0,2.0,23.0,11.0,4.0,0.0,5.0,3.0,8.0,0.0,8.0,0.0,0.0,7.0,7.0,0.0,0.0,2.0,3.0,0.0,0.0,5.0,6.0,5.0,0.0,49.0,15.0,2.0,0.0,0.0,0.8845032155513763,0.0,25.859183333333334,26.42413902282715,3157.1099853515625,0.2347986027598381,0.0
433806,0.0,0.0,0.0,0.0,0.0,0.0,0.0,,0.0,0.0,0.0,0.0,0.0,0.0,0.0,0.0,0.0,0.0,0.0,0.0,1.0,1.7155653834342957,0.0,1.0,0.0,0.0,0.0,0.0,0.0,1.0,0.0,179.989990234375,0.0,1956.1101684570312,18.179999709129333,7729.550048828125,3.0,6.0,0.0,0.0,0.0,1.0,0.0,0.0,34.0,25.0,1.125,8.0,8.0,1.0,0.0,0.0,0.0,0.0,0.0,0.0,0.0,31.0,0.0,10.0,16.0,8.0,4.0,6.0,16.0,0.0,0.0,0.0,0.0,0.0,15.0,8.0,4.0,5.0,7.0,0.0,4.0,0.0,3.0,2.0,132.0,66.0,6.0,0.0,0.0,18.0,15.0,3.0,18.0,0.0,0.0,60.0,49.0,0.0,0.0,10.0,0.0,0.0,0.0,2.0,51.0,2.0,0.0,18.0,2.0,0.0,1.0,0.0,0.06583771295845509,0.0,172.44718333333333,22.591093063354492,9883.82958984375,0.0,0.0
433872,0.0,3.0,0.0,1.0,0.0,0.0,1.0,0.0,0.0,0.0,2.0,0.0,0.0,1.0,1.0,0.0,2.0,2.0,1.0,6.0,0.0,2.59680118560791,2.0,0.0,7.0,10.0,3.0,59.0,7.0,0.0,0.0,2308.0499267578125,788.75,5747.6102294921875,1298.9600219726562,5666.14990234375,25.0,43.0,10.0,1.0,2.0,0.0,0.0,0.0,0.0,0.0,0.0,0.0,0.0,0.0,0.0,0.0,0.0,0.0,0.0,0.0,0.0,11.0,2.0,0.0,2.0,0.0,0.0,0.0,3.0,4.0,1.0,1.0,2.0,0.0,5.0,2.0,2.0,3.0,8.0,0.0,0.0,0.0,3.0,2.0,120.0,60.0,8.0,39.0,41.0,6.0,40.0,46.0,86.0,2.0,0.0,44.0,30.0,0.0,0.0,29.0,28.0,5.0,2.0,35.0,23.0,37.0,0.0,189.0,108.0,0.0,1.0,2.0,3.400457978248596,0.0,143.85648333333336,33.34115982055664,15809.5205078125,0.3370981216430664,0.0
434024,0.0,0.0,0.0,0.0,0.0,0.0,0.0,,0.0,0.0,0.0,0.0,0.0,0.0,0.0,0.0,0.0,0.0,0.0,0.0,0.0,1.9545949300130208,0.0,0.0,0.0,0.0,0.0,11.0,5.0,0.0,0.0,740.489990234375,78.22000122070312,3733.800048828125,297.57000732421875,3899.590087890625,10.0,12.0,2.0,0.0,0.0,0.0,,,0.0,0.0,0.0,0.0,0.0,0.0,0.0,0.0,0.0,0.0,0.0,0.0,0.0,5.0,0.0,1.0,2.0,2.0,1.0,1.0,4.0,0.0,0.0,0.0,0.0,0.0,3.0,2.0,1.0,2.0,3.0,0.0,1.0,0.0,2.0,1.0,40.0,18.0,0.0,0.0,0.0,2.0,1.0,1.0,2.0,0.0,0.0,19.0,17.0,0.0,0.0,2.0,0.0,0.0,0.0,8.0,12.0,8.0,0.0,63.0,22.0,1.0,0.0,0.0,0.032613605260849,0.0,89.54571666666666,30.089265823364258,8749.669921875,0.0,0.0
434025,0.0,2.0,0.0,0.0,0.0,0.0,1.0,0.0,0.0,1.0,0.0,0.0,0.0,1.0,0.0,2.0,0.0,1.0,0.0,1.0,1.0,4.124052365620931,1.0,1.0,0.0,0.0,0.0,6.0,2.0,4.0,0.0,2074.1700439453125,275.4399948120117,7566.309814453125,516.1900024414062,6375.899658203125,21.0,29.0,1.0,3.0,2.0,4.0,0.0,0.0,0.0,0.0,0.0,0.0,0.0,2.0,0.0,0.0,0.0,0.0,1.0,0.0,0.0,38.0,3.0,11.0,21.0,13.0,5.0,7.0,21.0,3.0,0.0,0.0,0.0,0.0,14.0,8.0,0.0,0.0,21.0,0.0,8.0,0.0,17.0,2.0,134.0,61.0,3.0,0.0,1.0,14.0,4.0,11.0,15.0,0.0,0.0,64.0,53.0,0.0,0.0,6.0,2.0,0.0,1.0,17.0,45.0,18.0,0.0,179.0,49.0,0.0,1.0,0.0,0.061677360907197,0.0,165.5404,31.88812828063965,16808.009765625,0.2122379094362259,1.0
434026,0.0,0.0,0.0,0.0,0.0,0.0,0.0,,0.0,0.0,0.0,0.0,0.0,0.0,0.0,0.0,0.0,0.0,0.0,8.0,5.0,6.847604592641194,8.0,5.0,1.0,1.0,1.0,59.0,10.0,3.0,0.0,4254.970275878906,194.6500015258789,11539.72998046875,881.9899749755859,7356.6500244140625,67.0,76.0,6.0,1.0,2.0,3.0,0.0,0.0,0.0,0.0,0.0,0.0,0.0,0.0,0.0,0.0,0.0,0.0,0.0,0.0,0.0,35.0,1.0,1.0,14.0,14.0,12.0,12.0,29.0,2.0,1.0,0.0,1.0,0.0,19.0,14.0,12.0,17.0,22.0,1.0,1.0,0.0,19.0,3.0,268.0,88.0,4.0,0.0,61.0,53.0,92.0,22.0,114.0,0.0,0.0,128.0,118.0,0.0,0.0,60.0,8.0,0.0,4.0,24.0,103.0,28.0,0.0,352.0,61.0,1.0,1.0,5.0,0.07370612397789955,1.0,210.04845,30.22223472595215,24227.990234375,0.0,0.0
434029,0.0,0.0,0.0,0.0,0.0,0.0,0.0,,0.0,0.0,0.0,0.0,0.0,0.0,0.0,0.0,0.0,0.0,0.0,0.0,0.0,2.3475367228190103,0.0,0.0,0.0,0.0,0.0,17.0,1.0,0.0,0.0,715.4199829101562,150.1999969482422,1786.2900390625,338.05999755859375,1549.6998291015625,1.0,1.0,2.0,1.0,0.0,0.0,,,0.0,0.0,0.0,0.0,0.0,0.0,0.0,0.0,0.0,0.0,0.0,0.0,0.0,0.0,0.0,0.0,0.0,0.0,0.0,0.0,0.0,0.0,0.0,0.0,0.0,0.0,0.0,0.0,0.0,0.0,0.0,0.0,0.0,0.0,0.0,1.0,8.0,5.0,0.0,3.0,2.0,0.0,4.0,1.0,5.0,0.0,0.0,4.0,4.0,0.0,0.0,1.0,2.0,0.0,1.0,2.0,1.0,3.0,0.0,69.0,22.0,1.0,0.0,0.0,1.0138037204742432,0.0,38.70075,32.38235855102539,4539.669921875,0.0,0.0
436537,0.0,0.0,0.0,0.0,0.0,0.0,0.0,0.0,0.0,0.0,0.0,0.0,0.0,0.0,0.0,0.0,0.0,0.0,0.0,4.0,0.0,7.548085371653239,2.0,0.0,7.0,7.0,3.0,107.0,8.0,2.0,0.0,3881.989990234375,202.24000549316406,9285.31982421875,1230.0899658203125,6367.7998046875,43.0,57.0,5.0,1.0,1.0,2.0,0.0,0.0,0.0,0.0,0.0,0.0,0.0,0.0,0.0,0.0,0.0,0.0,0.0,0.0,0.0,28.0,2.0,1.0,6.0,0.0,0.0,3.0,12.0,7.0,3.0,2.0,3.0,2.0,15.0,9.0,8.0,10.0,15.0,0.0,0.0,1.0,7.0,3.0,173.0,73.0,5.0,20.0,54.0,5.0,43.0,36.0,79.0,2.0,0.0,79.0,64.0,0.0,0.0,24.0,28.0,1.0,2.0,47.0,34.0,49.0,0.0,326.0,85.0,1.0,2.0,1.0,2.1463255882263184,3.0,167.33438333333336,30.264211654663086,20967.4404296875,0.0,0.0
436538,0.0,0.0,0.0,0.0,0.0,0.0,0.0,,0.0,0.0,0.0,0.0,0.0,0.0,0.0,0.0,0.0,0.0,0.0,0.0,0.0,0.0,0.0,0.0,0.0,0.0,0.0,0.0,0.0,0.0,0.0,0.0,0.0,0.0,0.0,0.0,0.0,0.0,0.0,0.0,0.0,0.0,,,0.0,0.0,0.0,0.0,0.0,0.0,0.0,0.0,0.0,0.0,0.0,0.0,0.0,0.0,0.0,0.0,0.0,0.0,0.0,0.0,0.0,0.0,0.0,0.0,0.0,0.0,0.0,0.0,0.0,0.0,0.0,0.0,0.0,0.0,0.0,0.0,0.0,0.0,0.0,0.0,0.0,0.0,0.0,0.0,0.0,0.0,0.0,0.0,0.0,0.0,0.0,0.0,0.0,0.0,0.0,0.0,0.0,0.0,0.0,0.0,0.0,0.0,0.0,0.0,0.0,0.0,0.0,0.0,0.0,0.0,0.0
436572,1.0,0.0,0.0,0.0,0.0,0.0,0.0,0.0,0.0,0.0,0.0,0.0,0.0,0.0,0.0,0.0,0.0,0.0,0.0,10.0,5.0,5.79437780380249,5.0,4.0,6.0,14.0,3.0,102.0,10.0,4.0,0.0,3758.7000732421875,357.1900177001953,13364.770263671875,1329.0299987792969,13991.159912109375,64.0,93.0,9.0,0.0,4.0,4.0,0.0,0.0,0.0,0.0,0.0,0.0,0.0,0.0,0.0,0.0,0.0,0.0,0.0,0.0,0.0,96.0,4.0,10.0,43.0,30.0,25.0,29.0,65.0,6.0,4.0,1.0,1.0,1.0,47.0,31.0,26.0,32.0,56.0,3.0,2.0,0.0,37.0,4.0,363.0,179.0,12.0,6.0,31.0,23.0,11.0,49.0,60.0,0.0,0.0,169.0,141.0,0.0,0.0,33.0,12.0,0.0,1.0,37.0,120.0,38.0,0.0,343.0,114.0,0.0,4.0,2.0,0.18424642086029053,30.0,340.13873333333333,33.30042266845703,32800.85009765625,0.0,0.0
436599,0.0,1.0,0.0,1.0,0.0,1.0,0.0,0.0,0.0,0.0,0.0,0.0,0.0,1.0,0.0,0.0,0.0,0.0,0.0,1.0,1.0,1.3621849060058593,1.0,1.0,0.0,0.0,0.0,11.0,5.0,0.0,0.0,1651.219970703125,265.14996337890625,5705.16064453125,582.7999877929688,3704.7197265625,22.0,27.0,6.0,2.0,0.0,0.0,,,0.0,0.0,0.0,0.0,0.0,0.0,0.0,0.0,0.0,0.0,1.0,0.0,0.0,17.0,0.0,3.0,11.0,9.0,8.0,8.0,13.0,0.0,0.0,0.0,0.0,0.0,6.0,4.0,3.0,3.0,11.0,0.0,1.0,0.0,7.0,1.0,129.0,45.0,4.0,0.0,0.0,15.0,10.0,5.0,15.0,0.0,0.0,58.0,54.0,0.0,0.0,10.0,1.0,0.0,1.0,17.0,41.0,18.0,0.0,134.0,43.0,0.0,0.0,0.0,0.07385355979204178,0.0,104.90254999999999,34.33323287963867,11909.0498046875,0.06497886031866074,0.0
436612,2.0,5.0,0.0,1.0,1.0,1.0,0.0,0.0,0.0,2.0,1.0,0.0,0.0,4.0,2.0,2.0,2.0,1.0,0.0,7.0,0.0,6.054742336273193,4.0,0.0,0.0,17.0,5.0,74.0,8.0,1.0,0.0,5527.7900390625,985.7200317382812,15973.970703125,2596.2198486328125,18368.3603515625,67.0,100.0,24.0,6.0,3.0,1.0,0.0,0.0,0.0,0.0,0.0,0.0,0.0,0.0,0.0,0.0,0.0,0.0,2.0,0.0,0.0,61.0,4.0,5.0,10.0,5.0,0.0,1.0,33.0,13.0,7.0,2.0,6.0,3.0,38.0,21.0,14.0,26.0,24.0,3.0,2.0,2.0,11.0,4.0,379.0,158.0,14.0,40.0,29.0,13.0,18.0,64.0,82.0,1.0,0.0,179.0,147.0,0.0,0.0,38.0,44.0,13.0,3.0,53.0,112.0,56.0,0.0,470.0,183.0,0.0,0.0,1.0,1.1796844750642776,40.0,432.60131666666666,34.34630584716797,43452.060546875,0.4427557736635208,0.0
436628,0.0,6.0,0.0,1.0,0.0,0.0,2.0,0.0,0.0,0.0,4.0,0.0,0.0,4.0,0.0,4.0,0.0,2.0,0.0,4.0,0.0,6.7618279457092285,2.0,0.0,0.0,0.0,0.0,71.0,11.0,0.0,0.0,2786.0499877929688,406.9199905395508,10700.489990234375,1332.5,7445.31982421875,16.0,30.0,13.0,1.0,5.0,0.0,0.0,0.0,0.0,0.0,0.0,0.0,0.0,0.0,0.0,0.0,0.0,0.0,2.0,0.0,0.0,2.0,0.0,0.0,0.0,0.0,0.0,0.0,2.0,0.0,0.0,0.0,0.0,0.0,2.0,2.0,2.0,2.0,2.0,0.0,0.0,0.0,2.0,3.0,90.0,52.0,8.0,53.0,45.0,2.0,79.0,21.0,100.0,0.0,0.0,35.0,26.0,0.0,0.0,18.0,23.0,5.0,10.0,23.0,14.0,33.0,0.0,258.0,112.0,1.0,2.0,1.0,4.855597615242004,1.0,201.13346666666666,33.53158187866211,22671.27978515625,0.9496111869812012,0.0
436743,0.0,4.0,0.0,0.0,0.0,0.0,0.0,0.0,0.0,1.0,3.0,0.0,0.0,1.0,1.0,0.0,4.0,3.0,3.0,5.0,0.0,6.093739748001099,1.0,0.0,0.0,0.0,0.0,131.0,15.0,0.0,0.0,4517.669921875,1161.5400085449219,15763.739990234375,2140.350067138672,16839.929931640625,26.0,43.0,19.0,11.0,3.0,0.0,0.0,0.0,0.0,0.0,0.0,0.0,0.0,0.0,0.0,0.0,0.0,0.0,0.0,0.0,0.0,14.0,1.0,0.0,2.0,1.0,1.0,1.0,9.0,5.0,4.0,4.0,4.0,0.0,7.0,4.0,4.0,6.0,14.0,0.0,0.0,0.0,9.0,4.0,112.0,65.0,7.0,67.0,31.0,8.0,82.0,24.0,106.0,1.0,0.0,39.0,29.0,0.0,0.0,13.0,36.0,3.0,15.0,38.0,5.0,53.0,0.0,375.0,176.0,0.0,1.0,1.0,8.724612355232239,0.0,399.8389833333333,32.988956451416016,40423.2294921875,0.08020246773958206,1.0
436863,0.0,0.0,0.0,0.0,0.0,0.0,0.0,,0.0,0.0,0.0,0.0,0.0,0.0,0.0,0.0,0.0,0.0,0.0,0.0,1.0,1.9546488126118977,0.0,1.0,0.0,1.0,0.0,26.0,5.0,2.0,0.0,1154.7100830078125,134.6999969482422,4212.67041015625,495.03997802734375,4286.10009765625,11.0,12.0,1.0,2.0,0.0,2.0,,,0.0,0.0,0.0,0.0,0.0,0.0,0.0,0.0,0.0,0.0,0.0,0.0,0.0,17.0,1.0,0.0,9.0,7.0,6.0,8.0,15.0,2.0,2.0,1.0,1.0,0.0,6.0,6.0,5.0,5.0,7.0,1.0,0.0,0.0,6.0,1.0,55.0,28.0,0.0,5.0,2.0,1.0,1.0,7.0,8.0,0.0,0.0,28.0,26.0,0.0,0.0,2.0,6.0,0.0,0.0,9.0,11.0,9.0,0.0,106.0,32.0,0.0,0.0,0.0,0.08328108489513397,7.0,105.23488333333333,28.61515235900879,10283.2197265625,0.0,0.0
439538,0.0,0.0,0.0,0.0,0.0,0.0,0.0,,0.0,0.0,0.0,0.0,0.0,0.0,0.0,0.0,0.0,0.0,0.0,0.0,0.0,0.0,0.0,0.0,0.0,0.0,0.0,0.0,0.0,0.0,0.0,0.0,0.0,0.0,0.0,0.0,0.0,0.0,0.0,0.0,0.0,0.0,,,0.0,0.0,0.0,0.0,0.0,0.0,0.0,0.0,0.0,0.0,0.0,0.0,0.0,0.0,0.0,0.0,0.0,0.0,0.0,0.0,0.0,0.0,0.0,0.0,0.0,0.0,0.0,0.0,0.0,0.0,0.0,0.0,0.0,0.0,0.0,0.0,0.0,0.0,0.0,0.0,0.0,0.0,0.0,0.0,0.0,0.0,0.0,0.0,0.0,0.0,0.0,0.0,0.0,0.0,0.0,0.0,0.0,0.0,0.0,0.0,0.0,0.0,0.0,0.0,0.0,0.0,0.0,0.0,0.0,0.0,0.0
439641,0.0,1.0,0.0,1.0,0.0,0.0,0.0,3.0,1.0,0.0,0.0,0.0,0.0,0.0,0.0,0.0,0.0,1.0,0.0,3.0,3.0,3.746020793914795,3.0,1.0,0.0,11.0,3.0,66.0,18.0,6.0,0.0,4193.96989440918,631.0099906921387,14568.010131835938,1643.0400390625,15356.749816894531,84.0,100.0,5.0,3.0,1.0,6.0,0.0,0.0,0.0,0.0,0.0,0.0,0.0,0.0,0.0,0.0,0.0,0.0,0.0,0.0,0.0,61.0,4.0,4.0,16.0,11.0,8.0,8.0,36.0,8.0,3.0,2.0,2.0,2.0,37.0,22.0,19.0,27.0,36.0,1.0,2.0,0.0,20.0,5.0,400.0,161.0,9.0,25.0,52.0,84.0,61.0,100.0,161.0,0.0,0.0,188.0,173.0,0.0,0.0,66.0,25.0,4.0,2.0,41.0,131.0,43.0,0.0,333.0,131.0,2.0,1.0,3.0,0.35702321119606495,25.0,368.5178166666666,33.5867919921875,36392.780517578125,0.04384375363588333,0.0
439691,0.0,0.0,0.0,0.0,0.0,0.0,0.0,,0.0,0.0,0.0,0.0,0.0,0.0,0.0,0.0,0.0,0.0,0.0,0.0,0.0,0.7639612555503845,0.0,0.0,0.0,0.0,0.0,1.0,0.0,0.0,0.0,112.69999694824219,6.190000057220459,214.75,18.81999969482422,274.0799865722656,0.0,0.0,0.0,0.0,0.0,0.0,,,0.0,0.0,0.0,0.0,0.0,0.0,0.0,0.0,0.0,0.0,0.0,0.0,0.0,0.0,0.0,0.0,0.0,0.0,0.0,0.0,0.0,0.0,0.0,0.0,0.0,0.0,0.0,0.0,0.0,0.0,0.0,0.0,0.0,0.0,0.0,1.0,0.0,0.0,0.0,0.0,0.0,0.0,0.0,0.0,0.0,0.0,0.0,0.0,0.0,0.0,0.0,0.0,0.0,0.0,0.0,0.0,0.0,0.0,0.0,11.0,2.0,1.0,0.0,0.0,0.010327723808586597,0.0,6.098299999999995,26.23839569091797,626.5399780273438,0.0,0.0
439956,0.0,0.0,0.0,0.0,0.0,0.0,0.0,,0.0,0.0,0.0,0.0,0.0,0.0,0.0,0.0,0.0,0.0,0.0,0.0,0.0,0.0,0.0,0.0,0.0,0.0,0.0,0.0,0.0,0.0,0.0,0.0,0.0,0.0,0.0,0.0,0.0,0.0,0.0,0.0,0.0,0.0,0.0,0.0,0.0,0.0,0.0,0.0,0.0,0.0,0.0,0.0,0.0,0.0,0.0,0.0,0.0,0.0,0.0,0.0,0.0,0.0,0.0,0.0,0.0,0.0,0.0,0.0,0.0,0.0,0.0,0.0,0.0,0.0,0.0,0.0,0.0,0.0,0.0,0.0,0.0,0.0,0.0,0.0,0.0,0.0,0.0,0.0,0.0,0.0,0.0,0.0,0.0,0.0,0.0,0.0,0.0,0.0,0.0,0.0,0.0,0.0,0.0,0.0,0.0,0.0,0.0,0.0,0.0,0.0,0.0,0.0,0.0,0.0,0.0
440748,0.0,0.0,0.0,0.0,0.0,0.0,0.0,,0.0,0.0,0.0,0.0,0.0,0.0,0.0,0.0,0.0,0.0,0.0,1.0,0.0,4.922695795694987,1.0,0.0,2.0,2.0,1.0,5.0,1.0,0.0,0.0,644.0800170898438,239.73999786376953,1538.3800659179688,297.7800064086914,1201.7899475097656,3.0,9.0,1.0,0.0,0.0,0.0,,,0.0,0.0,0.0,0.0,0.0,0.0,0.0,0.0,0.0,0.0,0.0,0.0,0.0,9.0,0.0,2.0,3.0,1.0,1.0,1.0,2.0,0.0,0.0,0.0,0.0,0.0,6.0,1.0,1.0,4.0,5.0,0.0,0.0,0.0,0.0,2.0,33.0,17.0,0.0,4.0,4.0,5.0,4.0,9.0,13.0,0.0,0.0,16.0,7.0,0.0,0.0,5.0,3.0,0.0,0.0,4.0,11.0,4.0,0.0,56.0,24.0,2.0,0.0,1.0,0.4308737516403198,2.0,32.041016666666664,32.29267120361328,3921.77001953125,0.0,0.0
441065,0.0,0.0,0.0,0.0,0.0,0.0,0.0,,0.0,0.0,0.0,0.0,0.0,0.0,0.0,0.0,0.0,0.0,0.0,0.0,0.0,0.0,0.0,0.0,0.0,0.0,0.0,0.0,0.0,0.0,0.0,0.0,0.0,0.0,0.0,0.0,0.0,0.0,0.0,0.0,0.0,0.0,,,0.0,0.0,0.0,0.0,0.0,0.0,0.0,0.0,0.0,0.0,0.0,0.0,0.0,0.0,0.0,0.0,0.0,0.0,0.0,0.0,0.0,0.0,0.0,0.0,0.0,0.0,0.0,0.0,0.0,0.0,0.0,0.0,0.0,0.0,0.0,0.0,0.0,0.0,0.0,0.0,0.0,0.0,0.0,0.0,0.0,0.0,0.0,0.0,0.0,0.0,0.0,0.0,0.0,0.0,0.0,0.0,0.0,0.0,0.0,0.0,0.0,0.0,0.0,0.0,0.0,0.0,0.0,0.0,0.0,0.0,0.0
441067,0.0,3.0,0.0,0.0,0.0,0.0,1.0,0.0,0.0,2.0,0.0,0.0,0.0,3.0,0.0,3.0,0.0,0.0,0.0,3.0,0.0,6.433127164840698,0.0,0.0,0.0,2.0,0.0,103.0,29.0,3.0,0.0,5600.169738769531,1041.1099853515625,16829.7998046875,2034.1900634765625,14292.6103515625,58.0,96.0,10.0,7.0,3.0,3.0,0.0,0.0,0.0,0.0,0.0,0.0,0.0,0.0,0.0,0.0,0.0,0.0,1.0,0.0,0.0,54.0,6.0,6.0,17.0,6.0,4.0,5.0,22.0,11.0,4.0,3.0,5.0,0.0,26.0,12.0,10.0,14.0,35.0,1.0,1.0,0.0,10.0,4.0,274.0,119.0,8.0,30.0,47.0,19.0,13.0,83.0,96.0,0.0,0.0,132.0,98.0,0.0,0.0,33.0,26.0,4.0,11.0,77.0,40.0,88.0,0.0,479.0,164.0,0.0,2.0,0.0,1.025690644979477,19.0,370.8797333333333,32.43360137939453,39797.880859375,0.4017489105463028,2.0
441068,0.0,0.0,0.0,0.0,0.0,0.0,0.0,,0.0,0.0,0.0,0.0,0.0,0.0,0.0,0.0,0.0,0.0,0.0,0.0,0.0,0.0,0.0,0.0,0.0,0.0,0.0,0.0,0.0,0.0,0.0,0.0,0.0,0.0,0.0,0.0,0.0,0.0,0.0,0.0,0.0,0.0,,,0.0,0.0,0.0,0.0,0.0,0.0,0.0,0.0,0.0,0.0,0.0,0.0,0.0,0.0,0.0,0.0,0.0,0.0,0.0,0.0,0.0,0.0,0.0,0.0,0.0,0.0,0.0,0.0,0.0,0.0,0.0,0.0,0.0,0.0,0.0,0.0,0.0,0.0,0.0,0.0,0.0,0.0,0.0,0.0,0.0,0.0,0.0,0.0,0.0,0.0,0.0,0.0,0.0,0.0,0.0,0.0,0.0,0.0,0.0,0.0,0.0,0.0,0.0,0.0,0.0,0.0,0.0,0.0,0.0,0.0,0.0
441088,0.0,3.0,0.0,2.0,0.0,0.0,1.0,0.0,0.0,1.0,1.0,0.0,0.0,2.0,0.0,1.0,0.0,1.0,0.0,3.0,1.0,6.6469080448150635,3.0,1.0,0.0,3.0,1.0,64.0,19.0,1.0,0.0,5521.709899902344,676.25,19052.8896484375,1732.1599731445312,12657.140625,66.0,80.0,16.0,1.0,1.0,1.0,0.0,0.0,0.0,0.0,0.0,0.0,0.0,0.0,0.0,0.0,0.0,0.0,0.0,0.0,0.0,37.0,1.0,2.0,14.0,13.0,11.0,11.0,32.0,2.0,2.0,1.0,1.0,0.0,21.0,17.0,15.0,18.0,23.0,1.0,1.0,0.0,20.0,4.0,339.0,121.0,9.0,14.0,45.0,79.0,96.0,42.0,138.0,0.0,0.0,153.0,141.0,0.0,0.0,60.0,10.0,1.0,4.0,53.0,107.0,57.0,0.0,491.0,132.0,0.0,1.0,0.0,0.3798072040081024,0.0,361.2923166666667,32.68146514892578,39640.150390625,0.04821954341605306,0.0
441132,0.0,0.0,0.0,0.0,0.0,0.0,0.0,,0.0,0.0,0.0,0.0,0.0,0.0,0.0,0.0,0.0,0.0,0.0,0.0,0.0,1.6637470722198486,0.0,0.0,0.0,0.0,0.0,0.0,0.0,0.0,0.0,116.1500015258789,7.190000057220459,562.530029296875,48.310001373291016,382.4800720214844,1.0,2.0,0.0,0.0,0.0,0.0,,,0.0,0.0,0.0,0.0,0.0,0.0,0.0,0.0,0.0,0.0,0.0,0.0,0.0,1.0,0.0,0.0,1.0,0.0,0.0,1.0,0.0,0.0,0.0,0.0,0.0,0.0,0.0,0.0,0.0,0.0,1.0,0.0,0.0,0.0,0.0,1.0,27.0,7.0,0.0,0.0,0.0,0.0,0.0,0.0,0.0,0.0,0.0,12.0,11.0,0.0,0.0,0.0,0.0,0.0,0.0,1.0,11.0,1.0,0.0,8.0,3.0,1.0,0.0,0.0,0.11470125615596771,0.0,10.123999999999995,26.321643829345703,1116.6600341796875,0.0,0.0
441135,0.0,1.0,0.0,0.0,0.0,0.0,0.0,0.0,0.0,0.0,1.0,0.0,0.0,1.0,0.0,0.0,0.0,0.0,0.0,2.0,0.0,3.4380651712417603,2.0,0.0,0.0,0.0,0.0,38.0,7.0,2.0,0.0,2284.9299926757812,146.81999588012695,8501.100341796875,625.510009765625,5288.620361328125,22.0,28.0,7.0,3.0,0.0,2.0,0.0,0.0,0.0,0.0,0.0,0.0,0.0,0.0,0.0,0.0,0.0,0.0,0.0,0.0,0.0,12.0,1.0,0.0,4.0,3.0,3.0,3.0,8.0,2.0,1.0,1.0,1.0,0.0,6.0,4.0,4.0,5.0,11.0,0.0,0.0,0.0,8.0,2.0,79.0,32.0,4.0,2.0,22.0,39.0,41.0,22.0,63.0,0.0,0.0,37.0,31.0,0.0,0.0,11.0,4.0,0.0,1.0,19.0,17.0,20.0,0.0,199.0,48.0,0.0,2.0,1.0,0.11989181861281395,0.0,147.32668333333334,31.338502883911133,16846.9794921875,0.052448853850364685,0.0
441137,0.0,3.0,0.0,0.0,0.0,0.0,0.0,0.0,0.0,0.0,3.0,0.0,0.0,2.0,2.0,0.0,3.0,1.0,1.0,10.0,0.0,5.939934134483337,4.0,0.0,1.0,12.0,0.0,31.0,1.0,2.0,0.0,2361.32999420166,928.0499877929688,8421.189956665039,1237.920051574707,11317.210388183594,41.0,74.0,10.0,0.0,7.0,2.0,,,0.0,0.0,0.0,0.0,0.0,0.0,2.0,0.0,1.0,1.0,0.0,0.0,0.0,30.0,1.0,0.0,1.0,0.0,0.0,0.0,15.0,9.0,3.0,3.0,6.0,2.0,20.0,12.0,12.0,17.0,22.0,0.0,0.0,0.0,13.0,4.0,192.0,87.0,7.0,47.0,56.0,7.0,40.0,70.0,110.0,1.0,0.0,76.0,60.0,0.0,0.0,44.0,39.0,7.0,9.0,50.0,38.0,59.0,0.0,211.0,118.0,2.0,0.0,3.0,7.03828626871109,4.0,247.33688333333333,37.15757751464844,24265.700317382812,0.529973141849041,0.0
441146,0.0,0.0,0.0,0.0,0.0,0.0,0.0,,0.0,0.0,0.0,0.0,0.0,0.0,0.0,0.0,0.0,0.0,0.0,0.0,0.0,0.0,0.0,0.0,0.0,0.0,0.0,0.0,0.0,0.0,0.0,0.0,0.0,0.0,0.0,0.0,0.0,0.0,0.0,0.0,0.0,0.0,,,0.0,0.0,0.0,0.0,0.0,0.0,0.0,0.0,0.0,0.0,0.0,0.0,0.0,0.0,0.0,0.0,0.0,0.0,0.0,0.0,0.0,0.0,0.0,0.0,0.0,0.0,0.0,0.0,0.0,0.0,0.0,0.0,0.0,0.0,0.0,0.0,0.0,0.0,0.0,0.0,0.0,0.0,0.0,0.0,0.0,0.0,0.0,0.0,0.0,0.0,0.0,0.0,0.0,0.0,0.0,0.0,0.0,0.0,0.0,0.0,0.0,0.0,0.0,0.0,0.0,0.0,0.0,0.0,0.0,0.0,0.0
441148,0.0,0.0,0.0,0.0,0.0,0.0,0.0,,0.0,0.0,0.0,0.0,0.0,0.0,0.0,0.0,0.0,0.0,0.0,0.0,0.0,1.3897254943847657,0.0,0.0,0.0,0.0,0.0,0.0,0.0,0.0,0.0,81.06999969482422,0.0,174.79000854492188,22.259998321533203,154.6300048828125,1.0,1.0,0.0,0.0,0.0,0.0,,,0.0,0.0,0.0,0.0,0.0,0.0,0.0,0.0,0.0,0.0,0.0,0.0,0.0,0.0,0.0,0.0,0.0,0.0,0.0,0.0,0.0,0.0,0.0,0.0,0.0,0.0,0.0,0.0,0.0,0.0,0.0,0.0,0.0,0.0,0.0,1.0,2.0,1.0,1.0,0.0,1.0,0.0,1.0,0.0,1.0,0.0,0.0,1.0,1.0,0.0,0.0,0.0,0.0,0.0,0.0,0.0,1.0,0.0,0.0,6.0,2.0,1.0,0.0,0.0,0.36812591552734375,0.0,4.11033333333333,23.326251983642578,432.75,0.0,0.0
441149,0.0,4.0,0.0,3.0,0.0,0.0,0.0,0.0,0.0,3.0,1.0,0.0,0.0,0.0,0.0,0.0,0.0,4.0,0.0,15.0,11.0,6.845792388916015,12.0,11.0,0.0,0.0,0.0,124.0,13.0,9.0,0.0,6567.1002197265625,496.73000717163086,22527.40966796875,2341.4100036621094,14323.6904296875,197.0,221.0,19.0,4.0,5.0,11.0,0.0,0.0,0.0,0.0,0.0,0.0,0.0,0.0,0.0,0.0,0.0,0.0,0.0,2.0,0.0,118.0,6.0,9.0,45.0,37.0,28.0,30.0,98.0,7.0,5.0,0.0,0.0,1.0,66.0,56.0,46.0,50.0,51.0,4.0,5.0,1.0,45.0,5.0,838.0,226.0,21.0,7.0,64.0,124.0,139.0,56.0,195.0,0.0,0.0,403.0,379.0,0.0,0.0,89.0,15.0,0.0,2.0,84.0,319.0,86.0,0.0,559.0,174.0,0.0,5.0,2.0,0.5220898166298866,0.0,404.6025666666667,31.37639617919922,46256.3408203125,0.11791140865534544,0.0
441162,0.0,0.0,0.0,0.0,0.0,0.0,0.0,,0.0,0.0,0.0,0.0,0.0,0.0,0.0,0.0,0.0,0.0,0.0,0.0,0.0,0.0,0.0,0.0,0.0,0.0,0.0,0.0,0.0,0.0,0.0,0.0,0.0,0.0,0.0,0.0,0.0,0.0,0.0,0.0,0.0,0.0,,,0.0,0.0,0.0,0.0,0.0,0.0,0.0,0.0,0.0,0.0,0.0,0.0,0.0,0.0,0.0,0.0,0.0,0.0,0.0,0.0,0.0,0.0,0.0,0.0,0.0,0.0,0.0,0.0,0.0,0.0,0.0,0.0,0.0,0.0,0.0,0.0,0.0,0.0,0.0,0.0,0.0,0.0,0.0,0.0,0.0,0.0,0.0,0.0,0.0,0.0,0.0,0.0,0.0,0.0,0.0,0.0,0.0,0.0,0.0,0.0,0.0,0.0,0.0,0.0,0.0,0.0,0.0,0.0,0.0,0.0,0.0
441166,0.0,1.0,0.0,0.0,0.0,0.0,0.0,1.0,0.0,0.0,0.0,0.0,0.0,1.0,0.0,0.0,0.0,0.0,0.0,4.0,0.0,4.334322929382324,3.0,0.0,0.0,2.0,1.0,36.0,3.0,0.0,0.0,1956.2799682617188,269.7200012207031,6645.4801025390625,943.739990234375,5666.329833984375,24.0,37.0,6.0,0.0,2.0,0.0,0.0,0.0,0.0,0.0,0.0,0.0,0.0,0.0,0.0,0.0,0.0,0.0,1.0,0.0,0.0,16.0,0.0,4.0,7.0,5.0,3.0,3.0,11.0,1.0,0.0,0.0,1.0,0.0,8.0,6.0,4.0,4.0,13.0,0.0,2.0,0.0,8.0,2.0,105.0,54.0,3.0,8.0,11.0,2.0,6.0,15.0,21.0,0.0,0.0,47.0,35.0,0.0,0.0,6.0,15.0,2.0,3.0,8.0,35.0,11.0,0.0,162.0,69.0,1.0,0.0,1.0,0.5190969854593277,7.0,142.47899999999998,30.370893478393555,15481.54931640625,0.015176655724644661,0.0
441167,0.0,0.0,0.0,0.0,0.0,0.0,0.0,,0.0,0.0,0.0,0.0,0.0,0.0,0.0,0.0,0.0,0.0,0.0,2.0,3.0,4.109429677327474,1.0,3.0,0.0,0.0,0.0,37.0,7.0,2.0,0.0,2429.0399780273438,267.57999420166016,7686.63037109375,744.0199890136719,6355.870361328125,34.0,41.0,8.0,2.0,2.0,2.0,,,0.0,0.0,0.0,0.0,0.0,0.0,0.0,0.0,0.0,0.0,0.0,0.0,0.0,32.0,1.0,8.0,15.0,11.0,6.0,6.0,21.0,1.0,0.0,0.0,0.0,0.0,16.0,10.0,5.0,7.0,14.0,0.0,5.0,0.0,10.0,2.0,146.0,64.0,3.0,2.0,0.0,10.0,3.0,9.0,12.0,0.0,0.0,66.0,55.0,0.0,0.0,5.0,2.0,0.0,1.0,14.0,50.0,15.0,0.0,203.0,58.0,0.0,1.0,1.0,0.209339439868927,0.0,169.3678,32.493499755859375,17483.1396484375,0.0,0.0
441170,0.0,5.0,0.0,1.0,0.0,2.0,1.0,0.0,0.0,0.0,2.0,0.0,0.0,5.0,1.0,1.0,1.0,0.0,0.0,1.0,1.0,6.45753812789917,1.0,1.0,0.0,2.0,1.0,30.0,10.0,5.0,0.0,4501.789794921875,143.48000144958496,14535.1904296875,1216.68994140625,12010.59912109375,69.0,88.0,2.0,6.0,2.0,7.0,0.0,0.0,0.0,0.0,0.0,0.0,0.0,9.0,1.0,0.0,1.0,0.0,5.0,2.0,0.0,71.0,2.0,7.0,39.0,32.0,28.0,30.0,50.0,2.0,1.0,0.0,0.0,0.0,30.0,17.0,13.0,21.0,50.0,1.0,3.0,0.0,38.0,3.0,333.0,137.0,9.0,4.0,3.0,37.0,18.0,26.0,44.0,0.0,0.0,160.0,135.0,0.0,0.0,24.0,9.0,1.0,8.0,35.0,104.0,43.0,0.0,373.0,81.0,0.0,0.0,0.0,0.7742796018719673,7.0,301.0626833333333,29.779701232910156,32407.7490234375,0.5402602404356003,1.0
441171,0.0,0.0,0.0,0.0,0.0,0.0,0.0,,0.0,0.0,0.0,0.0,0.0,0.0,0.0,0.0,0.0,0.0,0.0,0.0,0.0,0.0,0.0,0.0,0.0,0.0,0.0,0.0,0.0,0.0,0.0,0.0,0.0,0.0,0.0,0.0,0.0,0.0,0.0,0.0,0.0,0.0,,,0.0,0.0,0.0,0.0,0.0,0.0,0.0,0.0,0.0,0.0,0.0,0.0,0.0,0.0,0.0,0.0,0.0,0.0,0.0,0.0,0.0,0.0,0.0,0.0,0.0,0.0,0.0,0.0,0.0,0.0,0.0,0.0,0.0,0.0,0.0,0.0,0.0,0.0,0.0,0.0,0.0,0.0,0.0,0.0,0.0,0.0,0.0,0.0,0.0,0.0,0.0,0.0,0.0,0.0,0.0,0.0,0.0,0.0,0.0,0.0,0.0,0.0,0.0,0.0,0.0,0.0,0.0,0.0,0.0,0.0,0.0
441179,0.0,6.0,0.0,0.0,0.0,0.0,2.0,0.0,0.0,0.0,4.0,0.0,0.0,3.0,0.0,4.0,2.0,3.0,2.0,2.0,2.0,4.054315567016602,0.0,2.0,0.0,1.0,0.0,9.0,3.0,0.0,0.0,1709.5798950195312,466.260009765625,8665.910400390625,715.300048828125,9654.14013671875,31.0,43.0,3.0,2.0,1.0,0.0,0.0,0.0,0.0,0.0,0.0,0.0,0.0,0.0,0.0,0.0,0.0,0.0,2.0,0.0,0.0,29.0,3.0,5.0,13.0,10.0,4.0,5.0,21.0,5.0,2.0,0.0,2.0,0.0,11.0,9.0,3.0,3.0,12.0,2.0,4.0,0.0,4.0,2.0,273.0,101.0,20.0,17.0,4.0,15.0,19.0,17.0,36.0,3.0,0.0,124.0,119.0,0.0,0.0,16.0,10.0,2.0,6.0,20.0,105.0,26.0,0.0,153.0,57.0,0.0,0.0,0.0,1.5571612119674683,3.0,208.81293333333332,33.81356430053711,21211.189453125,0.23991191387176514,0.0
441180,0.0,0.0,0.0,0.0,0.0,0.0,0.0,,0.0,0.0,0.0,0.0,0.0,0.0,0.0,0.0,0.0,0.0,0.0,0.0,0.0,0.0,0.0,0.0,0.0,0.0,0.0,0.0,0.0,0.0,0.0,0.0,0.0,0.0,0.0,0.0,0.0,0.0,0.0,0.0,0.0,0.0,,,0.0,0.0,0.0,0.0,0.0,0.0,0.0,0.0,0.0,0.0,0.0,0.0,0.0,0.0,0.0,0.0,0.0,0.0,0.0,0.0,0.0,0.0,0.0,0.0,0.0,0.0,0.0,0.0,0.0,0.0,0.0,0.0,0.0,0.0,0.0,0.0,0.0,0.0,0.0,0.0,0.0,0.0,0.0,0.0,0.0,0.0,0.0,0.0,0.0,0.0,0.0,0.0,0.0,0.0,0.0,0.0,0.0,0.0,0.0,0.0,0.0,0.0,0.0,0.0,0.0,0.0,0.0,0.0,0.0,0.0,0.0
441181,0.0,0.0,0.0,0.0,0.0,0.0,0.0,,0.0,0.0,0.0,0.0,0.0,0.0,0.0,0.0,0.0,0.0,0.0,0.0,1.0,3.025741179784139,0.0,1.0,0.0,0.0,0.0,0.0,0.0,4.0,0.0,568.0900115966797,31.460000038146973,3274.4299926757812,94.59999418258667,11903.64990234375,9.0,17.0,0.0,0.0,0.0,9.0,0.0,0.0,55.0,46.0,1.7142857313156128,8.0,8.0,8.0,0.0,0.0,0.0,0.0,0.0,5.0,0.0,42.0,0.0,15.0,22.0,9.0,5.0,7.0,15.0,0.0,0.0,0.0,0.0,0.0,20.0,6.0,2.0,5.0,12.0,0.0,4.0,0.0,8.0,3.0,185.0,95.0,7.0,0.0,1.0,25.0,13.0,13.0,26.0,0.0,0.0,98.0,77.0,0.0,0.0,14.0,0.0,0.0,0.0,2.0,72.0,2.0,0.0,55.0,10.0,0.0,0.0,0.0,0.2778610847890377,0.0,313.71548333333334,28.833494186401367,15872.22998046875,0.0,0.0
441188,0.0,3.0,0.0,1.0,1.0,0.0,0.0,0.0,0.0,1.0,1.0,0.0,0.0,2.0,1.0,0.0,1.0,1.0,0.0,2.0,0.0,4.205668767293294,0.0,0.0,0.0,2.0,1.0,38.0,2.0,0.0,0.0,1597.739990234375,353.5700149536133,5907.190185546875,854.9299621582031,6520.60009765625,6.0,16.0,10.0,0.0,2.0,0.0,0.0,0.0,0.0,0.0,0.0,0.0,0.0,0.0,0.0,0.0,0.0,0.0,0.0,0.0,0.0,1.0,0.0,0.0,0.0,0.0,0.0,0.0,0.0,0.0,0.0,0.0,0.0,0.0,1.0,0.0,0.0,1.0,0.0,0.0,0.0,0.0,0.0,2.0,45.0,27.0,8.0,57.0,12.0,2.0,66.0,5.0,71.0,0.0,0.0,15.0,9.0,0.0,0.0,10.0,18.0,2.0,5.0,15.0,3.0,20.0,0.0,147.0,73.0,0.0,2.0,0.0,11.255696296691895,0.0,143.9643,32.3984260559082,15234.02978515625,0.5902701616287231,0.0
441234,2.0,8.0,0.0,2.0,4.0,0.0,1.0,1.0,0.0,2.0,1.0,0.0,0.0,6.0,1.0,5.0,1.0,2.0,0.0,33.0,2.0,6.429983711242675,20.0,1.0,2.0,7.0,3.0,209.0,17.0,5.0,0.0,6560.190002441406,1668.1099700927734,19577.45947265625,3032.260040283203,15250.539306640625,53.0,96.0,20.0,3.0,10.0,5.0,0.0,0.0,0.0,0.0,0.0,0.0,0.0,0.0,1.0,0.0,1.0,0.0,1.0,0.0,0.0,13.0,0.0,0.0,0.0,0.0,0.0,0.0,9.0,3.0,1.0,1.0,3.0,0.0,10.0,8.0,8.0,10.0,10.0,0.0,0.0,0.0,7.0,5.0,201.0,128.0,15.0,38.0,41.0,11.0,43.0,47.0,90.0,0.0,0.0,68.0,55.0,0.0,0.0,37.0,50.0,5.0,17.0,64.0,27.0,81.0,0.0,538.0,237.0,0.0,3.0,11.0,3.963813841342926,0.0,431.2478333333334,33.8907356262207,46088.5595703125,0.7353565618395805,0.0
441236,0.0,0.0,0.0,0.0,0.0,0.0,0.0,,0.0,0.0,0.0,0.0,0.0,0.0,0.0,0.0,0.0,0.0,0.0,0.0,0.0,2.507262945175171,0.0,0.0,0.0,0.0,0.0,0.0,0.0,4.0,0.0,258.7199935913086,0.0,2872.5499877929688,24.99999976158142,13872.73046875,3.0,10.0,0.0,0.0,0.0,4.0,3.0,0.0,68.0,63.0,2.7500000298023224,12.0,9.0,16.0,0.0,0.0,0.0,0.0,0.0,0.0,0.0,94.0,5.0,32.0,45.0,18.0,5.0,8.0,36.0,5.0,3.0,0.0,0.0,0.0,44.0,15.0,2.0,7.0,16.0,3.0,10.0,0.0,3.0,4.0,191.0,111.0,9.0,0.0,0.0,29.0,21.0,8.0,29.0,0.0,0.0,105.0,70.0,0.0,0.0,14.0,0.0,0.0,0.0,2.0,70.0,2.0,0.0,25.0,3.0,0.0,0.0,0.0,0.1871990580111742,0.0,407.5486833333333,21.56328010559082,17029.0,0.0,0.0
441239,0.0,0.0,0.0,0.0,0.0,0.0,0.0,0.0,0.0,0.0,0.0,0.0,0.0,0.0,0.0,0.0,0.0,0.0,0.0,1.0,0.0,2.1007517178853354,0.0,0.0,0.0,0.0,0.0,28.0,10.0,0.0,0.0,1275.619873046875,192.91000366210938,3723.9501953125,600.010009765625,3697.72021484375,10.0,14.0,6.0,1.0,2.0,0.0,,,0.0,0.0,0.0,0.0,0.0,0.0,0.0,0.0,0.0,0.0,0.0,0.0,0.0,7.0,1.0,0.0,3.0,2.0,2.0,2.0,4.0,1.0,0.0,0.0,0.0,0.0,3.0,2.0,2.0,2.0,2.0,0.0,0.0,0.0,2.0,1.0,50.0,32.0,0.0,10.0,2.0,4.0,4.0,12.0,16.0,0.0,0.0,23.0,19.0,0.0,0.0,3.0,6.0,0.0,1.0,14.0,7.0,15.0,0.0,117.0,43.0,0.0,1.0,0.0,0.15103892982006073,7.0,90.27498333333332,30.204425811767578,9490.2099609375,0.0,0.0
441240,0.0,0.0,0.0,0.0,0.0,0.0,0.0,0.0,0.0,0.0,0.0,0.0,0.0,0.0,0.0,0.0,0.0,0.0,0.0,0.0,5.0,6.002294858296712,0.0,4.0,0.0,8.0,0.0,38.0,19.0,5.0,0.0,3865.47998046875,703.7800140380859,13013.49951171875,1311.7299499511719,11490.109619140625,87.0,113.0,10.0,4.0,0.0,5.0,0.0,0.0,0.0,0.0,0.0,0.0,0.0,0.0,0.0,0.0,0.0,0.0,0.0,0.0,0.0,123.0,5.0,21.0,65.0,47.0,37.0,39.0,75.0,7.0,2.0,0.0,0.0,2.0,51.0,26.0,15.0,23.0,90.0,1.0,9.0,1.0,61.0,3.0,380.0,159.0,4.0,3.0,24.0,64.0,21.0,70.0,91.0,0.0,0.0,178.0,147.0,0.0,0.0,44.0,2.0,1.0,1.0,70.0,105.0,71.0,0.0,322.0,117.0,0.0,0.0,0.0,0.23767143115401268,10.0,303.7823333333333,33.21427917480469,30384.6005859375,0.0,1.0
441241,0.0,0.0,0.0,0.0,0.0,0.0,0.0,0.0,0.0,0.0,0.0,0.0,0.0,0.0,0.0,0.0,0.0,0.0,0.0,0.0,2.0,2.9826161861419678,0.0,2.0,0.0,0.0,0.0,0.0,0.0,3.0,0.0,338.79003143310547,0.0,2984.1400146484375,110.63000106811523,11678.6708984375,13.0,22.0,0.0,0.0,0.0,8.0,1.0,0.0,48.0,42.0,2.1666666865348816,9.0,6.0,17.0,0.0,0.0,0.0,0.0,0.0,5.0,0.0,68.0,2.0,21.0,37.0,16.0,10.0,14.0,23.0,2.0,0.0,0.0,0.0,0.0,29.0,7.0,1.0,6.0,21.0,0.0,6.0,0.0,4.0,3.0,185.0,96.0,3.0,0.0,0.0,27.0,20.0,7.0,27.0,0.0,0.0,103.0,74.0,0.0,0.0,9.0,0.0,0.0,1.0,1.0,67.0,2.0,0.0,31.0,11.0,0.0,0.0,0.0,0.10087879188358784,0.0,303.7823333333333,24.775012969970703,15112.23046875,0.0,0.0
441242,0.0,2.0,0.0,1.0,0.0,0.0,0.0,,0.0,0.0,2.0,0.0,0.0,2.0,1.0,0.0,1.0,0.0,0.0,5.0,0.0,3.913240114847819,4.0,0.0,0.0,0.0,0.0,41.0,12.0,0.0,0.0,1997.3800048828125,395.3000183105469,8048.780517578125,912.8199157714844,6979.310302734375,53.0,65.0,7.0,2.0,2.0,0.0,0.0,0.0,0.0,0.0,0.0,0.0,0.0,0.0,0.0,0.0,0.0,0.0,0.0,0.0,0.0,13.0,0.0,1.0,2.0,2.0,1.0,1.0,11.0,2.0,2.0,1.0,1.0,1.0,9.0,7.0,5.0,7.0,11.0,0.0,1.0,1.0,9.0,2.0,172.0,85.0,4.0,10.0,47.0,11.0,7.0,61.0,68.0,1.0,0.0,79.0,69.0,0.0,0.0,31.0,23.0,1.0,3.0,48.0,29.0,51.0,0.0,180.0,64.0,0.0,2.0,4.0,0.41443932056427,11.0,187.2241,32.891597747802734,18333.58984375,0.08405403047800064,1.0
441243,0.0,0.0,0.0,0.0,0.0,0.0,0.0,,0.0,0.0,0.0,0.0,0.0,0.0,0.0,0.0,0.0,0.0,0.0,0.0,0.0,0.0,0.0,0.0,0.0,0.0,0.0,0.0,0.0,0.0,0.0,0.0,0.0,0.0,0.0,0.0,0.0,0.0,0.0,0.0,0.0,0.0,,,0.0,0.0,0.0,0.0,0.0,0.0,0.0,0.0,0.0,0.0,0.0,0.0,0.0,0.0,0.0,0.0,0.0,0.0,0.0,0.0,0.0,0.0,0.0,0.0,0.0,0.0,0.0,0.0,0.0,0.0,0.0,0.0,0.0,0.0,0.0,0.0,0.0,0.0,0.0,0.0,0.0,0.0,0.0,0.0,0.0,0.0,0.0,0.0,0.0,0.0,0.0,0.0,0.0,0.0,0.0,0.0,0.0,0.0,0.0,0.0,0.0,0.0,0.0,0.0,0.0,0.0,0.0,0.0,0.0,0.0,0.0
441251,0.0,0.0,0.0,0.0,0.0,0.0,0.0,0.0,0.0,0.0,0.0,0.0,0.0,0.0,0.0,0.0,0.0,0.0,0.0,20.0,2.0,5.265262031555176,12.0,1.0,3.0,18.0,4.0,66.0,18.0,8.0,0.0,6461.880126953125,1229.1199645996094,19154.81005859375,2386.0498962402344,14583.620361328125,101.0,142.0,14.0,4.0,1.0,9.0,0.0,0.0,0.0,0.0,0.0,0.0,0.0,0.0,0.0,0.0,0.0,0.0,0.0,1.0,0.0,97.0,7.0,12.0,33.0,17.0,8.0,14.0,57.0,13.0,6.0,3.0,5.0,1.0,51.0,34.0,25.0,31.0,46.0,3.0,6.0,0.0,25.0,4.0,481.0,221.0,11.0,52.0,58.0,53.0,17.0,146.0,163.0,0.0,0.0,221.0,181.0,0.0,0.0,72.0,49.0,10.0,6.0,68.0,137.0,74.0,0.0,556.0,206.0,0.0,2.0,10.0,0.8610363602638245,28.0,399.23064999999997,33.967193603515625,43815.48046875,0.0,1.0
441252,0.0,5.0,0.0,1.0,0.0,1.0,1.0,0.0,0.0,2.0,1.0,0.0,0.0,4.0,2.0,2.0,2.0,1.0,0.0,7.0,2.0,6.276806163787842,5.0,2.0,2.0,24.0,6.0,52.0,16.0,7.0,0.0,8209.390258789062,1670.0599822998047,20624.4697265625,3485.3998413085938,19468.81005859375,87.0,138.0,12.0,5.0,4.0,7.0,0.0,0.0,0.0,0.0,0.0,0.0,0.0,0.0,0.0,0.0,0.0,0.0,2.0,0.0,0.0,124.0,6.0,9.0,34.0,25.0,17.0,19.0,82.0,17.0,9.0,2.0,5.0,6.0,73.0,48.0,37.0,52.0,62.0,4.0,4.0,3.0,39.0,5.0,509.0,251.0,24.0,53.0,50.0,73.0,39.0,137.0,176.0,0.0,0.0,240.0,184.0,0.0,0.0,73.0,47.0,8.0,12.0,76.0,125.0,88.0,0.0,683.0,264.0,0.0,0.0,3.0,1.4755488336086273,57.0,511.18878333333333,35.07826614379883,53458.1298828125,0.18312240671366453,1.0
441255,0.0,0.0,0.0,0.0,0.0,0.0,0.0,,0.0,0.0,0.0,0.0,0.0,0.0,0.0,0.0,0.0,0.0,0.0,0.0,0.0,0.0,0.0,0.0,0.0,0.0,0.0,0.0,0.0,0.0,0.0,0.0,0.0,0.0,0.0,0.0,0.0,0.0,0.0,0.0,0.0,0.0,,,0.0,0.0,0.0,0.0,0.0,0.0,0.0,0.0,0.0,0.0,0.0,0.0,0.0,0.0,0.0,0.0,0.0,0.0,0.0,0.0,0.0,0.0,0.0,0.0,0.0,0.0,0.0,0.0,0.0,0.0,0.0,0.0,0.0,0.0,0.0,0.0,0.0,0.0,0.0,0.0,0.0,0.0,0.0,0.0,0.0,0.0,0.0,0.0,0.0,0.0,0.0,0.0,0.0,0.0,0.0,0.0,0.0,0.0,0.0,0.0,0.0,0.0,0.0,0.0,0.0,0.0,0.0,0.0,0.0,0.0,0.0
441257,0.0,18.0,0.0,3.0,0.0,1.0,3.0,1.0,1.0,5.0,7.0,0.0,1.0,13.0,9.0,6.0,9.0,5.0,0.0,2.0,1.0,6.611299228668213,1.0,1.0,0.0,6.0,0.0,227.0,21.0,1.0,0.0,7539.909912109375,1093.9599914550781,22187.430908203125,3080.510009765625,18312.47021484375,48.0,83.0,45.0,5.0,5.0,1.0,0.0,0.0,0.0,0.0,0.0,0.0,0.0,0.0,3.0,0.0,3.0,0.0,0.0,0.0,0.0,33.0,4.0,1.0,5.0,3.0,0.0,0.0,18.0,10.0,6.0,4.0,5.0,1.0,18.0,9.0,6.0,12.0,20.0,2.0,1.0,0.0,9.0,5.0,307.0,167.0,24.0,64.0,117.0,28.0,133.0,76.0,209.0,0.0,0.0,103.0,76.0,0.0,0.0,74.0,93.0,11.0,17.0,80.0,66.0,97.0,0.0,667.0,256.0,0.0,1.0,1.0,11.683776259422302,1.0,475.85498333333334,32.34904098510742,52214.2802734375,2.709547206759453,1.0
441258,0.0,2.0,0.0,2.0,0.0,0.0,0.0,1.0,0.0,0.0,1.0,0.0,0.0,1.0,0.0,0.0,0.0,1.0,0.0,4.0,0.0,2.514708232879639,3.0,0.0,0.0,2.0,0.0,25.0,5.0,4.0,0.0,2287.3698120117188,172.8999900817871,7759.319580078125,750.4200744628906,6005.02001953125,41.0,57.0,8.0,1.0,3.0,4.0,0.0,0.0,0.0,0.0,0.0,0.0,0.0,0.0,0.0,0.0,0.0,0.0,0.0,0.0,0.0,38.0,0.0,5.0,7.0,5.0,2.0,2.0,28.0,0.0,0.0,0.0,0.0,0.0,31.0,23.0,20.0,26.0,20.0,0.0,3.0,0.0,12.0,2.0,238.0,89.0,8.0,3.0,24.0,25.0,36.0,16.0,52.0,0.0,0.0,108.0,93.0,0.0,0.0,18.0,14.0,0.0,3.0,35.0,82.0,38.0,0.0,198.0,44.0,0.0,1.0,2.0,0.7782815545797348,0.0,160.94411666666667,28.48234748840332,16975.02978515625,0.037951541133224964,0.0
441259,0.0,1.0,0.0,0.0,0.0,0.0,0.0,0.0,0.0,0.0,1.0,0.0,0.0,1.0,0.0,1.0,0.0,0.0,0.0,15.0,0.0,3.9338765144348145,5.0,0.0,0.0,10.0,2.0,44.0,12.0,0.0,0.0,2812.5899658203125,762.0300140380859,7513.27001953125,1306.179946899414,6782.5396728515625,40.0,65.0,3.0,3.0,1.0,0.0,0.0,0.0,0.0,0.0,0.0,0.0,0.0,0.0,0.0,0.0,0.0,0.0,1.0,0.0,0.0,27.0,1.0,1.0,3.0,1.0,1.0,1.0,14.0,8.0,4.0,3.0,6.0,1.0,16.0,9.0,8.0,13.0,15.0,0.0,0.0,1.0,10.0,3.0,166.0,80.0,7.0,36.0,35.0,4.0,19.0,56.0,75.0,0.0,0.0,67.0,50.0,0.0,0.0,31.0,33.0,4.0,1.0,25.0,56.0,26.0,0.0,243.0,114.0,1.0,2.0,4.0,1.8945232033729553,7.0,176.42931666666667,33.8045539855957,19176.6103515625,0.04414826259016991,1.0
441260,0.0,0.0,0.0,0.0,0.0,0.0,0.0,,0.0,0.0,0.0,0.0,0.0,0.0,0.0,0.0,0.0,0.0,0.0,0.0,0.0,0.0,0.0,0.0,0.0,0.0,0.0,0.0,0.0,0.0,0.0,0.0,0.0,0.0,0.0,0.0,0.0,0.0,0.0,0.0,0.0,0.0,,,0.0,0.0,0.0,0.0,0.0,0.0,0.0,0.0,0.0,0.0,0.0,0.0,0.0,0.0,0.0,0.0,0.0,0.0,0.0,0.0,0.0,0.0,0.0,0.0,0.0,0.0,0.0,0.0,0.0,0.0,0.0,0.0,0.0,0.0,0.0,1.0,0.0,0.0,0.0,0.0,0.0,0.0,0.0,0.0,0.0,0.0,0.0,0.0,0.0,0.0,0.0,0.0,0.0,0.0,0.0,0.0,0.0,0.0,0.0,0.0,0.0,0.0,0.0,0.0,0.0,0.0,41.7447,0.0,0.0,0.0,0.0
441261,0.0,2.0,0.0,0.0,0.0,0.0,0.0,0.0,0.0,1.0,0.0,0.0,0.0,2.0,0.0,1.0,0.0,0.0,0.0,0.0,6.0,5.158715915679932,0.0,4.0,0.0,2.0,1.0,11.0,2.0,6.0,0.0,3083.640121459961,311.40000915527344,10819.410400390625,935.0299758911133,9674.149780273438,49.0,58.0,3.0,1.0,0.0,6.0,0.0,0.0,0.0,0.0,0.0,0.0,0.0,3.0,0.0,0.0,0.0,0.0,1.0,0.0,0.0,40.0,2.0,8.0,22.0,16.0,10.0,12.0,27.0,2.0,0.0,0.0,0.0,0.0,16.0,11.0,5.0,6.0,23.0,0.0,6.0,0.0,16.0,4.0,206.0,89.0,8.0,7.0,12.0,32.0,9.0,42.0,51.0,0.0,0.0,102.0,93.0,0.0,0.0,22.0,2.0,1.0,2.0,26.0,63.0,28.0,0.0,272.0,65.0,2.0,0.0,0.0,0.17174365418031812,7.0,237.23881666666668,30.176332473754883,24823.62939453125,0.05870960280299187,0.0
441307,0.0,5.0,0.0,1.0,0.0,0.0,0.0,2.0,0.0,2.0,1.0,0.0,0.0,1.0,1.0,1.0,3.0,4.0,2.0,29.0,3.0,6.592764377593994,17.0,3.0,2.0,6.0,2.0,199.0,17.0,1.0,0.0,7799.789794921875,1171.2499694824219,23436.41015625,3698.5800018310547,17347.160217285156,184.0,235.0,26.0,3.0,7.0,1.0,0.0,0.0,0.0,0.0,0.0,0.0,0.0,0.0,2.0,0.0,1.0,1.0,0.0,0.0,0.0,104.0,10.0,1.0,25.0,19.0,13.0,14.0,80.0,17.0,11.0,2.0,4.0,3.0,62.0,50.0,41.0,48.0,62.0,6.0,0.0,3.0,45.0,6.0,683.0,216.0,18.0,51.0,144.0,121.0,177.0,139.0,316.0,0.0,0.0,315.0,281.0,0.0,0.0,157.0,81.0,2.0,9.0,117.0,217.0,126.0,0.0,654.0,266.0,1.0,4.0,8.0,3.4892125725746155,1.0,477.21636666666666,33.265472412109375,53453.191162109375,0.3262738659977913,1.0
441313,0.0,0.0,0.0,0.0,0.0,0.0,0.0,,0.0,0.0,0.0,0.0,0.0,0.0,0.0,0.0,0.0,0.0,0.0,0.0,0.0,2.7663829922676086,0.0,0.0,0.0,0.0,0.0,0.0,0.0,10.0,0.0,346.26999282836914,6.71999979019165,3785.489990234375,87.73999977111816,14683.47998046875,6.0,19.0,0.0,0.0,0.0,16.0,0.0,0.0,83.0,70.0,1.5555555820465088,15.0,12.0,23.0,0.0,0.0,0.0,0.0,0.0,6.0,0.0,86.0,5.0,25.0,42.0,12.0,8.0,12.0,18.0,5.0,0.0,0.0,0.0,0.0,39.0,6.0,2.0,9.0,19.0,0.0,4.0,0.0,1.0,4.0,248.0,142.0,4.0,0.0,0.0,30.0,17.0,13.0,30.0,0.0,0.0,139.0,94.0,0.0,0.0,16.0,0.0,0.0,0.0,5.0,81.0,5.0,0.0,37.0,7.0,0.0,0.0,0.0,0.1057249940931797,0.0,409.64515,26.74077606201172,18909.7001953125,0.0,0.0
441316,0.0,11.0,0.0,0.0,0.0,0.0,5.0,1.0,1.0,2.0,2.0,1.0,0.0,7.0,2.0,8.0,3.0,4.0,1.0,8.0,0.0,6.071197867393494,3.0,0.0,0.0,2.0,0.0,118.0,5.0,3.0,0.0,4484.049865722656,786.2800140380859,15492.2802734375,1868.3200073242188,18850.33935546875,49.0,75.0,11.0,5.0,9.0,3.0,0.0,0.0,0.0,0.0,0.0,0.0,0.0,0.0,3.0,0.0,2.0,1.0,2.0,0.0,0.0,15.0,1.0,0.0,2.0,1.0,1.0,1.0,9.0,5.0,2.0,2.0,4.0,0.0,8.0,6.0,6.0,7.0,8.0,0.0,0.0,0.0,5.0,4.0,195.0,111.0,13.0,52.0,64.0,11.0,103.0,24.0,127.0,1.0,0.0,69.0,60.0,1.0,1.0,36.0,50.0,3.0,9.0,72.0,21.0,81.0,0.0,384.0,140.0,0.0,0.0,1.0,5.884992957115173,1.0,409.64515,33.414371490478516,41481.2705078125,1.789876576513052,0.0
441317,0.0,1.0,0.0,0.0,0.0,0.0,1.0,,0.0,0.0,0.0,0.0,0.0,1.0,0.0,1.0,0.0,0.0,0.0,4.0,0.0,3.4442163705825806,1.0,0.0,1.0,2.0,0.0,19.0,2.0,1.0,0.0,694.4000244140625,43.989999771118164,2489.239990234375,310.19000244140625,1939.22998046875,9.0,15.0,1.0,0.0,1.0,1.0,,,0.0,0.0,0.0,0.0,0.0,0.0,0.0,0.0,0.0,0.0,0.0,0.0,0.0,8.0,1.0,0.0,1.0,0.0,0.0,0.0,3.0,2.0,0.0,0.0,1.0,0.0,5.0,3.0,3.0,4.0,6.0,0.0,0.0,0.0,2.0,2.0,40.0,24.0,1.0,5.0,2.0,1.0,6.0,2.0,8.0,0.0,0.0,13.0,9.0,0.0,0.0,3.0,6.0,0.0,1.0,10.0,10.0,11.0,0.0,55.0,24.0,2.0,0.0,0.0,2.0060585737228394,0.0,47.57573333333333,32.042423248291016,5477.0498046875,0.03803693875670433,0.0
441333,0.0,0.0,0.0,0.0,0.0,0.0,0.0,0.0,0.0,0.0,0.0,0.0,0.0,0.0,0.0,0.0,0.0,0.0,0.0,3.0,2.0,5.743001580238342,1.0,2.0,0.0,3.0,0.0,63.0,18.0,9.0,0.0,4165.22998046875,727.6100006103516,16024.909423828125,1946.3300476074219,16833.89990234375,59.0,77.0,10.0,2.0,2.0,9.0,0.0,0.0,0.0,0.0,0.0,0.0,0.0,0.0,0.0,0.0,0.0,0.0,0.0,0.0,0.0,80.0,4.0,13.0,34.0,22.0,15.0,17.0,50.0,6.0,2.0,0.0,0.0,2.0,40.0,26.0,18.0,21.0,32.0,1.0,6.0,1.0,19.0,4.0,378.0,171.0,5.0,15.0,23.0,23.0,4.0,57.0,61.0,0.0,0.0,182.0,156.0,0.0,0.0,23.0,7.0,2.0,4.0,31.0,128.0,35.0,0.0,365.0,158.0,0.0,0.0,1.0,0.10990534909069538,20.0,414.31466666666665,33.226585388183594,39697.98046875,0.0,0.0
441336,0.0,0.0,0.0,0.0,0.0,0.0,0.0,,0.0,0.0,0.0,0.0,0.0,0.0,0.0,0.0,0.0,0.0,0.0,0.0,0.0,0.0,0.0,0.0,0.0,0.0,0.0,0.0,0.0,0.0,0.0,0.0,0.0,0.0,0.0,0.0,0.0,0.0,0.0,0.0,0.0,0.0,,,0.0,0.0,0.0,0.0,0.0,0.0,0.0,0.0,0.0,0.0,0.0,0.0,0.0,0.0,0.0,0.0,0.0,0.0,0.0,0.0,0.0,0.0,0.0,0.0,0.0,0.0,0.0,0.0,0.0,0.0,0.0,0.0,0.0,0.0,0.0,0.0,0.0,0.0,0.0,0.0,0.0,0.0,0.0,0.0,0.0,0.0,0.0,0.0,0.0,0.0,0.0,0.0,0.0,0.0,0.0,0.0,0.0,0.0,0.0,0.0,0.0,0.0,0.0,0.0,0.0,0.0,0.0,0.0,0.0,0.0,0.0
441341,0.0,0.0,0.0,0.0,0.0,0.0,0.0,,0.0,0.0,0.0,0.0,0.0,0.0,0.0,0.0,0.0,0.0,0.0,3.0,0.0,5.072413325309753,3.0,0.0,0.0,4.0,1.0,55.0,10.0,1.0,0.0,3028.179931640625,213.95000457763672,8671.609985351562,1062.97998046875,5852.3497314453125,32.0,43.0,5.0,2.0,0.0,2.0,0.0,0.0,0.0,0.0,0.0,0.0,0.0,0.0,0.0,0.0,0.0,0.0,0.0,1.0,0.0,12.0,1.0,1.0,5.0,3.0,3.0,3.0,6.0,1.0,0.0,0.0,0.0,0.0,6.0,3.0,3.0,4.0,6.0,0.0,0.0,0.0,3.0,3.0,134.0,62.0,1.0,8.0,9.0,19.0,23.0,13.0,36.0,0.0,0.0,58.0,50.0,0.0,0.0,14.0,7.0,2.0,9.0,32.0,24.0,41.0,0.0,262.0,74.0,1.0,2.0,2.0,0.40600888058543205,1.0,166.80685,29.170513153076172,18829.0703125,0.0,0.0
441342,0.0,3.0,0.0,0.0,1.0,0.0,0.0,0.0,0.0,1.0,1.0,0.0,0.0,1.0,0.0,3.0,0.0,2.0,0.0,22.0,1.0,6.211441278457642,11.0,1.0,2.0,7.0,1.0,50.0,5.0,1.0,0.0,2578.7399291992188,451.5600128173828,6319.9600830078125,1156.6399993896484,6309.719970703125,22.0,43.0,11.0,1.0,8.0,1.0,0.0,0.0,0.0,0.0,0.0,0.0,0.0,0.0,0.0,0.0,0.0,0.0,0.0,0.0,0.0,28.0,4.0,1.0,9.0,4.0,2.0,4.0,14.0,8.0,4.0,2.0,3.0,1.0,11.0,6.0,4.0,5.0,22.0,2.0,0.0,0.0,14.0,4.0,90.0,61.0,4.0,19.0,23.0,3.0,4.0,41.0,45.0,0.0,0.0,22.0,18.0,0.0,0.0,20.0,24.0,3.0,0.0,38.0,12.0,38.0,0.0,211.0,93.0,4.0,0.0,7.0,1.359874203801155,2.0,163.103,32.85761260986328,16816.6201171875,0.09803635440766811,1.0
441350,0.0,0.0,0.0,0.0,0.0,0.0,0.0,0.0,0.0,0.0,0.0,0.0,0.0,0.0,0.0,0.0,0.0,0.0,0.0,2.0,1.0,5.54830014705658,2.0,1.0,0.0,0.0,0.0,54.0,8.0,0.0,0.0,2984.1800537109375,231.1300163269043,8362.72998046875,1167.949951171875,4727.109680175781,51.0,53.0,6.0,4.0,1.0,0.0,0.0,0.0,0.0,0.0,0.0,0.0,0.0,0.0,0.0,0.0,0.0,0.0,0.0,0.0,0.0,27.0,4.0,0.0,7.0,6.0,3.0,3.0,23.0,4.0,3.0,0.0,0.0,0.0,16.0,14.0,11.0,12.0,18.0,3.0,0.0,0.0,17.0,3.0,186.0,71.0,6.0,17.0,24.0,30.0,32.0,39.0,71.0,0.0,0.0,86.0,83.0,0.0,0.0,21.0,5.0,1.0,3.0,26.0,59.0,29.0,0.0,248.0,79.0,1.0,2.0,1.0,0.8684421330690384,0.0,143.15391666666665,29.79990005493164,17473.099609375,0.0,1.0
441362,0.0,0.0,0.0,0.0,0.0,0.0,0.0,,0.0,0.0,0.0,0.0,0.0,0.0,0.0,0.0,0.0,0.0,0.0,0.0,0.0,2.4228014945983887,0.0,0.0,0.0,0.0,0.0,10.0,3.0,1.0,0.0,580.4500122070312,74.1500015258789,1658.969970703125,196.6300048828125,868.77001953125,1.0,2.0,3.0,0.0,1.0,1.0,,,0.0,0.0,0.0,0.0,0.0,0.0,0.0,0.0,0.0,0.0,0.0,0.0,0.0,3.0,1.0,0.0,1.0,0.0,0.0,0.0,0.0,1.0,0.0,0.0,0.0,0.0,1.0,0.0,0.0,0.0,3.0,0.0,0.0,0.0,0.0,1.0,8.0,4.0,0.0,6.0,8.0,3.0,13.0,4.0,17.0,0.0,0.0,4.0,3.0,0.0,0.0,3.0,0.0,0.0,0.0,3.0,1.0,3.0,0.0,38.0,18.0,1.0,0.0,0.0,0.165388286113739,0.0,27.907433333333344,28.55512046813965,3378.969970703125,0.0,0.0
441402,0.0,0.0,0.0,0.0,0.0,0.0,0.0,,0.0,0.0,0.0,0.0,0.0,0.0,0.0,0.0,0.0,0.0,0.0,0.0,0.0,0.0,0.0,0.0,0.0,0.0,0.0,0.0,0.0,0.0,0.0,0.0,0.0,0.0,0.0,0.0,0.0,0.0,0.0,0.0,0.0,0.0,,,0.0,0.0,0.0,0.0,0.0,0.0,0.0,0.0,0.0,0.0,0.0,0.0,0.0,0.0,0.0,0.0,0.0,0.0,0.0,0.0,0.0,0.0,0.0,0.0,0.0,0.0,0.0,0.0,0.0,0.0,0.0,0.0,0.0,0.0,0.0,0.0,0.0,0.0,0.0,0.0,0.0,0.0,0.0,0.0,0.0,0.0,0.0,0.0,0.0,0.0,0.0,0.0,0.0,0.0,0.0,0.0,0.0,0.0,0.0,0.0,0.0,0.0,0.0,0.0,0.0,0.0,0.0,0.0,0.0,0.0,0.0
441422,0.0,1.0,0.0,0.0,0.0,0.0,0.0,0.0,0.0,1.0,0.0,0.0,0.0,0.0,0.0,1.0,0.0,1.0,0.0,3.0,2.0,1.740001916885376,1.0,2.0,0.0,1.0,0.0,44.0,6.0,0.0,0.0,1312.8199157714844,208.4199981689453,4134.1199951171875,442.0199966430664,3092.0900268554688,50.0,56.0,7.0,2.0,1.0,0.0,0.0,0.0,0.0,0.0,0.0,0.0,0.0,0.0,0.0,0.0,0.0,0.0,0.0,0.0,0.0,10.0,1.0,0.0,2.0,2.0,1.0,1.0,10.0,2.0,2.0,1.0,1.0,0.0,6.0,6.0,5.0,5.0,10.0,1.0,0.0,0.0,10.0,2.0,125.0,39.0,2.0,7.0,47.0,19.0,50.0,23.0,73.0,0.0,0.0,56.0,54.0,0.0,0.0,33.0,12.0,0.0,2.0,49.0,12.0,51.0,0.0,110.0,39.0,1.0,1.0,1.0,0.9555516242980957,0.0,81.52016666666668,31.068119049072266,9189.4697265625,0.08212576806545258,0.0
441622,0.0,2.0,0.0,0.0,0.0,2.0,0.0,0.0,0.0,0.0,0.0,0.0,0.0,2.0,0.0,2.0,0.0,0.0,0.0,4.0,12.0,4.873304653167724,4.0,12.0,0.0,0.0,0.0,29.0,12.0,9.0,0.0,3982.5101318359375,576.0900039672852,16339.560302734375,1333.3499298095703,21591.550537109375,65.0,82.0,11.0,5.0,0.0,9.0,0.0,0.0,0.0,0.0,0.0,0.0,0.0,0.0,0.0,0.0,0.0,0.0,2.0,0.0,0.0,81.0,6.0,16.0,42.0,29.0,19.0,20.0,48.0,6.0,1.0,0.0,0.0,0.0,33.0,18.0,8.0,11.0,45.0,1.0,9.0,0.0,22.0,5.0,605.0,211.0,15.0,0.0,1.0,23.0,5.0,19.0,24.0,0.0,0.0,285.0,262.0,0.0,0.0,13.0,4.0,0.0,8.0,32.0,240.0,40.0,0.0,350.0,115.0,0.0,1.0,1.0,0.3062337674200535,0.0,538.5115333333333,34.09806823730469,43823.0595703125,0.10776541754603386,1.0
441623,0.0,3.0,0.0,0.0,0.0,0.0,0.0,0.0,0.0,2.0,1.0,0.0,0.0,0.0,0.0,2.0,1.0,3.0,1.0,3.0,1.0,6.398842175801595,3.0,0.0,0.0,0.0,0.0,40.0,17.0,1.0,0.0,2571.0601196289062,211.06999969482422,9541.66015625,941.9199523925781,7841.6800537109375,66.0,83.0,3.0,1.0,0.0,1.0,0.0,0.0,0.0,0.0,0.0,0.0,0.0,0.0,0.0,0.0,0.0,0.0,0.0,0.0,0.0,43.0,2.0,5.0,10.0,6.0,3.0,3.0,28.0,4.0,2.0,1.0,1.0,1.0,29.0,20.0,16.0,21.0,25.0,0.0,3.0,1.0,15.0,3.0,296.0,102.0,13.0,1.0,20.0,72.0,73.0,20.0,93.0,0.0,0.0,136.0,118.0,0.0,0.0,45.0,4.0,0.0,4.0,57.0,81.0,61.0,0.0,239.0,72.0,0.0,3.0,0.0,0.37901151832193136,0.0,197.5157,31.818552017211914,21107.39013671875,0.08611596375703812,0.0
442428,0.0,0.0,0.0,0.0,0.0,0.0,0.0,0.0,0.0,0.0,0.0,0.0,0.0,0.0,0.0,0.0,0.0,0.0,0.0,1.0,0.0,2.113182544708252,0.0,0.0,0.0,1.0,0.0,16.0,5.0,2.0,0.0,1107.1600341796875,178.1000213623047,3665.469970703125,340.739990234375,3069.919921875,16.0,19.0,1.0,2.0,4.0,2.0,0.0,0.0,0.0,0.0,0.0,0.0,0.0,0.0,0.0,0.0,0.0,0.0,0.0,0.0,0.0,14.0,1.0,2.0,8.0,7.0,5.0,5.0,11.0,1.0,1.0,0.0,0.0,0.0,5.0,3.0,1.0,2.0,5.0,1.0,1.0,0.0,5.0,1.0,83.0,31.0,2.0,2.0,9.0,15.0,1.0,25.0,26.0,0.0,0.0,42.0,38.0,0.0,0.0,11.0,2.0,0.0,0.0,5.0,29.0,5.0,0.0,103.0,30.0,0.0,1.0,0.0,0.024360254406929016,8.0,79.13776666666668,32.403114318847656,8361.390625,0.0,1.0
442429,0.0,0.0,0.0,0.0,0.0,0.0,0.0,,0.0,0.0,0.0,0.0,0.0,0.0,0.0,0.0,0.0,0.0,0.0,0.0,0.0,0.0,0.0,0.0,0.0,0.0,0.0,0.0,0.0,0.0,0.0,0.0,0.0,0.0,0.0,0.0,0.0,0.0,0.0,0.0,0.0,0.0,,,0.0,0.0,0.0,0.0,0.0,0.0,0.0,0.0,0.0,0.0,0.0,0.0,0.0,0.0,0.0,0.0,0.0,0.0,0.0,0.0,0.0,0.0,0.0,0.0,0.0,0.0,0.0,0.0,0.0,0.0,0.0,0.0,0.0,0.0,0.0,0.0,0.0,0.0,0.0,0.0,0.0,0.0,0.0,0.0,0.0,0.0,0.0,0.0,0.0,0.0,0.0,0.0,0.0,0.0,0.0,0.0,0.0,0.0,0.0,0.0,0.0,0.0,0.0,0.0,0.0,0.0,0.0,0.0,0.0,0.0,0.0
442430,0.0,0.0,0.0,0.0,0.0,0.0,0.0,,0.0,0.0,0.0,0.0,0.0,0.0,0.0,0.0,0.0,0.0,0.0,0.0,0.0,0.0,0.0,0.0,0.0,0.0,0.0,0.0,0.0,0.0,0.0,0.0,0.0,0.0,0.0,0.0,0.0,0.0,0.0,0.0,0.0,0.0,,,0.0,0.0,0.0,0.0,0.0,0.0,0.0,0.0,0.0,0.0,0.0,0.0,0.0,0.0,0.0,0.0,0.0,0.0,0.0,0.0,0.0,0.0,0.0,0.0,0.0,0.0,0.0,0.0,0.0,0.0,0.0,0.0,0.0,0.0,0.0,0.0,0.0,0.0,0.0,0.0,0.0,0.0,0.0,0.0,0.0,0.0,0.0,0.0,0.0,0.0,0.0,0.0,0.0,0.0,0.0,0.0,0.0,0.0,0.0,0.0,0.0,0.0,0.0,0.0,0.0,0.0,0.0,0.0,0.0,0.0,0.0
442431,0.0,0.0,0.0,0.0,0.0,0.0,0.0,,0.0,0.0,0.0,0.0,0.0,0.0,0.0,0.0,0.0,0.0,0.0,0.0,1.0,1.86505126953125,0.0,1.0,0.0,0.0,0.0,3.0,3.0,0.0,0.0,695.1699829101562,103.91000366210938,4397.599609375,231.30001831054688,4170.75,6.0,9.0,3.0,0.0,0.0,0.0,,,0.0,0.0,0.0,0.0,0.0,1.0,0.0,0.0,0.0,0.0,0.0,0.0,0.0,12.0,1.0,1.0,7.0,6.0,5.0,5.0,9.0,1.0,0.0,0.0,0.0,0.0,4.0,3.0,2.0,2.0,5.0,0.0,1.0,0.0,2.0,1.0,105.0,29.0,1.0,0.0,0.0,0.0,0.0,0.0,0.0,0.0,0.0,52.0,49.0,0.0,0.0,0.0,1.0,0.0,1.0,3.0,47.0,4.0,0.0,63.0,17.0,0.0,0.0,0.0,0.11393846571445465,0.0,102.90988333333334,29.97492218017578,9598.73046875,0.0,0.0
442433,0.0,0.0,0.0,0.0,0.0,0.0,0.0,,0.0,0.0,0.0,0.0,0.0,0.0,0.0,0.0,0.0,0.0,0.0,0.0,0.0,3.095592180887858,0.0,0.0,0.0,0.0,0.0,5.0,0.0,0.0,0.0,296.7999572753906,26.869998931884766,535.47998046875,89.33999633789062,208.6499786376953,0.0,0.0,0.0,0.0,0.0,0.0,,,0.0,0.0,0.0,0.0,0.0,0.0,0.0,0.0,0.0,0.0,0.0,0.0,0.0,0.0,0.0,0.0,0.0,0.0,0.0,0.0,0.0,0.0,0.0,0.0,0.0,0.0,0.0,0.0,0.0,0.0,0.0,0.0,0.0,0.0,0.0,1.0,0.0,0.0,0.0,1.0,1.0,0.0,1.0,1.0,2.0,0.0,0.0,0.0,0.0,0.0,0.0,0.0,0.0,0.0,0.0,0.0,0.0,0.0,0.0,22.0,7.0,1.0,0.0,0.0,2.675769090652466,0.0,7.737799999999993,27.61821746826172,1157.1400146484375,0.0,0.0
442434,0.0,2.0,0.0,0.0,0.0,0.0,0.0,1.0,1.0,1.0,0.0,0.0,0.0,0.0,0.0,0.0,1.0,2.0,1.0,4.0,1.0,7.158519744873047,3.0,1.0,8.0,9.0,1.0,87.0,28.0,12.0,0.0,5486.780029296875,644.6500091552734,19282.66015625,1595.0600280761719,9565.859619140625,56.0,69.0,15.0,5.0,10.0,12.0,0.0,0.0,0.0,0.0,0.0,0.0,0.0,0.0,0.0,0.0,0.0,0.0,0.0,0.0,0.0,63.0,2.0,2.0,26.0,23.0,22.0,22.0,48.0,3.0,1.0,1.0,1.0,0.0,34.0,24.0,23.0,30.0,22.0,0.0,1.0,0.0,16.0,3.0,427.0,148.0,9.0,1.0,73.0,136.0,146.0,64.0,210.0,0.0,0.0,201.0,185.0,0.0,0.0,100.0,1.0,0.0,1.0,43.0,152.0,44.0,0.0,451.0,119.0,0.0,0.0,0.0,0.11299309879541397,0.0,306.7999,31.12575340270996,36575.009765625,0.08860969543457031,0.0
442736,0.0,0.0,0.0,0.0,,,,,0.0,,,,,0.0,0.0,0.0,0.0,0.0,0.0,,,,,,0.0,0.0,0.0,,,0.0,0.0,,,,,,,,,0.0,0.0,0.0,,,,,0.0,0.0,0.0,0.0,0.0,0.0,0.0,0.0,0.0,0.0,0.0,,,,,,,,,,,,,,,,,,,,,,,1.0,,,,,,,,,,0.0,0.0,0.0,0.0,0.0,0.0,,,,,,,,0.0,,,0.0,0.0,,,0.0,,,,,1.0
447853,0.0,0.0,0.0,0.0,0.0,0.0,0.0,,0.0,0.0,0.0,0.0,0.0,0.0,0.0,0.0,0.0,0.0,0.0,0.0,0.0,0.0,0.0,0.0,0.0,0.0,0.0,0.0,0.0,0.0,0.0,0.0,0.0,0.0,0.0,0.0,0.0,0.0,0.0,0.0,0.0,0.0,,,0.0,0.0,0.0,0.0,0.0,0.0,0.0,0.0,0.0,0.0,0.0,0.0,0.0,0.0,0.0,0.0,0.0,0.0,0.0,0.0,0.0,0.0,0.0,0.0,0.0,0.0,0.0,0.0,0.0,0.0,0.0,0.0,0.0,0.0,0.0,0.0,0.0,0.0,0.0,0.0,0.0,0.0,0.0,0.0,0.0,0.0,0.0,0.0,0.0,0.0,0.0,0.0,0.0,0.0,0.0,0.0,0.0,0.0,0.0,0.0,0.0,0.0,0.0,0.0,0.0,0.0,0.0,0.0,0.0,0.0,0.0
447855,1.0,4.0,0.0,1.0,1.0,0.0,0.0,0.0,0.0,0.0,3.0,0.0,0.0,2.0,1.0,1.0,2.0,2.0,1.0,13.0,0.0,5.024745166301727,6.0,0.0,3.0,9.0,2.0,42.0,1.0,0.0,0.0,2108.300033569336,636.8600082397461,6357.910339355469,1222.7200012207031,6317.9599609375,42.0,65.0,11.0,2.0,1.0,0.0,0.0,0.0,0.0,0.0,0.0,0.0,0.0,0.0,0.0,0.0,0.0,0.0,1.0,0.0,0.0,12.0,0.0,1.0,1.0,0.0,0.0,0.0,8.0,6.0,5.0,4.0,5.0,1.0,5.0,3.0,2.0,3.0,11.0,0.0,0.0,1.0,7.0,6.0,139.0,67.0,9.0,63.0,34.0,9.0,44.0,62.0,106.0,1.0,0.0,50.0,45.0,0.0,0.0,31.0,49.0,5.0,9.0,25.0,40.0,34.0,0.0,185.0,116.0,6.0,0.0,4.0,11.570110201835632,1.0,159.79630000000003,33.89324951171875,16643.75048828125,0.5620175413787365,0.0
447860,1.0,12.0,0.0,4.0,1.0,0.0,1.0,2.0,2.0,3.0,4.0,0.0,1.0,4.0,2.0,3.0,5.0,8.0,3.0,14.0,2.0,5.581234574317932,8.0,2.0,28.0,44.0,8.0,152.0,25.0,9.0,0.0,7520.749938964844,1284.6700439453125,21743.4296875,3236.3199462890625,21615.71044921875,122.0,179.0,24.0,13.0,8.0,9.0,,,0.0,0.0,0.0,0.0,0.0,0.0,1.0,0.0,1.0,0.0,0.0,0.0,0.0,75.0,8.0,1.0,10.0,8.0,1.0,1.0,52.0,18.0,12.0,6.0,10.0,0.0,47.0,32.0,25.0,38.0,47.0,6.0,1.0,0.0,32.0,7.0,554.0,263.0,30.0,151.0,138.0,43.0,180.0,152.0,332.0,2.0,0.0,218.0,178.0,0.0,0.0,89.0,141.0,13.0,9.0,93.0,157.0,102.0,0.0,626.0,264.0,0.0,7.0,5.0,8.656756103038788,3.0,522.9011166666667,34.04378890991211,55400.8779296875,0.4973717648535967,1.0
447864,0.0,0.0,0.0,0.0,0.0,0.0,0.0,,0.0,0.0,0.0,0.0,0.0,0.0,0.0,0.0,0.0,0.0,0.0,0.0,0.0,0.9782322645187378,0.0,0.0,0.0,0.0,0.0,4.0,0.0,0.0,0.0,56.61000061035156,14.65999984741211,112.30000305175781,23.979999542236328,44.04999923706055,0.0,0.0,0.0,0.0,0.0,0.0,,,0.0,0.0,0.0,0.0,0.0,0.0,0.0,0.0,0.0,0.0,0.0,0.0,0.0,0.0,0.0,0.0,0.0,0.0,0.0,0.0,0.0,0.0,0.0,0.0,0.0,0.0,0.0,0.0,0.0,0.0,0.0,0.0,0.0,0.0,0.0,1.0,1.0,1.0,0.0,0.0,0.0,0.0,0.0,0.0,0.0,0.0,0.0,0.0,0.0,0.0,0.0,0.0,1.0,0.0,0.0,0.0,1.0,0.0,0.0,6.0,2.0,1.0,0.0,0.0,0.235340878367424,0.0,1.8988000000000085,29.323524475097656,251.60000610351562,0.0,0.0
447866,0.0,1.0,0.0,1.0,0.0,0.0,0.0,,0.0,0.0,1.0,0.0,0.0,1.0,0.0,0.0,0.0,0.0,0.0,0.0,1.0,1.922737717628479,0.0,1.0,0.0,2.0,0.0,33.0,8.0,0.0,0.0,1353.9701232910156,255.8699951171875,5510.910095214844,557.2300033569336,3029.91015625,19.0,22.0,4.0,2.0,1.0,0.0,0.0,0.0,0.0,0.0,0.0,0.0,0.0,0.0,0.0,0.0,0.0,0.0,0.0,0.0,0.0,3.0,0.0,0.0,0.0,0.0,0.0,0.0,2.0,1.0,1.0,1.0,1.0,0.0,2.0,1.0,1.0,2.0,2.0,0.0,0.0,0.0,1.0,2.0,78.0,32.0,4.0,27.0,45.0,17.0,61.0,28.0,89.0,0.0,0.0,31.0,29.0,0.0,0.0,18.0,22.0,1.0,6.0,19.0,16.0,25.0,0.0,122.0,45.0,1.0,1.0,0.0,2.712110757827759,0.0,85.83313333333334,29.87909698486328,10707.890625,0.01003052107989788,0.0
447991,0.0,0.0,0.0,0.0,0.0,0.0,0.0,,0.0,0.0,0.0,0.0,0.0,0.0,0.0,0.0,0.0,0.0,0.0,0.0,0.0,0.0,0.0,0.0,0.0,0.0,0.0,0.0,0.0,0.0,0.0,0.0,0.0,0.0,0.0,0.0,0.0,0.0,0.0,0.0,0.0,0.0,,,0.0,0.0,0.0,0.0,0.0,0.0,0.0,0.0,0.0,0.0,0.0,0.0,0.0,0.0,0.0,0.0,0.0,0.0,0.0,0.0,0.0,0.0,0.0,0.0,0.0,0.0,0.0,0.0,0.0,0.0,0.0,0.0,0.0,0.0,0.0,0.0,0.0,0.0,0.0,0.0,0.0,0.0,0.0,0.0,0.0,0.0,0.0,0.0,0.0,0.0,0.0,0.0,0.0,0.0,0.0,0.0,0.0,0.0,0.0,0.0,0.0,0.0,0.0,0.0,0.0,0.0,0.0,0.0,0.0,0.0,0.0
448014,0.0,3.0,0.0,1.0,0.0,1.0,0.0,0.0,0.0,1.0,0.0,0.0,0.0,2.0,0.0,2.0,0.0,1.0,0.0,8.0,4.0,6.088272571563721,8.0,3.0,0.0,1.0,0.0,48.0,28.0,5.0,0.0,4785.920104980469,538.5299873352051,21079.00927734375,1805.7200317382812,16359.260498046875,87.0,120.0,12.0,5.0,4.0,6.0,0.0,0.0,0.0,0.0,0.0,0.0,0.0,0.0,0.0,0.0,0.0,0.0,2.0,1.0,0.0,105.0,8.0,9.0,53.0,39.0,30.0,36.0,69.0,10.0,6.0,1.0,1.0,1.0,42.0,24.0,14.0,24.0,52.0,4.0,5.0,1.0,37.0,4.0,448.0,189.0,11.0,4.0,10.0,41.0,16.0,39.0,55.0,0.0,0.0,221.0,177.0,0.0,0.0,29.0,9.0,0.0,4.0,59.0,134.0,63.0,0.0,424.0,142.0,0.0,0.0,1.0,0.3463467340916395,34.0,438.20265000000006,33.38263702392578,44568.439453125,0.13255065400153399,1.0
448015,0.0,4.0,0.0,0.0,2.0,0.0,0.0,0.0,0.0,0.0,2.0,0.0,0.0,2.0,1.0,3.0,1.0,2.0,0.0,24.0,0.0,5.162189722061157,15.0,0.0,7.0,13.0,3.0,64.0,4.0,3.0,0.0,3517.1498413085938,233.37999725341797,8590.77001953125,1295.5400390625,7065.2899169921875,52.0,86.0,11.0,1.0,2.0,3.0,,,0.0,0.0,0.0,0.0,0.0,0.0,0.0,0.0,0.0,0.0,0.0,0.0,0.0,24.0,0.0,1.0,1.0,0.0,0.0,0.0,14.0,9.0,5.0,4.0,8.0,1.0,14.0,9.0,8.0,12.0,22.0,0.0,0.0,1.0,12.0,3.0,188.0,98.0,8.0,17.0,52.0,6.0,43.0,32.0,75.0,0.0,0.0,66.0,52.0,0.0,0.0,32.0,58.0,1.0,8.0,62.0,29.0,70.0,0.0,322.0,94.0,1.0,2.0,11.0,2.237772822380066,0.0,180.0079166666667,29.847721099853516,20702.1298828125,0.28057433664798737,0.0
448051,0.0,0.0,0.0,0.0,0.0,0.0,0.0,,0.0,0.0,0.0,0.0,0.0,0.0,0.0,0.0,0.0,0.0,0.0,1.0,0.0,1.0919260025024413,1.0,0.0,0.0,1.0,0.0,4.0,3.0,0.0,0.0,459.1700134277344,46.84000015258789,1078.719970703125,249.0700225830078,1042.93994140625,10.0,11.0,1.0,1.0,0.0,0.0,0.0,0.0,0.0,0.0,0.0,0.0,0.0,0.0,0.0,0.0,0.0,0.0,0.0,0.0,0.0,9.0,0.0,0.0,0.0,0.0,0.0,0.0,9.0,1.0,1.0,0.0,0.0,1.0,8.0,8.0,7.0,7.0,3.0,0.0,0.0,1.0,3.0,1.0,61.0,14.0,1.0,0.0,6.0,10.0,2.0,14.0,16.0,0.0,0.0,28.0,28.0,0.0,0.0,12.0,4.0,0.0,0.0,4.0,27.0,4.0,0.0,42.0,16.0,1.0,0.0,0.0,0.1464855968952179,0.0,31.60065,27.145231246948242,2876.739990234375,0.0,0.0
448081,0.0,2.0,0.0,0.0,0.0,1.0,1.0,0.0,0.0,0.0,0.0,0.0,0.0,2.0,1.0,1.0,1.0,0.0,0.0,1.0,0.0,2.833333206176758,0.0,0.0,0.0,0.0,0.0,32.0,3.0,0.0,0.0,1145.9299926757812,188.29000854492188,2506.2201538085938,524.8799896240234,2064.5501098632812,4.0,7.0,5.0,0.0,0.0,0.0,0.0,0.0,0.0,0.0,0.0,0.0,0.0,0.0,1.0,0.0,1.0,0.0,2.0,0.0,0.0,0.0,0.0,0.0,0.0,0.0,0.0,0.0,0.0,0.0,0.0,0.0,0.0,0.0,0.0,0.0,0.0,0.0,0.0,0.0,0.0,0.0,0.0,2.0,31.0,15.0,2.0,8.0,4.0,0.0,11.0,1.0,12.0,0.0,0.0,11.0,10.0,0.0,0.0,3.0,10.0,1.0,4.0,7.0,7.0,11.0,0.0,101.0,40.0,2.0,0.0,0.0,5.379827499389648,0.0,58.55736666666668,31.912158966064453,6429.869873046875,0.13484840095043182,0.0
448092,0.0,0.0,0.0,0.0,0.0,0.0,0.0,,0.0,0.0,0.0,0.0,0.0,0.0,0.0,0.0,0.0,0.0,0.0,0.0,0.0,0.0,0.0,0.0,0.0,0.0,0.0,0.0,0.0,0.0,0.0,0.0,0.0,0.0,0.0,0.0,0.0,0.0,0.0,0.0,0.0,0.0,,,0.0,0.0,0.0,0.0,0.0,0.0,0.0,0.0,0.0,0.0,0.0,0.0,0.0,0.0,0.0,0.0,0.0,0.0,0.0,0.0,0.0,0.0,0.0,0.0,0.0,0.0,0.0,0.0,0.0,0.0,0.0,0.0,0.0,0.0,0.0,0.0,0.0,0.0,0.0,0.0,0.0,0.0,0.0,0.0,0.0,0.0,0.0,0.0,0.0,0.0,0.0,0.0,0.0,0.0,0.0,0.0,0.0,0.0,0.0,0.0,0.0,0.0,0.0,0.0,0.0,0.0,0.0,0.0,0.0,0.0,0.0
448103,0.0,7.0,0.0,3.0,1.0,0.0,1.0,1.0,1.0,2.0,2.0,0.0,0.0,4.0,2.0,3.0,2.0,3.0,0.0,8.0,2.0,6.038580099741618,3.0,2.0,8.0,16.0,0.0,210.0,30.0,5.0,0.0,6485.689880371094,692.5599746704102,16995.380126953125,2319.119918823242,12436.550598144531,54.0,80.0,19.0,3.0,6.0,5.0,0.0,0.0,0.0,0.0,0.0,0.0,0.0,0.0,0.0,0.0,0.0,0.0,0.0,0.0,0.0,32.0,3.0,1.0,4.0,2.0,0.0,0.0,14.0,10.0,4.0,2.0,5.0,2.0,18.0,8.0,6.0,12.0,11.0,2.0,0.0,0.0,6.0,5.0,232.0,118.0,15.0,48.0,110.0,14.0,106.0,66.0,172.0,0.0,0.0,87.0,71.0,0.0,0.0,36.0,56.0,7.0,15.0,67.0,33.0,82.0,0.0,566.0,179.0,2.0,3.0,2.0,5.197326183319092,1.0,332.84105000000005,32.820194244384766,38929.30078125,1.0901505053043365,0.0
448104,0.0,0.0,0.0,0.0,0.0,0.0,0.0,0.0,0.0,0.0,0.0,0.0,0.0,0.0,0.0,0.0,0.0,0.0,0.0,0.0,0.0,3.6269115606943765,0.0,0.0,0.0,1.0,0.0,27.0,6.0,0.0,0.0,1140.770004272461,117.169997215271,3337.679931640625,364.24999237060547,2481.6900939941406,2.0,4.0,4.0,4.0,2.0,0.0,,,0.0,0.0,0.0,0.0,0.0,0.0,0.0,0.0,0.0,0.0,0.0,0.0,0.0,0.0,0.0,0.0,0.0,0.0,0.0,0.0,0.0,0.0,0.0,0.0,0.0,0.0,0.0,0.0,0.0,0.0,0.0,0.0,0.0,0.0,0.0,3.0,19.0,12.0,1.0,26.0,2.0,0.0,22.0,6.0,28.0,0.0,0.0,5.0,3.0,0.0,0.0,2.0,6.0,1.0,6.0,1.0,2.0,7.0,0.0,89.0,33.0,3.0,0.0,0.0,10.315019845962524,0.0,62.44369999999999,30.08913230895996,7441.559814453125,0.0,0.0
448107,0.0,0.0,0.0,0.0,0.0,0.0,0.0,,0.0,0.0,0.0,0.0,0.0,0.0,0.0,0.0,0.0,0.0,0.0,0.0,2.0,3.3864391247431436,0.0,1.0,0.0,0.0,0.0,0.0,0.0,10.0,0.0,786.4800186157227,19.75999927520752,8311.440185546875,142.10999965667725,28746.28955078125,29.0,47.0,0.0,0.0,3.0,14.0,1.0,0.0,100.0,88.0,5.095238149166107,20.0,20.0,38.0,0.0,0.0,0.0,0.0,0.0,4.0,0.0,132.0,6.0,39.0,67.0,23.0,15.0,22.0,38.0,6.0,0.0,0.0,0.0,0.0,59.0,15.0,7.0,14.0,37.0,0.0,8.0,0.0,9.0,6.0,472.0,248.0,16.0,0.0,0.0,60.0,32.0,28.0,60.0,0.0,0.0,255.0,190.0,0.0,0.0,32.0,0.0,0.0,0.0,10.0,170.0,10.0,0.0,82.0,13.0,0.0,0.0,0.0,0.27017177268862724,0.0,673.6380666666668,28.78327178955078,38006.080078125,0.0,0.0
448112,0.0,1.0,0.0,1.0,0.0,0.0,0.0,0.0,0.0,0.0,1.0,0.0,0.0,0.0,0.0,0.0,0.0,1.0,0.0,9.0,0.0,4.675163269042969,4.0,0.0,0.0,0.0,0.0,49.0,8.0,0.0,0.0,1514.0400695800781,252.06998348236084,5127.5001220703125,499.1900100708008,4136.489990234375,8.0,16.0,3.0,5.0,4.0,0.0,0.0,0.0,0.0,0.0,0.0,0.0,0.0,0.0,0.0,0.0,0.0,0.0,0.0,0.0,0.0,4.0,0.0,0.0,0.0,0.0,0.0,0.0,2.0,0.0,0.0,0.0,0.0,0.0,4.0,2.0,2.0,4.0,3.0,0.0,0.0,0.0,1.0,4.0,46.0,32.0,4.0,10.0,5.0,0.0,13.0,2.0,15.0,0.0,0.0,11.0,8.0,0.0,0.0,1.0,16.0,2.0,4.0,12.0,11.0,16.0,0.0,125.0,40.0,4.0,0.0,3.0,6.113852679729462,0.0,101.61866666666667,31.71860694885254,11529.289794921875,0.004771494306623936,0.0
448114,0.0,16.0,0.0,2.0,0.0,0.0,3.0,0.0,0.0,1.0,12.0,0.0,0.0,15.0,7.0,5.0,8.0,1.0,1.0,22.0,0.0,6.212402979532878,9.0,0.0,0.0,13.0,2.0,141.0,20.0,1.0,0.0,5613.550079345703,1368.1999969482422,16669.070678710938,3011.010055541992,17585.629516601562,63.0,114.0,32.0,5.0,16.0,1.0,0.0,0.0,0.0,0.0,0.0,0.0,0.0,0.0,2.0,0.0,2.0,0.0,1.0,0.0,0.0,23.0,3.0,1.0,5.0,2.0,1.0,1.0,10.0,10.0,5.0,5.0,7.0,0.0,8.0,3.0,2.0,4.0,16.0,0.0,1.0,0.0,9.0,6.0,281.0,145.0,23.0,85.0,48.0,0.0,63.0,70.0,133.0,4.0,0.0,92.0,73.0,0.0,0.0,32.0,85.0,19.0,16.0,81.0,53.0,97.0,0.0,509.0,248.0,1.0,5.0,8.0,8.524071514606476,6.0,437.41328333333337,33.62895965576172,44247.46044921875,0.8610268197953701,0.0
448120,0.0,2.0,0.0,0.0,0.0,0.0,0.0,0.0,0.0,1.0,1.0,0.0,0.0,0.0,0.0,2.0,0.0,2.0,0.0,2.0,1.0,3.448943535486857,1.0,0.0,0.0,1.0,0.0,33.0,4.0,1.0,0.0,1724.5400085449219,189.39999389648438,4595.350036621094,583.3099975585938,3184.2198181152344,8.0,15.0,3.0,2.0,1.0,1.0,0.0,0.0,0.0,0.0,0.0,0.0,0.0,0.0,0.0,0.0,0.0,0.0,0.0,0.0,0.0,14.0,3.0,0.0,4.0,3.0,1.0,1.0,9.0,3.0,2.0,0.0,0.0,0.0,7.0,4.0,2.0,4.0,6.0,2.0,0.0,0.0,5.0,3.0,72.0,32.0,5.0,9.0,16.0,6.0,26.0,5.0,31.0,0.0,0.0,30.0,25.0,0.0,0.0,11.0,11.0,0.0,0.0,17.0,20.0,17.0,0.0,158.0,53.0,2.0,1.0,0.0,0.8498146757483482,1.0,87.53646666666667,32.21449661254883,10276.819396972656,0.030000497587025166,0.0
448124,0.0,0.0,0.0,0.0,0.0,0.0,0.0,,0.0,0.0,0.0,0.0,0.0,0.0,0.0,0.0,0.0,0.0,0.0,1.0,0.0,1.4169028600056965,0.0,0.0,0.0,0.0,0.0,8.0,2.0,0.0,0.0,382.239990234375,71.55000305175781,649.5800170898438,192.5,447.9400329589844,5.0,6.0,0.0,0.0,0.0,0.0,,,0.0,0.0,0.0,0.0,0.0,0.0,0.0,0.0,0.0,0.0,0.0,0.0,0.0,0.0,0.0,0.0,0.0,0.0,0.0,0.0,0.0,0.0,0.0,0.0,0.0,0.0,0.0,0.0,0.0,0.0,0.0,0.0,0.0,0.0,0.0,1.0,12.0,4.0,0.0,0.0,3.0,0.0,2.0,1.0,3.0,0.0,0.0,5.0,5.0,0.0,0.0,2.0,5.0,1.0,0.0,6.0,1.0,6.0,0.0,31.0,14.0,1.0,0.0,0.0,1.429201602935791,0.0,12.245233333333331,31.65362548828125,1743.81005859375,0.0,0.0
448127,0.0,1.0,0.0,1.0,0.0,0.0,0.0,,0.0,0.0,1.0,0.0,0.0,1.0,0.0,0.0,0.0,0.0,0.0,2.0,0.0,1.1294233798980713,1.0,0.0,0.0,0.0,0.0,11.0,3.0,0.0,0.0,488.9200439453125,76.88999938964844,1242.83984375,111.69000244140625,994.090087890625,6.0,10.0,1.0,0.0,0.0,0.0,,,0.0,0.0,0.0,0.0,0.0,0.0,0.0,0.0,0.0,0.0,0.0,0.0,0.0,2.0,0.0,0.0,0.0,0.0,0.0,0.0,0.0,2.0,0.0,0.0,2.0,0.0,0.0,0.0,0.0,0.0,2.0,0.0,0.0,0.0,0.0,1.0,23.0,10.0,2.0,3.0,3.0,0.0,4.0,2.0,6.0,0.0,0.0,9.0,7.0,0.0,0.0,4.0,9.0,0.0,2.0,7.0,3.0,9.0,0.0,38.0,11.0,1.0,0.0,1.0,0.6029781699180603,0.0,25.792116666666672,32.89493179321289,2914.429931640625,0.17796173691749573,0.0
448128,0.0,1.0,0.0,0.0,0.0,1.0,0.0,,0.0,0.0,0.0,0.0,0.0,1.0,0.0,0.0,0.0,0.0,0.0,0.0,2.0,3.6717710494995117,0.0,1.0,0.0,0.0,0.0,25.0,3.0,1.0,0.0,935.3200073242188,351.40999603271484,2031.3899536132812,452.3300018310547,1769.8300170898438,14.0,16.0,3.0,2.0,1.0,1.0,0.0,0.0,0.0,0.0,0.0,0.0,0.0,0.0,0.0,0.0,0.0,0.0,0.0,0.0,0.0,6.0,0.0,2.0,2.0,0.0,0.0,0.0,2.0,0.0,0.0,0.0,0.0,0.0,4.0,2.0,2.0,2.0,3.0,0.0,0.0,0.0,1.0,2.0,46.0,18.0,2.0,6.0,10.0,8.0,9.0,15.0,24.0,0.0,0.0,22.0,19.0,0.0,0.0,10.0,4.0,0.0,2.0,9.0,12.0,11.0,0.0,77.0,35.0,2.0,0.0,0.0,1.1595046520233154,0.0,45.394116666666676,33.174530029296875,5540.2802734375,0.10362705588340759,1.0
448131,1.0,6.0,0.0,1.0,0.0,0.0,1.0,2.0,1.0,0.0,4.0,0.0,0.0,4.0,3.0,1.0,4.0,2.0,1.0,20.0,0.0,6.219075123469035,9.0,0.0,11.0,24.0,6.0,94.0,19.0,6.0,0.0,4276.6900634765625,1002.2300453186035,10601.70980834961,1957.1500396728516,13767.580139160156,48.0,88.0,14.0,6.0,6.0,6.0,0.0,0.0,0.0,0.0,0.0,0.0,0.0,0.0,2.0,0.0,2.0,0.0,0.0,0.0,0.0,33.0,1.0,0.0,1.0,0.0,0.0,0.0,16.0,16.0,7.0,6.0,12.0,3.0,16.0,9.0,8.0,12.0,22.0,0.0,0.0,1.0,9.0,6.0,237.0,125.0,23.0,63.0,26.0,4.0,37.0,56.0,93.0,2.0,0.0,88.0,65.0,0.0,0.0,25.0,75.0,7.0,4.0,40.0,71.0,44.0,0.0,373.0,170.0,3.0,3.0,7.0,6.082720398902893,3.0,314.0156833333333,34.314491271972656,31605.358520507812,1.3090485483407974,0.0
448136,0.0,0.0,0.0,0.0,0.0,0.0,0.0,,0.0,0.0,0.0,0.0,0.0,0.0,0.0,0.0,0.0,0.0,0.0,0.0,0.0,0.9953956604003906,0.0,0.0,0.0,0.0,0.0,9.0,1.0,0.0,0.0,359.010009765625,104.84999084472656,1672.320068359375,163.7999725341797,1659.830078125,3.0,3.0,1.0,0.0,0.0,0.0,,,0.0,0.0,0.0,0.0,0.0,0.0,0.0,0.0,0.0,0.0,0.0,0.0,0.0,1.0,0.0,0.0,0.0,0.0,0.0,0.0,1.0,0.0,0.0,0.0,0.0,0.0,1.0,1.0,1.0,1.0,0.0,0.0,0.0,0.0,0.0,1.0,13.0,7.0,0.0,1.0,0.0,1.0,1.0,1.0,2.0,0.0,0.0,5.0,5.0,0.0,0.0,1.0,0.0,0.0,1.0,1.0,3.0,2.0,0.0,32.0,11.0,1.0,0.0,0.0,0.4100225567817688,0.0,39.767083333333346,32.62018585205078,3959.81005859375,0.0,0.0
448140,0.0,3.0,0.0,0.0,0.0,0.0,1.0,0.0,0.0,0.0,1.0,0.0,0.0,2.0,1.0,2.0,1.0,1.0,0.0,4.0,0.0,4.21551787853241,2.0,0.0,0.0,3.0,0.0,87.0,13.0,0.0,0.0,2865.5200805664062,736.8899993896484,9134.6494140625,1097.260009765625,13507.7099609375,42.0,58.0,8.0,5.0,1.0,0.0,0.0,0.0,0.0,0.0,0.0,0.0,0.0,0.0,0.0,0.0,0.0,0.0,2.0,0.0,0.0,34.0,2.0,3.0,8.0,6.0,3.0,3.0,24.0,3.0,2.0,0.0,1.0,0.0,23.0,16.0,13.0,18.0,13.0,2.0,1.0,0.0,6.0,3.0,242.0,99.0,12.0,8.0,2.0,8.0,5.0,13.0,18.0,0.0,0.0,117.0,105.0,0.0,0.0,10.0,11.0,3.0,5.0,19.0,85.0,24.0,0.0,245.0,92.0,0.0,1.0,1.0,0.44718148559331894,20.0,291.4253,36.770286560058594,27342.0302734375,0.12744374573230743,1.0
448149,0.0,2.0,0.0,0.0,0.0,0.0,1.0,0.0,0.0,0.0,1.0,0.0,0.0,2.0,0.0,2.0,0.0,0.0,0.0,0.0,2.0,7.144046783447266,0.0,2.0,3.0,4.0,2.0,44.0,9.0,7.0,0.0,2725.530029296875,166.15999794006348,8233.619995117188,736.5,4912.830078125,14.0,19.0,8.0,3.0,0.0,7.0,0.0,0.0,0.0,0.0,0.0,0.0,0.0,0.0,0.0,0.0,0.0,0.0,1.0,0.0,0.0,29.0,1.0,3.0,9.0,7.0,5.0,5.0,21.0,2.0,1.0,0.0,0.0,1.0,18.0,13.0,10.0,13.0,8.0,0.0,2.0,1.0,4.0,4.0,127.0,47.0,6.0,8.0,13.0,23.0,29.0,15.0,44.0,0.0,0.0,63.0,54.0,0.0,0.0,20.0,4.0,0.0,2.0,5.0,50.0,7.0,0.0,228.0,57.0,4.0,0.0,0.0,0.8258989881724119,2.0,145.34430000000003,29.650564193725586,16774.6396484375,0.10721899569034576,0.0
448151,0.0,0.0,0.0,0.0,0.0,0.0,0.0,,0.0,0.0,0.0,0.0,0.0,0.0,0.0,0.0,0.0,0.0,0.0,0.0,0.0,0.0,0.0,0.0,0.0,0.0,0.0,0.0,0.0,0.0,0.0,0.0,0.0,0.0,0.0,0.0,0.0,0.0,0.0,0.0,0.0,0.0,,,0.0,0.0,0.0,0.0,0.0,0.0,0.0,0.0,0.0,0.0,0.0,0.0,0.0,0.0,0.0,0.0,0.0,0.0,0.0,0.0,0.0,0.0,0.0,0.0,0.0,0.0,0.0,0.0,0.0,0.0,0.0,0.0,0.0,0.0,0.0,0.0,0.0,0.0,0.0,0.0,0.0,0.0,0.0,0.0,0.0,0.0,0.0,0.0,0.0,0.0,0.0,0.0,0.0,0.0,0.0,0.0,0.0,0.0,0.0,0.0,0.0,0.0,0.0,0.0,0.0,0.0,0.0,0.0,0.0,0.0,0.0
448152,1.0,10.0,0.0,1.0,2.0,0.0,3.0,0.0,0.0,0.0,4.0,0.0,0.0,8.0,5.0,1.0,6.0,2.0,1.0,15.0,1.0,5.977567195892334,8.0,0.0,1.0,10.0,1.0,127.0,7.0,0.0,0.0,4527.520263671875,914.3599853515625,15381.869873046875,2307.4099731445312,16095.840087890625,74.0,120.0,15.0,3.0,3.0,0.0,0.0,0.0,0.0,0.0,0.0,0.0,0.0,0.0,3.0,0.0,3.0,0.0,2.0,0.0,0.0,41.0,4.0,0.0,4.0,1.0,0.0,0.0,21.0,18.0,12.0,8.0,11.0,3.0,19.0,8.0,4.0,12.0,38.0,1.0,0.0,3.0,19.0,4.0,257.0,127.0,14.0,56.0,39.0,8.0,54.0,49.0,103.0,3.0,0.0,100.0,79.0,0.0,0.0,30.0,86.0,5.0,5.0,67.0,63.0,72.0,0.0,418.0,177.0,0.0,4.0,7.0,4.651883602142334,1.0,394.13865000000004,33.16389846801758,39227.0009765625,1.3463682904839516,0.0
448153,0.0,0.0,0.0,0.0,0.0,0.0,0.0,,0.0,0.0,0.0,0.0,0.0,0.0,0.0,0.0,0.0,0.0,0.0,1.0,0.0,3.6487350463867188,1.0,0.0,0.0,1.0,0.0,6.0,1.0,1.0,0.0,368.63001251220703,46.09999942779541,886.4599914550781,189.04999542236328,631.9499969482422,7.0,10.0,2.0,0.0,1.0,1.0,,,0.0,0.0,0.0,0.0,0.0,0.0,0.0,0.0,0.0,0.0,0.0,0.0,0.0,3.0,0.0,0.0,0.0,0.0,0.0,0.0,2.0,2.0,2.0,2.0,2.0,0.0,1.0,0.0,0.0,1.0,3.0,0.0,0.0,0.0,2.0,2.0,26.0,9.0,1.0,1.0,5.0,2.0,1.0,7.0,8.0,0.0,0.0,13.0,11.0,0.0,0.0,7.0,5.0,0.0,0.0,2.0,10.0,2.0,0.0,35.0,12.0,2.0,0.0,1.0,2.2856470942497253,1.0,17.38063333333335,28.66437339782715,2122.18994140625,0.0,0.0
448157,0.0,0.0,0.0,0.0,0.0,0.0,0.0,,0.0,0.0,0.0,0.0,0.0,0.0,0.0,0.0,0.0,0.0,0.0,1.0,0.0,1.75337553024292,1.0,0.0,0.0,0.0,0.0,20.0,1.0,0.0,0.0,734.7899169921875,150.72999572753906,1769.2900390625,297.4100036621094,1315.0699462890625,6.0,7.0,1.0,0.0,0.0,0.0,,,0.0,0.0,0.0,0.0,0.0,0.0,0.0,0.0,0.0,0.0,0.0,0.0,0.0,2.0,0.0,0.0,0.0,0.0,0.0,0.0,1.0,1.0,0.0,0.0,1.0,0.0,1.0,1.0,1.0,1.0,1.0,0.0,0.0,0.0,1.0,1.0,19.0,11.0,1.0,11.0,8.0,1.0,9.0,11.0,20.0,0.0,0.0,8.0,7.0,0.0,0.0,4.0,6.0,0.0,1.0,4.0,5.0,5.0,0.0,56.0,28.0,1.0,0.0,0.0,0.9259315729141235,0.0,36.48650000000001,29.982702255249023,4267.2900390625,0.0,0.0
448159,0.0,0.0,0.0,0.0,0.0,0.0,0.0,0.0,0.0,0.0,0.0,0.0,0.0,0.0,0.0,0.0,0.0,0.0,0.0,2.0,0.0,1.798830270767212,1.0,0.0,0.0,0.0,0.0,53.0,2.0,0.0,0.0,1412.300048828125,130.8000030517578,2905.630126953125,424.2799987792969,2140.949951171875,4.0,9.0,2.0,1.0,2.0,0.0,,,0.0,0.0,0.0,0.0,0.0,0.0,0.0,0.0,0.0,0.0,0.0,0.0,0.0,2.0,0.0,0.0,0.0,0.0,0.0,0.0,1.0,1.0,0.0,0.0,1.0,0.0,1.0,1.0,1.0,1.0,2.0,0.0,0.0,0.0,1.0,1.0,21.0,14.0,1.0,5.0,3.0,0.0,7.0,1.0,8.0,0.0,0.0,7.0,4.0,0.0,0.0,1.0,8.0,1.0,2.0,8.0,1.0,10.0,0.0,109.0,30.0,1.0,0.0,0.0,0.8646968603134155,0.0,58.400183333333345,28.570402145385742,7013.9599609375,0.0,0.0
448160,0.0,1.0,0.0,0.0,0.0,0.0,0.0,1.0,1.0,0.0,0.0,0.0,0.0,0.0,0.0,1.0,0.0,1.0,0.0,0.0,0.0,1.762755036354065,0.0,0.0,0.0,0.0,0.0,7.0,0.0,1.0,0.0,419.3199768066406,101.19000244140625,1200.18994140625,221.39999389648438,832.6500244140625,1.0,1.0,1.0,0.0,0.0,1.0,,,0.0,0.0,0.0,0.0,0.0,0.0,0.0,0.0,0.0,0.0,0.0,0.0,0.0,1.0,0.0,0.0,0.0,0.0,0.0,0.0,0.0,1.0,0.0,0.0,1.0,0.0,0.0,0.0,0.0,0.0,0.0,0.0,0.0,0.0,0.0,1.0,10.0,5.0,1.0,3.0,1.0,1.0,4.0,1.0,5.0,0.0,0.0,3.0,1.0,0.0,0.0,0.0,1.0,1.0,1.0,2.0,1.0,3.0,0.0,31.0,17.0,1.0,0.0,0.0,0.5041869878768921,0.0,23.584000000000003,29.828062057495117,2774.75,0.03777331858873367,0.0
448164,0.0,0.0,0.0,0.0,0.0,0.0,0.0,,0.0,0.0,0.0,0.0,0.0,0.0,0.0,0.0,0.0,0.0,0.0,0.0,0.0,0.0,0.0,0.0,0.0,0.0,0.0,0.0,0.0,0.0,0.0,0.0,0.0,0.0,0.0,0.0,0.0,0.0,0.0,0.0,0.0,0.0,,,0.0,0.0,0.0,0.0,0.0,0.0,0.0,0.0,0.0,0.0,0.0,0.0,0.0,0.0,0.0,0.0,0.0,0.0,0.0,0.0,0.0,0.0,0.0,0.0,0.0,0.0,0.0,0.0,0.0,0.0,0.0,0.0,0.0,0.0,0.0,0.0,0.0,0.0,0.0,0.0,0.0,0.0,0.0,0.0,0.0,0.0,0.0,0.0,0.0,0.0,0.0,0.0,0.0,0.0,0.0,0.0,0.0,0.0,0.0,0.0,0.0,0.0,0.0,0.0,0.0,0.0,0.0,0.0,0.0,0.0,0.0
448171,0.0,1.0,0.0,0.0,0.0,1.0,0.0,0.0,0.0,0.0,0.0,0.0,0.0,1.0,0.0,1.0,0.0,0.0,0.0,7.0,7.0,5.955537557601929,7.0,5.0,0.0,0.0,0.0,17.0,9.0,3.0,0.0,4525.530029296875,513.6400165557861,19146.779296875,1463.5299682617188,15305.3896484375,92.0,113.0,4.0,2.0,1.0,4.0,0.0,0.0,0.0,0.0,0.0,0.0,0.0,3.0,0.0,0.0,0.0,0.0,0.0,1.0,0.0,67.0,2.0,11.0,26.0,16.0,13.0,13.0,31.0,4.0,0.0,0.0,0.0,2.0,37.0,15.0,12.0,22.0,37.0,0.0,3.0,0.0,16.0,4.0,570.0,191.0,8.0,0.0,2.0,39.0,22.0,19.0,41.0,0.0,0.0,267.0,241.0,0.0,0.0,27.0,2.0,0.0,7.0,36.0,220.0,43.0,0.0,410.0,118.0,0.0,0.0,3.0,0.1905125267803669,2.0,413.65509999999995,32.30984115600586,40954.8701171875,0.05708557367324829,0.0
448174,0.0,1.0,0.0,0.0,0.0,0.0,0.0,1.0,0.0,0.0,0.0,0.0,0.0,1.0,0.0,1.0,0.0,0.0,0.0,9.0,1.0,4.190498948097229,9.0,1.0,0.0,0.0,0.0,13.0,7.0,3.0,0.0,3237.6399536132812,424.21002197265625,11658.410400390625,1325.010009765625,12337.909912109375,45.0,65.0,6.0,3.0,0.0,3.0,,,0.0,0.0,0.0,0.0,0.0,3.0,0.0,0.0,0.0,0.0,1.0,0.0,0.0,48.0,0.0,11.0,31.0,23.0,18.0,20.0,32.0,1.0,0.0,0.0,0.0,1.0,16.0,9.0,4.0,4.0,29.0,0.0,5.0,0.0,16.0,3.0,423.0,139.0,8.0,2.0,1.0,14.0,11.0,6.0,17.0,0.0,0.0,200.0,182.0,0.0,0.0,10.0,2.0,0.0,4.0,24.0,168.0,28.0,0.0,280.0,102.0,0.0,0.0,0.0,0.14781519398093224,1.0,311.63829999999996,32.403717041015625,28983.1796875,0.04904364421963692,0.0
448179,0.0,0.0,0.0,0.0,0.0,0.0,0.0,,0.0,0.0,0.0,0.0,0.0,0.0,0.0,0.0,0.0,0.0,0.0,0.0,0.0,0.0,0.0,0.0,0.0,0.0,0.0,0.0,0.0,0.0,0.0,0.0,0.0,0.0,0.0,0.0,0.0,0.0,0.0,0.0,0.0,0.0,,,0.0,0.0,0.0,0.0,0.0,0.0,0.0,0.0,0.0,0.0,0.0,0.0,0.0,0.0,0.0,0.0,0.0,0.0,0.0,0.0,0.0,0.0,0.0,0.0,0.0,0.0,0.0,0.0,0.0,0.0,0.0,0.0,0.0,0.0,0.0,0.0,0.0,0.0,0.0,0.0,0.0,0.0,0.0,0.0,0.0,0.0,0.0,0.0,0.0,0.0,0.0,0.0,0.0,0.0,0.0,0.0,0.0,0.0,0.0,0.0,0.0,0.0,0.0,0.0,0.0,0.0,0.0,0.0,0.0,0.0,0.0
448180,0.0,1.0,0.0,1.0,0.0,0.0,0.0,0.0,0.0,1.0,0.0,0.0,0.0,1.0,0.0,0.0,0.0,0.0,0.0,4.0,2.0,6.856129169464111,3.0,1.0,0.0,0.0,0.0,24.0,6.0,0.0,0.0,2954.569854736328,529.2199821472168,6435.7900390625,1252.7999725341797,7623.630218505859,47.0,59.0,2.0,2.0,3.0,0.0,0.0,0.0,0.0,0.0,0.0,0.0,0.0,0.0,0.0,0.0,0.0,0.0,0.0,0.0,0.0,45.0,3.0,3.0,13.0,10.0,7.0,7.0,30.0,7.0,4.0,1.0,1.0,3.0,25.0,16.0,11.0,16.0,26.0,1.0,2.0,2.0,19.0,4.0,187.0,79.0,3.0,2.0,3.0,5.0,2.0,8.0,10.0,0.0,0.0,89.0,77.0,0.0,0.0,4.0,8.0,0.0,4.0,24.0,60.0,28.0,0.0,238.0,88.0,2.0,1.0,0.0,1.2992435917258263,5.0,177.70013333333333,34.094669342041016,18796.009643554688,0.1849607229232788,0.0
448189,3.0,6.0,0.0,1.0,1.0,0.0,2.0,0.0,0.0,0.0,2.0,0.0,1.0,6.0,4.0,0.0,4.0,0.0,0.0,34.0,0.0,4.456407070159912,13.0,0.0,0.0,10.0,2.0,151.0,15.0,1.0,0.0,5669.170166015625,1687.3700637817383,13832.139282226562,2659.929962158203,19838.110473632812,82.0,131.0,27.0,4.0,10.0,1.0,0.0,0.0,0.0,0.0,0.0,0.0,0.0,0.0,1.0,0.0,1.0,0.0,2.0,0.0,0.0,55.0,5.0,1.0,7.0,3.0,0.0,1.0,36.0,18.0,13.0,9.0,11.0,2.0,30.0,20.0,15.0,22.0,47.0,2.0,1.0,2.0,32.0,6.0,299.0,153.0,20.0,80.0,86.0,39.0,92.0,113.0,205.0,0.0,0.0,113.0,96.0,0.0,0.0,80.0,85.0,13.0,6.0,100.0,54.0,106.0,0.0,474.0,232.0,1.0,4.0,10.0,5.855684369802475,9.0,442.2114,35.794219970703125,43686.720703125,0.6987881474196911,0.0
448196,3.0,13.0,0.0,3.0,4.0,0.0,1.0,0.0,0.0,1.0,5.0,1.0,1.0,11.0,5.0,4.0,7.0,2.0,2.0,21.0,2.0,5.47584342956543,14.0,2.0,5.0,23.0,5.0,85.0,21.0,1.0,0.0,5968.399932861328,1174.0599784851074,15510.869506835938,2655.5500869750977,16701.84979248047,66.0,111.0,7.0,4.0,9.0,1.0,0.0,0.0,0.0,0.0,0.0,0.0,0.0,0.0,3.0,0.0,2.0,1.0,1.0,0.0,0.0,34.0,4.0,1.0,6.0,5.0,1.0,1.0,24.0,11.0,8.0,3.0,4.0,3.0,17.0,11.0,5.0,9.0,22.0,3.0,1.0,2.0,14.0,7.0,303.0,151.0,26.0,56.0,41.0,15.0,50.0,62.0,112.0,4.0,0.0,101.0,81.0,1.0,1.0,50.0,70.0,21.0,13.0,49.0,94.0,62.0,0.0,518.0,213.0,4.0,2.0,12.0,8.668764054775238,3.0,411.64058333333327,33.01069259643555,42010.729736328125,1.7217089235782623,0.0
448198,0.0,2.0,0.0,0.0,0.0,1.0,0.0,0.0,0.0,0.0,1.0,0.0,0.0,2.0,1.0,1.0,1.0,0.0,0.0,0.0,0.0,1.7265833020210266,0.0,0.0,0.0,0.0,0.0,21.0,4.0,0.0,0.0,1101.969985961914,100.65999388694763,3498.779754638672,542.75,3885.6503143310547,10.0,18.0,2.0,0.0,3.0,0.0,,,0.0,0.0,0.0,0.0,0.0,0.0,0.0,0.0,0.0,0.0,1.0,0.0,0.0,7.0,1.0,0.0,2.0,2.0,1.0,1.0,7.0,1.0,1.0,0.0,0.0,0.0,4.0,4.0,3.0,3.0,5.0,1.0,0.0,0.0,5.0,2.0,52.0,23.0,4.0,17.0,19.0,4.0,33.0,7.0,40.0,2.0,0.0,21.0,15.0,0.0,0.0,10.0,12.0,1.0,4.0,13.0,11.0,17.0,0.0,94.0,40.0,1.0,1.0,0.0,3.684852123260498,0.0,89.91875,28.2734375,9129.809509277344,0.06099572777748108,0.0
448202,1.0,19.0,0.0,2.0,3.0,2.0,4.0,0.0,0.0,3.0,6.0,0.0,1.0,16.0,12.0,3.0,13.0,3.0,1.0,31.0,6.0,6.371411859989166,21.0,6.0,0.0,9.0,1.0,234.0,31.0,4.0,0.0,11589.820190429688,1803.8099899291992,24808.97998046875,5170.980041503906,29881.160522460938,135.0,210.0,22.0,9.0,17.0,4.0,0.0,0.0,0.0,0.0,0.0,0.0,0.0,0.0,7.0,0.0,7.0,0.0,4.0,0.0,0.0,89.0,12.0,0.0,13.0,7.0,1.0,1.0,56.0,21.0,10.0,3.0,7.0,2.0,55.0,39.0,32.0,41.0,68.0,6.0,0.0,1.0,37.0,8.0,580.0,260.0,35.0,130.0,258.0,97.0,367.0,118.0,485.0,1.0,0.0,231.0,191.0,0.0,0.0,141.0,93.0,12.0,24.0,159.0,116.0,183.0,0.0,947.0,403.0,1.0,4.0,14.0,8.081122905015945,0.0,698.7366166666665,32.38360595703125,73254.74829101562,3.919474735856056,1.0
448203,0.0,1.0,0.0,0.0,0.0,0.0,0.0,1.0,0.0,0.0,1.0,0.0,0.0,1.0,0.0,1.0,0.0,0.0,0.0,3.0,0.0,1.7312583923339844,3.0,0.0,0.0,3.0,1.0,16.0,3.0,0.0,0.0,978.8299255371094,416.9400405883789,2535.44970703125,508.2699966430664,2639.2201232910156,12.0,16.0,1.0,1.0,0.0,0.0,,,0.0,0.0,0.0,0.0,0.0,0.0,0.0,0.0,0.0,0.0,0.0,0.0,0.0,3.0,0.0,0.0,0.0,0.0,0.0,0.0,2.0,2.0,2.0,2.0,2.0,0.0,1.0,0.0,0.0,1.0,3.0,0.0,0.0,0.0,2.0,2.0,31.0,14.0,3.0,22.0,6.0,0.0,17.0,11.0,28.0,0.0,0.0,10.0,9.0,0.0,0.0,8.0,13.0,3.0,4.0,6.0,7.0,10.0,0.0,83.0,39.0,2.0,0.0,3.0,7.041026949882507,0.0,65.39829999999999,34.20101547241211,7078.7103271484375,0.041989292949438095,0.0
448214,1.0,8.0,0.0,1.0,0.0,0.0,1.0,2.0,2.0,3.0,2.0,0.0,0.0,5.0,2.0,2.0,4.0,3.0,2.0,22.0,2.0,6.447693824768066,11.0,2.0,10.0,15.0,4.0,115.0,25.0,10.0,0.0,7223.469940185547,919.2999839782715,18429.50946044922,2640.6198654174805,15178.749572753906,92.0,140.0,15.0,3.0,14.0,10.0,0.0,0.0,0.0,0.0,0.0,0.0,0.0,0.0,2.0,2.0,0.0,2.0,0.0,0.0,0.0,77.0,10.0,3.0,15.0,8.0,2.0,2.0,47.0,18.0,9.0,3.0,6.0,2.0,44.0,30.0,22.0,29.0,51.0,4.0,2.0,2.0,32.0,5.0,418.0,213.0,18.0,28.0,73.0,35.0,93.0,43.0,136.0,0.0,0.0,163.0,129.0,0.0,0.0,32.0,68.0,7.0,21.0,97.0,84.0,118.0,0.0,607.0,215.0,1.0,1.0,7.0,2.2201395332813263,10.0,415.9863666666667,32.88147735595703,44391.6494140625,0.7275329530239105,1.0
448217,0.0,0.0,0.0,0.0,0.0,0.0,0.0,,0.0,0.0,0.0,0.0,0.0,0.0,0.0,0.0,0.0,0.0,0.0,0.0,1.0,0.6793110370635986,0.0,0.0,0.0,0.0,0.0,0.0,0.0,3.0,0.0,211.51998901367188,11.359999656677246,1514.159912109375,15.019999504089355,4187.02001953125,1.0,3.0,0.0,0.0,0.0,4.0,,,21.0,17.0,0.0,0.0,0.0,4.0,0.0,0.0,0.0,0.0,0.0,1.0,0.0,17.0,0.0,6.0,9.0,2.0,2.0,3.0,2.0,0.0,0.0,0.0,0.0,0.0,8.0,0.0,0.0,2.0,4.0,0.0,0.0,0.0,0.0,1.0,57.0,33.0,1.0,0.0,0.0,2.0,1.0,1.0,2.0,0.0,0.0,33.0,24.0,0.0,0.0,2.0,0.0,0.0,0.0,1.0,18.0,1.0,0.0,20.0,2.0,0.0,0.0,0.0,0.045575451105833054,0.0,104.90254999999999,28.311914443969727,5939.080078125,0.0,0.0
448252,0.0,12.0,0.0,3.0,0.0,0.0,1.0,0.0,0.0,4.0,6.0,0.0,1.0,4.0,2.0,5.0,4.0,8.0,2.0,16.0,8.0,5.74476557970047,12.0,7.0,0.0,5.0,2.0,204.0,28.0,5.0,0.0,12078.09033203125,1410.8699951171875,35612.080078125,4210.680023193359,29517.2607421875,227.0,274.0,46.0,12.0,6.0,5.0,0.0,0.0,0.0,0.0,0.0,0.0,0.0,0.0,2.0,0.0,1.0,1.0,2.0,0.0,1.0,150.0,9.0,3.0,40.0,38.0,28.0,28.0,132.0,21.0,15.0,4.0,7.0,5.0,89.0,79.0,65.0,72.0,88.0,7.0,3.0,4.0,75.0,7.0,1122.0,339.0,41.0,51.0,128.0,195.0,226.0,148.0,374.0,1.0,0.0,519.0,480.0,0.0,0.0,193.0,81.0,4.0,13.0,146.0,403.0,159.0,1.0,1054.0,332.0,0.0,1.0,5.0,3.130332864820957,1.0,755.1817000000001,32.559661865234375,82828.98046875,0.9015049934387207,2.0
448290,0.0,1.0,0.0,0.0,0.0,0.0,0.0,0.0,0.0,1.0,0.0,0.0,0.0,1.0,1.0,0.0,1.0,0.0,0.0,6.0,0.0,5.2037882804870605,6.0,0.0,0.0,0.0,0.0,51.0,12.0,4.0,0.0,3288.2999877929688,704.4099884033203,12247.0302734375,1424.8999328613281,17682.38037109375,56.0,79.0,10.0,3.0,2.0,5.0,0.0,0.0,0.0,0.0,0.0,0.0,0.0,15.0,0.0,0.0,0.0,0.0,1.0,1.0,0.0,56.0,2.0,8.0,34.0,22.0,21.0,24.0,31.0,2.0,0.0,0.0,0.0,0.0,20.0,9.0,8.0,10.0,38.0,0.0,1.0,0.0,18.0,4.0,488.0,172.0,8.0,0.0,0.0,45.0,29.0,16.0,45.0,0.0,0.0,238.0,217.0,0.0,0.0,27.0,1.0,0.0,1.0,36.0,187.0,37.0,0.0,284.0,119.0,0.0,0.0,1.0,0.34602148830890656,0.0,407.5486833333333,32.889015197753906,35347.0205078125,0.10813898593187332,0.0
448291,0.0,0.0,0.0,0.0,,,,,0.0,,,,,0.0,0.0,0.0,0.0,0.0,0.0,,,,,,0.0,0.0,0.0,,,0.0,0.0,,,,,,,,,0.0,0.0,0.0,,,,,0.0,0.0,0.0,0.0,0.0,0.0,0.0,0.0,0.0,0.0,0.0,,,,,,,,,,,,,,,,,,,,,,,2.0,,,,,,,,,,0.0,0.0,0.0,0.0,0.0,0.0,,,,,,,,0.0,,,0.0,0.0,,,0.0,,,,,2.0
448295,0.0,0.0,0.0,0.0,0.0,0.0,0.0,,0.0,0.0,0.0,0.0,0.0,0.0,0.0,0.0,0.0,0.0,0.0,0.0,0.0,0.0,0.0,0.0,0.0,0.0,0.0,0.0,0.0,0.0,0.0,0.0,0.0,0.0,0.0,0.0,0.0,0.0,0.0,0.0,0.0,0.0,,,0.0,0.0,0.0,0.0,0.0,0.0,0.0,0.0,0.0,0.0,0.0,0.0,0.0,0.0,0.0,0.0,0.0,0.0,0.0,0.0,0.0,0.0,0.0,0.0,0.0,0.0,0.0,0.0,0.0,0.0,0.0,0.0,0.0,0.0,0.0,0.0,0.0,0.0,0.0,0.0,0.0,0.0,0.0,0.0,0.0,0.0,0.0,0.0,0.0,0.0,0.0,0.0,0.0,0.0,0.0,0.0,0.0,0.0,0.0,0.0,0.0,0.0,0.0,0.0,0.0,0.0,0.0,0.0,0.0,0.0,0.0
448299,0.0,0.0,0.0,0.0,0.0,0.0,0.0,,0.0,0.0,0.0,0.0,0.0,0.0,0.0,0.0,0.0,0.0,0.0,0.0,0.0,0.0,0.0,0.0,0.0,0.0,0.0,0.0,0.0,0.0,0.0,0.0,0.0,0.0,0.0,0.0,0.0,0.0,0.0,0.0,0.0,0.0,,,0.0,0.0,0.0,0.0,0.0,0.0,0.0,0.0,0.0,0.0,0.0,0.0,0.0,0.0,0.0,0.0,0.0,0.0,0.0,0.0,0.0,0.0,0.0,0.0,0.0,0.0,0.0,0.0,0.0,0.0,0.0,0.0,0.0,0.0,0.0,0.0,0.0,0.0,0.0,0.0,0.0,0.0,0.0,0.0,0.0,0.0,0.0,0.0,0.0,0.0,0.0,0.0,0.0,0.0,0.0,0.0,0.0,0.0,0.0,0.0,0.0,0.0,0.0,0.0,0.0,0.0,0.0,0.0,0.0,0.0,0.0
448310,1.0,6.0,0.0,1.0,1.0,2.0,1.0,0.0,0.0,0.0,2.0,0.0,0.0,6.0,1.0,4.0,1.0,0.0,0.0,4.0,0.0,6.302146077156067,3.0,0.0,0.0,1.0,0.0,26.0,6.0,0.0,0.0,2383.2998962402344,378.84998321533203,5477.860107421875,1004.3199768066406,5893.430114746094,19.0,32.0,2.0,3.0,1.0,0.0,0.0,0.0,0.0,0.0,0.0,0.0,0.0,0.0,0.0,0.0,0.0,0.0,2.0,0.0,0.0,6.0,0.0,0.0,0.0,0.0,0.0,0.0,5.0,3.0,2.0,1.0,2.0,1.0,3.0,3.0,2.0,2.0,6.0,0.0,0.0,1.0,5.0,4.0,79.0,43.0,14.0,33.0,15.0,1.0,38.0,11.0,49.0,0.0,0.0,27.0,23.0,0.0,0.0,13.0,35.0,3.0,20.0,15.0,8.0,35.0,0.0,187.0,89.0,4.0,0.0,1.0,15.190703868865967,0.0,146.07506666666666,33.36056137084961,15137.759521484375,0.6800341904163361,0.0
448312,0.0,2.0,0.0,0.0,1.0,0.0,0.0,0.0,0.0,0.0,1.0,0.0,0.0,0.0,0.0,0.0,2.0,2.0,2.0,24.0,0.0,6.362580060958862,18.0,0.0,7.0,8.0,3.0,83.0,18.0,0.0,0.0,3541.1900329589844,1029.370002746582,8879.369750976562,1600.479995727539,10096.830078125,63.0,87.0,7.0,4.0,3.0,0.0,0.0,0.0,0.0,0.0,0.0,0.0,0.0,0.0,1.0,0.0,0.0,1.0,0.0,0.0,0.0,37.0,5.0,0.0,8.0,4.0,3.0,3.0,22.0,14.0,7.0,4.0,7.0,2.0,15.0,11.0,8.0,8.0,25.0,1.0,0.0,2.0,17.0,4.0,193.0,99.0,8.0,28.0,26.0,11.0,22.0,43.0,65.0,0.0,0.0,78.0,63.0,0.0,0.0,20.0,43.0,2.0,7.0,48.0,39.0,55.0,0.0,274.0,136.0,2.0,2.0,16.0,3.5343299508094788,2.0,240.16819999999998,33.779396057128906,25147.240234375,0.0384861184284091,0.0
448332,0.0,0.0,0.0,0.0,0.0,0.0,0.0,,0.0,0.0,0.0,0.0,0.0,0.0,0.0,0.0,0.0,0.0,0.0,0.0,1.0,3.1423701345920563,0.0,1.0,0.0,0.0,0.0,0.0,0.0,9.0,0.0,1106.389980316162,22.95000123977661,9406.729858398438,153.75000286102295,31789.080078125,22.0,35.0,0.0,0.0,2.0,14.0,0.0,0.0,108.0,86.0,3.6500000059604645,15.0,12.0,35.0,0.0,0.0,0.0,0.0,0.0,5.0,0.0,82.0,2.0,17.0,50.0,26.0,21.0,31.0,36.0,3.0,1.0,0.0,0.0,1.0,29.0,9.0,4.0,9.0,25.0,1.0,4.0,0.0,14.0,8.0,429.0,242.0,18.0,0.0,0.0,48.0,34.0,14.0,48.0,0.0,0.0,225.0,179.0,0.0,0.0,24.0,0.0,0.0,0.0,8.0,149.0,8.0,0.0,110.0,14.0,0.0,0.0,0.0,0.47147558256983757,0.0,810.0774333333334,29.631427764892578,42478.89990234375,0.0,0.0
448341,0.0,3.0,0.0,0.0,1.0,0.0,0.0,0.0,0.0,0.0,2.0,0.0,0.0,3.0,1.0,2.0,1.0,0.0,0.0,53.0,0.0,5.215637922286987,26.0,0.0,0.0,11.0,4.0,134.0,18.0,1.0,0.0,5090.160003662109,746.6000061035156,12011.899597167969,1973.6600799560547,15354.280639648438,92.0,147.0,15.0,4.0,18.0,1.0,0.0,0.0,0.0,0.0,0.0,0.0,0.0,0.0,0.0,0.0,0.0,0.0,0.0,0.0,0.0,45.0,4.0,0.0,6.0,4.0,1.0,2.0,34.0,16.0,13.0,8.0,10.0,2.0,23.0,17.0,12.0,17.0,44.0,3.0,0.0,2.0,34.0,5.0,263.0,146.0,18.0,51.0,73.0,23.0,58.0,89.0,147.0,0.0,0.0,90.0,74.0,0.0,0.0,50.0,88.0,5.0,14.0,73.0,63.0,87.0,0.0,443.0,172.0,1.0,3.0,21.0,3.5786362290382385,2.0,341.66400000000004,34.68144607543945,35176.60009765625,0.1443469524383545,0.0
448343,2.0,5.0,0.0,1.0,0.0,0.0,2.0,0.0,0.0,1.0,1.0,0.0,1.0,4.0,0.0,3.0,1.0,1.0,1.0,3.0,2.0,7.104005575180054,3.0,2.0,0.0,3.0,0.0,145.0,8.0,4.0,0.0,6887.769866943359,511.96997261047363,18878.11993408203,2250.979953765869,14073.74008178711,94.0,110.0,12.0,0.0,6.0,5.0,0.0,0.0,0.0,0.0,0.0,0.0,0.0,0.0,1.0,0.0,0.0,1.0,0.0,1.0,0.0,32.0,1.0,1.0,9.0,7.0,7.0,7.0,24.0,2.0,1.0,1.0,1.0,0.0,21.0,16.0,16.0,19.0,18.0,0.0,0.0,0.0,12.0,6.0,362.0,143.0,22.0,20.0,90.0,46.0,111.0,45.0,156.0,0.0,0.0,164.0,153.0,0.0,0.0,51.0,46.0,2.0,8.0,69.0,101.0,77.0,0.0,586.0,159.0,3.0,2.0,1.0,4.42339888215065,0.0,362.2669833333333,30.64732551574707,42602.580078125,0.6424163058400154,0.0
448346,0.0,5.0,0.0,1.0,0.0,1.0,0.0,0.0,0.0,3.0,1.0,0.0,0.0,3.0,1.0,1.0,1.0,2.0,0.0,0.0,0.0,3.1462148825327554,0.0,0.0,0.0,0.0,0.0,10.0,6.0,3.0,0.0,3131.0299377441406,342.07999420166016,12580.64013671875,972.9199829101562,10180.509948730469,55.0,68.0,3.0,1.0,0.0,4.0,,,0.0,0.0,0.0,0.0,0.0,0.0,0.0,0.0,0.0,0.0,2.0,1.0,0.0,48.0,0.0,12.0,24.0,18.0,10.0,12.0,36.0,0.0,0.0,0.0,0.0,0.0,24.0,18.0,10.0,12.0,21.0,0.0,8.0,0.0,14.0,3.0,353.0,130.0,9.0,0.0,0.0,22.0,8.0,14.0,22.0,0.0,0.0,164.0,153.0,0.0,0.0,12.0,3.0,0.0,3.0,37.0,125.0,40.0,0.0,249.0,82.0,1.0,0.0,0.0,0.27413608878850937,1.0,268.6363666666667,31.612863540649414,27207.18017578125,0.24959322530776262,0.0
448355,2.0,17.0,0.0,8.0,2.0,0.0,0.0,0.0,0.0,5.0,10.0,0.0,0.0,10.0,2.0,3.0,4.0,7.0,2.0,17.0,4.0,6.768001000086467,14.0,3.0,0.0,11.0,5.0,168.0,12.0,0.0,0.0,9557.85986328125,1164.8300170898438,28334.719970703125,3519.0402221679688,20572.309814453125,129.0,175.0,26.0,4.0,8.0,0.0,0.0,0.0,0.0,0.0,0.0,0.0,0.0,0.0,2.0,0.0,2.0,0.0,0.0,0.0,0.0,71.0,5.0,6.0,13.0,9.0,2.0,2.0,50.0,11.0,6.0,2.0,2.0,4.0,47.0,35.0,26.0,32.0,57.0,2.0,5.0,2.0,42.0,6.0,500.0,238.0,45.0,84.0,95.0,34.0,105.0,108.0,213.0,1.0,0.0,199.0,171.0,0.0,0.0,54.0,92.0,10.0,14.0,81.0,156.0,95.0,0.0,802.0,276.0,0.0,4.0,10.0,6.285376876592636,5.0,561.80265,33.17099380493164,63148.759765625,1.6696620788425207,0.0
448360,0.0,5.0,0.0,1.0,0.0,0.0,1.0,1.0,0.0,0.0,3.0,0.0,0.0,5.0,1.0,3.0,1.0,0.0,0.0,15.0,2.0,6.314115603764852,15.0,2.0,0.0,0.0,0.0,48.0,15.0,7.0,0.0,9788.159912109375,931.3300018310547,31976.36962890625,2902.1000061035156,22811.05029296875,120.0,153.0,16.0,9.0,2.0,8.0,0.0,0.0,0.0,0.0,0.0,0.0,0.0,0.0,0.0,0.0,0.0,0.0,4.0,1.0,0.0,116.0,2.0,21.0,60.0,45.0,33.0,37.0,85.0,4.0,2.0,1.0,1.0,1.0,52.0,38.0,26.0,28.0,67.0,1.0,11.0,0.0,46.0,6.0,842.0,299.0,27.0,5.0,5.0,73.0,37.0,46.0,83.0,0.0,0.0,399.0,369.0,0.0,0.0,40.0,9.0,1.0,10.0,61.0,325.0,71.0,0.0,806.0,227.0,0.0,0.0,1.0,0.7614279836416245,2.0,651.5232166666667,30.846847534179688,68409.009765625,0.3912282232195139,1.0
448362,1.0,6.0,0.0,1.0,0.0,1.0,3.0,0.0,0.0,0.0,2.0,0.0,0.0,6.0,5.0,0.0,5.0,0.0,0.0,10.0,1.0,5.318337122599284,7.0,0.0,0.0,5.0,0.0,146.0,18.0,2.0,0.0,5111.500061035156,960.8400344848633,16625.27001953125,2518.370086669922,15710.729614257812,55.0,88.0,19.0,2.0,3.0,2.0,0.0,0.0,0.0,0.0,0.0,0.0,0.0,0.0,3.0,0.0,3.0,0.0,3.0,0.0,0.0,29.0,3.0,0.0,4.0,1.0,0.0,1.0,14.0,13.0,6.0,4.0,8.0,2.0,12.0,7.0,5.0,7.0,22.0,1.0,0.0,1.0,10.0,5.0,230.0,112.0,20.0,101.0,56.0,4.0,105.0,56.0,161.0,2.0,0.0,91.0,72.0,0.0,0.0,46.0,80.0,10.0,23.0,59.0,42.0,82.0,0.0,426.0,217.0,0.0,4.0,3.0,11.600352168083191,2.0,385.95775000000003,33.525020599365234,40926.70947265625,1.511477530002594,0.0
448363,0.0,0.0,0.0,0.0,0.0,0.0,0.0,,0.0,0.0,0.0,0.0,0.0,0.0,0.0,0.0,0.0,0.0,0.0,1.0,1.0,5.865223407745361,1.0,1.0,0.0,1.0,0.0,21.0,9.0,4.0,0.0,3404.9100341796875,480.2899856567383,13647.3701171875,1049.2200317382812,11424.449951171875,28.0,32.0,9.0,1.0,2.0,6.0,0.0,0.0,0.0,0.0,0.0,0.0,0.0,9.0,0.0,0.0,0.0,0.0,0.0,2.0,0.0,51.0,2.0,7.0,33.0,30.0,23.0,24.0,45.0,2.0,1.0,0.0,0.0,0.0,16.0,14.0,7.0,7.0,16.0,1.0,6.0,0.0,13.0,3.0,302.0,120.0,3.0,0.0,2.0,9.0,3.0,8.0,11.0,0.0,0.0,151.0,146.0,0.0,0.0,6.0,0.0,0.0,4.0,12.0,121.0,16.0,0.0,298.0,89.0,0.0,0.0,0.0,0.2462206780910492,1.0,306.90215,32.22296142578125,30006.2412109375,0.0,0.0
448364,0.0,2.0,0.0,1.0,0.0,0.0,0.0,0.0,0.0,1.0,0.0,0.0,0.0,0.0,0.0,1.0,0.0,2.0,0.0,2.0,0.0,4.310314337412517,2.0,0.0,0.0,0.0,0.0,26.0,9.0,0.0,0.0,1934.9499816894531,182.0999994277954,6128.0098876953125,600.4199829101562,4620.330078125,32.0,39.0,25.0,1.0,3.0,0.0,0.0,0.0,0.0,0.0,0.0,0.0,0.0,0.0,0.0,0.0,0.0,0.0,0.0,0.0,0.0,16.0,0.0,0.0,4.0,3.0,3.0,4.0,13.0,1.0,1.0,0.0,0.0,1.0,11.0,9.0,8.0,10.0,7.0,0.0,0.0,1.0,5.0,4.0,143.0,63.0,9.0,2.0,16.0,26.0,35.0,9.0,44.0,0.0,0.0,64.0,57.0,0.0,0.0,19.0,6.0,0.0,5.0,24.0,42.0,29.0,0.0,146.0,44.0,2.0,2.0,1.0,0.407800430431962,0.0,127.48909999999998,32.109169006347656,13465.809814453125,0.0658729299902916,0.0
448366,0.0,0.0,0.0,0.0,0.0,0.0,0.0,,0.0,0.0,0.0,0.0,0.0,0.0,0.0,0.0,0.0,0.0,0.0,0.0,0.0,0.0,0.0,0.0,0.0,0.0,0.0,0.0,0.0,0.0,0.0,0.0,0.0,0.0,0.0,0.0,0.0,0.0,0.0,0.0,0.0,0.0,,,0.0,0.0,0.0,0.0,0.0,0.0,0.0,0.0,0.0,0.0,0.0,0.0,0.0,0.0,0.0,0.0,0.0,0.0,0.0,0.0,0.0,0.0,0.0,0.0,0.0,0.0,0.0,0.0,0.0,0.0,0.0,0.0,0.0,0.0,0.0,0.0,0.0,0.0,0.0,0.0,0.0,0.0,0.0,0.0,0.0,0.0,0.0,0.0,0.0,0.0,0.0,0.0,0.0,0.0,0.0,0.0,0.0,0.0,0.0,0.0,0.0,0.0,0.0,0.0,0.0,0.0,0.0,0.0,0.0,0.0,0.0
448369,0.0,0.0,0.0,0.0,0.0,0.0,0.0,,0.0,0.0,0.0,0.0,0.0,0.0,0.0,0.0,0.0,0.0,0.0,0.0,0.0,0.0,0.0,0.0,0.0,0.0,0.0,0.0,0.0,0.0,0.0,0.0,0.0,0.0,0.0,0.0,0.0,0.0,0.0,0.0,0.0,0.0,,,0.0,0.0,0.0,0.0,0.0,0.0,0.0,0.0,0.0,0.0,0.0,0.0,0.0,0.0,0.0,0.0,0.0,0.0,0.0,0.0,0.0,0.0,0.0,0.0,0.0,0.0,0.0,0.0,0.0,0.0,0.0,0.0,0.0,0.0,0.0,0.0,0.0,0.0,0.0,0.0,0.0,0.0,0.0,0.0,0.0,0.0,0.0,0.0,0.0,0.0,0.0,0.0,0.0,0.0,0.0,0.0,0.0,0.0,0.0,0.0,0.0,0.0,0.0,0.0,0.0,0.0,0.0,0.0,0.0,0.0,0.0
448373,0.0,10.0,0.0,2.0,1.0,1.0,1.0,2.0,2.0,3.0,2.0,0.0,0.0,5.0,4.0,2.0,6.0,5.0,2.0,5.0,2.0,6.548115094502767,5.0,2.0,4.0,16.0,4.0,77.0,19.0,9.0,0.0,7676.479553222656,1244.5699844360352,24134.260009765625,3166.1399688720703,17794.949951171875,72.0,104.0,18.0,7.0,2.0,9.0,0.0,0.0,0.0,0.0,0.0,0.0,0.0,0.0,0.0,0.0,0.0,0.0,0.0,0.0,0.0,78.0,7.0,2.0,24.0,15.0,13.0,15.0,44.0,9.0,4.0,1.0,1.0,1.0,45.0,25.0,22.0,35.0,26.0,2.0,0.0,1.0,17.0,6.0,541.0,254.0,29.0,47.0,46.0,32.0,47.0,78.0,125.0,0.0,0.0,246.0,203.0,0.0,0.0,43.0,38.0,8.0,11.0,57.0,160.0,68.0,0.0,653.0,234.0,1.0,2.0,3.0,1.9444961622357368,36.0,492.7201166666667,32.85943603515625,54016.3994140625,1.085046298801899,1.0
448377,0.0,7.0,0.0,2.0,0.0,0.0,0.0,1.0,0.0,0.0,6.0,0.0,0.0,5.0,0.0,4.0,1.0,2.0,1.0,17.0,1.0,3.158055623372396,12.0,1.0,0.0,7.0,1.0,67.0,3.0,0.0,0.0,2638.919921875,623.9599609375,8444.839965820312,1162.7699890136719,7366.83984375,42.0,68.0,6.0,1.0,2.0,0.0,,,0.0,0.0,0.0,0.0,0.0,0.0,0.0,0.0,0.0,0.0,1.0,0.0,0.0,21.0,1.0,0.0,1.0,0.0,0.0,0.0,13.0,6.0,5.0,2.0,2.0,3.0,14.0,8.0,5.0,10.0,12.0,0.0,0.0,3.0,8.0,3.0,154.0,74.0,14.0,39.0,26.0,18.0,30.0,53.0,83.0,0.0,0.0,55.0,44.0,0.0,0.0,28.0,34.0,1.0,4.0,28.0,50.0,32.0,0.0,232.0,101.0,2.0,1.0,10.0,2.7425538897514343,0.0,194.88106666666664,33.67787170410156,20237.32958984375,0.4116241931915283,0.0
448390,0.0,0.0,0.0,0.0,0.0,0.0,0.0,0.0,0.0,0.0,0.0,0.0,0.0,0.0,0.0,0.0,0.0,0.0,0.0,0.0,1.0,1.4777249336242675,0.0,1.0,1.0,4.0,2.0,19.0,2.0,4.0,0.0,1376.8800048828125,95.82000732421875,3535.11962890625,575.8300170898438,2013.760009765625,9.0,14.0,2.0,1.0,1.0,4.0,,,0.0,0.0,0.0,0.0,0.0,0.0,0.0,0.0,0.0,0.0,0.0,0.0,0.0,15.0,1.0,0.0,4.0,1.0,1.0,3.0,10.0,2.0,1.0,0.0,0.0,1.0,9.0,8.0,7.0,7.0,8.0,0.0,0.0,1.0,3.0,1.0,63.0,28.0,2.0,0.0,7.0,12.0,12.0,7.0,19.0,0.0,0.0,29.0,23.0,0.0,0.0,13.0,5.0,0.0,0.0,10.0,19.0,10.0,0.0,132.0,43.0,0.0,1.0,0.0,0.02605879120528698,0.0,61.6724,27.09070587158203,7597.40966796875,0.0,0.0
448402,0.0,0.0,0.0,0.0,0.0,0.0,0.0,,0.0,0.0,0.0,0.0,0.0,0.0,0.0,0.0,0.0,0.0,0.0,0.0,0.0,0.0,0.0,0.0,0.0,0.0,0.0,0.0,0.0,0.0,0.0,0.0,0.0,0.0,0.0,0.0,0.0,0.0,0.0,0.0,0.0,0.0,,,0.0,0.0,0.0,0.0,0.0,0.0,0.0,0.0,0.0,0.0,0.0,0.0,0.0,0.0,0.0,0.0,0.0,0.0,0.0,0.0,0.0,0.0,0.0,0.0,0.0,0.0,0.0,0.0,0.0,0.0,0.0,0.0,0.0,0.0,0.0,0.0,0.0,0.0,0.0,0.0,0.0,0.0,0.0,0.0,0.0,0.0,0.0,0.0,0.0,0.0,0.0,0.0,0.0,0.0,0.0,0.0,0.0,0.0,0.0,0.0,0.0,0.0,0.0,0.0,0.0,0.0,0.0,0.0,0.0,0.0,0.0
448411,0.0,3.0,0.0,0.0,0.0,0.0,0.0,0.0,0.0,3.0,0.0,0.0,0.0,2.0,0.0,3.0,0.0,1.0,0.0,4.0,0.0,7.629818153381348,1.0,0.0,0.0,19.0,3.0,22.0,6.0,0.0,0.0,2575.18994140625,625.2499847412109,6133.43017578125,1434.8000183105469,5057.8599853515625,18.0,41.0,5.0,2.0,1.0,0.0,0.0,0.0,0.0,0.0,0.0,0.0,0.0,0.0,0.0,0.0,0.0,0.0,0.0,0.0,0.0,23.0,1.0,1.0,2.0,1.0,0.0,0.0,14.0,6.0,3.0,1.0,2.0,3.0,15.0,10.0,7.0,10.0,18.0,0.0,1.0,2.0,10.0,5.0,137.0,70.0,13.0,30.0,23.0,9.0,12.0,50.0,62.0,0.0,0.0,41.0,37.0,0.0,0.0,23.0,25.0,6.0,1.0,24.0,44.0,25.0,0.0,202.0,106.0,5.0,0.0,0.0,3.8772242665290833,3.0,126.08015000000003,34.24699401855469,15826.530151367188,0.08965609222650528,0.0
448420,0.0,0.0,0.0,0.0,0.0,0.0,0.0,0.0,0.0,0.0,0.0,0.0,0.0,0.0,0.0,0.0,0.0,0.0,0.0,0.0,0.0,1.2005729675292969,0.0,0.0,0.0,0.0,0.0,10.0,3.0,1.0,0.0,608.8800048828125,116.70999908447266,1368.9000244140625,345.4200134277344,1456.949951171875,8.0,8.0,2.0,0.0,1.0,1.0,0.0,0.0,0.0,0.0,0.0,0.0,0.0,0.0,0.0,0.0,0.0,0.0,0.0,0.0,0.0,9.0,1.0,0.0,2.0,2.0,1.0,1.0,9.0,3.0,3.0,1.0,1.0,1.0,4.0,4.0,2.0,2.0,6.0,1.0,0.0,1.0,6.0,1.0,27.0,14.0,2.0,0.0,3.0,0.0,0.0,3.0,3.0,0.0,0.0,12.0,12.0,0.0,0.0,3.0,3.0,0.0,1.0,5.0,6.0,6.0,0.0,60.0,26.0,1.0,0.0,0.0,0.3201654851436615,0.0,38.946716666666674,29.016815185546875,3896.860107421875,0.0,0.0
448491,0.0,0.0,0.0,0.0,,,,,0.0,,,,,0.0,0.0,0.0,0.0,0.0,0.0,,,,,,0.0,0.0,0.0,,,0.0,0.0,,,,,,,,,0.0,0.0,0.0,,,,,0.0,0.0,0.0,0.0,0.0,0.0,0.0,0.0,0.0,0.0,0.0,,,,,,,,,,,,,,,,,,,,,,,1.0,,,,,,,,,,0.0,0.0,0.0,0.0,0.0,0.0,,,,,,,,0.0,,,0.0,0.0,,,0.0,,,,,1.0
448497,0.0,2.0,0.0,1.0,0.0,0.0,1.0,0.0,0.0,0.0,1.0,0.0,0.0,2.0,1.0,0.0,1.0,0.0,0.0,3.0,1.0,6.8318173090616865,1.0,0.0,0.0,1.0,0.0,133.0,15.0,0.0,0.0,6036.8597412109375,862.8500366210938,10345.81005859375,2424.7899780273438,11105.500244140625,43.0,65.0,8.0,1.0,1.0,0.0,0.0,0.0,0.0,0.0,0.0,0.0,0.0,0.0,1.0,0.0,1.0,0.0,1.0,0.0,0.0,16.0,0.0,2.0,2.0,0.0,0.0,0.0,6.0,3.0,1.0,1.0,3.0,0.0,11.0,5.0,5.0,9.0,12.0,0.0,0.0,0.0,5.0,3.0,159.0,77.0,5.0,41.0,41.0,13.0,36.0,59.0,95.0,0.0,0.0,69.0,49.0,0.0,0.0,27.0,43.0,3.0,11.0,50.0,20.0,61.0,0.0,470.0,170.0,0.0,2.0,0.0,2.393956273794174,1.0,271.5443333333333,32.2670783996582,30775.80859375,0.2408740520477295,0.0
448505,0.0,0.0,0.0,0.0,0.0,0.0,0.0,,0.0,0.0,0.0,0.0,0.0,0.0,0.0,0.0,0.0,0.0,0.0,1.0,0.0,3.775876045227051,0.0,0.0,0.0,1.0,0.0,46.0,6.0,0.0,0.0,1086.320068359375,184.77999114990234,3998.699951171875,408.6699981689453,4423.169921875,10.0,16.0,5.0,0.0,2.0,0.0,,,0.0,0.0,0.0,0.0,0.0,0.0,0.0,0.0,0.0,0.0,0.0,0.0,0.0,18.0,0.0,1.0,5.0,1.0,1.0,4.0,9.0,0.0,0.0,0.0,0.0,0.0,13.0,8.0,8.0,12.0,11.0,0.0,0.0,0.0,6.0,2.0,70.0,31.0,2.0,3.0,4.0,10.0,1.0,16.0,17.0,0.0,0.0,29.0,21.0,0.0,0.0,10.0,3.0,0.0,0.0,12.0,17.0,12.0,0.0,105.0,37.0,1.0,1.0,0.0,0.03331845160573721,4.0,107.24193333333335,31.73377799987793,10101.64013671875,0.0,0.0
448507,0.0,0.0,0.0,0.0,0.0,0.0,0.0,,0.0,0.0,0.0,0.0,0.0,0.0,0.0,0.0,0.0,0.0,0.0,0.0,0.0,0.0,0.0,0.0,0.0,0.0,0.0,0.0,0.0,0.0,0.0,0.0,0.0,0.0,0.0,0.0,0.0,0.0,0.0,0.0,0.0,0.0,,,0.0,0.0,0.0,0.0,0.0,0.0,0.0,0.0,0.0,0.0,0.0,0.0,0.0,0.0,0.0,0.0,0.0,0.0,0.0,0.0,0.0,0.0,0.0,0.0,0.0,0.0,0.0,0.0,0.0,0.0,0.0,0.0,0.0,0.0,0.0,0.0,0.0,0.0,0.0,0.0,0.0,0.0,0.0,0.0,0.0,0.0,0.0,0.0,0.0,0.0,0.0,0.0,0.0,0.0,0.0,0.0,0.0,0.0,0.0,0.0,0.0,0.0,0.0,0.0,0.0,0.0,0.0,0.0,0.0,0.0,0.0
448522,0.0,0.0,0.0,0.0,0.0,0.0,0.0,0.0,0.0,0.0,0.0,0.0,0.0,0.0,0.0,0.0,0.0,0.0,0.0,3.0,0.0,1.362494707107544,3.0,0.0,0.0,1.0,0.0,16.0,6.0,2.0,0.0,858.8299560546875,189.13999938964844,3118.66015625,380.77001953125,3831.56982421875,15.0,19.0,0.0,1.0,0.0,2.0,,,0.0,0.0,0.0,0.0,0.0,0.0,0.0,0.0,0.0,0.0,0.0,0.0,0.0,6.0,0.0,0.0,4.0,4.0,4.0,4.0,5.0,0.0,0.0,0.0,0.0,0.0,2.0,1.0,1.0,2.0,4.0,0.0,0.0,0.0,3.0,1.0,65.0,35.0,0.0,2.0,2.0,0.0,0.0,4.0,4.0,0.0,0.0,27.0,25.0,0.0,0.0,0.0,2.0,0.0,2.0,13.0,14.0,15.0,0.0,73.0,34.0,1.0,0.0,1.0,0.02967197448015213,1.0,92.28446666666667,33.83384704589844,8378.970703125,0.0,1.0
448523,0.0,1.0,0.0,1.0,0.0,0.0,0.0,0.0,0.0,1.0,0.0,0.0,0.0,0.0,0.0,0.0,0.0,1.0,0.0,11.0,3.0,3.3245095014572144,5.0,3.0,0.0,4.0,3.0,62.0,8.0,0.0,0.0,2024.5399169921875,270.2999954223633,5701.27978515625,835.1799926757812,5964.679931640625,25.0,38.0,3.0,2.0,1.0,0.0,0.0,0.0,0.0,0.0,0.0,0.0,0.0,0.0,0.0,0.0,0.0,0.0,0.0,0.0,0.0,15.0,1.0,0.0,1.0,1.0,0.0,0.0,12.0,4.0,3.0,1.0,2.0,1.0,10.0,8.0,6.0,8.0,12.0,1.0,0.0,1.0,9.0,2.0,85.0,41.0,3.0,19.0,34.0,11.0,21.0,43.0,64.0,1.0,0.0,31.0,27.0,0.0,0.0,16.0,12.0,1.0,4.0,15.0,26.0,19.0,0.0,172.0,75.0,0.0,2.0,4.0,0.7696675807237625,0.0,136.32618333333335,33.240638732910156,14795.97900390625,0.014656432904303074,0.0
448525,1.0,0.0,0.0,0.0,0.0,0.0,0.0,0.0,0.0,0.0,0.0,0.0,0.0,0.0,0.0,0.0,0.0,0.0,0.0,11.0,1.0,4.9847482442855835,3.0,1.0,0.0,0.0,0.0,58.0,6.0,3.0,0.0,1844.1700134277344,238.92000579833984,4529.3800048828125,744.1900100708008,4694.719970703125,13.0,30.0,2.0,2.0,2.0,3.0,0.0,0.0,0.0,0.0,0.0,0.0,0.0,0.0,0.0,0.0,0.0,0.0,0.0,0.0,0.0,7.0,0.0,0.0,1.0,0.0,0.0,1.0,5.0,2.0,1.0,0.0,1.0,1.0,4.0,4.0,3.0,3.0,4.0,0.0,0.0,1.0,2.0,3.0,74.0,45.0,3.0,7.0,12.0,3.0,12.0,10.0,22.0,0.0,0.0,29.0,20.0,0.0,0.0,6.0,15.0,2.0,6.0,21.0,13.0,27.0,0.0,148.0,60.0,2.0,1.0,2.0,1.210042953491211,1.0,109.22153333333333,33.287967681884766,12051.380126953125,0.0,0.0
448531,0.0,6.0,0.0,3.0,2.0,0.0,0.0,0.0,0.0,1.0,2.0,0.0,0.0,3.0,0.0,2.0,0.0,3.0,0.0,18.0,0.0,5.779487133026123,12.0,0.0,0.0,5.0,0.0,123.0,20.0,0.0,0.0,3455.969970703125,1450.3300170898438,13653.8798828125,1929.4499206542969,19444.21044921875,42.0,76.0,26.0,6.0,4.0,0.0,0.0,0.0,0.0,0.0,0.0,0.0,0.0,0.0,0.0,0.0,0.0,0.0,1.0,0.0,0.0,19.0,1.0,1.0,3.0,3.0,1.0,1.0,15.0,5.0,3.0,2.0,4.0,0.0,11.0,9.0,7.0,9.0,18.0,1.0,1.0,0.0,14.0,4.0,176.0,91.0,7.0,45.0,33.0,14.0,54.0,38.0,92.0,4.0,0.0,68.0,52.0,0.0,0.0,32.0,44.0,3.0,15.0,35.0,44.0,50.0,0.0,285.0,167.0,0.0,0.0,5.0,4.3084876537323,8.0,414.31466666666665,35.1153678894043,39933.83984375,0.26289152354002,0.0
448557,0.0,1.0,0.0,0.0,0.0,0.0,0.0,1.0,1.0,0.0,0.0,0.0,0.0,0.0,0.0,1.0,0.0,1.0,0.0,3.0,3.0,6.487667918205261,3.0,3.0,1.0,4.0,2.0,116.0,22.0,5.0,0.0,5044.5,333.96999740600586,17452.76025390625,1792.469970703125,14165.509765625,70.0,92.0,13.0,2.0,4.0,5.0,0.0,0.0,0.0,0.0,0.0,0.0,0.0,0.0,2.0,0.0,2.0,0.0,0.0,0.0,0.0,63.0,4.0,5.0,15.0,10.0,6.0,6.0,43.0,6.0,3.0,1.0,1.0,1.0,42.0,30.0,25.0,32.0,20.0,1.0,3.0,1.0,11.0,4.0,436.0,161.0,16.0,19.0,92.0,101.0,134.0,78.0,212.0,1.0,0.0,200.0,170.0,0.0,0.0,89.0,34.0,0.0,3.0,49.0,159.0,52.0,0.0,423.0,128.0,0.0,2.0,1.0,1.518797766417265,0.0,359.58275,31.443506240844727,38789.2099609375,0.0866178497672081,1.0
448569,0.0,0.0,0.0,0.0,0.0,0.0,0.0,,0.0,0.0,0.0,0.0,0.0,0.0,0.0,0.0,0.0,0.0,0.0,1.0,1.0,1.5936251878738403,1.0,1.0,0.0,1.0,0.0,4.0,1.0,0.0,0.0,290.8200378417969,69.91999816894531,1128.780029296875,94.47000122070312,903.6799926757812,3.0,4.0,1.0,1.0,0.0,0.0,,,0.0,0.0,0.0,0.0,0.0,0.0,0.0,0.0,0.0,0.0,0.0,0.0,0.0,2.0,0.0,0.0,1.0,0.0,0.0,1.0,1.0,0.0,0.0,0.0,0.0,0.0,1.0,1.0,1.0,1.0,0.0,0.0,0.0,0.0,0.0,1.0,10.0,4.0,0.0,2.0,5.0,0.0,2.0,5.0,7.0,0.0,0.0,4.0,3.0,0.0,0.0,1.0,3.0,0.0,1.0,1.0,3.0,2.0,0.0,27.0,8.0,1.0,0.0,1.0,0.5069029331207275,1.0,23.37530000000001,32.63193893432617,2487.669921875,0.0,0.0
448580,0.0,0.0,0.0,0.0,0.0,0.0,0.0,,0.0,0.0,0.0,0.0,0.0,0.0,0.0,0.0,0.0,0.0,0.0,0.0,0.0,2.294118086496989,0.0,0.0,0.0,0.0,0.0,19.0,2.0,0.0,0.0,1273.510009765625,208.10000610351562,3331.729736328125,604.77001953125,3153.250244140625,7.0,9.0,11.0,0.0,0.0,0.0,,,0.0,0.0,0.0,0.0,0.0,0.0,0.0,0.0,0.0,0.0,0.0,0.0,0.0,5.0,0.0,2.0,3.0,1.0,1.0,1.0,1.0,0.0,0.0,0.0,0.0,0.0,2.0,0.0,0.0,0.0,2.0,0.0,0.0,0.0,0.0,1.0,49.0,26.0,0.0,14.0,9.0,4.0,10.0,17.0,27.0,0.0,0.0,25.0,22.0,0.0,0.0,7.0,7.0,0.0,0.0,1.0,21.0,1.0,0.0,109.0,52.0,0.0,1.0,0.0,0.8129636645317078,5.0,74.74058333333335,32.0825309753418,8571.3603515625,0.0,0.0
448585,0.0,1.0,0.0,0.0,0.0,0.0,0.0,0.0,0.0,0.0,0.0,0.0,1.0,1.0,1.0,0.0,1.0,0.0,0.0,0.0,0.0,2.313317616780599,0.0,0.0,0.0,0.0,0.0,10.0,1.0,0.0,0.0,454.0799865722656,58.31999969482422,1329.5,212.30999755859375,882.239990234375,6.0,11.0,2.0,1.0,0.0,0.0,,,0.0,0.0,0.0,0.0,0.0,0.0,0.0,0.0,0.0,0.0,0.0,0.0,0.0,1.0,0.0,0.0,0.0,0.0,0.0,0.0,0.0,0.0,0.0,0.0,0.0,0.0,1.0,0.0,0.0,1.0,1.0,0.0,0.0,0.0,0.0,1.0,28.0,12.0,3.0,1.0,6.0,2.0,2.0,7.0,9.0,1.0,0.0,13.0,9.0,0.0,0.0,3.0,1.0,1.0,0.0,10.0,2.0,10.0,0.0,37.0,21.0,1.0,0.0,0.0,0.3811681866645813,2.0,25.352466666666686,32.8513069152832,2936.449951171875,0.1868796944618225,0.0
448586,0.0,4.0,0.0,0.0,0.0,1.0,3.0,0.0,0.0,0.0,0.0,0.0,0.0,4.0,2.0,0.0,2.0,0.0,0.0,5.0,0.0,6.258803844451904,1.0,0.0,0.0,1.0,0.0,51.0,5.0,0.0,0.0,1760.4800109863281,202.74999618530273,6232.2999267578125,739.8700103759766,6080.8101806640625,14.0,29.0,4.0,0.0,1.0,0.0,0.0,0.0,0.0,0.0,0.0,0.0,0.0,0.0,1.0,0.0,1.0,0.0,2.0,0.0,0.0,2.0,0.0,0.0,0.0,0.0,0.0,0.0,1.0,2.0,1.0,1.0,2.0,0.0,0.0,0.0,0.0,0.0,2.0,0.0,0.0,0.0,1.0,3.0,62.0,31.0,7.0,35.0,27.0,3.0,52.0,13.0,65.0,0.0,0.0,22.0,15.0,0.0,0.0,13.0,22.0,3.0,8.0,18.0,7.0,26.0,0.0,158.0,64.0,2.0,1.0,1.0,10.506032705307007,0.0,145.04273333333333,29.747711181640625,15016.2099609375,0.5999459102749825,0.0
448598,0.0,10.0,0.0,3.0,0.0,0.0,4.0,0.0,0.0,0.0,6.0,0.0,0.0,7.0,2.0,4.0,3.0,3.0,1.0,11.0,1.0,5.535517930984497,6.0,1.0,0.0,7.0,2.0,181.0,17.0,0.0,0.0,7164.600128173828,1808.1798706054688,18488.460083007812,3977.629898071289,13777.989868164062,74.0,110.0,32.0,8.0,3.0,0.0,0.0,0.0,0.0,0.0,0.0,0.0,0.0,0.0,3.0,0.0,2.0,1.0,1.0,0.0,0.0,19.0,3.0,0.0,3.0,2.0,0.0,0.0,15.0,8.0,6.0,4.0,5.0,0.0,8.0,7.0,5.0,5.0,16.0,2.0,0.0,0.0,12.0,5.0,246.0,109.0,15.0,151.0,117.0,30.0,182.0,116.0,298.0,3.0,0.0,95.0,80.0,0.0,0.0,65.0,67.0,9.0,13.0,81.0,35.0,94.0,0.0,615.0,315.0,0.0,4.0,4.0,9.693505048751831,0.0,411.81245,33.66965103149414,45216.861328125,1.0104803293943405,0.0
448607,1.0,1.0,0.0,0.0,0.0,1.0,0.0,0.0,0.0,0.0,0.0,0.0,0.0,1.0,0.0,0.0,0.0,0.0,0.0,7.0,1.0,3.940246820449829,6.0,1.0,0.0,0.0,0.0,30.0,12.0,1.0,0.0,4159.269958496094,315.5400085449219,17145.110107421875,1341.3299865722656,15634.0703125,54.0,70.0,7.0,0.0,1.0,2.0,0.0,0.0,0.0,0.0,0.0,0.0,0.0,0.0,0.0,0.0,0.0,0.0,1.0,1.0,0.0,39.0,1.0,10.0,25.0,18.0,13.0,14.0,25.0,1.0,0.0,0.0,0.0,0.0,13.0,7.0,2.0,2.0,25.0,0.0,5.0,0.0,11.0,4.0,464.0,135.0,6.0,0.0,3.0,74.0,48.0,29.0,77.0,0.0,0.0,226.0,212.0,0.0,0.0,40.0,2.0,0.0,1.0,21.0,204.0,22.0,0.0,393.0,99.0,0.0,1.0,1.0,0.4644577130675316,1.0,390.04965000000004,32.883235931396484,38595.3203125,0.11638835817575455,0.0
448612,0.0,6.0,0.0,1.0,0.0,1.0,0.0,0.0,0.0,2.0,3.0,0.0,0.0,2.0,1.0,1.0,4.0,4.0,3.0,18.0,2.0,6.1079747676849365,9.0,2.0,2.0,14.0,2.0,127.0,19.0,4.0,0.0,6064.2203369140625,1300.7600326538086,16980.620849609375,2936.7000122070312,23651.04052734375,135.0,200.0,15.0,5.0,5.0,4.0,0.0,0.0,0.0,0.0,0.0,0.0,0.0,0.0,0.0,0.0,0.0,0.0,1.0,0.0,0.0,93.0,12.0,2.0,16.0,11.0,2.0,2.0,63.0,23.0,15.0,6.0,8.0,3.0,54.0,37.0,26.0,37.0,63.0,7.0,2.0,2.0,46.0,6.0,543.0,231.0,20.0,49.0,88.0,20.0,61.0,96.0,157.0,0.0,0.0,238.0,186.0,0.0,0.0,53.0,80.0,8.0,15.0,104.0,142.0,119.0,0.0,554.0,226.0,0.0,5.0,6.0,2.9001502990722656,10.0,501.40958333333333,34.61970901489258,50933.34033203125,0.28266880102455616,1.0
448662,0.0,3.0,0.0,1.0,0.0,0.0,0.0,0.0,0.0,3.0,0.0,0.0,0.0,0.0,0.0,1.0,1.0,3.0,1.0,1.0,0.0,6.82647164662679,0.0,0.0,0.0,0.0,0.0,19.0,6.0,0.0,0.0,907.8199844360352,215.5800018310547,2159.029998779297,471.2700080871582,2723.3499755859375,6.0,9.0,1.0,0.0,1.0,0.0,0.0,0.0,0.0,0.0,0.0,0.0,0.0,0.0,0.0,0.0,0.0,0.0,0.0,0.0,0.0,3.0,0.0,0.0,3.0,2.0,2.0,3.0,2.0,0.0,0.0,0.0,0.0,0.0,0.0,0.0,0.0,0.0,2.0,0.0,0.0,0.0,1.0,3.0,33.0,19.0,3.0,17.0,13.0,1.0,16.0,15.0,31.0,1.0,0.0,8.0,7.0,0.0,0.0,4.0,3.0,0.0,4.0,6.0,7.0,10.0,0.0,68.0,40.0,3.0,0.0,0.0,3.130220800638199,0.0,58.91465000000002,30.3236141204834,6477.0501708984375,0.12630611844360828,0.0
448815,2.0,3.0,0.0,0.0,1.0,0.0,0.0,0.0,0.0,1.0,1.0,0.0,0.0,2.0,1.0,1.0,2.0,1.0,1.0,12.0,0.0,5.1691200733184814,9.0,0.0,0.0,2.0,0.0,41.0,8.0,0.0,0.0,2102.780059814453,431.5899887084961,6373.4500732421875,785.1000213623047,4980.210205078125,50.0,67.0,6.0,2.0,1.0,0.0,0.0,0.0,0.0,0.0,0.0,0.0,0.0,0.0,1.0,0.0,0.0,1.0,0.0,0.0,0.0,16.0,2.0,0.0,3.0,2.0,1.0,1.0,10.0,4.0,2.0,1.0,2.0,0.0,9.0,6.0,5.0,7.0,11.0,1.0,0.0,0.0,5.0,3.0,137.0,55.0,11.0,17.0,36.0,14.0,33.0,34.0,67.0,0.0,0.0,59.0,53.0,0.0,0.0,28.0,38.0,3.0,5.0,44.0,21.0,49.0,0.0,188.0,74.0,2.0,1.0,6.0,3.6341471672058105,0.0,134.1735,32.61249923706055,14673.130615234375,0.2094275951385498,0.0
448821,0.0,0.0,0.0,0.0,0.0,0.0,0.0,,0.0,0.0,0.0,0.0,0.0,0.0,0.0,0.0,0.0,0.0,0.0,0.0,1.0,1.9989501237869263,0.0,1.0,0.0,0.0,0.0,0.0,0.0,6.0,0.0,156.02000045776367,0.0,2424.849884033203,31.980000495910645,9928.619873046875,2.0,4.0,0.0,0.0,2.0,9.0,,,53.0,45.0,1.4000000059604645,5.0,3.0,10.0,0.0,0.0,0.0,0.0,0.0,3.0,0.0,73.0,2.0,25.0,38.0,17.0,8.0,11.0,28.0,2.0,0.0,0.0,0.0,0.0,33.0,11.0,2.0,6.0,5.0,0.0,9.0,0.0,2.0,3.0,166.0,95.0,1.0,0.0,0.0,18.0,14.0,4.0,18.0,0.0,0.0,95.0,64.0,0.0,0.0,11.0,0.0,0.0,0.0,1.0,59.0,1.0,0.0,15.0,4.0,1.0,0.0,0.0,0.2175472341477871,0.0,287.4710666666666,23.49980354309082,12541.47021484375,0.0,0.0
448825,0.0,2.0,0.0,1.0,0.0,0.0,0.0,0.0,0.0,0.0,2.0,0.0,0.0,1.0,1.0,0.0,1.0,1.0,0.0,3.0,8.0,6.0554211139678955,2.0,6.0,0.0,0.0,0.0,11.0,5.0,7.0,0.0,2208.3999633789062,129.63000106811523,8550.399841308594,829.8000106811523,9795.470489501953,24.0,31.0,3.0,1.0,0.0,7.0,0.0,0.0,0.0,0.0,0.0,0.0,0.0,0.0,0.0,0.0,0.0,0.0,1.0,0.0,0.0,38.0,0.0,4.0,16.0,13.0,10.0,12.0,32.0,0.0,0.0,0.0,0.0,0.0,22.0,19.0,16.0,18.0,7.0,0.0,3.0,0.0,6.0,4.0,298.0,104.0,8.0,0.0,5.0,26.0,24.0,7.0,31.0,0.0,0.0,139.0,128.0,0.0,0.0,15.0,2.0,0.0,1.0,16.0,119.0,17.0,0.0,190.0,63.0,3.0,0.0,0.0,0.4673774540424347,0.0,232.14638333333335,30.1456356048584,21513.69970703125,0.19831064529716969,0.0
45191,0.0,0.0,0.0,0.0,0.0,0.0,0.0,,0.0,0.0,0.0,0.0,0.0,0.0,0.0,0.0,0.0,0.0,0.0,1.0,0.0,2.1444870630900064,1.0,0.0,0.0,0.0,0.0,1.0,0.0,0.0,0.0,356.8999938964844,8.539999961853027,674.8600463867188,100.5999984741211,479.3399963378906,2.0,5.0,0.0,0.0,0.0,0.0,0.0,0.0,0.0,0.0,0.0,0.0,0.0,0.0,0.0,0.0,0.0,0.0,0.0,0.0,0.0,2.0,0.0,0.0,0.0,0.0,0.0,0.0,0.0,1.0,0.0,0.0,1.0,0.0,1.0,0.0,0.0,1.0,2.0,0.0,0.0,0.0,0.0,1.0,9.0,4.0,0.0,3.0,2.0,2.0,0.0,7.0,7.0,0.0,0.0,5.0,2.0,0.0,0.0,1.0,1.0,0.0,0.0,4.0,0.0,4.0,0.0,28.0,7.0,1.0,0.0,1.0,0.15289966762065887,1.0,15.693666666666658,25.88689613342285,1620.239990234375,0.0,0.0
461177,0.0,1.0,0.0,0.0,0.0,0.0,0.0,0.0,0.0,1.0,0.0,0.0,0.0,0.0,0.0,0.0,1.0,1.0,1.0,5.0,0.0,4.217154788970947,4.0,0.0,0.0,0.0,0.0,20.0,2.0,0.0,0.0,2166.449951171875,171.23999404907227,4171.489990234375,706.0999908447266,2829.5199584960938,17.0,23.0,3.0,1.0,0.0,0.0,,,0.0,0.0,0.0,0.0,0.0,0.0,0.0,0.0,0.0,0.0,0.0,0.0,0.0,7.0,0.0,0.0,1.0,1.0,1.0,1.0,5.0,3.0,1.0,1.0,3.0,0.0,3.0,3.0,3.0,3.0,7.0,0.0,0.0,0.0,5.0,3.0,53.0,23.0,3.0,1.0,14.0,9.0,20.0,4.0,24.0,0.0,0.0,22.0,20.0,0.0,0.0,7.0,9.0,0.0,2.0,15.0,10.0,17.0,0.0,181.0,47.0,3.0,0.0,2.0,0.715407982468605,0.0,85.9498,31.5496883392334,10044.7998046875,0.01870615966618061,0.0
461788,1.0,4.0,0.0,3.0,0.0,0.0,0.0,0.0,0.0,2.0,2.0,0.0,0.0,1.0,0.0,0.0,1.0,3.0,1.0,4.0,8.0,6.852517700195312,3.0,8.0,0.0,8.0,3.0,182.0,29.0,11.0,0.0,9897.7001953125,1065.3100051879883,24071.999755859375,3215.93017578125,18329.330200195312,139.0,184.0,18.0,8.0,1.0,12.0,0.0,0.0,0.0,0.0,0.0,0.0,0.0,0.0,0.0,0.0,0.0,0.0,0.0,1.0,0.0,159.0,10.0,7.0,52.0,34.0,29.0,35.0,103.0,15.0,7.0,0.0,0.0,5.0,92.0,62.0,52.0,70.0,99.0,2.0,3.0,5.0,54.0,5.0,749.0,253.0,27.0,8.0,79.0,158.0,140.0,105.0,245.0,0.0,0.0,357.0,313.0,0.0,0.0,120.0,22.0,0.0,1.0,118.0,244.0,119.0,0.0,829.0,260.0,1.0,1.0,0.0,0.29724455066025257,4.0,495.5316333333334,33.03301239013672,56580.27001953125,0.05039655417203903,2.0
463125,0.0,0.0,0.0,0.0,0.0,0.0,0.0,,0.0,0.0,0.0,0.0,0.0,0.0,0.0,0.0,0.0,0.0,0.0,1.0,0.0,1.4065295219421388,1.0,0.0,0.0,0.0,0.0,12.0,1.0,0.0,0.0,457.9800109863281,8.039999961853027,1019.0599975585938,192.0800018310547,612.47998046875,2.0,3.0,0.0,0.0,1.0,0.0,0.0,0.0,0.0,0.0,0.0,0.0,0.0,0.0,0.0,0.0,0.0,0.0,0.0,0.0,0.0,0.0,0.0,0.0,0.0,0.0,0.0,0.0,0.0,0.0,0.0,0.0,0.0,0.0,0.0,0.0,0.0,0.0,0.0,0.0,0.0,0.0,0.0,1.0,9.0,5.0,0.0,1.0,3.0,1.0,4.0,1.0,5.0,0.0,0.0,3.0,3.0,0.0,0.0,1.0,0.0,0.0,0.0,0.0,4.0,0.0,0.0,36.0,16.0,1.0,0.0,0.0,0.47772160172462463,0.0,19.52481666666668,26.06757164001465,2289.64013671875,0.0,0.0
463127,0.0,1.0,0.0,0.0,0.0,0.0,0.0,,0.0,0.0,1.0,0.0,0.0,1.0,0.0,1.0,0.0,0.0,0.0,0.0,0.0,5.34861125946045,0.0,0.0,0.0,0.0,0.0,46.0,5.0,0.0,0.0,2607.0799560546875,198.1200065612793,8383.679870605469,761.0799407958984,6814.8397216796875,11.0,21.0,5.0,1.0,2.0,0.0,,,0.0,0.0,0.0,0.0,0.0,0.0,0.0,0.0,0.0,0.0,0.0,0.0,0.0,7.0,0.0,0.0,0.0,0.0,0.0,0.0,1.0,4.0,1.0,1.0,4.0,0.0,3.0,0.0,0.0,3.0,6.0,0.0,0.0,0.0,1.0,4.0,52.0,27.0,1.0,24.0,1.0,0.0,17.0,8.0,25.0,0.0,0.0,23.0,12.0,0.0,0.0,2.0,20.0,1.0,9.0,17.0,2.0,26.0,0.0,185.0,69.0,2.0,2.0,0.0,6.291923642158508,0.0,170.38978333333336,31.174205780029297,18764.79931640625,0.05381155386567116,0.0
463128,0.0,6.0,0.0,0.0,2.0,0.0,0.0,0.0,0.0,2.0,2.0,0.0,0.0,2.0,0.0,5.0,0.0,4.0,0.0,7.0,2.0,6.7267372608184814,4.0,2.0,1.0,2.0,0.0,147.0,37.0,8.0,0.0,6084.869873046875,735.5899963378906,14733.009521484375,2521.550048828125,13236.880126953125,50.0,68.0,23.0,5.0,1.0,8.0,0.0,0.0,0.0,0.0,0.0,0.0,0.0,0.0,0.0,0.0,0.0,0.0,0.0,0.0,0.0,37.0,2.0,3.0,9.0,7.0,3.0,4.0,22.0,4.0,1.0,0.0,1.0,1.0,24.0,14.0,10.0,18.0,22.0,1.0,3.0,0.0,15.0,4.0,247.0,116.0,9.0,10.0,43.0,31.0,58.0,26.0,84.0,0.0,0.0,101.0,80.0,0.0,0.0,28.0,21.0,0.0,18.0,45.0,51.0,63.0,0.0,492.0,179.0,0.0,4.0,2.0,0.6378825455904007,0.0,332.37576666666666,32.65098190307617,37311.900390625,0.24976147711277008,2.0
463218,0.0,0.0,0.0,0.0,0.0,0.0,0.0,0.0,0.0,0.0,0.0,0.0,0.0,0.0,0.0,0.0,0.0,0.0,0.0,11.0,0.0,5.833083510398865,5.0,0.0,0.0,5.0,1.0,82.0,16.0,3.0,0.0,4563.2198486328125,1298.9400177001953,16615.6103515625,2075.739959716797,14566.969482421875,83.0,105.0,32.0,4.0,10.0,3.0,0.0,0.0,0.0,0.0,0.0,0.0,0.0,0.0,0.0,0.0,0.0,0.0,0.0,0.0,0.0,54.0,2.0,3.0,25.0,20.0,19.0,20.0,38.0,5.0,1.0,1.0,3.0,0.0,24.0,17.0,16.0,19.0,25.0,0.0,1.0,0.0,20.0,4.0,394.0,180.0,11.0,30.0,25.0,7.0,17.0,45.0,62.0,1.0,0.0,187.0,168.0,0.0,0.0,20.0,17.0,6.0,8.0,56.0,120.0,64.0,0.0,399.0,189.0,0.0,0.0,3.0,0.5988964140415192,20.0,402.1005333333334,34.2840576171875,39120.4794921875,0.0,0.0
463221,0.0,0.0,0.0,0.0,0.0,0.0,0.0,,0.0,0.0,0.0,0.0,0.0,0.0,0.0,0.0,0.0,0.0,0.0,0.0,3.0,1.3929725885391235,0.0,3.0,0.0,0.0,0.0,15.0,6.0,0.0,0.0,1141.1500244140625,140.30999755859375,3935.770263671875,389.6300048828125,3780.72998046875,14.0,21.0,2.0,1.0,0.0,1.0,0.0,0.0,0.0,0.0,0.0,0.0,0.0,0.0,0.0,0.0,0.0,0.0,0.0,1.0,0.0,25.0,0.0,4.0,16.0,12.0,11.0,12.0,15.0,1.0,1.0,0.0,0.0,1.0,8.0,2.0,0.0,3.0,16.0,0.0,1.0,1.0,9.0,1.0,108.0,45.0,1.0,0.0,2.0,14.0,4.0,12.0,16.0,0.0,0.0,52.0,42.0,0.0,0.0,10.0,0.0,0.0,1.0,11.0,36.0,12.0,0.0,101.0,38.0,0.0,0.0,0.0,0.044434089213609695,4.0,101.00468333333333,29.935426712036133,9387.58984375,0.0,1.0
463234,0.0,8.0,0.0,4.0,0.0,0.0,0.0,0.0,0.0,1.0,7.0,0.0,0.0,4.0,1.0,3.0,1.0,4.0,0.0,20.0,0.0,4.768882751464844,10.0,0.0,1.0,2.0,0.0,97.0,23.0,0.0,0.0,3414.2900390625,794.0199584960938,11447.91943359375,1767.510009765625,9670.10986328125,34.0,65.0,9.0,4.0,10.0,0.0,,,0.0,0.0,0.0,0.0,0.0,0.0,1.0,0.0,1.0,0.0,0.0,0.0,0.0,12.0,1.0,0.0,1.0,0.0,0.0,0.0,6.0,5.0,2.0,2.0,4.0,0.0,6.0,4.0,4.0,5.0,8.0,0.0,0.0,0.0,2.0,3.0,152.0,82.0,13.0,43.0,37.0,4.0,42.0,42.0,84.0,0.0,0.0,49.0,37.0,0.0,0.0,30.0,40.0,3.0,11.0,38.0,36.0,49.0,0.0,299.0,159.0,0.0,3.0,8.0,3.0167370438575745,1.0,255.94675,35.16545867919922,27093.8505859375,0.47028667479753494,0.0
463236,0.0,0.0,0.0,0.0,0.0,0.0,0.0,0.0,0.0,0.0,0.0,0.0,0.0,0.0,0.0,0.0,0.0,0.0,0.0,0.0,2.0,5.269137263298035,0.0,2.0,0.0,0.0,0.0,43.0,2.0,2.0,0.0,2084.6200256347656,114.2899980545044,6283.030029296875,719.0500183105469,5294.720458984375,26.0,29.0,2.0,0.0,0.0,2.0,0.0,0.0,0.0,0.0,0.0,0.0,0.0,0.0,0.0,0.0,0.0,0.0,0.0,0.0,0.0,16.0,2.0,0.0,3.0,2.0,1.0,1.0,10.0,2.0,1.0,0.0,0.0,0.0,11.0,7.0,6.0,9.0,9.0,1.0,0.0,0.0,6.0,3.0,92.0,42.0,4.0,10.0,19.0,11.0,31.0,9.0,40.0,0.0,0.0,44.0,40.0,0.0,0.0,11.0,11.0,0.0,0.0,20.0,21.0,20.0,0.0,181.0,57.0,1.0,2.0,0.0,0.948685884475708,1.0,130.40365,28.576797485351562,14495.710693359375,0.0,0.0
463282,0.0,0.0,0.0,0.0,0.0,0.0,0.0,,0.0,0.0,0.0,0.0,0.0,0.0,0.0,0.0,0.0,0.0,0.0,1.0,0.0,3.5547587871551514,1.0,0.0,0.0,3.0,0.0,5.0,0.0,0.0,0.0,672.2200012207031,306.3300247192383,2042.75,352.32000732421875,1312.8099975585938,15.0,20.0,0.0,0.0,0.0,0.0,,,0.0,0.0,0.0,0.0,0.0,0.0,0.0,0.0,0.0,0.0,0.0,0.0,0.0,11.0,2.0,0.0,2.0,1.0,0.0,0.0,7.0,3.0,1.0,0.0,1.0,0.0,6.0,5.0,4.0,4.0,6.0,1.0,0.0,0.0,5.0,2.0,54.0,23.0,0.0,11.0,7.0,3.0,7.0,14.0,21.0,0.0,0.0,25.0,22.0,0.0,0.0,8.0,8.0,1.0,0.0,8.0,17.0,8.0,0.0,61.0,28.0,2.0,0.0,0.0,0.3403322249650955,4.0,41.44846666666666,30.973445892333984,4686.43017578125,0.0,0.0
463283,0.0,2.0,0.0,0.0,0.0,0.0,0.0,0.0,0.0,1.0,1.0,0.0,0.0,0.0,0.0,1.0,1.0,2.0,1.0,4.0,1.0,6.714941501617432,2.0,1.0,0.0,4.0,2.0,142.0,18.0,0.0,0.0,5020.7498779296875,635.5799713134766,13362.480224609375,2081.7100219726562,10307.939697265625,57.0,86.0,14.0,3.0,4.0,0.0,0.0,0.0,0.0,0.0,0.0,0.0,0.0,0.0,1.0,0.0,0.0,1.0,0.0,0.0,0.0,36.0,1.0,0.0,3.0,1.0,1.0,2.0,20.0,5.0,2.0,0.0,1.0,3.0,28.0,17.0,15.0,24.0,27.0,0.0,0.0,2.0,14.0,4.0,220.0,101.0,5.0,45.0,71.0,15.0,81.0,50.0,131.0,0.0,0.0,91.0,65.0,0.0,0.0,26.0,46.0,6.0,14.0,62.0,38.0,76.0,0.0,439.0,161.0,0.0,4.0,1.0,3.0752267241477966,0.0,283.87044999999995,34.012046813964844,31408.46044921875,0.11787089984863997,0.0
463286,0.0,1.0,0.0,0.0,0.0,0.0,0.0,0.0,0.0,0.0,1.0,0.0,0.0,1.0,0.0,1.0,0.0,0.0,0.0,3.0,0.0,3.3366661071777344,2.0,0.0,0.0,0.0,0.0,15.0,6.0,0.0,0.0,736.8999938964844,222.3300018310547,1728.2000732421875,298.4300079345703,1393.4400024414062,6.0,16.0,4.0,3.0,1.0,0.0,0.0,0.0,0.0,0.0,0.0,0.0,0.0,0.0,0.0,0.0,0.0,0.0,1.0,0.0,0.0,6.0,1.0,0.0,3.0,3.0,2.0,2.0,6.0,2.0,2.0,1.0,1.0,0.0,1.0,1.0,0.0,0.0,5.0,1.0,0.0,0.0,5.0,2.0,32.0,17.0,1.0,10.0,6.0,1.0,4.0,13.0,17.0,0.0,0.0,13.0,7.0,0.0,0.0,4.0,11.0,0.0,2.0,12.0,3.0,14.0,0.0,54.0,23.0,2.0,0.0,0.0,2.739833354949951,0.0,39.894116666666676,31.469175338745117,4379.2998046875,0.11783229559659958,0.0
463287,0.0,0.0,0.0,0.0,0.0,0.0,0.0,,0.0,0.0,0.0,0.0,0.0,0.0,0.0,0.0,0.0,0.0,0.0,0.0,0.0,1.3584418296813965,0.0,0.0,0.0,0.0,0.0,4.0,1.0,1.0,0.0,310.739990234375,41.75,1153.75,169.97000122070312,1080.8900146484375,2.0,2.0,0.0,0.0,0.0,1.0,,,0.0,0.0,0.0,0.0,0.0,0.0,0.0,0.0,0.0,0.0,0.0,0.0,0.0,9.0,0.0,1.0,4.0,4.0,3.0,3.0,8.0,0.0,0.0,0.0,0.0,0.0,5.0,4.0,3.0,4.0,2.0,0.0,1.0,0.0,2.0,1.0,64.0,11.0,0.0,0.0,0.0,1.0,0.0,1.0,1.0,0.0,0.0,31.0,30.0,0.0,0.0,1.0,1.0,0.0,0.0,0.0,31.0,0.0,0.0,30.0,12.0,1.0,0.0,0.0,0.11078447103500366,0.0,30.350966666666665,29.497060775756836,2757.10009765625,0.0,0.0
463288,0.0,1.0,0.0,0.0,0.0,0.0,0.0,0.0,0.0,1.0,0.0,0.0,0.0,1.0,0.0,1.0,0.0,0.0,0.0,1.0,0.0,3.402721405029297,0.0,0.0,0.0,6.0,0.0,32.0,8.0,0.0,0.0,2204.239990234375,612.9700012207031,8197.750244140625,935.909912109375,5979.01025390625,23.0,34.0,3.0,1.0,1.0,0.0,0.0,0.0,0.0,0.0,0.0,0.0,0.0,0.0,0.0,0.0,0.0,0.0,0.0,0.0,0.0,13.0,0.0,1.0,5.0,5.0,4.0,4.0,12.0,2.0,1.0,1.0,2.0,0.0,6.0,6.0,5.0,5.0,8.0,0.0,1.0,0.0,7.0,2.0,149.0,62.0,6.0,10.0,13.0,10.0,5.0,28.0,33.0,0.0,0.0,64.0,56.0,0.0,0.0,14.0,21.0,8.0,3.0,13.0,52.0,16.0,0.0,189.0,76.0,0.0,2.0,0.0,0.2232067957520485,9.0,160.33888333333334,31.73955535888672,17929.87939453125,0.004771494306623936,0.0
463465,0.0,2.0,0.0,1.0,0.0,1.0,0.0,0.0,0.0,0.0,0.0,0.0,0.0,2.0,0.0,1.0,0.0,0.0,0.0,2.0,1.0,4.182374715805054,1.0,1.0,0.0,0.0,0.0,18.0,5.0,1.0,0.0,2571.8099365234375,254.68000411987305,9342.219970703125,1118.2699737548828,10289.809326171875,36.0,50.0,7.0,1.0,1.0,1.0,0.0,0.0,0.0,0.0,0.0,0.0,0.0,0.0,0.0,0.0,0.0,0.0,1.0,0.0,0.0,36.0,2.0,10.0,16.0,9.0,3.0,4.0,20.0,2.0,1.0,0.0,0.0,0.0,18.0,10.0,4.0,6.0,30.0,1.0,5.0,0.0,16.0,3.0,239.0,87.0,5.0,0.0,1.0,10.0,6.0,5.0,11.0,0.0,0.0,113.0,101.0,0.0,0.0,7.0,1.0,0.0,3.0,16.0,97.0,19.0,0.0,227.0,82.0,0.0,1.0,1.0,0.3043251261115074,1.0,253.95265,30.93953514099121,23576.7900390625,0.25707918405532837,0.0
463468,0.0,2.0,0.0,0.0,0.0,0.0,0.0,0.0,0.0,1.0,1.0,0.0,0.0,1.0,0.0,2.0,0.0,1.0,0.0,1.0,0.0,1.5510586500167847,0.0,0.0,0.0,2.0,0.0,28.0,1.0,0.0,0.0,844.2900390625,108.13999938964844,2437.199951171875,377.1000061035156,2404.0400390625,10.0,17.0,1.0,0.0,1.0,0.0,0.0,0.0,0.0,0.0,0.0,0.0,0.0,0.0,0.0,0.0,0.0,0.0,0.0,0.0,0.0,4.0,1.0,0.0,1.0,0.0,0.0,0.0,1.0,1.0,0.0,0.0,0.0,0.0,2.0,1.0,1.0,1.0,1.0,0.0,0.0,0.0,1.0,1.0,43.0,21.0,4.0,16.0,16.0,0.0,12.0,20.0,32.0,0.0,0.0,16.0,12.0,0.0,0.0,10.0,10.0,2.0,1.0,13.0,9.0,14.0,0.0,80.0,31.0,0.0,1.0,0.0,1.1472313404083252,0.0,59.66346666666667,35.51527404785156,6170.77001953125,0.4443210959434509,0.0
463476,0.0,0.0,0.0,0.0,0.0,0.0,0.0,,0.0,0.0,0.0,0.0,0.0,0.0,0.0,0.0,0.0,0.0,0.0,0.0,0.0,0.0,0.0,0.0,0.0,0.0,0.0,0.0,0.0,0.0,0.0,0.0,0.0,0.0,0.0,0.0,0.0,0.0,0.0,0.0,0.0,0.0,,,0.0,0.0,0.0,0.0,0.0,0.0,0.0,0.0,0.0,0.0,0.0,0.0,0.0,0.0,0.0,0.0,0.0,0.0,0.0,0.0,0.0,0.0,0.0,0.0,0.0,0.0,0.0,0.0,0.0,0.0,0.0,0.0,0.0,0.0,0.0,0.0,0.0,0.0,0.0,0.0,0.0,0.0,0.0,0.0,0.0,0.0,0.0,0.0,0.0,0.0,0.0,0.0,0.0,0.0,0.0,0.0,0.0,0.0,0.0,0.0,0.0,0.0,0.0,0.0,0.0,0.0,0.0,0.0,0.0,0.0,0.0
463489,0.0,1.0,0.0,0.0,0.0,0.0,0.0,0.0,0.0,0.0,1.0,0.0,0.0,1.0,0.0,0.0,0.0,0.0,0.0,0.0,1.0,1.5232152938842773,0.0,1.0,0.0,4.0,1.0,10.0,3.0,0.0,0.0,697.72998046875,200.1199951171875,2031.669921875,340.9900207519531,2215.719970703125,5.0,7.0,1.0,1.0,0.0,0.0,,,0.0,0.0,0.0,0.0,0.0,0.0,0.0,0.0,0.0,0.0,1.0,0.0,0.0,6.0,1.0,0.0,1.0,0.0,0.0,0.0,3.0,1.0,0.0,0.0,0.0,0.0,4.0,3.0,3.0,3.0,1.0,0.0,0.0,0.0,1.0,1.0,51.0,22.0,3.0,5.0,7.0,4.0,5.0,11.0,16.0,0.0,0.0,19.0,17.0,0.0,0.0,6.0,10.0,1.0,2.0,3.0,20.0,5.0,0.0,58.0,28.0,1.0,0.0,0.0,0.7164122462272644,2.0,53.96144999999999,30.474058151245117,5486.22998046875,0.0393403097987175,0.0
463495,0.0,0.0,0.0,0.0,0.0,0.0,0.0,0.0,0.0,0.0,0.0,0.0,0.0,0.0,0.0,0.0,0.0,0.0,0.0,1.0,0.0,1.6880712509155273,0.0,0.0,0.0,0.0,0.0,7.0,3.0,0.0,0.0,420.8899841308594,70.54000091552734,822.5599975585938,150.0,855.6100463867188,2.0,4.0,2.0,1.0,0.0,0.0,,,0.0,0.0,0.0,0.0,0.0,0.0,0.0,0.0,0.0,0.0,0.0,0.0,0.0,5.0,0.0,0.0,1.0,0.0,0.0,1.0,3.0,0.0,0.0,0.0,0.0,0.0,4.0,3.0,3.0,4.0,3.0,0.0,0.0,0.0,1.0,1.0,22.0,12.0,1.0,1.0,1.0,6.0,1.0,7.0,8.0,0.0,0.0,10.0,9.0,0.0,0.0,4.0,1.0,0.0,1.0,3.0,7.0,4.0,0.0,33.0,15.0,1.0,0.0,0.0,0.44917455315589905,0.0,20.565249999999992,29.609704971313477,2319.60009765625,0.0,1.0
463580,0.0,2.0,0.0,0.0,0.0,1.0,1.0,0.0,0.0,0.0,0.0,0.0,0.0,2.0,1.0,0.0,1.0,0.0,0.0,5.0,0.0,6.052506287892659,5.0,0.0,0.0,0.0,0.0,28.0,11.0,1.0,0.0,3588.6096801757812,644.8400115966797,13789.5205078125,1286.5999450683594,11621.510009765625,46.0,60.0,5.0,4.0,1.0,1.0,0.0,0.0,0.0,0.0,0.0,0.0,0.0,0.0,1.0,0.0,1.0,0.0,2.0,0.0,0.0,42.0,1.0,4.0,32.0,29.0,26.0,27.0,37.0,1.0,1.0,0.0,0.0,0.0,9.0,7.0,4.0,4.0,23.0,1.0,2.0,0.0,21.0,3.0,310.0,100.0,5.0,0.0,0.0,60.0,21.0,39.0,60.0,0.0,0.0,145.0,135.0,0.0,0.0,38.0,4.0,0.0,4.0,20.0,123.0,24.0,0.0,310.0,103.0,0.0,0.0,0.0,0.2434525303542614,0.0,306.77251666666666,33.2197380065918,30931.080078125,0.23925617337226868,0.0
463661,0.0,0.0,0.0,0.0,0.0,0.0,0.0,,0.0,0.0,0.0,0.0,0.0,0.0,0.0,0.0,0.0,0.0,0.0,0.0,0.0,0.856233537197113,0.0,0.0,0.0,0.0,0.0,7.0,2.0,0.0,0.0,477.1700134277344,32.779998779296875,1105.1800537109375,216.7100067138672,982.7699584960938,15.0,18.0,0.0,0.0,1.0,0.0,,,0.0,0.0,0.0,0.0,0.0,0.0,0.0,0.0,0.0,0.0,0.0,0.0,0.0,4.0,0.0,0.0,0.0,0.0,0.0,0.0,4.0,1.0,1.0,1.0,1.0,0.0,3.0,3.0,3.0,3.0,3.0,0.0,0.0,0.0,3.0,1.0,41.0,11.0,1.0,4.0,14.0,1.0,9.0,10.0,19.0,0.0,0.0,20.0,17.0,0.0,0.0,10.0,14.0,0.0,2.0,6.0,13.0,8.0,0.0,41.0,14.0,1.0,0.0,0.0,1.512649655342102,0.0,24.639100000000013,28.193485260009766,2814.6103515625,0.0,0.0
463746,0.0,3.0,0.0,0.0,0.0,0.0,1.0,0.0,0.0,0.0,2.0,0.0,0.0,2.0,0.0,2.0,0.0,1.0,0.0,3.0,0.0,4.666945838928223,1.0,0.0,0.0,1.0,0.0,53.0,5.0,1.0,0.0,1345.1500244140625,471.70001220703125,4932.290100097656,672.8499984741211,6536.589599609375,9.0,19.0,3.0,1.0,1.0,1.0,,,0.0,0.0,0.0,0.0,0.0,0.0,0.0,0.0,0.0,0.0,0.0,0.0,0.0,11.0,2.0,0.0,4.0,2.0,2.0,2.0,4.0,4.0,1.0,1.0,2.0,0.0,3.0,1.0,1.0,1.0,9.0,0.0,0.0,0.0,2.0,4.0,57.0,30.0,5.0,36.0,12.0,3.0,44.0,7.0,51.0,1.0,0.0,20.0,16.0,0.0,0.0,11.0,18.0,2.0,4.0,16.0,11.0,20.0,0.0,103.0,57.0,4.0,0.0,1.0,9.00159102678299,0.0,146.53865,33.930274963378906,13958.580078125,0.6778774708509445,0.0
463780,0.0,7.0,0.0,0.0,0.0,3.0,1.0,0.0,0.0,1.0,2.0,0.0,0.0,6.0,1.0,3.0,1.0,1.0,0.0,11.0,2.0,5.42912620306015,8.0,2.0,0.0,6.0,3.0,119.0,25.0,4.0,0.0,6958.380035400391,1277.9600238800049,22056.900024414062,3093.959915161133,21112.000244140625,97.0,120.0,19.0,6.0,4.0,4.0,0.0,0.0,0.0,0.0,0.0,0.0,0.0,0.0,0.0,0.0,0.0,0.0,5.0,0.0,0.0,53.0,2.0,2.0,13.0,11.0,8.0,9.0,46.0,6.0,4.0,2.0,3.0,1.0,34.0,31.0,27.0,29.0,25.0,1.0,2.0,1.0,23.0,7.0,473.0,199.0,19.0,46.0,73.0,87.0,88.0,118.0,206.0,0.0,0.0,216.0,200.0,0.0,0.0,81.0,33.0,6.0,12.0,63.0,147.0,75.0,0.0,596.0,236.0,2.0,2.0,4.0,3.344142436981201,21.0,523.8012333333332,34.23920440673828,54499.19958496094,0.876635929569602,1.0
463800,0.0,2.0,0.0,1.0,0.0,0.0,0.0,0.0,0.0,0.0,2.0,0.0,0.0,2.0,1.0,1.0,1.0,0.0,0.0,8.0,0.0,4.926694869995117,4.0,0.0,0.0,0.0,0.0,51.0,4.0,0.0,0.0,1759.6900177001953,343.17001724243164,4796.970031738281,762.2299957275391,3907.749969482422,25.0,37.0,7.0,2.0,2.0,0.0,0.0,0.0,0.0,0.0,0.0,0.0,0.0,0.0,0.0,0.0,0.0,0.0,0.0,0.0,0.0,9.0,0.0,0.0,0.0,0.0,0.0,0.0,7.0,0.0,0.0,0.0,0.0,0.0,9.0,7.0,7.0,9.0,9.0,0.0,0.0,0.0,7.0,3.0,77.0,39.0,3.0,11.0,17.0,11.0,24.0,15.0,39.0,0.0,0.0,30.0,25.0,0.0,0.0,12.0,18.0,1.0,2.0,25.0,14.0,27.0,0.0,160.0,58.0,3.0,0.0,1.0,1.685195729136467,0.0,108.19913333333332,30.741764068603516,11569.81005859375,0.5647943764925003,0.0
463809,0.0,0.0,0.0,0.0,0.0,0.0,0.0,,0.0,0.0,0.0,0.0,0.0,0.0,0.0,0.0,0.0,0.0,0.0,1.0,1.0,2.964383284250895,1.0,0.0,0.0,1.0,0.0,38.0,18.0,4.0,1.0,2427.5,327.69000244140625,8361.10986328125,1094.6199951171875,8461.489990234375,32.0,40.0,30.0,2.0,2.0,4.0,,,0.0,0.0,0.0,0.0,0.0,0.0,0.0,0.0,0.0,0.0,0.0,0.0,0.0,32.0,2.0,1.0,11.0,5.0,4.0,8.0,21.0,2.0,1.0,0.0,0.0,0.0,19.0,15.0,14.0,16.0,15.0,1.0,0.0,0.0,8.0,3.0,217.0,93.0,3.0,9.0,12.0,10.0,7.0,24.0,31.0,0.0,0.0,106.0,92.0,0.0,0.0,13.0,3.0,1.0,5.0,10.0,82.0,15.0,1.0,220.0,86.0,0.0,2.0,0.0,0.2736745625734329,9.0,208.85296666666667,34.09280014038086,20672.41015625,0.0,1.0
463817,0.0,0.0,0.0,0.0,0.0,0.0,0.0,,0.0,0.0,0.0,0.0,0.0,0.0,0.0,0.0,0.0,0.0,0.0,0.0,0.0,0.0,0.0,0.0,0.0,0.0,0.0,0.0,0.0,0.0,0.0,0.0,0.0,0.0,0.0,0.0,0.0,0.0,0.0,0.0,0.0,0.0,,,0.0,0.0,0.0,0.0,0.0,0.0,0.0,0.0,0.0,0.0,0.0,0.0,0.0,0.0,0.0,0.0,0.0,0.0,0.0,0.0,0.0,0.0,0.0,0.0,0.0,0.0,0.0,0.0,0.0,0.0,0.0,0.0,0.0,0.0,0.0,0.0,0.0,0.0,0.0,0.0,0.0,0.0,0.0,0.0,0.0,0.0,0.0,0.0,0.0,0.0,0.0,0.0,0.0,0.0,0.0,0.0,0.0,0.0,0.0,0.0,0.0,0.0,0.0,0.0,0.0,0.0,0.0,0.0,0.0,0.0,0.0
463902,1.0,14.0,0.0,3.0,0.0,1.0,0.0,0.0,0.0,4.0,9.0,0.0,0.0,3.0,2.0,4.0,5.0,11.0,3.0,9.0,3.0,6.631954002380371,9.0,2.0,0.0,2.0,0.0,147.0,30.0,2.0,0.0,8541.83984375,515.3999938964844,25330.5693359375,2626.9400939941406,20377.60009765625,156.0,185.0,22.0,9.0,8.0,2.0,0.0,0.0,0.0,0.0,0.0,0.0,0.0,0.0,0.0,0.0,0.0,0.0,0.0,0.0,0.0,70.0,1.0,2.0,27.0,25.0,23.0,24.0,57.0,4.0,2.0,2.0,3.0,0.0,39.0,30.0,28.0,36.0,36.0,0.0,2.0,0.0,29.0,5.0,643.0,233.0,40.0,48.0,108.0,104.0,145.0,115.0,260.0,0.0,0.0,290.0,264.0,0.0,0.0,99.0,44.0,3.0,8.0,108.0,199.0,116.0,0.0,742.0,195.0,0.0,1.0,4.0,2.101868286728859,5.0,520.12345,31.326065063476562,57392.349609375,0.5347441956400871,1.0
464055,0.0,0.0,0.0,0.0,0.0,0.0,0.0,0.0,0.0,0.0,0.0,0.0,0.0,0.0,0.0,0.0,0.0,0.0,0.0,2.0,1.0,4.173427760601044,1.0,1.0,0.0,3.0,1.0,31.0,13.0,3.0,0.0,1915.550048828125,513.3299775123596,6324.210021972656,1018.2499485015869,5266.630035400391,17.0,22.0,4.0,4.0,2.0,3.0,,,0.0,0.0,0.0,0.0,0.0,0.0,0.0,0.0,0.0,0.0,0.0,0.0,0.0,21.0,0.0,1.0,6.0,5.0,5.0,5.0,17.0,0.0,0.0,0.0,0.0,0.0,15.0,12.0,12.0,14.0,5.0,0.0,0.0,0.0,3.0,5.0,165.0,65.0,9.0,24.0,15.0,10.0,10.0,39.0,49.0,0.0,0.0,76.0,69.0,0.0,0.0,23.0,18.0,1.0,3.0,10.0,65.0,13.0,0.0,166.0,78.0,4.0,1.0,0.0,0.44633523747324944,2.0,143.18519999999995,33.504188537597656,15037.970397949219,0.0,0.0
464103,0.0,1.0,0.0,0.0,0.0,0.0,0.0,0.0,0.0,0.0,1.0,0.0,0.0,0.0,0.0,0.0,1.0,1.0,1.0,2.0,0.0,6.226868152618408,1.0,0.0,0.0,3.0,1.0,123.0,7.0,0.0,0.0,3316.2499389648438,537.9599990844727,11124.130126953125,1584.9200134277344,10388.559448242188,22.0,30.0,7.0,1.0,3.0,0.0,0.0,0.0,0.0,0.0,0.0,0.0,0.0,0.0,0.0,0.0,0.0,0.0,0.0,0.0,0.0,3.0,0.0,0.0,0.0,0.0,0.0,0.0,3.0,0.0,0.0,0.0,0.0,0.0,3.0,3.0,3.0,3.0,3.0,0.0,0.0,0.0,3.0,4.0,92.0,58.0,2.0,51.0,20.0,0.0,63.0,8.0,71.0,1.0,0.0,30.0,26.0,0.0,0.0,10.0,36.0,7.0,20.0,29.0,2.0,49.0,0.0,314.0,113.0,1.0,3.0,1.0,14.100624084472656,0.0,258.40035,32.89114761352539,26951.81982421875,0.05122215300798416,0.0
464114,1.0,13.0,0.0,4.0,1.0,0.0,1.0,0.0,0.0,3.0,8.0,0.0,0.0,4.0,4.0,1.0,8.0,9.0,4.0,40.0,3.0,6.622868061065674,16.0,3.0,2.0,5.0,2.0,202.0,23.0,2.0,0.0,7095.109832763672,1517.880027770996,19550.750122070312,3391.949996948242,17528.879760742188,104.0,167.0,14.0,4.0,8.0,2.0,0.0,0.0,0.0,0.0,0.0,0.0,0.0,0.0,1.0,0.0,1.0,0.0,1.0,0.0,0.0,61.0,4.0,0.0,10.0,6.0,4.0,6.0,39.0,15.0,7.0,5.0,9.0,2.0,36.0,26.0,24.0,30.0,30.0,2.0,0.0,0.0,20.0,8.0,474.0,220.0,37.0,63.0,101.0,48.0,80.0,132.0,212.0,0.0,0.0,196.0,167.0,0.0,0.0,72.0,91.0,12.0,13.0,82.0,157.0,95.0,0.0,587.0,269.0,4.0,3.0,10.0,5.476234167814255,3.0,449.67855000000003,33.4975700378418,49084.56884765625,0.7101585865020752,0.0
464127,0.0,0.0,0.0,0.0,0.0,0.0,0.0,,0.0,0.0,0.0,0.0,0.0,0.0,0.0,0.0,0.0,0.0,0.0,0.0,0.0,0.0,0.0,0.0,0.0,0.0,0.0,0.0,0.0,0.0,0.0,0.0,0.0,0.0,0.0,0.0,0.0,0.0,0.0,0.0,0.0,0.0,,,0.0,0.0,0.0,0.0,0.0,0.0,0.0,0.0,0.0,0.0,0.0,0.0,0.0,0.0,0.0,0.0,0.0,0.0,0.0,0.0,0.0,0.0,0.0,0.0,0.0,0.0,0.0,0.0,0.0,0.0,0.0,0.0,0.0,0.0,0.0,1.0,0.0,0.0,0.0,0.0,0.0,0.0,0.0,0.0,0.0,0.0,0.0,0.0,0.0,0.0,0.0,0.0,0.0,0.0,0.0,0.0,0.0,0.0,0.0,0.0,0.0,0.0,0.0,0.0,0.0,0.0,30.777066666666666,0.0,0.0,0.0,0.0
464133,0.0,3.0,0.0,0.0,0.0,0.0,1.0,0.0,0.0,0.0,2.0,0.0,0.0,3.0,2.0,1.0,2.0,0.0,0.0,0.0,0.0,4.509110927581787,0.0,0.0,0.0,1.0,0.0,60.0,3.0,0.0,0.0,1944.9400329589844,455.1699905395508,5261.3604736328125,758.0599975585938,4589.9700927734375,11.0,19.0,5.0,0.0,0.0,0.0,0.0,0.0,0.0,0.0,0.0,0.0,0.0,0.0,0.0,0.0,0.0,0.0,0.0,0.0,0.0,4.0,0.0,0.0,0.0,0.0,0.0,0.0,2.0,3.0,1.0,1.0,3.0,0.0,1.0,1.0,1.0,1.0,4.0,0.0,0.0,0.0,2.0,3.0,55.0,26.0,6.0,37.0,19.0,0.0,49.0,7.0,56.0,0.0,0.0,21.0,15.0,0.0,0.0,14.0,24.0,3.0,9.0,13.0,7.0,22.0,0.0,154.0,63.0,2.0,1.0,0.0,10.615766763687134,0.0,127.6534,33.17882537841797,13009.500244140625,0.479935260489583,0.0
464339,0.0,0.0,0.0,0.0,0.0,0.0,0.0,,0.0,0.0,0.0,0.0,0.0,0.0,0.0,0.0,0.0,0.0,0.0,0.0,0.0,1.746627688407898,0.0,0.0,0.0,0.0,0.0,6.0,3.0,0.0,0.0,180.4199981689453,137.76998901367188,454.9200134277344,126.12999725341797,497.07000732421875,1.0,1.0,1.0,0.0,1.0,0.0,,,0.0,0.0,0.0,0.0,0.0,0.0,0.0,0.0,0.0,0.0,0.0,0.0,0.0,3.0,1.0,0.0,1.0,1.0,0.0,0.0,3.0,1.0,1.0,0.0,0.0,0.0,1.0,1.0,0.0,0.0,3.0,1.0,0.0,0.0,3.0,1.0,2.0,1.0,0.0,9.0,6.0,0.0,14.0,1.0,15.0,0.0,0.0,1.0,1.0,0.0,0.0,1.0,1.0,0.0,0.0,1.0,0.0,1.0,0.0,15.0,10.0,1.0,0.0,0.0,5.624412536621094,0.0,11.989350000000002,31.12957191467285,1396.31005859375,0.0,0.0
464374,0.0,0.0,0.0,0.0,0.0,0.0,0.0,,0.0,0.0,0.0,0.0,0.0,0.0,0.0,0.0,0.0,0.0,0.0,0.0,0.0,0.0,0.0,0.0,0.0,0.0,0.0,0.0,0.0,0.0,0.0,0.0,0.0,0.0,0.0,0.0,0.0,0.0,0.0,0.0,0.0,0.0,,,0.0,0.0,0.0,0.0,0.0,0.0,0.0,0.0,0.0,0.0,0.0,0.0,0.0,0.0,0.0,0.0,0.0,0.0,0.0,0.0,0.0,0.0,0.0,0.0,0.0,0.0,0.0,0.0,0.0,0.0,0.0,0.0,0.0,0.0,0.0,0.0,0.0,0.0,0.0,0.0,0.0,0.0,0.0,0.0,0.0,0.0,0.0,0.0,0.0,0.0,0.0,0.0,0.0,0.0,0.0,0.0,0.0,0.0,0.0,0.0,0.0,0.0,0.0,0.0,0.0,0.0,0.0,0.0,0.0,0.0,0.0
464457,0.0,4.0,0.0,2.0,0.0,0.0,0.0,1.0,1.0,2.0,1.0,0.0,0.0,0.0,0.0,1.0,1.0,4.0,1.0,3.0,1.0,4.456088860829671,1.0,1.0,3.0,5.0,0.0,58.0,8.0,1.0,0.0,3034.3099365234375,247.05998992919922,6645.27001953125,1244.1798706054688,4532.77001953125,23.0,37.0,27.0,1.0,0.0,1.0,0.0,0.0,0.0,0.0,0.0,0.0,0.0,0.0,0.0,0.0,0.0,0.0,0.0,0.0,0.0,13.0,2.0,0.0,3.0,2.0,1.0,1.0,9.0,4.0,3.0,2.0,2.0,0.0,6.0,4.0,3.0,4.0,11.0,1.0,0.0,0.0,7.0,2.0,96.0,50.0,7.0,16.0,32.0,7.0,21.0,34.0,55.0,0.0,0.0,36.0,29.0,0.0,0.0,18.0,23.0,4.0,4.0,35.0,8.0,39.0,0.0,252.0,92.0,0.0,2.0,1.0,0.9581986665725708,1.0,144.94455,29.567298889160156,15703.5908203125,0.11392314732074738,0.0
464458,0.0,0.0,0.0,0.0,0.0,0.0,0.0,,0.0,0.0,0.0,0.0,0.0,0.0,0.0,0.0,0.0,0.0,0.0,2.0,0.0,2.4058613777160645,1.0,0.0,0.0,0.0,0.0,25.0,4.0,0.0,0.0,578.4600219726562,29.940000534057617,2050.590087890625,206.97999572753906,1088.8800048828125,5.0,8.0,2.0,0.0,0.0,0.0,,,0.0,0.0,0.0,0.0,0.0,0.0,0.0,0.0,0.0,0.0,0.0,0.0,0.0,1.0,0.0,0.0,0.0,0.0,0.0,0.0,1.0,0.0,0.0,0.0,0.0,0.0,1.0,1.0,1.0,1.0,1.0,0.0,0.0,0.0,1.0,1.0,16.0,9.0,0.0,15.0,10.0,1.0,18.0,8.0,26.0,0.0,0.0,6.0,5.0,0.0,0.0,6.0,5.0,0.0,1.0,7.0,2.0,8.0,0.0,52.0,18.0,1.0,0.0,0.0,0.8734810948371887,0.0,32.96058333333333,28.256567001342773,3954.85009765625,0.0,0.0
464484,0.0,3.0,0.0,1.0,1.0,0.0,1.0,0.0,0.0,0.0,0.0,0.0,0.0,2.0,0.0,2.0,0.0,1.0,0.0,5.0,0.0,6.440303484598796,1.0,0.0,1.0,1.0,0.0,62.0,9.0,4.0,0.0,2206.1699829101562,368.63999938964844,7238.550048828125,900.4599914550781,5040.02978515625,20.0,27.0,3.0,0.0,2.0,4.0,0.0,0.0,0.0,0.0,0.0,0.0,0.0,0.0,0.0,0.0,0.0,0.0,0.0,0.0,0.0,3.0,0.0,0.0,0.0,0.0,0.0,0.0,2.0,0.0,0.0,0.0,0.0,0.0,3.0,2.0,2.0,3.0,1.0,0.0,0.0,0.0,1.0,3.0,84.0,48.0,5.0,12.0,36.0,12.0,36.0,24.0,60.0,0.0,0.0,36.0,35.0,0.0,0.0,16.0,14.0,0.0,1.0,20.0,20.0,21.0,0.0,185.0,65.0,2.0,1.0,1.0,0.7408831566572189,3.0,142.11405000000002,31.01346206665039,15753.848754882812,0.26303111854940653,0.0
464533,0.0,6.0,0.0,3.0,0.0,0.0,0.0,1.0,1.0,1.0,4.0,0.0,0.0,3.0,0.0,3.0,0.0,3.0,0.0,5.0,1.0,5.153861236572266,3.0,1.0,3.0,6.0,0.0,69.0,9.0,2.0,0.0,3755.6700439453125,496.35998916625977,9762.77978515625,1255.1299438476562,9183.630249023438,35.0,48.0,16.0,5.0,3.0,2.0,0.0,0.0,0.0,0.0,0.0,0.0,0.0,0.0,0.0,0.0,0.0,0.0,0.0,0.0,0.0,17.0,0.0,0.0,0.0,0.0,0.0,0.0,13.0,2.0,1.0,1.0,2.0,0.0,15.0,12.0,12.0,15.0,7.0,0.0,0.0,0.0,5.0,4.0,153.0,78.0,12.0,33.0,63.0,29.0,82.0,43.0,125.0,0.0,0.0,60.0,53.0,0.0,0.0,40.0,29.0,4.0,6.0,32.0,40.0,38.0,0.0,334.0,112.0,2.0,2.0,1.0,2.821799635887146,0.0,226.1673166666667,34.84904098510742,24453.57080078125,0.35372670367360115,1.0
464542,1.0,4.0,0.0,0.0,0.0,1.0,0.0,0.0,0.0,2.0,1.0,0.0,0.0,4.0,1.0,2.0,1.0,0.0,0.0,25.0,4.0,6.463625526428222,22.0,3.0,0.0,4.0,0.0,64.0,20.0,2.0,0.0,6584.670166015625,553.080005645752,21510.17041015625,2162.269973754883,16471.40966796875,106.0,139.0,17.0,1.0,1.0,2.0,0.0,0.0,0.0,0.0,0.0,0.0,0.0,0.0,1.0,0.0,1.0,0.0,3.0,0.0,0.0,112.0,3.0,16.0,55.0,49.0,34.0,36.0,92.0,9.0,6.0,2.0,3.0,3.0,48.0,37.0,20.0,26.0,49.0,2.0,13.0,2.0,42.0,5.0,591.0,221.0,13.0,10.0,34.0,64.0,20.0,88.0,108.0,0.0,0.0,283.0,256.0,0.0,0.0,56.0,22.0,4.0,8.0,68.0,195.0,76.0,0.0,545.0,179.0,1.0,0.0,13.0,0.5199858471751213,33.0,442.47535,34.578704833984375,47281.60009765625,0.7796131931245327,0.0
464546,0.0,0.0,0.0,0.0,0.0,0.0,0.0,,0.0,0.0,0.0,0.0,0.0,0.0,0.0,0.0,0.0,0.0,0.0,0.0,0.0,0.0,0.0,0.0,0.0,0.0,0.0,0.0,0.0,0.0,0.0,0.0,0.0,0.0,0.0,0.0,0.0,0.0,0.0,0.0,0.0,0.0,,,0.0,0.0,0.0,0.0,0.0,0.0,0.0,0.0,0.0,0.0,0.0,0.0,0.0,0.0,0.0,0.0,0.0,0.0,0.0,0.0,0.0,0.0,0.0,0.0,0.0,0.0,0.0,0.0,0.0,0.0,0.0,0.0,0.0,0.0,0.0,0.0,0.0,0.0,0.0,0.0,0.0,0.0,0.0,0.0,0.0,0.0,0.0,0.0,0.0,0.0,0.0,0.0,0.0,0.0,0.0,0.0,0.0,0.0,0.0,0.0,0.0,0.0,0.0,0.0,0.0,0.0,0.0,0.0,0.0,0.0,0.0
464566,0.0,3.0,0.0,0.0,0.0,0.0,0.0,0.0,0.0,1.0,2.0,0.0,0.0,1.0,1.0,1.0,2.0,2.0,1.0,11.0,0.0,6.4880290031433105,3.0,0.0,1.0,8.0,0.0,85.0,8.0,2.0,0.0,3513.739990234375,888.4999618530273,12784.960571289062,1726.1299896240234,9703.459594726562,49.0,79.0,16.0,1.0,2.0,2.0,0.0,0.0,0.0,0.0,0.0,0.0,0.0,0.0,0.0,0.0,0.0,0.0,0.0,0.0,0.0,13.0,0.0,1.0,3.0,0.0,0.0,2.0,3.0,0.0,0.0,0.0,0.0,0.0,10.0,3.0,3.0,9.0,12.0,0.0,0.0,0.0,3.0,4.0,180.0,92.0,8.0,45.0,48.0,13.0,40.0,66.0,106.0,0.0,0.0,71.0,58.0,0.0,0.0,31.0,35.0,5.0,8.0,53.0,32.0,61.0,0.0,318.0,145.0,2.0,1.0,3.0,3.396824389696121,2.0,262.90709999999996,34.79839324951172,28616.789306640625,0.11128907464444637,0.0
464842,1.0,3.0,0.0,0.0,0.0,0.0,0.0,0.0,0.0,1.0,2.0,0.0,0.0,0.0,0.0,3.0,0.0,3.0,0.0,7.0,1.0,6.555678129196167,5.0,1.0,5.0,8.0,4.0,124.0,20.0,2.0,0.0,5155.619873046875,769.849983215332,14361.050048828125,2215.7000427246094,8985.489990234375,89.0,108.0,11.0,5.0,3.0,2.0,0.0,0.0,0.0,0.0,0.0,0.0,0.0,0.0,0.0,0.0,0.0,0.0,0.0,0.0,0.0,21.0,1.0,0.0,2.0,2.0,1.0,1.0,16.0,4.0,2.0,1.0,3.0,0.0,15.0,12.0,11.0,14.0,17.0,1.0,0.0,0.0,13.0,4.0,307.0,119.0,10.0,32.0,63.0,46.0,101.0,40.0,141.0,0.0,0.0,131.0,117.0,0.0,0.0,55.0,25.0,2.0,7.0,91.0,50.0,98.0,0.0,453.0,176.0,1.0,3.0,2.0,1.2427359521389008,0.0,287.46425,32.626304626464844,31487.71044921875,0.1354323225095868,1.0
464865,0.0,0.0,0.0,0.0,0.0,0.0,0.0,0.0,0.0,0.0,0.0,0.0,0.0,0.0,0.0,0.0,0.0,0.0,0.0,1.0,0.0,4.766181945800781,1.0,0.0,5.0,9.0,3.0,37.0,5.0,1.0,0.0,2987.4999389648438,646.1100158691406,9448.699951171875,1239.3699798583984,7457.7099609375,39.0,53.0,14.0,2.0,0.0,1.0,0.0,0.0,0.0,0.0,0.0,0.0,0.0,0.0,0.0,0.0,0.0,0.0,0.0,0.0,0.0,42.0,6.0,1.0,13.0,9.0,5.0,6.0,29.0,7.0,5.0,1.0,1.0,0.0,22.0,15.0,11.0,15.0,31.0,4.0,0.0,0.0,22.0,3.0,194.0,91.0,3.0,17.0,17.0,19.0,11.0,42.0,53.0,0.0,0.0,89.0,74.0,0.0,0.0,15.0,16.0,1.0,0.0,23.0,59.0,23.0,0.0,268.0,97.0,1.0,1.0,0.0,0.14167561382055283,15.0,202.77445,31.18533706665039,21779.390625,0.0,0.0
464897,0.0,0.0,0.0,0.0,0.0,0.0,0.0,,0.0,0.0,0.0,0.0,0.0,0.0,0.0,0.0,0.0,0.0,0.0,0.0,0.0,3.5960671106974282,0.0,0.0,0.0,0.0,0.0,2.0,0.0,0.0,0.0,214.86001586914062,27.049999237060547,226.47000122070312,103.3499984741211,85.43000030517578,0.0,0.0,0.0,0.0,0.0,0.0,,,0.0,0.0,0.0,0.0,0.0,0.0,0.0,0.0,0.0,0.0,0.0,0.0,0.0,0.0,0.0,0.0,0.0,0.0,0.0,0.0,0.0,0.0,0.0,0.0,0.0,0.0,0.0,0.0,0.0,0.0,0.0,0.0,0.0,0.0,0.0,1.0,2.0,1.0,0.0,0.0,0.0,0.0,0.0,0.0,0.0,0.0,0.0,1.0,1.0,0.0,0.0,0.0,0.0,0.0,0.0,0.0,1.0,0.0,0.0,15.0,6.0,1.0,0.0,0.0,0.025005482137203217,0.0,3.674833333333325,26.834169387817383,657.1600341796875,0.0,0.0
464906,0.0,0.0,0.0,0.0,0.0,0.0,0.0,,0.0,0.0,0.0,0.0,0.0,0.0,0.0,0.0,0.0,0.0,0.0,2.0,2.0,4.188459078470866,2.0,2.0,0.0,0.0,0.0,9.0,5.0,3.0,0.0,1348.1199035644531,83.94000244140625,5268.93994140625,481.5800094604492,4280.330017089844,6.0,14.0,2.0,0.0,0.0,3.0,0.0,0.0,0.0,0.0,0.0,0.0,0.0,0.0,0.0,0.0,0.0,0.0,0.0,0.0,0.0,31.0,0.0,11.0,14.0,6.0,3.0,3.0,13.0,1.0,1.0,1.0,1.0,0.0,16.0,6.0,3.0,5.0,8.0,0.0,3.0,0.0,1.0,2.0,87.0,46.0,3.0,0.0,2.0,8.0,4.0,6.0,10.0,0.0,0.0,45.0,31.0,0.0,0.0,3.0,2.0,0.0,1.0,6.0,27.0,7.0,0.0,125.0,39.0,1.0,1.0,0.0,0.09394696354866028,10.0,112.24026666666666,30.773950576782227,11462.909912109375,0.0,0.0
464924,0.0,0.0,0.0,0.0,0.0,0.0,0.0,,0.0,0.0,0.0,0.0,0.0,0.0,0.0,0.0,0.0,0.0,0.0,0.0,1.0,5.367776075998942,0.0,1.0,0.0,0.0,0.0,23.0,8.0,4.0,0.0,2479.5800170898438,717.3599853515625,11773.02001953125,1025.270004272461,11917.649169921875,33.0,39.0,11.0,6.0,0.0,6.0,0.0,0.0,0.0,0.0,0.0,0.0,0.0,6.0,0.0,0.0,0.0,0.0,0.0,2.0,0.0,45.0,1.0,10.0,30.0,19.0,16.0,19.0,24.0,1.0,0.0,0.0,0.0,0.0,14.0,5.0,2.0,3.0,12.0,0.0,3.0,0.0,7.0,3.0,214.0,111.0,3.0,2.0,1.0,13.0,7.0,9.0,16.0,0.0,0.0,98.0,81.0,0.0,0.0,7.0,1.0,0.0,4.0,27.0,54.0,31.0,0.0,218.0,93.0,0.0,0.0,0.0,0.19275029748678207,5.0,311.9538,36.45697021484375,27912.87890625,0.0,2.0
464933,0.0,3.0,0.0,0.0,0.0,0.0,0.0,1.0,1.0,0.0,1.0,0.0,1.0,2.0,2.0,1.0,2.0,1.0,0.0,3.0,1.0,6.322368462880452,1.0,1.0,5.0,9.0,2.0,137.0,27.0,4.0,0.0,3901.340087890625,650.6900329589844,10233.430419921875,1679.5501098632812,8836.800048828125,20.0,35.0,17.0,6.0,4.0,4.0,0.0,0.0,0.0,0.0,0.0,0.0,0.0,0.0,1.0,0.0,1.0,0.0,1.0,0.0,0.0,14.0,2.0,1.0,4.0,3.0,1.0,1.0,8.0,2.0,1.0,0.0,0.0,0.0,8.0,4.0,2.0,5.0,12.0,1.0,1.0,0.0,7.0,3.0,102.0,57.0,4.0,45.0,52.0,7.0,64.0,40.0,104.0,0.0,0.0,36.0,24.0,0.0,0.0,22.0,30.0,0.0,3.0,30.0,16.0,33.0,0.0,341.0,141.0,0.0,3.0,1.0,3.109407126903534,0.0,240.24848333333333,33.868465423583984,25301.810546875,1.002145178616047,0.0
466317,0.0,5.0,0.0,0.0,0.0,0.0,0.0,0.0,0.0,0.0,4.0,0.0,0.0,2.0,0.0,3.0,1.0,3.0,1.0,20.0,1.0,6.170010566711426,9.0,1.0,2.0,5.0,1.0,148.0,21.0,2.0,0.0,3861.90966796875,804.9200134277344,10980.170166015625,1727.4800415039062,11370.469970703125,55.0,87.0,16.0,6.0,3.0,2.0,0.0,0.0,0.0,0.0,0.0,0.0,0.0,0.0,0.0,0.0,0.0,0.0,1.0,0.0,0.0,31.0,1.0,2.0,8.0,6.0,5.0,5.0,19.0,4.0,1.0,1.0,3.0,0.0,19.0,12.0,11.0,16.0,25.0,0.0,1.0,0.0,16.0,3.0,201.0,101.0,13.0,13.0,27.0,5.0,25.0,20.0,45.0,0.0,0.0,75.0,60.0,0.0,0.0,17.0,36.0,4.0,5.0,66.0,37.0,71.0,0.0,305.0,142.0,0.0,1.0,7.0,1.2976018339395523,1.0,280.02955,32.07666778564453,28744.94921875,0.3316208943724632,2.0
466340,0.0,6.0,0.0,0.0,1.0,0.0,0.0,2.0,0.0,1.0,2.0,0.0,0.0,3.0,0.0,4.0,1.0,3.0,1.0,11.0,1.0,5.883925755818685,6.0,1.0,1.0,4.0,0.0,110.0,17.0,12.0,0.0,3399.9898681640625,454.6899871826172,12948.1201171875,1235.4599914550781,11417.550048828125,69.0,88.0,18.0,3.0,3.0,12.0,0.0,0.0,0.0,0.0,0.0,0.0,0.0,0.0,0.0,0.0,0.0,0.0,2.0,0.0,0.0,44.0,2.0,3.0,18.0,14.0,13.0,13.0,27.0,4.0,1.0,0.0,0.0,2.0,22.0,12.0,10.0,15.0,18.0,0.0,1.0,1.0,16.0,3.0,291.0,123.0,11.0,5.0,33.0,24.0,41.0,21.0,62.0,0.0,0.0,125.0,108.0,0.0,0.0,28.0,24.0,0.0,6.0,54.0,74.0,60.0,0.0,315.0,88.0,0.0,0.0,4.0,0.20827167853713036,1.0,300.2891666666667,31.84943389892578,29455.810546875,0.32688649371266365,1.0
466346,0.0,0.0,0.0,0.0,0.0,0.0,0.0,,0.0,0.0,0.0,0.0,0.0,0.0,0.0,0.0,0.0,0.0,0.0,1.0,0.0,2.514610449473063,0.0,0.0,0.0,1.0,0.0,2.0,0.0,0.0,0.0,158.3300018310547,14.850000381469727,282.1499938964844,101.5,282.79998779296875,3.0,5.0,0.0,0.0,0.0,0.0,,,0.0,0.0,0.0,0.0,0.0,0.0,0.0,0.0,0.0,0.0,0.0,0.0,0.0,1.0,0.0,0.0,0.0,0.0,0.0,0.0,0.0,1.0,0.0,0.0,1.0,0.0,0.0,0.0,0.0,0.0,1.0,0.0,0.0,0.0,0.0,1.0,11.0,4.0,0.0,3.0,2.0,0.0,2.0,3.0,5.0,0.0,0.0,4.0,3.0,0.0,0.0,3.0,6.0,0.0,0.0,2.0,4.0,2.0,0.0,16.0,7.0,1.0,0.0,0.0,1.792648196220398,0.0,6.7135000000000105,29.241382598876953,839.6299438476562,0.0,0.0
466350,0.0,2.0,0.0,0.0,0.0,0.0,0.0,0.0,0.0,0.0,2.0,0.0,0.0,1.0,0.0,2.0,0.0,1.0,0.0,2.0,1.0,5.970255374908447,2.0,1.0,0.0,0.0,0.0,95.0,25.0,2.0,0.0,3719.1199951171875,796.2100067138672,12556.080322265625,1487.5200500488281,11334.7998046875,57.0,66.0,16.0,2.0,0.0,3.0,0.0,0.0,0.0,0.0,0.0,0.0,0.0,0.0,0.0,0.0,0.0,0.0,0.0,1.0,0.0,52.0,3.0,3.0,22.0,17.0,15.0,16.0,34.0,3.0,1.0,0.0,0.0,0.0,27.0,16.0,14.0,21.0,28.0,1.0,1.0,0.0,22.0,3.0,232.0,105.0,9.0,10.0,11.0,12.0,14.0,19.0,33.0,1.0,0.0,112.0,95.0,0.0,0.0,7.0,8.0,0.0,3.0,39.0,59.0,42.0,0.0,320.0,116.0,0.0,0.0,1.0,0.2766946256160736,12.0,300.2891666666667,33.3381462097168,29893.73046875,0.17338263243436813,0.0
466352,0.0,0.0,0.0,0.0,0.0,0.0,0.0,,0.0,0.0,0.0,0.0,0.0,0.0,0.0,0.0,0.0,0.0,0.0,0.0,0.0,2.2038623491923013,0.0,0.0,0.0,0.0,0.0,8.0,1.0,0.0,0.0,442.79998779296875,35.86000061035156,850.9700317382812,98.16999816894531,829.2100219726562,0.0,2.0,0.0,0.0,0.0,0.0,,,0.0,0.0,0.0,0.0,0.0,0.0,0.0,0.0,0.0,0.0,0.0,0.0,0.0,0.0,0.0,0.0,0.0,0.0,0.0,0.0,0.0,0.0,0.0,0.0,0.0,0.0,0.0,0.0,0.0,0.0,0.0,0.0,0.0,0.0,0.0,1.0,5.0,3.0,0.0,0.0,2.0,0.0,1.0,1.0,2.0,0.0,0.0,2.0,0.0,0.0,0.0,2.0,3.0,0.0,0.0,1.0,2.0,1.0,0.0,32.0,8.0,1.0,0.0,0.0,0.21476896107196808,0.0,20.25961666666666,27.95553970336914,2257.009765625,0.0,0.0
466359,0.0,0.0,0.0,0.0,0.0,0.0,0.0,,0.0,0.0,0.0,0.0,0.0,0.0,0.0,0.0,0.0,0.0,0.0,0.0,0.0,2.3635759353637695,0.0,0.0,0.0,0.0,0.0,4.0,0.0,0.0,0.0,193.07000732421875,0.0,702.02001953125,94.05999755859375,464.9899597167969,1.0,2.0,0.0,0.0,0.0,0.0,,,0.0,0.0,0.0,0.0,0.0,0.0,0.0,0.0,0.0,0.0,0.0,0.0,0.0,1.0,0.0,0.0,0.0,0.0,0.0,0.0,0.0,0.0,0.0,0.0,0.0,0.0,1.0,0.0,0.0,1.0,0.0,0.0,0.0,0.0,0.0,1.0,7.0,4.0,0.0,0.0,0.0,0.0,0.0,0.0,0.0,0.0,0.0,3.0,1.0,0.0,0.0,0.0,0.0,0.0,0.0,1.0,2.0,1.0,0.0,19.0,6.0,1.0,0.0,0.0,0.003947943914681673,0.0,12.10981666666666,24.256454467773438,1454.1400146484375,0.0,0.0
466361,0.0,0.0,0.0,0.0,0.0,0.0,0.0,,0.0,0.0,0.0,0.0,0.0,0.0,0.0,0.0,0.0,0.0,0.0,0.0,0.0,1.818367640177409,0.0,0.0,0.0,0.0,0.0,5.0,3.0,0.0,0.0,233.7899932861328,5.409999847412109,669.8800048828125,64.88999938964844,878.0499877929688,0.0,0.0,1.0,0.0,0.0,0.0,,,0.0,0.0,0.0,0.0,0.0,0.0,0.0,0.0,0.0,0.0,0.0,0.0,0.0,0.0,0.0,0.0,0.0,0.0,0.0,0.0,0.0,0.0,0.0,0.0,0.0,0.0,0.0,0.0,0.0,0.0,0.0,0.0,0.0,0.0,0.0,1.0,2.0,1.0,0.0,0.0,0.0,0.0,0.0,0.0,0.0,0.0,0.0,1.0,1.0,0.0,0.0,0.0,0.0,0.0,0.0,0.0,1.0,0.0,0.0,18.0,5.0,1.0,0.0,0.0,0.002887421753257513,0.0,20.15273333333333,26.68074607849121,1852.0198974609375,0.0,0.0
466363,0.0,1.0,0.0,0.0,0.0,0.0,0.0,,0.0,0.0,1.0,0.0,0.0,1.0,0.0,1.0,0.0,0.0,0.0,2.0,0.0,4.5431234041849775,0.0,0.0,0.0,0.0,0.0,23.0,1.0,0.0,0.0,750.7699890136719,151.9000015258789,2495.9100341796875,435.8800048828125,1851.14013671875,5.0,8.0,3.0,0.0,0.0,0.0,0.0,0.0,0.0,0.0,0.0,0.0,0.0,0.0,0.0,0.0,0.0,0.0,0.0,0.0,0.0,0.0,0.0,0.0,0.0,0.0,0.0,0.0,0.0,0.0,0.0,0.0,0.0,0.0,0.0,0.0,0.0,0.0,0.0,0.0,0.0,0.0,0.0,2.0,19.0,11.0,1.0,11.0,6.0,0.0,9.0,8.0,17.0,0.0,0.0,8.0,8.0,0.0,0.0,4.0,7.0,2.0,1.0,8.0,1.0,9.0,0.0,62.0,36.0,2.0,0.0,0.0,3.0518898367881775,1.0,50.77969999999999,30.701135635375977,5685.60009765625,0.05328026041388512,0.0
466365,0.0,0.0,0.0,0.0,0.0,0.0,0.0,,0.0,0.0,0.0,0.0,0.0,0.0,0.0,0.0,0.0,0.0,0.0,0.0,0.0,0.0,0.0,0.0,0.0,0.0,0.0,0.0,0.0,0.0,0.0,0.0,0.0,0.0,0.0,0.0,0.0,0.0,0.0,0.0,0.0,0.0,,,0.0,0.0,0.0,0.0,0.0,0.0,0.0,0.0,0.0,0.0,0.0,0.0,0.0,0.0,0.0,0.0,0.0,0.0,0.0,0.0,0.0,0.0,0.0,0.0,0.0,0.0,0.0,0.0,0.0,0.0,0.0,0.0,0.0,0.0,0.0,0.0,0.0,0.0,0.0,0.0,0.0,0.0,0.0,0.0,0.0,0.0,0.0,0.0,0.0,0.0,0.0,0.0,0.0,0.0,0.0,0.0,0.0,0.0,0.0,0.0,0.0,0.0,0.0,0.0,0.0,0.0,0.0,0.0,0.0,0.0,0.0
466370,0.0,0.0,0.0,0.0,0.0,0.0,0.0,,0.0,0.0,0.0,0.0,0.0,0.0,0.0,0.0,0.0,0.0,0.0,0.0,0.0,0.0,0.0,0.0,0.0,0.0,0.0,0.0,0.0,0.0,0.0,0.0,0.0,0.0,0.0,0.0,0.0,0.0,0.0,0.0,0.0,0.0,0.0,0.0,0.0,0.0,0.0,0.0,0.0,0.0,0.0,0.0,0.0,0.0,0.0,0.0,0.0,0.0,0.0,0.0,0.0,0.0,0.0,0.0,0.0,0.0,0.0,0.0,0.0,0.0,0.0,0.0,0.0,0.0,0.0,0.0,0.0,0.0,0.0,0.0,0.0,0.0,0.0,0.0,0.0,0.0,0.0,0.0,0.0,0.0,0.0,0.0,0.0,0.0,0.0,0.0,0.0,0.0,0.0,0.0,0.0,0.0,0.0,0.0,0.0,0.0,0.0,0.0,0.0,0.0,0.0,0.0,0.0,0.0,0.0
466372,0.0,1.0,0.0,0.0,0.0,0.0,0.0,0.0,0.0,1.0,0.0,0.0,0.0,0.0,0.0,1.0,0.0,1.0,0.0,0.0,0.0,5.915079911549886,0.0,0.0,0.0,0.0,0.0,17.0,3.0,0.0,0.0,520.5000228881836,55.95999813079834,1748.0100708007812,250.55999755859375,1885.3999633789062,4.0,7.0,0.0,2.0,0.0,0.0,0.0,0.0,0.0,0.0,0.0,0.0,0.0,0.0,0.0,0.0,0.0,0.0,0.0,0.0,0.0,3.0,0.0,0.0,0.0,0.0,0.0,0.0,2.0,0.0,0.0,0.0,0.0,0.0,3.0,2.0,2.0,3.0,2.0,0.0,0.0,0.0,1.0,3.0,19.0,10.0,1.0,11.0,1.0,0.0,8.0,4.0,12.0,0.0,0.0,9.0,7.0,0.0,0.0,1.0,7.0,0.0,4.0,2.0,3.0,6.0,0.0,44.0,21.0,3.0,0.0,0.0,7.478001177310944,1.0,45.19951666666667,28.40241241455078,4460.429931640625,0.03321769833564758,2.0
466382,0.0,0.0,0.0,0.0,0.0,0.0,0.0,,0.0,0.0,0.0,0.0,0.0,0.0,0.0,0.0,0.0,0.0,0.0,0.0,0.0,0.0,0.0,0.0,0.0,0.0,0.0,0.0,0.0,0.0,0.0,0.0,0.0,0.0,0.0,0.0,0.0,0.0,0.0,0.0,0.0,0.0,,,0.0,0.0,0.0,0.0,0.0,0.0,0.0,0.0,0.0,0.0,0.0,0.0,0.0,0.0,0.0,0.0,0.0,0.0,0.0,0.0,0.0,0.0,0.0,0.0,0.0,0.0,0.0,0.0,0.0,0.0,0.0,0.0,0.0,0.0,0.0,0.0,0.0,0.0,0.0,0.0,0.0,0.0,0.0,0.0,0.0,0.0,0.0,0.0,0.0,0.0,0.0,0.0,0.0,0.0,0.0,0.0,0.0,0.0,0.0,0.0,0.0,0.0,0.0,0.0,0.0,0.0,0.0,0.0,0.0,0.0,0.0
466585,0.0,1.0,0.0,1.0,0.0,1.0,0.0,0.0,0.0,0.0,0.0,0.0,0.0,1.0,1.0,0.0,1.0,0.0,0.0,1.0,1.0,3.436944103240967,1.0,1.0,0.0,0.0,0.0,11.0,2.0,1.0,0.0,2573.3599853515625,467.59002685546875,9477.230712890625,887.2599487304688,7821.2701416015625,28.0,39.0,4.0,2.0,0.0,1.0,,,0.0,0.0,0.0,0.0,0.0,0.0,0.0,0.0,0.0,0.0,1.0,0.0,0.0,38.0,2.0,2.0,14.0,9.0,9.0,10.0,24.0,4.0,2.0,0.0,0.0,2.0,20.0,13.0,11.0,14.0,19.0,0.0,0.0,2.0,8.0,3.0,236.0,94.0,7.0,2.0,1.0,35.0,19.0,19.0,38.0,0.0,0.0,111.0,96.0,0.0,0.0,22.0,1.0,1.0,2.0,20.0,91.0,22.0,0.0,212.0,72.0,1.0,1.0,0.0,0.6100449748337269,0.0,221.12650000000002,32.48624801635742,21226.7099609375,0.19725586473941803,0.0
466624,0.0,14.0,0.0,2.0,1.0,1.0,2.0,1.0,0.0,2.0,7.0,0.0,0.0,14.0,5.0,6.0,5.0,0.0,0.0,9.0,0.0,4.779363346099854,6.0,0.0,0.0,6.0,0.0,106.0,7.0,0.0,1.0,4100.720153808594,1007.8699951171875,14860.509765625,2018.5199890136719,12964.020751953125,27.0,59.0,29.0,3.0,8.0,0.0,0.0,0.0,0.0,0.0,0.0,0.0,0.0,0.0,3.0,0.0,3.0,0.0,2.0,0.0,0.0,12.0,1.0,1.0,2.0,1.0,0.0,0.0,7.0,6.0,4.0,3.0,5.0,0.0,4.0,2.0,1.0,2.0,10.0,1.0,0.0,0.0,6.0,4.0,153.0,86.0,16.0,104.0,69.0,2.0,134.0,41.0,175.0,3.0,0.0,44.0,30.0,0.0,0.0,44.0,55.0,21.0,33.0,31.0,21.0,64.0,1.0,329.0,183.0,0.0,3.0,4.0,16.22389578819275,0.0,348.7864333333333,35.60237121582031,34951.63916015625,2.0170280262827873,1.0
466669,0.0,1.0,0.0,1.0,0.0,0.0,0.0,0.0,0.0,1.0,0.0,0.0,0.0,0.0,0.0,0.0,0.0,1.0,0.0,4.0,0.0,6.79688294728597,2.0,0.0,0.0,1.0,0.0,24.0,3.0,0.0,0.0,1141.1500396728516,186.4300022125244,3956.0401000976562,502.010009765625,2750.659881591797,14.0,19.0,1.0,1.0,0.0,0.0,0.0,0.0,0.0,0.0,0.0,0.0,0.0,0.0,0.0,0.0,0.0,0.0,0.0,0.0,0.0,8.0,0.0,0.0,1.0,1.0,1.0,1.0,6.0,2.0,1.0,0.0,1.0,1.0,5.0,4.0,3.0,4.0,4.0,0.0,0.0,1.0,2.0,3.0,56.0,30.0,6.0,14.0,16.0,0.0,13.0,17.0,30.0,0.0,0.0,21.0,20.0,0.0,0.0,9.0,14.0,0.0,3.0,7.0,17.0,10.0,0.0,100.0,41.0,3.0,0.0,2.0,2.9086548686027527,0.0,76.34729999999999,32.736549377441406,8536.2900390625,0.013263420201838017,0.0
466687,0.0,3.0,0.0,0.0,0.0,0.0,0.0,1.0,1.0,0.0,2.0,0.0,0.0,1.0,1.0,1.0,1.0,2.0,0.0,9.0,1.0,5.23593921661377,5.0,1.0,2.0,15.0,3.0,113.0,12.0,4.0,0.0,3846.9900512695312,838.0900039672852,11289.490112304688,1974.5300903320312,9991.250244140625,47.0,73.0,18.0,1.0,5.0,4.0,0.0,0.0,0.0,0.0,0.0,0.0,0.0,0.0,0.0,0.0,0.0,0.0,0.0,0.0,0.0,28.0,1.0,1.0,2.0,0.0,0.0,0.0,16.0,5.0,2.0,1.0,3.0,1.0,21.0,14.0,13.0,18.0,22.0,0.0,0.0,1.0,13.0,4.0,188.0,103.0,14.0,50.0,60.0,14.0,37.0,87.0,124.0,0.0,0.0,65.0,51.0,0.0,0.0,39.0,45.0,5.0,5.0,40.0,46.0,45.0,0.0,341.0,172.0,1.0,3.0,3.0,3.8473623394966125,2.0,258.05943333333335,34.111061096191406,27940.34912109375,0.28839685022830963,0.0
466835,0.0,0.0,0.0,0.0,0.0,0.0,0.0,,0.0,0.0,0.0,0.0,0.0,0.0,0.0,0.0,0.0,0.0,0.0,0.0,0.0,0.0,0.0,0.0,0.0,0.0,0.0,0.0,0.0,0.0,0.0,0.0,0.0,0.0,0.0,0.0,0.0,0.0,0.0,0.0,0.0,0.0,,,0.0,0.0,0.0,0.0,0.0,0.0,0.0,0.0,0.0,0.0,0.0,0.0,0.0,0.0,0.0,0.0,0.0,0.0,0.0,0.0,0.0,0.0,0.0,0.0,0.0,0.0,0.0,0.0,0.0,0.0,0.0,0.0,0.0,0.0,0.0,0.0,0.0,0.0,0.0,0.0,0.0,0.0,0.0,0.0,0.0,0.0,0.0,0.0,0.0,0.0,0.0,0.0,0.0,0.0,0.0,0.0,0.0,0.0,0.0,0.0,0.0,0.0,0.0,0.0,0.0,0.0,0.0,0.0,0.0,0.0,0.0
466838,0.0,0.0,0.0,0.0,0.0,0.0,0.0,0.0,0.0,0.0,0.0,0.0,0.0,0.0,0.0,0.0,0.0,0.0,0.0,4.0,3.0,6.871011098225911,2.0,3.0,0.0,2.0,0.0,78.0,25.0,4.0,0.0,5811.0001220703125,550.5700073242188,14311.35986328125,1868.2600708007812,10608.609619140625,34.0,47.0,11.0,5.0,3.0,4.0,0.0,0.0,0.0,0.0,0.0,0.0,0.0,0.0,0.0,0.0,0.0,0.0,0.0,0.0,0.0,33.0,0.0,3.0,13.0,13.0,10.0,10.0,30.0,1.0,0.0,0.0,0.0,1.0,19.0,17.0,14.0,15.0,14.0,0.0,3.0,0.0,12.0,3.0,243.0,90.0,3.0,2.0,27.0,44.0,36.0,37.0,73.0,0.0,0.0,116.0,102.0,0.0,0.0,37.0,11.0,0.0,4.0,26.0,87.0,30.0,0.0,470.0,138.0,0.0,1.0,1.0,0.36254381388425827,1.0,288.64438333333334,33.321014404296875,33149.7998046875,0.0,1.0
466844,0.0,0.0,0.0,0.0,0.0,0.0,0.0,,0.0,0.0,0.0,0.0,0.0,0.0,0.0,0.0,0.0,0.0,0.0,0.0,0.0,0.0,0.0,0.0,0.0,0.0,0.0,0.0,0.0,0.0,0.0,0.0,0.0,0.0,0.0,0.0,0.0,0.0,0.0,0.0,0.0,0.0,,,0.0,0.0,0.0,0.0,0.0,0.0,0.0,0.0,0.0,0.0,0.0,0.0,0.0,0.0,0.0,0.0,0.0,0.0,0.0,0.0,0.0,0.0,0.0,0.0,0.0,0.0,0.0,0.0,0.0,0.0,0.0,0.0,0.0,0.0,0.0,0.0,0.0,0.0,0.0,0.0,0.0,0.0,0.0,0.0,0.0,0.0,0.0,0.0,0.0,0.0,0.0,0.0,0.0,0.0,0.0,0.0,0.0,0.0,0.0,0.0,0.0,0.0,0.0,0.0,0.0,0.0,0.0,0.0,0.0,0.0,0.0
466853,0.0,0.0,0.0,0.0,0.0,0.0,0.0,,0.0,0.0,0.0,0.0,0.0,0.0,0.0,0.0,0.0,0.0,0.0,0.0,0.0,0.0,0.0,0.0,0.0,0.0,0.0,0.0,0.0,0.0,0.0,0.0,0.0,0.0,0.0,0.0,0.0,0.0,0.0,0.0,0.0,0.0,,,0.0,0.0,0.0,0.0,0.0,0.0,0.0,0.0,0.0,0.0,0.0,0.0,0.0,0.0,0.0,0.0,0.0,0.0,0.0,0.0,0.0,0.0,0.0,0.0,0.0,0.0,0.0,0.0,0.0,0.0,0.0,0.0,0.0,0.0,0.0,0.0,0.0,0.0,0.0,0.0,0.0,0.0,0.0,0.0,0.0,0.0,0.0,0.0,0.0,0.0,0.0,0.0,0.0,0.0,0.0,0.0,0.0,0.0,0.0,0.0,0.0,0.0,0.0,0.0,0.0,0.0,0.0,0.0,0.0,0.0,0.0
466862,0.0,0.0,0.0,0.0,0.0,0.0,0.0,,0.0,0.0,0.0,0.0,0.0,0.0,0.0,0.0,0.0,0.0,0.0,0.0,0.0,0.0,0.0,0.0,0.0,0.0,0.0,0.0,0.0,0.0,0.0,0.0,0.0,0.0,0.0,0.0,0.0,0.0,0.0,0.0,0.0,0.0,,,0.0,0.0,0.0,0.0,0.0,0.0,0.0,0.0,0.0,0.0,0.0,0.0,0.0,0.0,0.0,0.0,0.0,0.0,0.0,0.0,0.0,0.0,0.0,0.0,0.0,0.0,0.0,0.0,0.0,0.0,0.0,0.0,0.0,0.0,0.0,0.0,0.0,0.0,0.0,0.0,0.0,0.0,0.0,0.0,0.0,0.0,0.0,0.0,0.0,0.0,0.0,0.0,0.0,0.0,0.0,0.0,0.0,0.0,0.0,0.0,0.0,0.0,0.0,0.0,0.0,0.0,0.0,0.0,0.0,0.0,0.0
466865,0.0,0.0,0.0,0.0,0.0,0.0,0.0,0.0,0.0,0.0,0.0,0.0,0.0,0.0,0.0,0.0,0.0,0.0,0.0,0.0,0.0,2.560028553009033,0.0,0.0,1.0,2.0,1.0,2.0,0.0,0.0,0.0,306.1400146484375,109.1500015258789,706.3599853515625,118.6399917602539,601.6400146484375,3.0,7.0,0.0,0.0,0.0,0.0,,,0.0,0.0,0.0,0.0,0.0,0.0,0.0,0.0,0.0,0.0,0.0,0.0,0.0,4.0,1.0,0.0,1.0,0.0,0.0,0.0,0.0,2.0,0.0,0.0,1.0,0.0,1.0,0.0,0.0,0.0,4.0,0.0,0.0,0.0,0.0,1.0,19.0,9.0,1.0,7.0,1.0,2.0,4.0,6.0,10.0,0.0,0.0,8.0,4.0,0.0,0.0,4.0,5.0,2.0,0.0,1.0,8.0,1.0,0.0,26.0,8.0,1.0,0.0,0.0,1.078811526298523,0.0,14.396183333333326,33.689605712890625,1841.9300537109375,0.0,0.0
470759,0.0,0.0,0.0,0.0,0.0,0.0,0.0,,0.0,0.0,0.0,0.0,0.0,0.0,0.0,0.0,0.0,0.0,0.0,0.0,0.0,2.7581174850463865,0.0,0.0,0.0,0.0,0.0,9.0,0.0,0.0,0.0,524.3300018310547,20.4399995803833,1348.030029296875,241.9199981689453,1032.6199951171875,6.0,6.0,1.0,0.0,0.0,0.0,0.0,0.0,0.0,0.0,0.0,0.0,0.0,0.0,0.0,0.0,0.0,0.0,0.0,0.0,0.0,1.0,0.0,0.0,1.0,1.0,1.0,1.0,1.0,0.0,0.0,0.0,0.0,0.0,0.0,0.0,0.0,0.0,1.0,0.0,0.0,0.0,1.0,2.0,32.0,9.0,1.0,1.0,2.0,8.0,7.0,4.0,11.0,0.0,0.0,14.0,14.0,0.0,0.0,5.0,2.0,0.0,0.0,3.0,11.0,3.0,0.0,48.0,15.0,2.0,0.0,0.0,0.12401533126831055,0.0,28.152416666666653,27.234031677246094,3167.3399658203125,0.0,0.0
470760,0.0,9.0,0.0,2.0,0.0,0.0,2.0,0.0,0.0,0.0,6.0,0.0,1.0,7.0,3.0,2.0,4.0,2.0,1.0,21.0,3.0,5.934792518615723,16.0,3.0,4.0,6.0,1.0,107.0,27.0,8.0,0.0,4566.6800537109375,849.1800155639648,14945.630126953125,1985.1299438476562,17660.840087890625,150.0,184.0,33.0,5.0,2.0,8.0,0.0,0.0,0.0,0.0,0.0,0.0,0.0,0.0,1.0,0.0,1.0,0.0,0.0,0.0,0.0,57.0,2.0,1.0,13.0,13.0,10.0,10.0,50.0,7.0,5.0,2.0,3.0,2.0,37.0,32.0,28.0,32.0,34.0,2.0,1.0,1.0,29.0,5.0,530.0,198.0,27.0,35.0,80.0,52.0,92.0,75.0,167.0,0.0,0.0,240.0,227.0,0.0,0.0,71.0,54.0,2.0,10.0,105.0,142.0,115.0,0.0,410.0,159.0,0.0,5.0,6.0,2.6438617408275604,2.0,405.9166833333333,31.234655380249023,40007.45947265625,0.9378644875250757,1.0
472877,0.0,0.0,0.0,0.0,0.0,0.0,0.0,,0.0,0.0,0.0,0.0,0.0,0.0,0.0,0.0,0.0,0.0,0.0,0.0,0.0,2.7384560902913413,0.0,0.0,0.0,0.0,0.0,4.0,1.0,0.0,0.0,159.8699951171875,44.7400016784668,414.739990234375,111.55000305175781,288.69000244140625,1.0,1.0,0.0,0.0,0.0,0.0,,,0.0,0.0,0.0,0.0,0.0,0.0,0.0,0.0,0.0,0.0,0.0,0.0,0.0,0.0,0.0,0.0,0.0,0.0,0.0,0.0,0.0,0.0,0.0,0.0,0.0,0.0,0.0,0.0,0.0,0.0,0.0,0.0,0.0,0.0,0.0,1.0,4.0,2.0,0.0,4.0,3.0,0.0,3.0,4.0,7.0,0.0,0.0,2.0,2.0,0.0,0.0,1.0,1.0,0.0,0.0,0.0,2.0,0.0,0.0,13.0,6.0,1.0,0.0,0.0,3.224440813064575,0.0,7.452249999999992,32.63275146484375,1019.5899658203125,0.0,0.0
472908,1.0,1.0,0.0,1.0,0.0,0.0,1.0,0.0,0.0,0.0,0.0,0.0,0.0,1.0,0.0,0.0,0.0,0.0,0.0,3.0,1.0,6.818635781606038,1.0,0.0,9.0,20.0,6.0,49.0,10.0,5.0,0.0,5458.590087890625,662.8700103759766,14500.22021484375,1957.5499877929688,11645.62939453125,45.0,70.0,5.0,4.0,3.0,5.0,0.0,0.0,0.0,0.0,0.0,0.0,0.0,0.0,0.0,0.0,0.0,0.0,1.0,0.0,0.0,64.0,5.0,6.0,19.0,11.0,5.0,8.0,33.0,10.0,6.0,2.0,3.0,2.0,35.0,16.0,9.0,22.0,32.0,3.0,3.0,1.0,18.0,3.0,252.0,133.0,13.0,42.0,29.0,15.0,11.0,75.0,86.0,1.0,0.0,110.0,79.0,0.0,0.0,23.0,27.0,3.0,3.0,41.0,61.0,44.0,0.0,443.0,154.0,0.0,0.0,1.0,0.7112753689289093,24.0,301.0626833333333,30.5787410736084,34224.861328125,0.01705164834856987,0.0
473050,0.0,5.0,0.0,0.0,1.0,0.0,2.0,0.0,0.0,0.0,2.0,0.0,0.0,2.0,0.0,4.0,1.0,3.0,1.0,6.0,1.0,6.791753196716309,6.0,1.0,0.0,2.0,0.0,55.0,24.0,3.0,0.0,3484.1500549316406,426.37998962402344,7226.719970703125,1350.2099914550781,7308.790222167969,27.0,38.0,4.0,10.0,4.0,3.0,0.0,0.0,0.0,0.0,0.0,0.0,0.0,0.0,0.0,0.0,0.0,0.0,1.0,0.0,0.0,12.0,1.0,0.0,5.0,4.0,3.0,4.0,9.0,1.0,1.0,0.0,0.0,0.0,6.0,4.0,3.0,5.0,10.0,1.0,0.0,0.0,9.0,5.0,130.0,55.0,15.0,17.0,31.0,16.0,38.0,26.0,64.0,0.0,0.0,56.0,47.0,0.0,0.0,19.0,14.0,2.0,4.0,16.0,41.0,20.0,0.0,290.0,111.0,5.0,0.0,3.0,2.185987703502178,0.0,175.17346666666668,31.78512191772461,19796.25,0.368932600133121,1.0
473062,0.0,0.0,0.0,0.0,0.0,0.0,0.0,,0.0,0.0,0.0,0.0,0.0,0.0,0.0,0.0,0.0,0.0,0.0,0.0,0.0,0.0,0.0,0.0,0.0,0.0,0.0,0.0,0.0,0.0,0.0,0.0,0.0,0.0,0.0,0.0,0.0,0.0,0.0,0.0,0.0,0.0,,,0.0,0.0,0.0,0.0,0.0,0.0,0.0,0.0,0.0,0.0,0.0,0.0,0.0,0.0,0.0,0.0,0.0,0.0,0.0,0.0,0.0,0.0,0.0,0.0,0.0,0.0,0.0,0.0,0.0,0.0,0.0,0.0,0.0,0.0,0.0,0.0,0.0,0.0,0.0,0.0,0.0,0.0,0.0,0.0,0.0,0.0,0.0,0.0,0.0,0.0,0.0,0.0,0.0,0.0,0.0,0.0,0.0,0.0,0.0,0.0,0.0,0.0,0.0,0.0,0.0,0.0,0.0,0.0,0.0,0.0,0.0
473113,1.0,5.0,0.0,2.0,1.0,0.0,0.0,1.0,1.0,0.0,3.0,0.0,0.0,2.0,0.0,2.0,0.0,3.0,0.0,10.0,1.0,3.936962604522705,7.0,1.0,1.0,3.0,1.0,59.0,0.0,2.0,0.0,3797.5200958251953,351.40001106262207,10762.429626464844,1423.9199905395508,9239.990417480469,61.0,78.0,6.0,2.0,4.0,2.0,,,0.0,0.0,0.0,0.0,0.0,0.0,0.0,0.0,0.0,0.0,0.0,0.0,0.0,28.0,3.0,1.0,6.0,6.0,2.0,2.0,26.0,7.0,7.0,3.0,3.0,1.0,15.0,13.0,8.0,10.0,12.0,3.0,1.0,1.0,10.0,5.0,222.0,92.0,13.0,22.0,31.0,18.0,57.0,14.0,71.0,1.0,0.0,97.0,89.0,0.0,0.0,28.0,32.0,2.0,10.0,47.0,56.0,57.0,0.0,325.0,106.0,4.0,1.0,5.0,5.6819025576114655,1.0,247.7011333333333,32.27011489868164,25575.259033203125,0.2810502052307129,0.0
474269,0.0,0.0,0.0,0.0,,,,,0.0,,,,,0.0,0.0,0.0,0.0,0.0,0.0,,,,,,0.0,0.0,0.0,,,0.0,0.0,,,,,,,,,0.0,0.0,0.0,,,,,0.0,0.0,0.0,0.0,0.0,0.0,0.0,0.0,0.0,0.0,0.0,,,,,,,,,,,,,,,,,,,,,,,1.0,,,,,,,,,,0.0,0.0,0.0,0.0,0.0,0.0,,,,,,,,0.0,,,0.0,0.0,,,0.0,,,,,1.0
474973,0.0,4.0,0.0,0.0,0.0,1.0,0.0,0.0,0.0,0.0,3.0,0.0,0.0,1.0,0.0,0.0,2.0,3.0,2.0,14.0,2.0,6.033117949962616,14.0,2.0,0.0,1.0,0.0,33.0,13.0,5.0,0.0,9070.409851074219,1317.9700317382812,34965.3681640625,3338.1400756835938,37264.140625,181.0,202.0,14.0,4.0,5.0,11.0,0.0,0.0,0.0,0.0,0.0,0.0,0.0,0.0,0.0,0.0,0.0,0.0,1.0,6.0,0.0,216.0,5.0,21.0,117.0,115.0,91.0,91.0,204.0,7.0,5.0,0.0,0.0,2.0,92.0,84.0,59.0,64.0,78.0,4.0,20.0,1.0,75.0,8.0,1454.0,458.0,34.0,0.0,0.0,140.0,74.0,66.0,140.0,0.0,0.0,690.0,668.0,0.0,0.0,83.0,4.0,0.0,5.0,69.0,613.0,74.0,0.0,816.0,263.0,0.0,0.0,0.0,1.0212060697376728,0.0,857.4236500000001,32.38821792602539,85956.0302734375,0.3004215992987156,1.0
475036,1.0,5.0,0.0,0.0,1.0,0.0,0.0,1.0,0.0,0.0,3.0,0.0,0.0,3.0,1.0,3.0,2.0,2.0,1.0,9.0,1.0,4.94623498916626,6.0,1.0,1.0,10.0,2.0,112.0,10.0,1.0,0.0,4472.119934082031,680.9700164794922,13074.210205078125,1760.9100036621094,13439.03955078125,79.0,99.0,15.0,5.0,4.0,1.0,,,0.0,0.0,0.0,0.0,0.0,0.0,0.0,0.0,0.0,0.0,1.0,0.0,0.0,18.0,0.0,0.0,0.0,0.0,0.0,0.0,11.0,5.0,5.0,5.0,5.0,0.0,13.0,6.0,6.0,13.0,15.0,0.0,0.0,0.0,10.0,4.0,245.0,110.0,24.0,33.0,19.0,2.0,23.0,31.0,54.0,1.0,0.0,99.0,93.0,0.0,0.0,16.0,75.0,7.0,9.0,67.0,47.0,76.0,0.0,395.0,135.0,1.0,2.0,5.0,4.9733521938323975,4.0,327.07326666666665,33.20985412597656,33427.2509765625,0.7552972547709942,0.0
475195,0.0,0.0,0.0,0.0,0.0,0.0,0.0,,0.0,0.0,0.0,0.0,0.0,0.0,0.0,0.0,0.0,0.0,0.0,0.0,0.0,0.0,0.0,0.0,0.0,0.0,0.0,0.0,0.0,0.0,0.0,0.0,0.0,0.0,0.0,0.0,0.0,0.0,0.0,0.0,0.0,0.0,,,0.0,0.0,0.0,0.0,0.0,0.0,0.0,0.0,0.0,0.0,0.0,0.0,0.0,0.0,0.0,0.0,0.0,0.0,0.0,0.0,0.0,0.0,0.0,0.0,0.0,0.0,0.0,0.0,0.0,0.0,0.0,0.0,0.0,0.0,0.0,0.0,0.0,0.0,0.0,0.0,0.0,0.0,0.0,0.0,0.0,0.0,0.0,0.0,0.0,0.0,0.0,0.0,0.0,0.0,0.0,0.0,0.0,0.0,0.0,0.0,0.0,0.0,0.0,0.0,0.0,0.0,0.0,0.0,0.0,0.0,0.0
475260,0.0,2.0,0.0,0.0,0.0,0.0,0.0,0.0,0.0,2.0,0.0,0.0,0.0,0.0,0.0,1.0,0.0,2.0,0.0,10.0,2.0,4.075649261474609,8.0,0.0,0.0,2.0,1.0,55.0,7.0,1.0,0.0,2788.5399169921875,479.6999816894531,8469.39013671875,1348.0700073242188,7585.41015625,32.0,46.0,5.0,8.0,4.0,1.0,0.0,0.0,0.0,0.0,0.0,0.0,0.0,0.0,0.0,0.0,0.0,0.0,0.0,0.0,0.0,22.0,2.0,3.0,10.0,4.0,4.0,5.0,7.0,3.0,1.0,1.0,1.0,0.0,9.0,2.0,2.0,4.0,13.0,0.0,0.0,0.0,5.0,2.0,125.0,62.0,7.0,8.0,42.0,10.0,7.0,53.0,60.0,0.0,0.0,55.0,43.0,0.0,0.0,22.0,12.0,1.0,0.0,30.0,30.0,30.0,0.0,233.0,107.0,0.0,1.0,5.0,0.3464112877845764,7.0,203.0727,32.19998550415039,20671.1103515625,0.03418218716979027,0.0
475921,0.0,0.0,0.0,0.0,0.0,0.0,0.0,,0.0,0.0,0.0,0.0,0.0,0.0,0.0,0.0,0.0,0.0,0.0,0.0,0.0,0.0,0.0,0.0,0.0,0.0,0.0,0.0,0.0,0.0,0.0,0.0,0.0,0.0,0.0,0.0,0.0,0.0,0.0,0.0,0.0,0.0,,,0.0,0.0,0.0,0.0,0.0,0.0,0.0,0.0,0.0,0.0,0.0,0.0,0.0,0.0,0.0,0.0,0.0,0.0,0.0,0.0,0.0,0.0,0.0,0.0,0.0,0.0,0.0,0.0,0.0,0.0,0.0,0.0,0.0,0.0,0.0,0.0,0.0,0.0,0.0,0.0,0.0,0.0,0.0,0.0,0.0,0.0,0.0,0.0,0.0,0.0,0.0,0.0,0.0,0.0,0.0,0.0,0.0,0.0,0.0,0.0,0.0,0.0,0.0,0.0,0.0,0.0,0.0,0.0,0.0,0.0,0.0
476345,0.0,0.0,0.0,0.0,0.0,0.0,0.0,,0.0,0.0,0.0,0.0,0.0,0.0,0.0,0.0,0.0,0.0,0.0,0.0,0.0,0.0,0.0,0.0,0.0,0.0,0.0,0.0,0.0,0.0,0.0,0.0,0.0,0.0,0.0,0.0,0.0,0.0,0.0,0.0,0.0,0.0,,,0.0,0.0,0.0,0.0,0.0,0.0,0.0,0.0,0.0,0.0,0.0,0.0,0.0,0.0,0.0,0.0,0.0,0.0,0.0,0.0,0.0,0.0,0.0,0.0,0.0,0.0,0.0,0.0,0.0,0.0,0.0,0.0,0.0,0.0,0.0,0.0,0.0,0.0,0.0,0.0,0.0,0.0,0.0,0.0,0.0,0.0,0.0,0.0,0.0,0.0,0.0,0.0,0.0,0.0,0.0,0.0,0.0,0.0,0.0,0.0,0.0,0.0,0.0,0.0,0.0,0.0,0.0,0.0,0.0,0.0,0.0
476348,0.0,0.0,0.0,0.0,0.0,0.0,0.0,,0.0,0.0,0.0,0.0,0.0,0.0,0.0,0.0,0.0,0.0,0.0,0.0,1.0,6.037672996520996,0.0,1.0,0.0,1.0,1.0,95.0,22.0,0.0,0.0,3891.1300506591797,369.72997975349426,11204.919372558594,1432.2600326538086,8937.570175170898,14.0,20.0,5.0,1.0,1.0,0.0,0.0,0.0,0.0,0.0,0.0,0.0,0.0,0.0,0.0,0.0,0.0,0.0,0.0,0.0,0.0,8.0,1.0,1.0,3.0,0.0,0.0,1.0,2.0,1.0,0.0,0.0,0.0,0.0,4.0,2.0,2.0,2.0,4.0,0.0,0.0,0.0,1.0,4.0,72.0,33.0,1.0,4.0,10.0,12.0,18.0,8.0,26.0,0.0,1.0,32.0,24.0,0.0,0.0,6.0,4.0,1.0,0.0,13.0,20.0,13.0,0.0,336.0,98.0,2.0,2.0,0.0,0.44480347260832787,0.0,216.86845000000002,31.11555290222168,25835.60986328125,0.0,0.0
477470,0.0,4.0,0.0,0.0,1.0,0.0,0.0,0.0,0.0,2.0,1.0,0.0,0.0,4.0,3.0,1.0,3.0,0.0,0.0,11.0,0.0,6.426273663838704,6.0,0.0,0.0,2.0,0.0,113.0,17.0,1.0,0.0,3872.0599975585938,537.5000133514404,12448.269775390625,1651.2200317382812,10698.899658203125,63.0,79.0,12.0,1.0,4.0,1.0,0.0,0.0,0.0,0.0,0.0,0.0,0.0,0.0,0.0,0.0,0.0,0.0,0.0,0.0,0.0,21.0,2.0,0.0,2.0,0.0,0.0,0.0,11.0,5.0,1.0,1.0,2.0,1.0,14.0,10.0,10.0,11.0,9.0,0.0,0.0,0.0,7.0,6.0,264.0,109.0,14.0,31.0,89.0,10.0,54.0,76.0,130.0,0.0,0.0,111.0,102.0,0.0,0.0,46.0,73.0,5.0,12.0,52.0,70.0,64.0,0.0,334.0,136.0,5.0,1.0,6.0,5.163312166929245,4.0,279.70148333333333,34.15095138549805,29207.949584960938,0.6198314428329468,0.0
477536,0.0,6.0,0.0,0.0,0.0,2.0,2.0,1.0,0.0,0.0,1.0,0.0,0.0,6.0,3.0,2.0,3.0,0.0,0.0,1.0,0.0,5.734709898630778,0.0,0.0,0.0,0.0,0.0,63.0,6.0,0.0,0.0,2417.9400024414062,453.3600082397461,6581.2802734375,1107.239990234375,9665.889892578125,12.0,25.0,12.0,3.0,3.0,0.0,0.0,0.0,0.0,0.0,0.0,0.0,0.0,0.0,0.0,0.0,0.0,0.0,5.0,0.0,0.0,4.0,0.0,0.0,0.0,0.0,0.0,0.0,1.0,1.0,0.0,0.0,0.0,1.0,3.0,1.0,1.0,2.0,3.0,0.0,0.0,0.0,0.0,3.0,82.0,44.0,8.0,58.0,42.0,6.0,80.0,26.0,106.0,3.0,0.0,29.0,18.0,0.0,0.0,9.0,21.0,4.0,13.0,16.0,15.0,29.0,0.0,195.0,102.0,1.0,2.0,0.0,9.630769729614258,0.0,211.94870000000003,32.15550994873047,20225.7109375,0.3921092599630356,0.0
477770,0.0,2.0,0.0,0.0,0.0,2.0,0.0,0.0,0.0,0.0,0.0,0.0,0.0,2.0,0.0,2.0,0.0,0.0,0.0,6.0,5.0,5.655886173248291,6.0,3.0,0.0,0.0,0.0,36.0,9.0,7.0,0.0,3992.7701416015625,611.0700035095215,18720.31982421875,1111.4400024414062,17315.4599609375,52.0,80.0,6.0,0.0,3.0,7.0,0.0,0.0,0.0,0.0,0.0,0.0,0.0,0.0,0.0,0.0,0.0,0.0,2.0,0.0,0.0,102.0,7.0,12.0,70.0,53.0,44.0,51.0,68.0,7.0,1.0,0.0,0.0,0.0,25.0,14.0,5.0,6.0,51.0,1.0,8.0,0.0,27.0,4.0,384.0,149.0,9.0,2.0,6.0,58.0,24.0,42.0,66.0,0.0,0.0,182.0,153.0,0.0,0.0,32.0,3.0,0.0,2.0,36.0,143.0,38.0,0.0,366.0,99.0,0.0,0.0,0.0,0.3053521253168583,1.0,445.4629666666667,34.953948974609375,41751.0615234375,0.28675606846809387,0.0
477777,0.0,0.0,0.0,0.0,0.0,0.0,0.0,,0.0,0.0,0.0,0.0,0.0,0.0,0.0,0.0,0.0,0.0,0.0,7.0,0.0,3.2448067665100098,3.0,0.0,0.0,1.0,0.0,11.0,1.0,0.0,0.0,503.19000244140625,178.62999534606934,1717.9800415039062,266.86000061035156,1506.4600219726562,12.0,19.0,3.0,0.0,0.0,0.0,,,0.0,0.0,0.0,0.0,0.0,0.0,0.0,0.0,0.0,0.0,0.0,0.0,0.0,7.0,1.0,0.0,1.0,1.0,0.0,0.0,4.0,3.0,1.0,0.0,2.0,0.0,3.0,2.0,1.0,2.0,7.0,1.0,0.0,0.0,4.0,2.0,46.0,18.0,0.0,3.0,5.0,1.0,5.0,4.0,9.0,0.0,0.0,19.0,17.0,0.0,0.0,5.0,12.0,2.0,2.0,12.0,12.0,14.0,0.0,46.0,22.0,2.0,0.0,3.0,2.1347116231918335,0.0,40.3434,32.09699249267578,4173.120361328125,0.0,0.0
477778,0.0,0.0,0.0,0.0,0.0,0.0,0.0,0.0,0.0,0.0,0.0,0.0,0.0,0.0,0.0,0.0,0.0,0.0,0.0,1.0,0.0,1.8188420534133911,0.0,0.0,1.0,1.0,1.0,11.0,1.0,0.0,0.0,400.8699645996094,120.69999694824219,1109.43994140625,186.98001098632812,951.0900268554688,5.0,7.0,0.0,0.0,0.0,0.0,,,0.0,0.0,0.0,0.0,0.0,0.0,0.0,0.0,0.0,0.0,0.0,0.0,0.0,3.0,0.0,0.0,1.0,1.0,1.0,1.0,2.0,0.0,0.0,0.0,0.0,0.0,2.0,1.0,1.0,2.0,3.0,0.0,0.0,0.0,2.0,1.0,23.0,12.0,1.0,11.0,8.0,6.0,5.0,20.0,25.0,0.0,0.0,10.0,9.0,0.0,0.0,8.0,5.0,0.0,0.0,4.0,8.0,4.0,0.0,35.0,14.0,1.0,0.0,0.0,1.3489433526992798,0.0,22.763000000000005,29.98577117919922,2769.080078125,0.0,0.0
477790,0.0,0.0,0.0,0.0,0.0,0.0,0.0,0.0,0.0,0.0,0.0,0.0,0.0,0.0,0.0,0.0,0.0,0.0,0.0,0.0,0.0,1.7446597814559937,0.0,0.0,0.0,0.0,0.0,32.0,1.0,0.0,0.0,668.7000122070312,98.4800033569336,1813.4200439453125,298.0799865722656,920.840087890625,4.0,5.0,2.0,1.0,0.0,0.0,0.0,0.0,0.0,0.0,0.0,0.0,0.0,0.0,0.0,0.0,0.0,0.0,0.0,0.0,0.0,0.0,0.0,0.0,0.0,0.0,0.0,0.0,0.0,0.0,0.0,0.0,0.0,0.0,0.0,0.0,0.0,0.0,0.0,0.0,0.0,0.0,0.0,1.0,16.0,9.0,1.0,8.0,17.0,2.0,24.0,3.0,27.0,0.0,0.0,8.0,7.0,0.0,0.0,5.0,5.0,0.0,0.0,5.0,2.0,5.0,0.0,57.0,24.0,1.0,0.0,0.0,4.528765678405762,1.0,31.751333333333335,29.005605697631836,3799.52001953125,0.0,0.0
477795,0.0,9.0,0.0,2.0,2.0,0.0,0.0,1.0,0.0,0.0,6.0,0.0,0.0,4.0,1.0,4.0,3.0,5.0,2.0,10.0,3.0,6.763851761817932,7.0,3.0,4.0,7.0,0.0,140.0,16.0,1.0,0.0,6271.35009765625,775.4499664306641,21186.70947265625,2264.2500915527344,15036.440185546875,112.0,148.0,30.0,3.0,2.0,1.0,0.0,0.0,0.0,0.0,0.0,0.0,0.0,0.0,0.0,0.0,0.0,0.0,1.0,0.0,0.0,65.0,5.0,7.0,20.0,14.0,8.0,8.0,44.0,10.0,5.0,2.0,4.0,1.0,35.0,25.0,18.0,22.0,36.0,2.0,4.0,1.0,16.0,4.0,535.0,195.0,19.0,38.0,84.0,80.0,121.0,81.0,202.0,1.0,0.0,244.0,220.0,0.0,0.0,85.0,46.0,4.0,10.0,92.0,163.0,102.0,0.0,549.0,177.0,0.0,0.0,3.0,2.728266417980194,2.0,403.12651666666665,32.68711853027344,45534.19921875,0.6354444250464439,1.0
477802,0.0,0.0,0.0,0.0,0.0,0.0,0.0,,0.0,0.0,0.0,0.0,0.0,0.0,0.0,0.0,0.0,0.0,0.0,1.0,0.0,1.3450357913970947,1.0,0.0,0.0,0.0,0.0,3.0,1.0,1.0,0.0,770.8399658203125,79.75,3867.870361328125,279.0299987792969,3981.91015625,6.0,8.0,1.0,0.0,0.0,1.0,,,0.0,0.0,0.0,0.0,0.0,4.0,0.0,0.0,0.0,0.0,0.0,0.0,0.0,15.0,0.0,1.0,13.0,13.0,12.0,12.0,15.0,0.0,0.0,0.0,0.0,0.0,2.0,2.0,1.0,1.0,3.0,0.0,1.0,0.0,3.0,1.0,148.0,43.0,2.0,0.0,0.0,9.0,2.0,7.0,9.0,0.0,0.0,74.0,72.0,0.0,0.0,3.0,0.0,0.0,0.0,1.0,70.0,1.0,0.0,75.0,24.0,0.0,0.0,0.0,0.03193257749080658,0.0,100.30330000000001,29.945314407348633,8979.400390625,0.0,0.0
477817,0.0,0.0,0.0,0.0,0.0,0.0,0.0,,0.0,0.0,0.0,0.0,0.0,0.0,0.0,0.0,0.0,0.0,0.0,0.0,0.0,0.7125987410545349,0.0,0.0,0.0,0.0,0.0,0.0,0.0,1.0,0.0,42.80999755859375,0.0,700.0,0.0,4044.7900390625,0.0,0.0,0.0,0.0,1.0,2.0,,,14.0,13.0,0.0,0.0,0.0,9.0,0.0,0.0,0.0,0.0,0.0,1.0,0.0,15.0,1.0,5.0,8.0,3.0,1.0,2.0,5.0,1.0,0.0,0.0,0.0,0.0,6.0,2.0,0.0,0.0,0.0,0.0,2.0,0.0,0.0,1.0,40.0,24.0,1.0,0.0,0.0,1.0,1.0,0.0,1.0,0.0,0.0,25.0,18.0,0.0,0.0,0.0,0.0,0.0,0.0,0.0,13.0,0.0,0.0,6.0,0.0,0.0,0.0,0.0,0.040377210825681686,0.0,100.75461666666666,18.201635360717773,4787.599609375,0.0,0.0
477825,0.0,0.0,0.0,0.0,0.0,0.0,0.0,,0.0,0.0,0.0,0.0,0.0,0.0,0.0,0.0,0.0,0.0,0.0,1.0,0.0,5.863831400871277,1.0,0.0,0.0,0.0,0.0,15.0,6.0,0.0,0.0,3177.229965209961,361.4600067138672,12652.800201416016,1042.229965209961,12668.070556640625,49.0,55.0,2.0,0.0,1.0,0.0,0.0,0.0,0.0,0.0,0.0,0.0,0.0,0.0,0.0,0.0,0.0,0.0,0.0,0.0,0.0,32.0,1.0,2.0,21.0,19.0,17.0,18.0,27.0,1.0,1.0,0.0,0.0,0.0,10.0,7.0,5.0,7.0,15.0,1.0,1.0,0.0,13.0,4.0,323.0,112.0,3.0,1.0,0.0,7.0,3.0,5.0,8.0,0.0,0.0,149.0,141.0,0.0,0.0,1.0,0.0,0.0,2.0,20.0,129.0,22.0,0.0,287.0,79.0,1.0,0.0,0.0,0.29244723357260227,0.0,316.45065,32.28572463989258,29901.790771484375,0.0,0.0
477827,0.0,3.0,0.0,0.0,0.0,0.0,0.0,0.0,0.0,2.0,1.0,0.0,0.0,1.0,1.0,1.0,2.0,2.0,1.0,0.0,1.0,6.259343981742859,0.0,1.0,0.0,1.0,1.0,137.0,26.0,0.0,0.0,3795.0398559570312,338.63000106811523,14497.739990234375,894.5099945068359,11526.779541015625,63.0,79.0,13.0,4.0,1.0,0.0,0.0,0.0,0.0,0.0,0.0,0.0,0.0,0.0,1.0,0.0,1.0,0.0,0.0,0.0,0.0,27.0,2.0,2.0,9.0,6.0,3.0,5.0,20.0,2.0,1.0,0.0,0.0,0.0,16.0,13.0,10.0,12.0,18.0,1.0,2.0,0.0,11.0,4.0,228.0,96.0,8.0,11.0,29.0,16.0,41.0,15.0,56.0,0.0,0.0,101.0,87.0,0.0,0.0,19.0,14.0,1.0,6.0,45.0,58.0,51.0,0.0,323.0,73.0,2.0,1.0,0.0,0.3908942751586437,1.0,300.7483500000001,30.875518798828125,31052.700439453125,0.12062074802815914,0.0
477829,0.0,0.0,0.0,0.0,0.0,0.0,0.0,,0.0,0.0,0.0,0.0,0.0,0.0,0.0,0.0,0.0,0.0,0.0,0.0,0.0,0.0,0.0,0.0,0.0,0.0,0.0,0.0,0.0,0.0,0.0,0.0,0.0,0.0,0.0,0.0,0.0,0.0,0.0,0.0,0.0,0.0,,,0.0,0.0,0.0,0.0,0.0,0.0,0.0,0.0,0.0,0.0,0.0,0.0,0.0,0.0,0.0,0.0,0.0,0.0,0.0,0.0,0.0,0.0,0.0,0.0,0.0,0.0,0.0,0.0,0.0,0.0,0.0,0.0,0.0,0.0,0.0,0.0,0.0,0.0,0.0,0.0,0.0,0.0,0.0,0.0,0.0,0.0,0.0,0.0,0.0,0.0,0.0,0.0,0.0,0.0,0.0,0.0,0.0,0.0,0.0,0.0,0.0,0.0,0.0,0.0,0.0,0.0,0.0,0.0,0.0,0.0,0.0
477831,0.0,0.0,0.0,0.0,0.0,0.0,0.0,,0.0,0.0,0.0,0.0,0.0,0.0,0.0,0.0,0.0,0.0,0.0,0.0,0.0,0.0,0.0,0.0,0.0,0.0,0.0,0.0,0.0,0.0,0.0,0.0,0.0,0.0,0.0,0.0,0.0,0.0,0.0,0.0,0.0,0.0,,,0.0,0.0,0.0,0.0,0.0,0.0,0.0,0.0,0.0,0.0,0.0,0.0,0.0,0.0,0.0,0.0,0.0,0.0,0.0,0.0,0.0,0.0,0.0,0.0,0.0,0.0,0.0,0.0,0.0,0.0,0.0,0.0,0.0,0.0,0.0,0.0,0.0,0.0,0.0,0.0,0.0,0.0,0.0,0.0,0.0,0.0,0.0,0.0,0.0,0.0,0.0,0.0,0.0,0.0,0.0,0.0,0.0,0.0,0.0,0.0,0.0,0.0,0.0,0.0,0.0,0.0,0.0,0.0,0.0,0.0,0.0
477832,0.0,4.0,0.0,1.0,2.0,0.0,0.0,1.0,1.0,0.0,1.0,0.0,0.0,0.0,0.0,1.0,2.0,4.0,2.0,16.0,0.0,5.785996596018474,9.0,0.0,8.0,11.0,1.0,77.0,9.0,5.0,0.0,3081.4898681640625,648.3300323486328,13750.85986328125,1573.3999633789062,11900.240234375,57.0,85.0,22.0,2.0,9.0,5.0,0.0,0.0,0.0,0.0,0.0,0.0,0.0,0.0,1.0,0.0,0.0,1.0,0.0,0.0,0.0,50.0,3.0,5.0,22.0,16.0,11.0,14.0,33.0,3.0,1.0,0.0,0.0,0.0,25.0,16.0,11.0,17.0,29.0,1.0,4.0,0.0,19.0,3.0,234.0,120.0,10.0,18.0,48.0,17.0,12.0,71.0,83.0,0.0,0.0,105.0,87.0,0.0,0.0,29.0,16.0,2.0,1.0,53.0,50.0,54.0,0.0,257.0,117.0,0.0,1.0,3.0,0.19420457258820534,21.0,324.2809166666667,33.534427642822266,30954.3212890625,0.11194506287574768,2.0
477833,0.0,1.0,0.0,1.0,0.0,0.0,0.0,0.0,0.0,0.0,1.0,0.0,0.0,0.0,0.0,0.0,0.0,1.0,0.0,2.0,0.0,6.284151673316956,1.0,0.0,0.0,3.0,2.0,20.0,5.0,0.0,0.0,1057.289939880371,118.51000118255615,2992.8001098632812,577.3200035095215,2626.4500122070312,11.0,15.0,4.0,0.0,1.0,0.0,0.0,0.0,0.0,0.0,0.0,0.0,0.0,0.0,0.0,0.0,0.0,0.0,0.0,0.0,0.0,16.0,1.0,0.0,5.0,5.0,4.0,4.0,9.0,4.0,1.0,0.0,1.0,2.0,7.0,3.0,2.0,4.0,5.0,1.0,0.0,0.0,5.0,4.0,55.0,28.0,4.0,4.0,7.0,4.0,2.0,13.0,15.0,0.0,0.0,24.0,19.0,0.0,0.0,6.0,7.0,1.0,0.0,7.0,15.0,7.0,0.0,88.0,34.0,4.0,0.0,0.0,0.5631915777921677,7.0,69.50641666666668,29.697866439819336,7372.369934082031,0.004065040498971939,0.0
477835,0.0,0.0,0.0,0.0,0.0,0.0,0.0,0.0,0.0,0.0,0.0,0.0,0.0,0.0,0.0,0.0,0.0,0.0,0.0,0.0,1.0,3.4740076065063477,0.0,0.0,0.0,0.0,0.0,25.0,3.0,0.0,0.0,800.4599609375,117.47999954223633,2108.9400634765625,337.1199951171875,1766.52001953125,3.0,5.0,3.0,1.0,0.0,0.0,0.0,0.0,0.0,0.0,0.0,0.0,0.0,0.0,0.0,0.0,0.0,0.0,0.0,0.0,0.0,1.0,0.0,0.0,0.0,0.0,0.0,0.0,0.0,0.0,0.0,0.0,0.0,0.0,1.0,0.0,0.0,1.0,1.0,0.0,0.0,0.0,0.0,2.0,14.0,6.0,1.0,17.0,7.0,0.0,20.0,4.0,24.0,0.0,0.0,6.0,4.0,0.0,0.0,3.0,4.0,1.0,2.0,5.0,0.0,7.0,0.0,70.0,23.0,2.0,0.0,0.0,5.10212254524231,0.0,49.05830000000001,29.875354766845703,5130.52001953125,0.0,0.0
477847,0.0,2.0,0.0,2.0,1.0,0.0,0.0,0.0,0.0,0.0,1.0,0.0,0.0,1.0,0.0,0.0,0.0,1.0,0.0,4.0,0.0,6.632310152053833,4.0,0.0,0.0,4.0,3.0,77.0,7.0,0.0,0.0,3713.8298263549805,469.9800033569336,14510.23989868164,1367.499960899353,13846.569923400879,50.0,69.0,9.0,0.0,2.0,0.0,0.0,0.0,0.0,0.0,0.0,0.0,0.0,0.0,0.0,0.0,0.0,0.0,0.0,0.0,0.0,42.0,3.0,4.0,19.0,13.0,12.0,12.0,21.0,3.0,0.0,0.0,0.0,0.0,20.0,8.0,7.0,13.0,21.0,0.0,1.0,0.0,10.0,4.0,226.0,107.0,7.0,10.0,35.0,11.0,14.0,42.0,56.0,0.0,0.0,109.0,88.0,0.0,0.0,23.0,11.0,0.0,4.0,35.0,61.0,39.0,0.0,313.0,113.0,1.0,0.0,3.0,0.16292594373226166,20.0,346.0891333333334,32.30180358886719,33908.11993408203,0.06229914352297783,0.0
477849,0.0,3.0,0.0,0.0,1.0,0.0,0.0,0.0,0.0,1.0,1.0,0.0,0.0,0.0,0.0,2.0,1.0,3.0,1.0,9.0,0.0,4.813289999961853,3.0,0.0,0.0,1.0,0.0,39.0,2.0,0.0,0.0,2035.1300048828125,479.29998779296875,5994.7999267578125,786.1600494384766,4551.9599609375,18.0,31.0,5.0,1.0,2.0,0.0,,,0.0,0.0,0.0,0.0,0.0,0.0,1.0,0.0,0.0,1.0,0.0,0.0,0.0,5.0,0.0,0.0,1.0,1.0,1.0,1.0,4.0,3.0,3.0,3.0,3.0,0.0,1.0,0.0,0.0,1.0,4.0,0.0,0.0,0.0,3.0,3.0,77.0,36.0,7.0,20.0,12.0,2.0,9.0,25.0,34.0,1.0,0.0,29.0,27.0,0.0,0.0,10.0,24.0,2.0,0.0,17.0,26.0,17.0,0.0,179.0,68.0,3.0,0.0,2.0,2.012486308813095,1.0,130.15711666666667,32.288429260253906,13847.349853515625,0.25566137582063675,0.0
477852,0.0,5.0,0.0,0.0,0.0,0.0,0.0,2.0,2.0,1.0,2.0,0.0,0.0,0.0,0.0,4.0,1.0,5.0,1.0,6.0,3.0,6.071072697639465,4.0,2.0,0.0,1.0,0.0,93.0,23.0,9.0,0.0,4678.019836425781,376.3099822998047,19407.63037109375,1465.500015258789,13649.019287109375,75.0,97.0,22.0,5.0,3.0,10.0,0.0,0.0,0.0,0.0,0.0,0.0,0.0,0.0,1.0,1.0,0.0,1.0,0.0,1.0,0.0,51.0,1.0,7.0,23.0,16.0,12.0,15.0,36.0,1.0,0.0,0.0,0.0,0.0,27.0,20.0,16.0,19.0,29.0,0.0,4.0,0.0,18.0,4.0,359.0,167.0,8.0,1.0,26.0,44.0,53.0,18.0,71.0,0.0,0.0,156.0,134.0,0.0,0.0,37.0,5.0,0.0,3.0,63.0,103.0,66.0,0.0,388.0,116.0,0.0,2.0,3.0,0.21570379473268986,0.0,389.87508333333335,30.120616912841797,39576.4794921875,0.08825694676488638,1.0
477853,0.0,0.0,0.0,0.0,0.0,0.0,0.0,,0.0,0.0,0.0,0.0,0.0,0.0,0.0,0.0,0.0,0.0,0.0,0.0,0.0,1.697252631187439,0.0,0.0,0.0,0.0,0.0,3.0,3.0,0.0,0.0,208.87001037597656,23.200000762939453,418.25,116.47000122070312,420.04998779296875,1.0,1.0,0.0,0.0,0.0,0.0,0.0,0.0,0.0,0.0,0.0,0.0,0.0,0.0,0.0,0.0,0.0,0.0,0.0,0.0,0.0,4.0,1.0,0.0,1.0,0.0,0.0,0.0,1.0,1.0,0.0,0.0,0.0,0.0,2.0,1.0,1.0,1.0,0.0,0.0,0.0,0.0,0.0,1.0,11.0,4.0,0.0,1.0,2.0,0.0,1.0,2.0,3.0,0.0,0.0,6.0,5.0,0.0,0.0,0.0,4.0,0.0,0.0,0.0,5.0,0.0,0.0,20.0,6.0,1.0,0.0,0.0,0.034747786819934845,1.0,10.189216666666681,27.976505279541016,1186.8399658203125,0.0,0.0
477855,0.0,2.0,0.0,1.0,0.0,1.0,0.0,0.0,0.0,0.0,1.0,0.0,0.0,1.0,0.0,1.0,0.0,1.0,0.0,7.0,0.0,3.1674885749816895,4.0,0.0,1.0,5.0,0.0,25.0,4.0,2.0,0.0,1479.5100402832031,330.5500011444092,4965.6099853515625,708.6199798583984,4937.400207519531,31.0,48.0,5.0,0.0,4.0,2.0,0.0,0.0,0.0,0.0,0.0,0.0,0.0,0.0,0.0,0.0,0.0,0.0,1.0,0.0,0.0,28.0,0.0,4.0,8.0,8.0,4.0,4.0,21.0,6.0,4.0,4.0,4.0,2.0,14.0,9.0,5.0,8.0,19.0,0.0,4.0,0.0,13.0,2.0,144.0,76.0,4.0,4.0,20.0,8.0,6.0,26.0,32.0,0.0,0.0,62.0,52.0,0.0,0.0,11.0,12.0,1.0,5.0,20.0,38.0,25.0,0.0,122.0,58.0,1.0,0.0,1.0,0.1038130410015583,11.0,121.18205,32.114044189453125,12421.6904296875,0.07801876962184906,0.0
477856,0.0,2.0,0.0,0.0,0.0,0.0,0.0,0.0,0.0,1.0,0.0,0.0,0.0,0.0,0.0,2.0,0.0,2.0,0.0,4.0,0.0,2.9162557125091553,4.0,0.0,0.0,1.0,0.0,86.0,7.0,0.0,0.0,1938.7600708007812,170.9600067138672,4971.760009765625,802.4500122070312,6443.72998046875,19.0,28.0,14.0,1.0,2.0,0.0,0.0,0.0,0.0,0.0,0.0,0.0,0.0,0.0,0.0,0.0,0.0,0.0,0.0,0.0,0.0,11.0,1.0,0.0,1.0,1.0,0.0,0.0,8.0,2.0,1.0,0.0,1.0,0.0,8.0,6.0,5.0,7.0,9.0,1.0,0.0,0.0,7.0,2.0,84.0,45.0,3.0,21.0,32.0,4.0,29.0,28.0,57.0,0.0,0.0,34.0,27.0,0.0,0.0,16.0,21.0,0.0,5.0,19.0,19.0,24.0,0.0,190.0,61.0,0.0,2.0,3.0,0.8316742926836014,2.0,148.18591666666669,28.93398094177246,14327.6611328125,0.04784085229039192,0.0
477859,0.0,5.0,0.0,0.0,0.0,0.0,1.0,0.0,0.0,1.0,3.0,0.0,0.0,4.0,1.0,3.0,1.0,1.0,0.0,0.0,0.0,3.031463623046875,0.0,0.0,0.0,0.0,0.0,23.0,0.0,0.0,0.0,827.5599975585938,152.5500030517578,2521.479949951172,361.5600051879883,1914.5900573730469,6.0,15.0,3.0,1.0,1.0,0.0,,,0.0,0.0,0.0,0.0,0.0,0.0,1.0,0.0,1.0,0.0,1.0,0.0,0.0,1.0,0.0,0.0,0.0,0.0,0.0,0.0,0.0,0.0,0.0,0.0,0.0,0.0,1.0,0.0,0.0,1.0,1.0,0.0,0.0,0.0,0.0,2.0,35.0,19.0,6.0,13.0,8.0,0.0,17.0,4.0,21.0,1.0,0.0,11.0,7.0,0.0,0.0,7.0,16.0,2.0,6.0,12.0,1.0,18.0,0.0,72.0,35.0,2.0,0.0,0.0,7.921570539474487,1.0,55.55924999999999,32.88674545288086,5777.740295410156,0.7201820611953735,0.0
477862,0.0,0.0,0.0,0.0,0.0,0.0,0.0,0.0,0.0,0.0,0.0,0.0,0.0,0.0,0.0,0.0,0.0,0.0,0.0,3.0,0.0,3.242996096611023,3.0,0.0,0.0,0.0,0.0,52.0,4.0,0.0,0.0,1318.510009765625,370.4600067138672,4263.159912109375,591.6099853515625,3450.0899047851562,8.0,9.0,5.0,0.0,1.0,0.0,,,0.0,0.0,0.0,0.0,0.0,0.0,0.0,0.0,0.0,0.0,0.0,0.0,0.0,5.0,1.0,0.0,1.0,0.0,0.0,0.0,0.0,2.0,0.0,0.0,1.0,0.0,2.0,0.0,0.0,1.0,2.0,0.0,0.0,0.0,0.0,2.0,26.0,17.0,2.0,20.0,15.0,0.0,24.0,11.0,35.0,0.0,0.0,11.0,9.0,0.0,0.0,5.0,7.0,1.0,4.0,8.0,2.0,12.0,0.0,123.0,54.0,1.0,1.0,3.0,4.99885892868042,0.0,93.26291666666668,33.41233825683594,9993.82958984375,0.0,0.0
477864,0.0,0.0,0.0,0.0,0.0,0.0,0.0,,0.0,0.0,0.0,0.0,0.0,0.0,0.0,0.0,0.0,0.0,0.0,0.0,0.0,0.0,0.0,0.0,0.0,0.0,0.0,0.0,0.0,0.0,0.0,0.0,0.0,0.0,0.0,0.0,0.0,0.0,0.0,0.0,0.0,0.0,,,0.0,0.0,0.0,0.0,0.0,0.0,0.0,0.0,0.0,0.0,0.0,0.0,0.0,0.0,0.0,0.0,0.0,0.0,0.0,0.0,0.0,0.0,0.0,0.0,0.0,0.0,0.0,0.0,0.0,0.0,0.0,0.0,0.0,0.0,0.0,0.0,0.0,0.0,0.0,0.0,0.0,0.0,0.0,0.0,0.0,0.0,0.0,0.0,0.0,0.0,0.0,0.0,0.0,0.0,0.0,0.0,0.0,0.0,0.0,0.0,0.0,0.0,0.0,0.0,0.0,0.0,0.0,0.0,0.0,0.0,0.0
478364,0.0,0.0,0.0,0.0,0.0,0.0,0.0,0.0,0.0,0.0,0.0,0.0,0.0,0.0,0.0,0.0,0.0,0.0,0.0,0.0,0.0,3.5139819383621216,0.0,0.0,0.0,1.0,0.0,12.0,0.0,0.0,0.0,660.2599945068359,87.16000366210938,1764.4600830078125,235.0500030517578,1121.5799865722656,3.0,4.0,2.0,0.0,2.0,0.0,,,0.0,0.0,0.0,0.0,0.0,0.0,0.0,0.0,0.0,0.0,0.0,0.0,0.0,0.0,0.0,0.0,0.0,0.0,0.0,0.0,0.0,0.0,0.0,0.0,0.0,0.0,0.0,0.0,0.0,0.0,0.0,0.0,0.0,0.0,0.0,2.0,18.0,8.0,1.0,13.0,14.0,2.0,15.0,14.0,29.0,0.0,0.0,7.0,7.0,0.0,0.0,7.0,3.0,2.0,0.0,5.0,5.0,5.0,0.0,60.0,20.0,2.0,0.0,0.0,1.599514126777649,0.0,32.760566666666705,30.052501678466797,3868.509765625,0.0,0.0
479042,0.0,0.0,0.0,0.0,0.0,0.0,0.0,,0.0,0.0,0.0,0.0,0.0,0.0,0.0,0.0,0.0,0.0,0.0,2.0,0.0,3.8215853373209634,2.0,0.0,0.0,0.0,0.0,22.0,7.0,6.0,0.0,2184.0999755859375,270.1300163269043,8244.52978515625,714.6799621582031,8348.51953125,12.0,15.0,7.0,5.0,1.0,6.0,0.0,0.0,0.0,0.0,0.0,0.0,0.0,0.0,0.0,0.0,0.0,0.0,0.0,0.0,0.0,26.0,0.0,3.0,13.0,10.0,8.0,10.0,21.0,1.0,1.0,1.0,1.0,0.0,12.0,10.0,8.0,9.0,7.0,0.0,2.0,0.0,5.0,2.0,143.0,64.0,3.0,1.0,1.0,11.0,6.0,7.0,13.0,0.0,0.0,72.0,65.0,0.0,0.0,8.0,0.0,0.0,0.0,7.0,53.0,7.0,0.0,191.0,57.0,0.0,0.0,1.0,0.1051942277699709,8.0,206.89091666666667,32.482940673828125,19761.958984375,0.0,0.0
479056,0.0,0.0,0.0,0.0,0.0,0.0,0.0,,0.0,0.0,0.0,0.0,0.0,0.0,0.0,0.0,0.0,0.0,0.0,0.0,0.0,2.0091954867045083,0.0,0.0,0.0,0.0,0.0,6.0,2.0,0.0,0.0,288.9800109863281,80.43000030517578,863.489990234375,190.05999755859375,1059.8800048828125,0.0,0.0,0.0,2.0,0.0,0.0,0.0,0.0,0.0,0.0,0.0,0.0,0.0,0.0,0.0,0.0,0.0,0.0,0.0,0.0,0.0,0.0,0.0,0.0,0.0,0.0,0.0,0.0,0.0,0.0,0.0,0.0,0.0,0.0,0.0,0.0,0.0,0.0,0.0,0.0,0.0,0.0,0.0,1.0,2.0,1.0,0.0,1.0,2.0,0.0,0.0,3.0,3.0,0.0,0.0,1.0,1.0,0.0,0.0,0.0,0.0,0.0,0.0,0.0,1.0,0.0,0.0,26.0,15.0,1.0,0.0,0.0,0.07107435911893845,0.0,24.647166666666664,31.600818634033203,2482.83984375,0.0,0.0
479072,0.0,1.0,0.0,1.0,0.0,0.0,0.0,0.0,0.0,0.0,1.0,0.0,0.0,0.0,0.0,0.0,0.0,1.0,0.0,9.0,1.0,6.2133809725443525,3.0,1.0,0.0,3.0,2.0,65.0,25.0,3.0,0.0,3452.2098999023438,708.6899948120117,14234.23974609375,1723.4100646972656,11322.679931640625,57.0,87.0,4.0,3.0,8.0,3.0,0.0,0.0,0.0,0.0,0.0,0.0,0.0,0.0,0.0,0.0,0.0,0.0,0.0,0.0,0.0,72.0,9.0,2.0,32.0,21.0,19.0,21.0,36.0,13.0,3.0,2.0,4.0,0.0,27.0,12.0,10.0,16.0,49.0,1.0,1.0,0.0,20.0,3.0,298.0,132.0,4.0,15.0,45.0,28.0,22.0,66.0,88.0,0.0,0.0,141.0,115.0,0.0,0.0,29.0,11.0,1.0,2.0,56.0,75.0,58.0,0.0,307.0,128.0,0.0,0.0,0.0,0.3670913800597191,26.0,303.8828666666667,32.11442947387695,31441.2314453125,0.023405414074659348,1.0
479075,0.0,1.0,0.0,0.0,0.0,0.0,0.0,0.0,0.0,0.0,1.0,0.0,0.0,1.0,1.0,0.0,1.0,0.0,0.0,4.0,0.0,6.232749938964844,2.0,0.0,0.0,3.0,0.0,42.0,9.0,0.0,0.0,2682.2100830078125,437.2899990081787,8979.02978515625,1180.6599884033203,8272.730102539062,26.0,40.0,5.0,3.0,2.0,0.0,0.0,0.0,0.0,0.0,0.0,0.0,0.0,0.0,0.0,0.0,0.0,0.0,0.0,0.0,0.0,24.0,3.0,3.0,8.0,3.0,2.0,2.0,7.0,5.0,0.0,0.0,2.0,0.0,11.0,4.0,3.0,5.0,20.0,0.0,1.0,0.0,6.0,3.0,118.0,56.0,2.0,9.0,15.0,5.0,5.0,24.0,29.0,0.0,0.0,48.0,35.0,0.0,0.0,9.0,16.0,1.0,2.0,18.0,34.0,20.0,0.0,232.0,95.0,0.0,2.0,1.0,0.6675190106034279,4.0,206.30771666666664,34.1178092956543,21551.9189453125,0.08259384334087372,1.0
479077,0.0,0.0,0.0,0.0,0.0,0.0,0.0,,0.0,0.0,0.0,0.0,0.0,0.0,0.0,0.0,0.0,0.0,0.0,0.0,1.0,0.9639169375101725,0.0,1.0,0.0,0.0,0.0,0.0,0.0,2.0,0.0,87.47000122070312,0.0,694.1199951171875,12.289999008178711,4300.54931640625,1.0,1.0,0.0,0.0,1.0,4.0,2.0,0.0,27.0,21.0,0.25,1.0,1.0,10.0,0.0,0.0,0.0,0.0,0.0,2.0,0.0,22.0,2.0,6.0,12.0,3.0,2.0,4.0,4.0,2.0,0.0,0.0,0.0,0.0,8.0,1.0,0.0,0.0,0.0,0.0,1.0,0.0,0.0,1.0,50.0,35.0,3.0,0.0,0.0,12.0,7.0,5.0,12.0,0.0,0.0,29.0,17.0,0.0,0.0,1.0,0.0,0.0,0.0,0.0,14.0,0.0,0.0,7.0,1.0,0.0,0.0,0.0,0.020947078242897987,0.0,105.63746666666665,22.513511657714844,5094.4296875,0.0,0.0
479079,0.0,0.0,0.0,0.0,0.0,0.0,0.0,0.0,0.0,0.0,0.0,0.0,0.0,0.0,0.0,0.0,0.0,0.0,0.0,7.0,1.0,4.1671295166015625,3.0,0.0,0.0,4.0,0.0,76.0,11.0,0.0,0.0,2635.9600219726562,435.8600158691406,6055.579345703125,1057.4599914550781,5900.9595947265625,25.0,45.0,4.0,2.0,1.0,0.0,,,0.0,0.0,0.0,0.0,0.0,0.0,0.0,0.0,0.0,0.0,0.0,0.0,0.0,18.0,0.0,2.0,4.0,0.0,0.0,2.0,5.0,2.0,0.0,0.0,2.0,0.0,12.0,5.0,5.0,10.0,16.0,0.0,0.0,0.0,4.0,2.0,103.0,53.0,3.0,6.0,9.0,1.0,1.0,15.0,16.0,0.0,0.0,41.0,27.0,0.0,0.0,10.0,19.0,5.0,1.0,40.0,12.0,41.0,0.0,228.0,87.0,1.0,0.0,3.0,0.30925778299570084,4.0,155.18188333333333,32.36539077758789,16085.81982421875,0.0,0.0
479080,0.0,0.0,0.0,0.0,0.0,0.0,0.0,,0.0,0.0,0.0,0.0,0.0,0.0,0.0,0.0,0.0,0.0,0.0,2.0,0.0,4.523181279500325,1.0,0.0,0.0,0.0,0.0,41.0,1.0,0.0,0.0,1259.7200012207031,135.11000061035156,3280.4400634765625,415.77000427246094,3363.39990234375,8.0,10.0,4.0,0.0,0.0,0.0,0.0,0.0,0.0,0.0,0.0,0.0,0.0,0.0,0.0,0.0,0.0,0.0,0.0,0.0,0.0,4.0,1.0,0.0,1.0,1.0,0.0,0.0,3.0,2.0,1.0,0.0,1.0,0.0,1.0,1.0,0.0,0.0,1.0,1.0,0.0,0.0,0.0,2.0,27.0,18.0,0.0,16.0,7.0,2.0,15.0,10.0,25.0,0.0,0.0,10.0,8.0,0.0,0.0,4.0,9.0,0.0,0.0,8.0,8.0,8.0,0.0,92.0,35.0,1.0,1.0,1.0,2.3617923259735107,0.0,75.83446666666666,30.438446044921875,8454.43994140625,0.0,0.0
479084,0.0,0.0,0.0,0.0,0.0,0.0,0.0,,0.0,0.0,0.0,0.0,0.0,0.0,0.0,0.0,0.0,0.0,0.0,0.0,0.0,0.0,0.0,0.0,0.0,0.0,0.0,0.0,0.0,0.0,0.0,0.0,0.0,0.0,0.0,0.0,0.0,0.0,0.0,0.0,0.0,0.0,,,0.0,0.0,0.0,0.0,0.0,0.0,0.0,0.0,0.0,0.0,0.0,0.0,0.0,0.0,0.0,0.0,0.0,0.0,0.0,0.0,0.0,0.0,0.0,0.0,0.0,0.0,0.0,0.0,0.0,0.0,0.0,0.0,0.0,0.0,0.0,0.0,0.0,0.0,0.0,0.0,0.0,0.0,0.0,0.0,0.0,0.0,0.0,0.0,0.0,0.0,0.0,0.0,0.0,0.0,0.0,0.0,0.0,0.0,0.0,0.0,0.0,0.0,0.0,0.0,0.0,0.0,0.0,0.0,0.0,0.0,0.0
479086,0.0,1.0,0.0,1.0,0.0,0.0,0.0,0.0,0.0,0.0,1.0,0.0,0.0,0.0,0.0,0.0,0.0,1.0,0.0,2.0,1.0,4.4934156735738116,2.0,1.0,1.0,6.0,0.0,79.0,11.0,2.0,0.0,2431.81982421875,325.32999420166016,6077.460205078125,1241.1701049804688,5782.3299560546875,30.0,42.0,6.0,2.0,1.0,2.0,,,0.0,0.0,0.0,0.0,0.0,0.0,0.0,0.0,0.0,0.0,0.0,0.0,0.0,23.0,2.0,2.0,7.0,4.0,3.0,3.0,10.0,3.0,0.0,0.0,0.0,1.0,13.0,6.0,5.0,8.0,11.0,0.0,1.0,0.0,6.0,2.0,138.0,58.0,5.0,7.0,23.0,5.0,13.0,22.0,35.0,0.0,0.0,59.0,48.0,0.0,0.0,12.0,19.0,2.0,1.0,27.0,38.0,28.0,0.0,216.0,96.0,1.0,0.0,1.0,0.4871928542852402,0.0,140.93398333333334,29.91533851623535,15858.10986328125,0.01082488801330328,0.0
479106,1.0,1.0,0.0,0.0,0.0,0.0,0.0,0.0,0.0,0.0,1.0,0.0,0.0,1.0,0.0,1.0,0.0,0.0,0.0,3.0,3.0,6.805649439493815,2.0,2.0,0.0,0.0,0.0,83.0,8.0,0.0,0.0,4178.919921875,261.9100151062012,12365.8095703125,1198.4299011230469,9535.519897460938,46.0,56.0,5.0,0.0,3.0,1.0,0.0,0.0,0.0,0.0,0.0,0.0,0.0,0.0,0.0,0.0,0.0,0.0,0.0,1.0,0.0,39.0,6.0,0.0,8.0,4.0,2.0,2.0,24.0,8.0,4.0,2.0,2.0,0.0,23.0,16.0,14.0,17.0,21.0,2.0,0.0,0.0,13.0,3.0,182.0,78.0,7.0,10.0,80.0,25.0,84.0,31.0,115.0,0.0,0.0,79.0,65.0,0.0,0.0,38.0,16.0,1.0,2.0,38.0,47.0,40.0,0.0,361.0,94.0,1.0,1.0,2.0,0.8306250274181366,0.0,243.95411666666666,32.2230110168457,27540.58935546875,0.08032247424125671,0.0
479110,0.0,0.0,0.0,0.0,0.0,0.0,0.0,,0.0,0.0,0.0,0.0,0.0,0.0,0.0,0.0,0.0,0.0,0.0,0.0,0.0,1.7894395192464192,0.0,0.0,0.0,0.0,0.0,0.0,0.0,2.0,0.0,204.12998962402344,1.5399999618530273,1682.8399658203125,31.639999866485596,7311.169677734375,1.0,7.0,0.0,0.0,0.0,5.0,,,55.0,44.0,0.75,5.0,5.0,9.0,0.0,0.0,0.0,0.0,0.0,3.0,0.0,54.0,3.0,18.0,25.0,7.0,3.0,4.0,12.0,4.0,0.0,0.0,0.0,1.0,25.0,5.0,1.0,3.0,7.0,0.0,4.0,0.0,0.0,2.0,106.0,62.0,0.0,0.0,0.0,18.0,13.0,5.0,18.0,0.0,1.0,56.0,28.0,0.0,0.0,8.0,0.0,0.0,0.0,3.0,36.0,3.0,0.0,20.0,2.0,0.0,0.0,0.0,0.03968333452939987,0.0,206.31633333333332,25.0899600982666,9231.3193359375,0.0,0.0
479294,1.0,1.0,0.0,0.0,1.0,0.0,0.0,,0.0,0.0,0.0,0.0,0.0,0.0,0.0,0.0,1.0,1.0,1.0,5.0,1.0,5.10880434513092,5.0,1.0,0.0,1.0,1.0,108.0,14.0,3.0,0.0,4827.77001953125,455.1400146484375,16064.580078125,1513.2500305175781,11640.939697265625,46.0,55.0,10.0,4.0,1.0,3.0,0.0,0.0,0.0,0.0,0.0,0.0,0.0,0.0,1.0,0.0,0.0,1.0,0.0,0.0,0.0,24.0,0.0,0.0,8.0,7.0,7.0,8.0,22.0,1.0,1.0,1.0,1.0,0.0,15.0,14.0,14.0,15.0,12.0,0.0,0.0,0.0,10.0,3.0,287.0,102.0,10.0,6.0,39.0,79.0,93.0,31.0,124.0,0.0,0.0,131.0,124.0,0.0,0.0,29.0,6.0,2.0,3.0,39.0,95.0,42.0,0.0,411.0,114.0,0.0,0.0,2.0,0.19437207654118538,0.0,303.75545,31.09988784790039,34501.6787109375,0.08677364140748978,1.0
479316,0.0,1.0,0.0,0.0,0.0,0.0,1.0,0.0,0.0,0.0,0.0,0.0,0.0,1.0,1.0,0.0,1.0,0.0,0.0,0.0,0.0,4.684961636861165,0.0,0.0,0.0,0.0,0.0,1.0,0.0,0.0,0.0,774.3699951171875,9.989999771118164,2189.030029296875,226.56999969482422,1773.590087890625,4.0,6.0,1.0,0.0,1.0,0.0,0.0,0.0,0.0,0.0,0.0,0.0,0.0,0.0,0.0,0.0,0.0,0.0,1.0,0.0,0.0,10.0,1.0,1.0,5.0,3.0,3.0,3.0,4.0,1.0,0.0,0.0,0.0,0.0,4.0,1.0,1.0,2.0,3.0,0.0,0.0,0.0,0.0,2.0,108.0,24.0,2.0,2.0,2.0,4.0,4.0,4.0,8.0,0.0,0.0,52.0,49.0,0.0,0.0,5.0,1.0,1.0,1.0,5.0,48.0,6.0,0.0,64.0,13.0,2.0,0.0,0.0,0.2260979926213622,1.0,44.023766666666674,26.049903869628906,4973.55029296875,0.23586516082286835,0.0
479389,0.0,1.0,0.0,1.0,0.0,0.0,0.0,0.0,0.0,1.0,0.0,0.0,0.0,0.0,0.0,0.0,0.0,1.0,0.0,9.0,2.0,6.46498982111613,7.0,0.0,2.0,6.0,3.0,98.0,21.0,0.0,0.0,4683.4600830078125,520.3600158691406,13269.791015625,2200.0099487304688,11187.780029296875,46.0,76.0,21.0,2.0,2.0,0.0,0.0,0.0,0.0,0.0,0.0,0.0,0.0,0.0,0.0,0.0,0.0,0.0,0.0,0.0,0.0,37.0,2.0,2.0,16.0,9.0,8.0,12.0,17.0,6.0,3.0,1.0,2.0,2.0,15.0,5.0,3.0,9.0,24.0,1.0,0.0,1.0,10.0,3.0,213.0,106.0,6.0,25.0,36.0,15.0,19.0,57.0,76.0,0.0,0.0,87.0,59.0,0.0,0.0,25.0,25.0,2.0,7.0,57.0,36.0,64.0,0.0,423.0,170.0,0.0,1.0,6.0,0.4020295515656471,6.0,296.2049166666667,31.80205726623535,31861.4013671875,0.040217071771621704,1.0
479553,0.0,1.0,0.0,0.0,0.0,0.0,0.0,0.0,0.0,0.0,1.0,0.0,0.0,1.0,0.0,1.0,0.0,0.0,0.0,3.0,0.0,4.182817300160726,2.0,0.0,0.0,2.0,0.0,20.0,3.0,0.0,0.0,2126.820068359375,499.1099853515625,7472.620361328125,840.6300048828125,7272.139892578125,15.0,24.0,9.0,1.0,0.0,0.0,0.0,0.0,0.0,0.0,0.0,0.0,0.0,0.0,0.0,0.0,0.0,0.0,0.0,0.0,0.0,16.0,0.0,2.0,3.0,1.0,0.0,1.0,10.0,2.0,2.0,2.0,2.0,0.0,11.0,7.0,6.0,9.0,10.0,0.0,1.0,0.0,7.0,2.0,82.0,39.0,3.0,24.0,18.0,2.0,3.0,41.0,44.0,1.0,0.0,40.0,32.0,0.0,0.0,6.0,10.0,2.0,0.0,8.0,29.0,8.0,0.0,179.0,71.0,0.0,1.0,0.0,0.24394700676202774,8.0,174.00081666666665,32.112205505371094,18211.32080078125,0.013842901214957237,0.0
479601,0.0,2.0,0.0,0.0,0.0,0.0,0.0,0.0,0.0,1.0,1.0,0.0,0.0,1.0,1.0,1.0,1.0,1.0,0.0,11.0,2.0,5.9899190902709964,6.0,1.0,0.0,9.0,1.0,154.0,41.0,0.0,0.0,5866.429870605469,906.6600036621094,19763.029541015625,2515.929962158203,19606.75,53.0,91.0,17.0,9.0,6.0,0.0,0.0,0.0,0.0,0.0,0.0,0.0,0.0,0.0,0.0,0.0,0.0,0.0,0.0,0.0,0.0,102.0,9.0,14.0,38.0,12.0,8.0,15.0,34.0,13.0,4.0,1.0,2.0,2.0,51.0,18.0,14.0,26.0,57.0,3.0,1.0,0.0,23.0,5.0,270.0,147.0,6.0,19.0,17.0,19.0,8.0,47.0,55.0,0.0,0.0,129.0,80.0,0.0,0.0,23.0,15.0,0.0,5.0,61.0,46.0,66.0,0.0,521.0,193.0,0.0,3.0,6.0,0.358281621709466,40.0,488.06975000000006,33.93669891357422,48658.798828125,0.06716730538755655,1.0
479781,0.0,0.0,0.0,0.0,0.0,0.0,0.0,,0.0,0.0,0.0,0.0,0.0,0.0,0.0,0.0,0.0,0.0,0.0,0.0,1.0,4.458495299021403,0.0,1.0,0.0,0.0,0.0,25.0,6.0,1.0,0.0,829.3300170898438,219.54999542236328,2429.7200317382812,424.5800018310547,2017.3798217773438,7.0,8.0,1.0,2.0,0.0,1.0,0.0,0.0,0.0,0.0,0.0,0.0,0.0,0.0,0.0,0.0,0.0,0.0,0.0,0.0,0.0,4.0,0.0,0.0,2.0,2.0,2.0,2.0,4.0,0.0,0.0,0.0,0.0,0.0,2.0,2.0,2.0,2.0,2.0,0.0,0.0,0.0,2.0,2.0,24.0,11.0,0.0,2.0,9.0,7.0,11.0,7.0,18.0,0.0,0.0,13.0,12.0,0.0,0.0,5.0,1.0,0.0,2.0,5.0,4.0,7.0,0.0,67.0,36.0,2.0,0.0,0.0,0.5620345026254654,2.0,52.846233333333345,30.997034072875977,5920.559814453125,0.0,0.0
480310,0.0,2.0,0.0,0.0,1.0,0.0,0.0,0.0,0.0,1.0,0.0,0.0,0.0,1.0,0.0,2.0,0.0,1.0,0.0,7.0,2.0,3.9833337465922036,7.0,1.0,0.0,0.0,0.0,29.0,18.0,1.0,0.0,2398.369873046875,257.66001892089844,7654.279541015625,877.510009765625,7311.010009765625,42.0,57.0,3.0,2.0,1.0,2.0,0.0,0.0,0.0,0.0,0.0,0.0,0.0,2.0,0.0,0.0,0.0,0.0,0.0,1.0,0.0,53.0,2.0,11.0,31.0,21.0,18.0,18.0,30.0,2.0,0.0,0.0,0.0,0.0,20.0,9.0,6.0,7.0,36.0,0.0,3.0,0.0,17.0,2.0,258.0,97.0,6.0,2.0,3.0,19.0,8.0,16.0,24.0,0.0,0.0,121.0,108.0,0.0,0.0,12.0,1.0,0.0,2.0,14.0,108.0,16.0,0.0,205.0,63.0,0.0,1.0,3.0,0.14635426178574562,0.0,186.41256666666666,31.701736450195312,18498.83056640625,0.15216891467571259,0.0
480313,0.0,0.0,0.0,0.0,0.0,0.0,0.0,,0.0,0.0,0.0,0.0,0.0,0.0,0.0,0.0,0.0,0.0,0.0,0.0,0.0,0.0,0.0,0.0,0.0,0.0,0.0,0.0,0.0,0.0,0.0,0.0,0.0,0.0,0.0,0.0,0.0,0.0,0.0,0.0,0.0,0.0,,,0.0,0.0,0.0,0.0,0.0,0.0,0.0,0.0,0.0,0.0,0.0,0.0,0.0,0.0,0.0,0.0,0.0,0.0,0.0,0.0,0.0,0.0,0.0,0.0,0.0,0.0,0.0,0.0,0.0,0.0,0.0,0.0,0.0,0.0,0.0,0.0,0.0,0.0,0.0,0.0,0.0,0.0,0.0,0.0,0.0,0.0,0.0,0.0,0.0,0.0,0.0,0.0,0.0,0.0,0.0,0.0,0.0,0.0,0.0,0.0,0.0,0.0,0.0,0.0,0.0,0.0,0.0,0.0,0.0,0.0,0.0
480322,0.0,3.0,0.0,0.0,0.0,1.0,0.0,0.0,0.0,0.0,1.0,0.0,0.0,3.0,1.0,2.0,1.0,0.0,0.0,8.0,1.0,6.368801403045654,8.0,0.0,0.0,1.0,0.0,41.0,22.0,8.0,0.0,6028.200134277344,935.2000579833984,20577.610107421875,2410.4100036621094,14428.010131835938,37.0,57.0,17.0,8.0,8.0,10.0,0.0,0.0,0.0,0.0,0.0,0.0,0.0,3.0,0.0,0.0,0.0,0.0,1.0,2.0,0.0,64.0,2.0,3.0,24.0,18.0,15.0,19.0,49.0,6.0,4.0,1.0,2.0,2.0,34.0,27.0,22.0,27.0,24.0,1.0,2.0,2.0,15.0,5.0,404.0,175.0,16.0,6.0,4.0,33.0,25.0,18.0,43.0,0.0,0.0,191.0,170.0,0.0,0.0,22.0,7.0,2.0,6.0,26.0,157.0,32.0,0.0,528.0,174.0,1.0,1.0,0.0,1.5513509511947632,3.0,421.32191666666665,32.785037994384766,44379.43115234375,0.16935456916689873,2.0
480966,0.0,3.0,0.0,0.0,0.0,0.0,0.0,1.0,1.0,0.0,2.0,0.0,0.0,2.0,2.0,0.0,3.0,1.0,1.0,10.0,0.0,6.951534748077393,7.0,0.0,1.0,2.0,2.0,97.0,4.0,1.0,0.0,2696.499969482422,201.57000827789307,11099.70947265625,782.5899658203125,6749.849792480469,34.0,47.0,13.0,0.0,2.0,1.0,0.0,0.0,0.0,0.0,0.0,0.0,0.0,0.0,0.0,0.0,0.0,0.0,0.0,0.0,0.0,13.0,0.0,0.0,2.0,2.0,2.0,2.0,10.0,2.0,1.0,1.0,2.0,0.0,9.0,7.0,7.0,9.0,11.0,0.0,0.0,0.0,8.0,4.0,106.0,50.0,8.0,7.0,65.0,10.0,62.0,20.0,82.0,0.0,0.0,41.0,33.0,0.0,0.0,22.0,16.0,3.0,1.0,33.0,19.0,34.0,0.0,252.0,66.0,2.0,2.0,6.0,1.5177667140960693,0.0,187.66630000000004,31.841169357299805,21530.220703125,0.7005145996809006,0.0
480983,0.0,0.0,0.0,0.0,0.0,0.0,0.0,0.0,0.0,0.0,0.0,0.0,0.0,0.0,0.0,0.0,0.0,0.0,0.0,0.0,0.0,3.1023976802825928,0.0,0.0,0.0,0.0,0.0,2.0,2.0,0.0,0.0,447.8099822998047,13.630000114440918,1409.7100219726562,142.14000701904297,1767.7099609375,3.0,4.0,0.0,0.0,0.0,0.0,,,0.0,0.0,0.0,0.0,0.0,0.0,0.0,0.0,0.0,0.0,0.0,0.0,0.0,4.0,0.0,1.0,1.0,0.0,0.0,0.0,2.0,1.0,1.0,1.0,1.0,0.0,2.0,1.0,1.0,1.0,3.0,0.0,0.0,0.0,1.0,2.0,89.0,11.0,2.0,0.0,0.0,7.0,5.0,2.0,7.0,1.0,0.0,44.0,43.0,0.0,0.0,4.0,1.0,0.0,1.0,1.0,43.0,2.0,0.0,37.0,12.0,2.0,0.0,0.0,0.22519753128290176,0.0,38.491916666666654,27.172969818115234,3780.9998779296875,0.0,0.0
481027,0.0,2.0,0.0,1.0,1.0,0.0,0.0,0.0,0.0,0.0,1.0,0.0,0.0,1.0,0.0,1.0,0.0,1.0,0.0,11.0,0.0,5.907766024271647,6.0,0.0,1.0,5.0,1.0,30.0,4.0,1.0,0.0,1775.0800170898438,359.36997985839844,5024.97998046875,914.8900146484375,5202.36962890625,12.0,22.0,3.0,3.0,1.0,1.0,0.0,0.0,0.0,0.0,0.0,0.0,0.0,0.0,0.0,0.0,0.0,0.0,0.0,0.0,0.0,15.0,2.0,0.0,2.0,1.0,0.0,0.0,9.0,5.0,3.0,0.0,1.0,2.0,8.0,5.0,2.0,4.0,10.0,1.0,0.0,2.0,9.0,3.0,54.0,32.0,5.0,21.0,16.0,4.0,15.0,26.0,41.0,1.0,0.0,15.0,13.0,0.0,0.0,15.0,14.0,0.0,3.0,11.0,14.0,14.0,0.0,145.0,67.0,2.0,1.0,5.0,2.89530611038208,1.0,129.93523333333334,32.03034210205078,13276.68994140625,0.054849657230079174,0.0
481180,0.0,3.0,0.0,0.0,0.0,0.0,0.0,0.0,0.0,1.0,2.0,0.0,0.0,2.0,0.0,2.0,0.0,1.0,0.0,1.0,1.0,7.096232096354167,0.0,0.0,0.0,2.0,0.0,52.0,4.0,0.0,0.0,1949.8799133300781,149.520005941391,5223.0899658203125,691.1199798583984,4240.549987792969,8.0,21.0,6.0,1.0,1.0,0.0,0.0,0.0,0.0,0.0,0.0,0.0,0.0,0.0,0.0,0.0,0.0,0.0,1.0,0.0,0.0,6.0,1.0,0.0,1.0,0.0,0.0,0.0,1.0,2.0,1.0,1.0,1.0,0.0,3.0,0.0,0.0,2.0,3.0,0.0,0.0,0.0,1.0,3.0,66.0,33.0,7.0,13.0,6.0,0.0,15.0,4.0,19.0,1.0,0.0,25.0,15.0,0.0,0.0,7.0,22.0,4.0,9.0,8.0,14.0,17.0,0.0,168.0,47.0,2.0,1.0,0.0,7.781891107559204,1.0,108.96733333333334,28.93494987487793,12254.159912109375,0.5085563063621521,0.0
481181,0.0,1.0,0.0,0.0,1.0,0.0,0.0,,0.0,0.0,0.0,0.0,0.0,1.0,1.0,0.0,1.0,0.0,0.0,2.0,0.0,2.272008260091146,1.0,0.0,0.0,0.0,0.0,12.0,2.0,0.0,0.0,980.3099975585938,91.0999984741211,2347.090087890625,431.94000244140625,1962.8798828125,16.0,19.0,1.0,0.0,1.0,0.0,0.0,0.0,0.0,0.0,0.0,0.0,0.0,0.0,0.0,0.0,0.0,0.0,0.0,0.0,0.0,3.0,0.0,0.0,0.0,0.0,0.0,0.0,2.0,0.0,0.0,0.0,0.0,0.0,3.0,2.0,2.0,3.0,2.0,0.0,0.0,0.0,1.0,1.0,42.0,22.0,1.0,6.0,12.0,1.0,8.0,11.0,19.0,0.0,0.0,18.0,16.0,0.0,0.0,5.0,7.0,1.0,1.0,20.0,0.0,21.0,0.0,84.0,31.0,0.0,1.0,1.0,0.6436666250228882,2.0,51.177499999999995,30.57759666442871,5813.3203125,0.0587601400911808,0.0
481183,0.0,1.0,0.0,0.0,0.0,0.0,0.0,0.0,0.0,1.0,0.0,0.0,0.0,0.0,0.0,1.0,0.0,1.0,0.0,10.0,1.0,5.557536760965983,7.0,1.0,0.0,0.0,0.0,16.0,7.0,5.0,0.0,3314.940185546875,375.36000061035156,11615.280029296875,911.219970703125,11881.070556640625,38.0,60.0,3.0,0.0,3.0,5.0,0.0,0.0,0.0,0.0,0.0,0.0,0.0,0.0,0.0,0.0,0.0,0.0,0.0,0.0,0.0,49.0,3.0,9.0,26.0,16.0,12.0,14.0,25.0,3.0,1.0,0.0,0.0,0.0,20.0,8.0,4.0,8.0,25.0,1.0,3.0,0.0,12.0,3.0,313.0,118.0,3.0,1.0,2.0,17.0,6.0,14.0,20.0,0.0,0.0,148.0,126.0,0.0,0.0,10.0,1.0,1.0,2.0,23.0,123.0,25.0,0.0,270.0,79.0,0.0,0.0,4.0,0.10075904801487923,0.0,303.8828666666667,33.651912689208984,28097.87109375,0.03009321540594101,0.0
481220,0.0,1.0,0.0,1.0,1.0,0.0,0.0,0.0,0.0,0.0,0.0,0.0,0.0,0.0,0.0,0.0,0.0,1.0,0.0,2.0,1.0,2.272494316101074,2.0,1.0,0.0,1.0,0.0,4.0,0.0,0.0,0.0,378.64996337890625,82.26000213623047,1005.550048828125,220.72000122070312,1020.8900146484375,6.0,9.0,1.0,0.0,0.0,0.0,0.0,0.0,0.0,0.0,0.0,0.0,0.0,0.0,0.0,0.0,0.0,0.0,0.0,0.0,0.0,2.0,0.0,0.0,0.0,0.0,0.0,0.0,1.0,0.0,0.0,0.0,0.0,0.0,2.0,1.0,1.0,2.0,2.0,0.0,0.0,0.0,1.0,1.0,17.0,10.0,4.0,15.0,7.0,2.0,17.0,7.0,24.0,0.0,0.0,6.0,5.0,0.0,0.0,6.0,4.0,1.0,1.0,8.0,0.0,9.0,0.0,36.0,16.0,1.0,0.0,2.0,1.743841528892517,0.0,23.718066666666658,30.137237548828125,2708.06982421875,0.01082488801330328,0.0
481242,0.0,1.0,0.0,1.0,0.0,0.0,1.0,0.0,0.0,0.0,0.0,0.0,0.0,1.0,0.0,0.0,0.0,0.0,0.0,1.0,0.0,6.677116274833679,1.0,0.0,0.0,2.0,0.0,83.0,2.0,0.0,0.0,2356.9000091552734,911.5300140380859,6776.2996826171875,1202.650047302246,8062.429992675781,11.0,16.0,7.0,1.0,1.0,0.0,0.0,0.0,0.0,0.0,0.0,0.0,0.0,0.0,0.0,0.0,0.0,0.0,1.0,0.0,0.0,5.0,0.0,0.0,0.0,0.0,0.0,0.0,2.0,3.0,1.0,1.0,3.0,0.0,2.0,1.0,1.0,2.0,4.0,0.0,0.0,0.0,2.0,4.0,62.0,41.0,3.0,57.0,17.0,1.0,51.0,24.0,75.0,2.0,0.0,24.0,21.0,0.0,0.0,17.0,25.0,5.0,9.0,19.0,6.0,28.0,0.0,193.0,108.0,2.0,2.0,0.0,10.073230564594269,1.0,182.0806,34.071231842041016,19309.810546875,0.1087253987789154,0.0
481610,1.0,7.0,0.0,2.0,0.0,1.0,0.0,1.0,0.0,2.0,3.0,0.0,0.0,3.0,0.0,4.0,1.0,4.0,1.0,9.0,10.0,6.5973018407821655,8.0,9.0,3.0,6.0,3.0,191.0,60.0,13.0,0.0,11896.210144042969,784.140007019043,36039.58947753906,3870.0399475097656,26107.989685058594,221.0,267.0,34.0,9.0,13.0,14.0,0.0,0.0,0.0,0.0,0.0,0.0,0.0,0.0,0.0,0.0,0.0,0.0,2.0,1.0,0.0,151.0,7.0,17.0,51.0,41.0,26.0,27.0,114.0,17.0,12.0,1.0,1.0,9.0,83.0,61.0,39.0,50.0,67.0,4.0,11.0,7.0,50.0,8.0,975.0,354.0,20.0,21.0,84.0,269.0,271.0,103.0,374.0,0.0,0.0,445.0,396.0,0.0,0.0,160.0,15.0,2.0,18.0,170.0,280.0,188.0,0.0,1006.0,282.0,1.0,3.0,1.0,0.6355702355504036,3.0,713.3772166666666,29.875505447387695,78697.9716796875,0.37513546273112297,1.0
482621,0.0,0.0,0.0,0.0,0.0,0.0,0.0,,0.0,0.0,0.0,0.0,0.0,0.0,0.0,0.0,0.0,0.0,0.0,0.0,0.0,0.0,0.0,0.0,0.0,0.0,0.0,0.0,0.0,0.0,0.0,0.0,0.0,0.0,0.0,0.0,0.0,0.0,0.0,0.0,0.0,0.0,,,0.0,0.0,0.0,0.0,0.0,0.0,0.0,0.0,0.0,0.0,0.0,0.0,0.0,0.0,0.0,0.0,0.0,0.0,0.0,0.0,0.0,0.0,0.0,0.0,0.0,0.0,0.0,0.0,0.0,0.0,0.0,0.0,0.0,0.0,0.0,0.0,0.0,0.0,0.0,0.0,0.0,0.0,0.0,0.0,0.0,0.0,0.0,0.0,0.0,0.0,0.0,0.0,0.0,0.0,0.0,0.0,0.0,0.0,0.0,0.0,0.0,0.0,0.0,0.0,0.0,0.0,0.0,0.0,0.0,0.0,0.0
482670,0.0,2.0,0.0,1.0,0.0,0.0,0.0,0.0,0.0,1.0,0.0,0.0,0.0,1.0,0.0,0.0,0.0,1.0,0.0,1.0,0.0,2.3871680895487466,0.0,0.0,0.0,0.0,0.0,23.0,3.0,0.0,0.0,2110.419921875,102.54000091552734,5705.97021484375,763.9100341796875,3799.02001953125,13.0,18.0,5.0,2.0,1.0,0.0,,,0.0,0.0,0.0,0.0,0.0,0.0,0.0,0.0,0.0,0.0,0.0,0.0,0.0,8.0,0.0,2.0,3.0,1.0,1.0,1.0,3.0,0.0,0.0,0.0,0.0,0.0,5.0,2.0,2.0,3.0,6.0,0.0,0.0,0.0,3.0,1.0,53.0,27.0,2.0,1.0,2.0,6.0,7.0,2.0,9.0,0.0,0.0,19.0,16.0,0.0,0.0,3.0,4.0,0.0,5.0,9.0,10.0,14.0,0.0,191.0,53.0,0.0,0.0,0.0,0.14328551292419434,0.0,104.63373333333334,28.072404861450195,12481.8603515625,0.18455244600772858,0.0
482774,0.0,3.0,0.0,1.0,0.0,0.0,0.0,0.0,0.0,0.0,3.0,0.0,0.0,0.0,0.0,1.0,1.0,3.0,1.0,16.0,1.0,6.583574056625366,10.0,1.0,2.0,10.0,2.0,119.0,8.0,1.0,0.0,5665.070068359375,693.7899475097656,16578.85986328125,2335.9500732421875,12532.0,63.0,90.0,17.0,1.0,14.0,1.0,0.0,0.0,0.0,0.0,0.0,0.0,0.0,0.0,1.0,0.0,0.0,1.0,0.0,0.0,0.0,28.0,3.0,1.0,4.0,0.0,0.0,0.0,12.0,8.0,4.0,3.0,4.0,1.0,16.0,8.0,7.0,11.0,18.0,0.0,0.0,1.0,8.0,4.0,240.0,113.0,10.0,40.0,62.0,17.0,59.0,60.0,119.0,0.0,0.0,93.0,80.0,0.0,0.0,43.0,53.0,3.0,9.0,65.0,57.0,74.0,0.0,489.0,175.0,0.0,3.0,8.0,2.9426292777061462,2.0,344.2972500000001,33.58800506591797,37805.6708984375,0.09824090264737606,0.0
482775,0.0,2.0,0.0,0.0,0.0,1.0,0.0,0.0,0.0,1.0,0.0,0.0,0.0,2.0,1.0,1.0,1.0,0.0,0.0,3.0,2.0,7.104770660400391,1.0,1.0,0.0,0.0,0.0,13.0,4.0,0.0,0.0,1746.2800216674805,318.80000734329224,6155.439880371094,788.6600112915039,4150.719940185547,25.0,40.0,4.0,2.0,1.0,0.0,0.0,0.0,0.0,0.0,0.0,0.0,0.0,0.0,0.0,0.0,0.0,0.0,1.0,0.0,0.0,32.0,2.0,3.0,15.0,9.0,7.0,10.0,18.0,6.0,2.0,0.0,3.0,1.0,11.0,7.0,4.0,5.0,21.0,1.0,1.0,1.0,13.0,3.0,147.0,60.0,2.0,11.0,7.0,4.0,6.0,16.0,22.0,0.0,0.0,68.0,49.0,0.0,0.0,7.0,6.0,1.0,2.0,24.0,40.0,26.0,0.0,152.0,48.0,2.0,0.0,1.0,1.0810731202363968,6.0,120.39001666666667,31.6646671295166,13159.899932861328,0.3254843056201935,0.0
482780,0.0,0.0,0.0,0.0,0.0,0.0,0.0,,0.0,0.0,0.0,0.0,0.0,0.0,0.0,0.0,0.0,0.0,0.0,0.0,0.0,0.0,0.0,0.0,0.0,0.0,0.0,0.0,0.0,0.0,0.0,0.0,0.0,0.0,0.0,0.0,0.0,0.0,0.0,0.0,0.0,0.0,,,0.0,0.0,0.0,0.0,0.0,0.0,0.0,0.0,0.0,0.0,0.0,0.0,0.0,0.0,0.0,0.0,0.0,0.0,0.0,0.0,0.0,0.0,0.0,0.0,0.0,0.0,0.0,0.0,0.0,0.0,0.0,0.0,0.0,0.0,0.0,0.0,0.0,0.0,0.0,0.0,0.0,0.0,0.0,0.0,0.0,0.0,0.0,0.0,0.0,0.0,0.0,0.0,0.0,0.0,0.0,0.0,0.0,0.0,0.0,0.0,0.0,0.0,0.0,0.0,0.0,0.0,0.0,0.0,0.0,0.0,0.0
482782,0.0,1.0,0.0,0.0,0.0,0.0,0.0,0.0,0.0,1.0,0.0,0.0,0.0,0.0,0.0,1.0,0.0,1.0,0.0,3.0,0.0,5.223138928413391,1.0,0.0,0.0,3.0,1.0,93.0,4.0,0.0,0.0,2813.080078125,548.5099945068359,11084.899658203125,1064.6900634765625,7556.10009765625,11.0,18.0,8.0,1.0,1.0,0.0,0.0,0.0,0.0,0.0,0.0,0.0,0.0,0.0,0.0,0.0,0.0,0.0,0.0,0.0,0.0,1.0,0.0,0.0,0.0,0.0,0.0,0.0,0.0,0.0,0.0,0.0,0.0,0.0,1.0,0.0,0.0,1.0,1.0,0.0,0.0,0.0,0.0,3.0,55.0,34.0,4.0,43.0,23.0,0.0,53.0,13.0,66.0,2.0,0.0,19.0,15.0,0.0,0.0,7.0,18.0,2.0,7.0,16.0,2.0,23.0,0.0,237.0,100.0,1.0,2.0,1.0,6.3020437359809875,1.0,198.93423333333334,34.81193542480469,23067.279296875,0.0,0.0
482783,0.0,1.0,0.0,1.0,0.0,0.0,1.0,0.0,0.0,0.0,0.0,0.0,0.0,1.0,0.0,0.0,0.0,0.0,0.0,4.0,0.0,1.6824946403503418,3.0,0.0,0.0,3.0,1.0,19.0,2.0,0.0,0.0,1593.8699951171875,577.2899169921875,4332.8701171875,1013.4000244140625,3632.750244140625,20.0,29.0,4.0,1.0,3.0,0.0,,,0.0,0.0,0.0,0.0,0.0,0.0,0.0,0.0,0.0,0.0,0.0,0.0,0.0,17.0,2.0,1.0,7.0,4.0,4.0,4.0,9.0,2.0,0.0,0.0,0.0,0.0,8.0,5.0,5.0,5.0,10.0,0.0,0.0,0.0,7.0,1.0,87.0,43.0,3.0,18.0,22.0,6.0,14.0,32.0,46.0,0.0,0.0,38.0,30.0,0.0,0.0,12.0,10.0,2.0,2.0,11.0,28.0,13.0,0.0,134.0,74.0,0.0,1.0,1.0,0.23334264755249023,6.0,99.37383333333332,32.211063385009766,11150.1796875,0.18447189033031464,1.0
482869,0.0,1.0,0.0,0.0,1.0,0.0,0.0,0.0,0.0,0.0,0.0,0.0,0.0,0.0,0.0,1.0,0.0,1.0,0.0,13.0,0.0,5.144896984100342,11.0,0.0,0.0,0.0,0.0,19.0,5.0,0.0,0.0,2043.4099731445312,504.1100101470947,4857.620178222656,1054.4600067138672,5203.930145263672,27.0,41.0,8.0,0.0,0.0,0.0,,,0.0,0.0,0.0,0.0,0.0,0.0,0.0,0.0,0.0,0.0,0.0,0.0,0.0,15.0,0.0,1.0,2.0,2.0,1.0,1.0,11.0,1.0,0.0,0.0,1.0,0.0,12.0,9.0,8.0,11.0,6.0,0.0,1.0,0.0,4.0,3.0,147.0,69.0,3.0,19.0,11.0,4.0,16.0,18.0,34.0,0.0,0.0,67.0,56.0,0.0,0.0,6.0,10.0,0.0,2.0,24.0,41.0,26.0,0.0,158.0,77.0,2.0,1.0,5.0,1.5310963839292526,9.0,125.39934999999998,32.64696502685547,13663.529907226562,0.01981555111706257,0.0
482874,0.0,2.0,0.0,0.0,1.0,0.0,0.0,0.0,0.0,0.0,1.0,0.0,0.0,2.0,1.0,1.0,1.0,0.0,0.0,17.0,1.0,4.902823209762573,8.0,1.0,5.0,4.0,2.0,34.0,1.0,1.0,0.0,1703.7700805664062,157.73999404907227,4934.2598876953125,694.9499664306641,4822.169738769531,29.0,49.0,3.0,0.0,2.0,1.0,0.0,0.0,0.0,0.0,0.0,0.0,0.0,0.0,0.0,0.0,0.0,0.0,0.0,0.0,0.0,12.0,1.0,1.0,2.0,1.0,0.0,0.0,7.0,5.0,3.0,3.0,4.0,0.0,5.0,3.0,2.0,3.0,10.0,0.0,1.0,0.0,5.0,3.0,95.0,48.0,9.0,24.0,22.0,4.0,15.0,35.0,50.0,0.0,0.0,36.0,25.0,0.0,0.0,17.0,20.0,2.0,0.0,27.0,22.0,27.0,0.0,151.0,60.0,2.0,1.0,8.0,2.6000301837921143,0.0,114.74666666666667,29.42367172241211,12312.889892578125,0.14579058438539505,0.0
482885,0.0,1.0,0.0,0.0,0.0,0.0,0.0,0.0,0.0,0.0,1.0,0.0,0.0,0.0,0.0,1.0,0.0,1.0,0.0,3.0,0.0,4.98673677444458,1.0,0.0,1.0,2.0,0.0,53.0,3.0,0.0,0.0,2217.47998046875,397.6800079345703,7312.930419921875,1249.8800048828125,4302.540283203125,21.0,32.0,6.0,1.0,3.0,0.0,0.0,0.0,0.0,0.0,0.0,0.0,0.0,0.0,0.0,0.0,0.0,0.0,0.0,0.0,0.0,2.0,0.0,0.0,0.0,0.0,0.0,0.0,2.0,1.0,1.0,0.0,0.0,1.0,1.0,1.0,0.0,0.0,2.0,0.0,0.0,1.0,2.0,2.0,76.0,39.0,2.0,12.0,32.0,1.0,25.0,20.0,45.0,1.0,0.0,29.0,22.0,0.0,0.0,16.0,19.0,2.0,3.0,32.0,7.0,35.0,0.0,199.0,86.0,0.0,2.0,1.0,2.817733645439148,1.0,124.6227,32.30897903442383,15480.5107421875,0.061541300266981125,0.0
482931,0.0,3.0,0.0,0.0,0.0,0.0,0.0,0.0,0.0,0.0,2.0,0.0,1.0,3.0,2.0,1.0,2.0,0.0,0.0,12.0,2.0,5.436052441596985,10.0,1.0,1.0,12.0,1.0,40.0,7.0,0.0,0.0,1748.6499938964844,472.56003189086914,5442.350036621094,1088.390037536621,4206.510070800781,27.0,52.0,5.0,0.0,2.0,0.0,0.0,0.0,0.0,0.0,0.0,0.0,0.0,0.0,0.0,0.0,0.0,0.0,0.0,0.0,0.0,22.0,2.0,1.0,4.0,1.0,0.0,1.0,14.0,9.0,8.0,5.0,5.0,2.0,9.0,5.0,2.0,4.0,17.0,1.0,0.0,2.0,11.0,3.0,115.0,55.0,6.0,21.0,17.0,4.0,9.0,33.0,42.0,2.0,0.0,37.0,23.0,0.0,0.0,18.0,33.0,6.0,2.0,30.0,25.0,32.0,0.0,142.0,82.0,2.0,1.0,8.0,3.6344598531723022,1.0,114.96139999999997,33.335784912109375,12958.459838867188,0.5211476273834705,0.0
482969,0.0,0.0,0.0,0.0,0.0,0.0,0.0,,0.0,0.0,0.0,0.0,0.0,0.0,0.0,0.0,0.0,0.0,0.0,0.0,0.0,0.0,0.0,0.0,0.0,0.0,0.0,0.0,0.0,0.0,0.0,0.0,0.0,0.0,0.0,0.0,0.0,0.0,0.0,0.0,0.0,0.0,0.0,0.0,0.0,0.0,0.0,0.0,0.0,0.0,0.0,0.0,0.0,0.0,0.0,0.0,0.0,0.0,0.0,0.0,0.0,0.0,0.0,0.0,0.0,0.0,0.0,0.0,0.0,0.0,0.0,0.0,0.0,0.0,0.0,0.0,0.0,0.0,0.0,0.0,0.0,0.0,0.0,0.0,0.0,0.0,0.0,0.0,0.0,0.0,0.0,0.0,0.0,0.0,0.0,0.0,0.0,0.0,0.0,0.0,0.0,0.0,0.0,0.0,0.0,0.0,0.0,0.0,0.0,0.0,0.0,0.0,0.0,0.0,0.0
482974,1.0,4.0,0.0,1.0,1.0,0.0,0.0,0.0,0.0,1.0,2.0,0.0,0.0,0.0,0.0,3.0,0.0,4.0,0.0,3.0,3.0,4.872406244277954,3.0,3.0,5.0,12.0,7.0,39.0,8.0,8.0,0.0,3281.39013671875,225.6200065612793,10731.0302734375,876.989990234375,6938.590393066406,54.0,67.0,5.0,2.0,3.0,8.0,0.0,0.0,0.0,0.0,0.0,0.0,0.0,0.0,0.0,0.0,0.0,0.0,0.0,0.0,0.0,35.0,1.0,2.0,8.0,8.0,5.0,5.0,29.0,2.0,1.0,0.0,0.0,1.0,25.0,20.0,17.0,21.0,17.0,1.0,2.0,0.0,14.0,3.0,234.0,90.0,14.0,2.0,22.0,53.0,58.0,19.0,77.0,0.0,0.0,104.0,96.0,0.0,0.0,41.0,7.0,0.0,1.0,36.0,71.0,37.0,0.0,270.0,63.0,1.0,1.0,2.0,0.15302974171936512,0.0,200.80776666666662,31.24757194519043,22053.620849609375,0.1466081440448761,0.0
482976,0.0,2.0,0.0,1.0,0.0,0.0,0.0,0.0,0.0,0.0,2.0,0.0,0.0,0.0,0.0,0.0,1.0,2.0,1.0,15.0,3.0,4.438414931297302,11.0,3.0,0.0,0.0,0.0,95.0,11.0,1.0,0.0,3797.3700561523438,629.9399871826172,12934.839599609375,1598.31005859375,11643.840087890625,56.0,74.0,14.0,6.0,3.0,1.0,0.0,0.0,0.0,0.0,0.0,0.0,0.0,0.0,0.0,0.0,0.0,0.0,0.0,0.0,0.0,32.0,1.0,2.0,14.0,8.0,7.0,11.0,20.0,1.0,0.0,0.0,0.0,0.0,17.0,12.0,11.0,14.0,15.0,0.0,1.0,0.0,10.0,3.0,204.0,116.0,6.0,23.0,19.0,14.0,11.0,45.0,56.0,0.0,0.0,99.0,80.0,0.0,0.0,12.0,3.0,1.0,6.0,34.0,47.0,40.0,0.0,356.0,141.0,0.0,0.0,8.0,0.6110363677144051,28.0,310.4133,32.522708892822266,30604.2998046875,0.05582683905959129,1.0
482978,0.0,0.0,0.0,0.0,0.0,0.0,0.0,,0.0,0.0,0.0,0.0,0.0,0.0,0.0,0.0,0.0,0.0,0.0,0.0,0.0,3.3140140771865845,0.0,0.0,0.0,0.0,0.0,0.0,0.0,5.0,0.0,324.5899963378906,21.580000162124634,5312.27001953125,75.56000137329102,17010.029541015625,15.0,30.0,0.0,0.0,0.0,11.0,1.0,0.0,92.0,70.0,1.7619048058986664,8.0,7.0,27.0,0.0,0.0,0.0,0.0,0.0,6.0,0.0,93.0,3.0,25.0,40.0,10.0,5.0,12.0,22.0,4.0,0.0,0.0,0.0,1.0,49.0,12.0,7.0,20.0,26.0,0.0,5.0,0.0,6.0,4.0,279.0,162.0,3.0,0.0,0.0,18.0,13.0,5.0,18.0,0.0,0.0,155.0,94.0,0.0,0.0,12.0,0.0,0.0,0.0,11.0,87.0,11.0,0.0,34.0,7.0,0.0,0.0,0.0,0.1295256596058607,0.0,411.9070333333333,27.415739059448242,22744.02978515625,0.0,0.0
482984,0.0,0.0,0.0,0.0,0.0,0.0,0.0,,0.0,0.0,0.0,0.0,0.0,0.0,0.0,0.0,0.0,0.0,0.0,0.0,0.0,1.3420796394348145,0.0,0.0,0.0,0.0,0.0,0.0,0.0,0.0,0.0,157.1999969482422,30.429996490478516,814.1699829101562,29.440000534057617,1233.68994140625,1.0,1.0,0.0,0.0,0.0,0.0,,,0.0,0.0,0.0,0.0,0.0,0.0,0.0,0.0,0.0,0.0,0.0,0.0,0.0,0.0,0.0,0.0,0.0,0.0,0.0,0.0,0.0,0.0,0.0,0.0,0.0,0.0,0.0,0.0,0.0,0.0,0.0,0.0,0.0,0.0,0.0,1.0,3.0,1.0,0.0,4.0,0.0,0.0,3.0,1.0,4.0,0.0,0.0,1.0,1.0,0.0,0.0,0.0,2.0,0.0,0.0,1.0,0.0,1.0,0.0,12.0,3.0,1.0,0.0,0.0,4.861782550811768,0.0,25.40421666666667,28.951692581176758,2264.929931640625,0.0,0.0
483127,0.0,0.0,0.0,0.0,0.0,0.0,0.0,,0.0,0.0,0.0,0.0,0.0,0.0,0.0,0.0,0.0,0.0,0.0,0.0,0.0,0.0,0.0,0.0,0.0,0.0,0.0,0.0,0.0,0.0,0.0,0.0,0.0,0.0,0.0,0.0,0.0,0.0,0.0,0.0,0.0,0.0,,,0.0,0.0,0.0,0.0,0.0,0.0,0.0,0.0,0.0,0.0,0.0,0.0,0.0,0.0,0.0,0.0,0.0,0.0,0.0,0.0,0.0,0.0,0.0,0.0,0.0,0.0,0.0,0.0,0.0,0.0,0.0,0.0,0.0,0.0,0.0,0.0,0.0,0.0,0.0,0.0,0.0,0.0,0.0,0.0,0.0,0.0,0.0,0.0,0.0,0.0,0.0,0.0,0.0,0.0,0.0,0.0,0.0,0.0,0.0,0.0,0.0,0.0,0.0,0.0,0.0,0.0,0.0,0.0,0.0,0.0,0.0
483161,1.0,8.0,0.0,3.0,0.0,0.0,5.0,0.0,0.0,0.0,3.0,0.0,0.0,7.0,3.0,2.0,3.0,1.0,0.0,4.0,1.0,7.405750274658203,1.0,1.0,0.0,2.0,1.0,192.0,31.0,2.0,0.0,8625.230102539062,953.7599868774414,22693.02001953125,2933.7300415039062,13948.729736328125,30.0,59.0,15.0,6.0,5.0,2.0,0.0,0.0,0.0,0.0,0.0,0.0,0.0,0.0,2.0,0.0,2.0,0.0,2.0,0.0,0.0,30.0,4.0,0.0,7.0,4.0,2.0,3.0,17.0,7.0,3.0,1.0,2.0,1.0,16.0,10.0,8.0,11.0,19.0,2.0,0.0,0.0,7.0,5.0,215.0,112.0,17.0,83.0,68.0,15.0,99.0,67.0,166.0,2.0,0.0,83.0,57.0,0.0,0.0,34.0,61.0,6.0,20.0,36.0,52.0,56.0,0.0,726.0,225.0,0.0,5.0,0.0,10.087070107460022,2.0,398.27098333333333,32.44748306274414,49154.4697265625,1.099982164800167,0.0
483182,0.0,0.0,0.0,0.0,0.0,0.0,0.0,,0.0,0.0,0.0,0.0,0.0,0.0,0.0,0.0,0.0,0.0,0.0,0.0,0.0,2.1497129440307616,0.0,0.0,0.0,0.0,0.0,11.0,3.0,0.0,0.0,752.0799865722656,117.92000389099121,2713.449951171875,318.3400115966797,2849.900115966797,6.0,10.0,4.0,1.0,0.0,0.0,,,0.0,0.0,0.0,0.0,0.0,0.0,0.0,0.0,0.0,0.0,0.0,0.0,0.0,5.0,0.0,1.0,4.0,1.0,1.0,3.0,1.0,0.0,0.0,0.0,0.0,0.0,1.0,0.0,0.0,0.0,4.0,0.0,0.0,0.0,0.0,2.0,71.0,26.0,3.0,0.0,0.0,5.0,4.0,1.0,5.0,0.0,0.0,32.0,28.0,0.0,0.0,3.0,0.0,0.0,0.0,7.0,25.0,7.0,0.0,62.0,26.0,2.0,1.0,0.0,0.20363117335364223,0.0,73.8443,29.095264434814453,6751.6900634765625,0.0,0.0
483183,0.0,3.0,0.0,0.0,0.0,0.0,0.0,0.0,0.0,2.0,1.0,0.0,0.0,1.0,1.0,2.0,1.0,2.0,0.0,1.0,0.0,2.735658359527588,1.0,0.0,0.0,1.0,1.0,10.0,1.0,0.0,0.0,1397.6199951171875,65.76999473571777,3063.41007232666,390.2600040435791,1672.5800743103027,17.0,21.0,3.0,2.0,1.0,0.0,,,0.0,0.0,0.0,0.0,0.0,0.0,1.0,0.0,1.0,0.0,0.0,0.0,0.0,10.0,1.0,0.0,2.0,1.0,1.0,1.0,6.0,1.0,0.0,0.0,0.0,0.0,7.0,5.0,5.0,6.0,6.0,0.0,0.0,0.0,3.0,2.0,80.0,28.0,6.0,2.0,14.0,34.0,26.0,24.0,50.0,0.0,0.0,34.0,30.0,0.0,0.0,20.0,3.0,0.0,1.0,9.0,30.0,10.0,0.0,123.0,30.0,1.0,1.0,1.0,0.14189269533380866,0.0,51.30566666666669,29.506973266601562,6589.640274047852,0.1626821756362915,1.0
483264,0.0,0.0,0.0,0.0,0.0,0.0,0.0,,0.0,0.0,0.0,0.0,0.0,0.0,0.0,0.0,0.0,0.0,0.0,0.0,0.0,0.0,0.0,0.0,0.0,0.0,0.0,0.0,0.0,0.0,0.0,0.0,0.0,0.0,0.0,0.0,0.0,0.0,0.0,0.0,0.0,0.0,,,0.0,0.0,0.0,0.0,0.0,0.0,0.0,0.0,0.0,0.0,0.0,0.0,0.0,0.0,0.0,0.0,0.0,0.0,0.0,0.0,0.0,0.0,0.0,0.0,0.0,0.0,0.0,0.0,0.0,0.0,0.0,0.0,0.0,0.0,0.0,0.0,0.0,0.0,0.0,0.0,0.0,0.0,0.0,0.0,0.0,0.0,0.0,0.0,0.0,0.0,0.0,0.0,0.0,0.0,0.0,0.0,0.0,0.0,0.0,0.0,0.0,0.0,0.0,0.0,0.0,0.0,0.0,0.0,0.0,0.0,0.0
483276,0.0,0.0,0.0,0.0,0.0,0.0,0.0,0.0,0.0,0.0,0.0,0.0,0.0,0.0,0.0,0.0,0.0,0.0,0.0,4.0,2.0,6.209172487258911,3.0,2.0,1.0,5.0,1.0,58.0,14.0,7.0,0.0,4130.989807128906,738.1400451660156,16042.249755859375,1787.8799133300781,14117.699462890625,47.0,70.0,13.0,5.0,7.0,7.0,0.0,0.0,0.0,0.0,0.0,0.0,0.0,0.0,0.0,0.0,0.0,0.0,0.0,0.0,0.0,61.0,5.0,5.0,23.0,11.0,10.0,13.0,25.0,7.0,1.0,1.0,2.0,0.0,31.0,13.0,12.0,21.0,29.0,0.0,1.0,0.0,11.0,4.0,282.0,136.0,8.0,10.0,10.0,31.0,10.0,41.0,51.0,0.0,0.0,147.0,112.0,0.0,0.0,22.0,11.0,1.0,5.0,39.0,77.0,44.0,0.0,340.0,137.0,0.0,3.0,1.0,0.3098129592835903,29.0,356.02708333333334,33.65959930419922,36816.96142578125,0.0,1.0
483304,0.0,3.0,0.0,0.0,0.0,2.0,0.0,1.0,0.0,0.0,0.0,0.0,0.0,3.0,1.0,2.0,1.0,0.0,0.0,2.0,1.0,6.179387211799622,2.0,1.0,0.0,1.0,0.0,50.0,14.0,3.0,0.0,5359.199951171875,398.1500244140625,18477.16015625,1552.0199890136719,15523.939697265625,52.0,78.0,8.0,1.0,3.0,5.0,0.0,0.0,0.0,0.0,0.0,0.0,0.0,0.0,0.0,0.0,0.0,0.0,3.0,2.0,0.0,103.0,7.0,15.0,54.0,38.0,29.0,32.0,65.0,7.0,4.0,0.0,0.0,0.0,42.0,23.0,14.0,20.0,57.0,4.0,5.0,0.0,35.0,4.0,433.0,162.0,10.0,0.0,8.0,38.0,11.0,35.0,46.0,1.0,0.0,206.0,173.0,0.0,0.0,29.0,11.0,0.0,5.0,30.0,167.0,35.0,0.0,436.0,119.0,0.0,0.0,1.0,0.4977322183549404,9.0,400.9159166666667,30.298105239868164,41310.4697265625,0.1323689967393875,0.0
483312,0.0,0.0,0.0,0.0,0.0,0.0,0.0,0.0,0.0,0.0,0.0,0.0,0.0,0.0,0.0,0.0,0.0,0.0,0.0,0.0,1.0,4.322377800941467,0.0,1.0,0.0,0.0,0.0,13.0,8.0,4.0,0.0,2128.02978515625,412.3600082397461,10359.680053710938,829.1299896240234,8729.2900390625,47.0,51.0,13.0,3.0,3.0,4.0,0.0,0.0,0.0,0.0,0.0,0.0,0.0,4.0,0.0,0.0,0.0,0.0,0.0,0.0,0.0,21.0,0.0,3.0,11.0,9.0,8.0,8.0,14.0,1.0,0.0,0.0,0.0,1.0,9.0,5.0,4.0,5.0,10.0,0.0,1.0,0.0,6.0,3.0,271.0,100.0,6.0,0.0,0.0,26.0,19.0,7.0,26.0,0.0,0.0,128.0,122.0,0.0,0.0,14.0,1.0,0.0,2.0,15.0,104.0,17.0,0.0,173.0,69.0,0.0,1.0,0.0,0.22931380942463875,0.0,237.63005,33.4703369140625,22458.490478515625,0.0,1.0
483319,0.0,0.0,0.0,0.0,0.0,0.0,0.0,,0.0,0.0,0.0,0.0,0.0,0.0,0.0,0.0,0.0,0.0,0.0,0.0,0.0,0.0,0.0,0.0,0.0,0.0,0.0,0.0,0.0,0.0,0.0,0.0,0.0,0.0,0.0,0.0,0.0,0.0,0.0,0.0,0.0,0.0,,,0.0,0.0,0.0,0.0,0.0,0.0,0.0,0.0,0.0,0.0,0.0,0.0,0.0,0.0,0.0,0.0,0.0,0.0,0.0,0.0,0.0,0.0,0.0,0.0,0.0,0.0,0.0,0.0,0.0,0.0,0.0,0.0,0.0,0.0,0.0,0.0,0.0,0.0,0.0,0.0,0.0,0.0,0.0,0.0,0.0,0.0,0.0,0.0,0.0,0.0,0.0,0.0,0.0,0.0,0.0,0.0,0.0,0.0,0.0,0.0,0.0,0.0,0.0,0.0,0.0,0.0,0.0,0.0,0.0,0.0,0.0
483327,2.0,12.0,0.0,2.0,1.0,0.0,0.0,1.0,1.0,3.0,7.0,0.0,0.0,9.0,5.0,4.0,6.0,3.0,1.0,4.0,1.0,6.414077401161194,1.0,1.0,0.0,1.0,1.0,75.0,4.0,1.0,0.0,4873.890319824219,1040.9700012207031,16676.77099609375,2100.260009765625,18165.41015625,36.0,70.0,14.0,4.0,7.0,1.0,0.0,0.0,0.0,0.0,0.0,0.0,0.0,0.0,1.0,0.0,1.0,0.0,0.0,0.0,0.0,21.0,3.0,0.0,3.0,1.0,0.0,0.0,12.0,8.0,4.0,3.0,5.0,0.0,10.0,7.0,6.0,7.0,17.0,1.0,0.0,0.0,8.0,4.0,197.0,109.0,22.0,68.0,36.0,2.0,65.0,41.0,106.0,1.0,0.0,70.0,48.0,0.0,0.0,26.0,81.0,12.0,37.0,45.0,26.0,82.0,0.0,426.0,177.0,0.0,0.0,1.0,9.474032402038574,0.0,400.9159166666667,34.75028610229492,42857.2998046875,1.3918112218379974,1.0
483442,2.0,3.0,0.0,1.0,1.0,0.0,0.0,0.0,0.0,0.0,2.0,0.0,0.0,0.0,0.0,2.0,0.0,3.0,0.0,11.0,2.0,6.925774971644084,10.0,2.0,10.0,13.0,5.0,168.0,27.0,8.0,0.0,9430.2099609375,1266.379991531372,24622.001098632812,3772.380096435547,20133.050720214844,90.0,104.0,21.0,4.0,2.0,8.0,0.0,0.0,0.0,0.0,0.0,0.0,0.0,0.0,0.0,0.0,0.0,0.0,0.0,0.0,0.0,34.0,0.0,1.0,11.0,8.0,8.0,10.0,23.0,1.0,0.0,0.0,1.0,0.0,22.0,15.0,15.0,21.0,16.0,0.0,0.0,0.0,11.0,6.0,386.0,164.0,18.0,35.0,79.0,64.0,123.0,55.0,178.0,0.0,0.0,174.0,161.0,0.0,0.0,58.0,39.0,1.0,6.0,77.0,97.0,83.0,0.0,797.0,263.0,2.0,0.0,5.0,2.2362926080822945,1.0,519.7920166666667,32.20754623413086,59224.01953125,0.29408639669418335,1.0
483448,0.0,6.0,0.0,1.0,0.0,0.0,0.0,0.0,0.0,2.0,4.0,0.0,0.0,4.0,2.0,2.0,2.0,2.0,0.0,38.0,1.0,6.082309722900391,13.0,1.0,0.0,7.0,1.0,112.0,16.0,0.0,0.0,4735.9898681640625,971.189998626709,13336.590026855469,2246.47998046875,14389.19970703125,53.0,110.0,7.0,1.0,5.0,0.0,0.0,0.0,0.0,0.0,0.0,0.0,0.0,0.0,1.0,0.0,1.0,0.0,0.0,0.0,0.0,38.0,3.0,3.0,8.0,6.0,1.0,2.0,24.0,6.0,2.0,0.0,3.0,0.0,24.0,16.0,11.0,18.0,34.0,2.0,3.0,0.0,21.0,6.0,234.0,121.0,13.0,27.0,110.0,12.0,39.0,110.0,149.0,2.0,0.0,83.0,62.0,0.0,0.0,55.0,62.0,1.0,10.0,57.0,64.0,67.0,0.0,411.0,176.0,2.0,4.0,10.0,3.1562639698386192,1.0,357.44168333333334,34.32958221435547,35679.449951171875,0.370429091155529,1.0
483471,0.0,0.0,0.0,0.0,0.0,0.0,0.0,,0.0,0.0,0.0,0.0,0.0,0.0,0.0,0.0,0.0,0.0,0.0,0.0,0.0,0.0,0.0,0.0,0.0,0.0,0.0,0.0,0.0,0.0,0.0,0.0,0.0,0.0,0.0,0.0,0.0,0.0,0.0,0.0,0.0,0.0,,,0.0,0.0,0.0,0.0,0.0,0.0,0.0,0.0,0.0,0.0,0.0,0.0,0.0,0.0,0.0,0.0,0.0,0.0,0.0,0.0,0.0,0.0,0.0,0.0,0.0,0.0,0.0,0.0,0.0,0.0,0.0,0.0,0.0,0.0,0.0,0.0,0.0,0.0,0.0,0.0,0.0,0.0,0.0,0.0,0.0,0.0,0.0,0.0,0.0,0.0,0.0,0.0,0.0,0.0,0.0,0.0,0.0,0.0,0.0,0.0,0.0,0.0,0.0,0.0,0.0,0.0,0.0,0.0,0.0,0.0,0.0
483481,0.0,0.0,0.0,0.0,0.0,0.0,0.0,,0.0,0.0,0.0,0.0,0.0,0.0,0.0,0.0,0.0,0.0,0.0,0.0,0.0,0.0,0.0,0.0,0.0,0.0,0.0,0.0,0.0,0.0,0.0,0.0,0.0,0.0,0.0,0.0,0.0,0.0,0.0,0.0,0.0,0.0,,,0.0,0.0,0.0,0.0,0.0,0.0,0.0,0.0,0.0,0.0,0.0,0.0,0.0,0.0,0.0,0.0,0.0,0.0,0.0,0.0,0.0,0.0,0.0,0.0,0.0,0.0,0.0,0.0,0.0,0.0,0.0,0.0,0.0,0.0,0.0,0.0,0.0,0.0,0.0,0.0,0.0,0.0,0.0,0.0,0.0,0.0,0.0,0.0,0.0,0.0,0.0,0.0,0.0,0.0,0.0,0.0,0.0,0.0,0.0,0.0,0.0,0.0,0.0,0.0,0.0,0.0,0.0,0.0,0.0,0.0,0.0
483496,0.0,0.0,0.0,0.0,0.0,0.0,0.0,0.0,0.0,0.0,0.0,0.0,0.0,0.0,0.0,0.0,0.0,0.0,0.0,5.0,0.0,4.337310711542766,3.0,0.0,7.0,14.0,7.0,53.0,13.0,6.0,0.0,3424.3299407958984,255.10000610351562,11001.149841308594,1226.8600006103516,10367.809875488281,59.0,78.0,31.0,6.0,1.0,6.0,0.0,0.0,0.0,0.0,0.0,0.0,0.0,0.0,0.0,0.0,0.0,0.0,0.0,0.0,0.0,66.0,3.0,2.0,25.0,21.0,18.0,20.0,46.0,13.0,6.0,4.0,8.0,2.0,28.0,19.0,15.0,21.0,33.0,1.0,2.0,1.0,20.0,4.0,316.0,115.0,10.0,3.0,15.0,3.0,7.0,14.0,21.0,0.0,0.0,149.0,131.0,0.0,0.0,6.0,26.0,1.0,2.0,57.0,80.0,59.0,0.0,285.0,91.0,0.0,3.0,3.0,0.23555226437747478,20.0,248.28936666666664,30.185640335083008,26275.250244140625,0.0,0.0
483497,0.0,2.0,0.0,0.0,0.0,0.0,0.0,0.0,0.0,2.0,0.0,0.0,0.0,1.0,0.0,1.0,0.0,1.0,0.0,4.0,1.0,6.865636348724365,3.0,1.0,0.0,4.0,1.0,63.0,20.0,2.0,0.0,6654.0299072265625,733.1099472045898,17495.45037841797,2435.420021057129,13279.710205078125,78.0,98.0,8.0,5.0,3.0,3.0,0.0,0.0,0.0,0.0,0.0,0.0,0.0,0.0,0.0,0.0,0.0,0.0,0.0,1.0,0.0,66.0,2.0,4.0,21.0,15.0,14.0,15.0,45.0,5.0,1.0,1.0,2.0,1.0,40.0,29.0,28.0,33.0,31.0,0.0,1.0,0.0,21.0,6.0,375.0,150.0,13.0,44.0,68.0,65.0,78.0,99.0,177.0,0.0,0.0,178.0,158.0,0.0,0.0,64.0,24.0,3.0,5.0,50.0,116.0,55.0,0.0,571.0,173.0,3.0,2.0,1.0,1.192518211901188,16.0,355.49224999999996,32.90467071533203,40597.719482421875,0.02174135111272335,0.0
483505,1.0,0.0,0.0,0.0,0.0,0.0,0.0,0.0,0.0,0.0,0.0,0.0,0.0,0.0,0.0,0.0,0.0,0.0,0.0,8.0,0.0,5.09507417678833,6.0,0.0,0.0,7.0,1.0,70.0,22.0,1.0,0.0,5915.8299560546875,1409.1199951171875,21265.929443359375,2537.319854736328,17461.98974609375,89.0,115.0,13.0,7.0,2.0,1.0,0.0,0.0,0.0,0.0,0.0,0.0,0.0,0.0,0.0,0.0,0.0,0.0,0.0,0.0,0.0,75.0,2.0,5.0,32.0,22.0,21.0,25.0,47.0,7.0,3.0,3.0,4.0,1.0,36.0,22.0,21.0,28.0,51.0,0.0,1.0,0.0,27.0,5.0,382.0,166.0,12.0,45.0,73.0,46.0,62.0,102.0,164.0,0.0,0.0,186.0,162.0,0.0,0.0,46.0,26.0,4.0,3.0,73.0,99.0,76.0,0.0,520.0,216.0,0.0,3.0,3.0,1.1752321869134903,27.0,477.59751666666665,33.353580474853516,48590.189453125,0.0,0.0
483512,0.0,0.0,0.0,0.0,0.0,0.0,0.0,,0.0,0.0,0.0,0.0,0.0,0.0,0.0,0.0,0.0,0.0,0.0,0.0,0.0,1.5457512140274048,0.0,0.0,0.0,1.0,1.0,23.0,4.0,0.0,0.0,443.08001708984375,148.22000122070312,1897.7099609375,190.739990234375,1758.1600341796875,2.0,4.0,1.0,0.0,0.0,0.0,0.0,0.0,0.0,0.0,0.0,0.0,0.0,0.0,0.0,0.0,0.0,0.0,0.0,0.0,0.0,3.0,0.0,0.0,1.0,0.0,0.0,1.0,2.0,0.0,0.0,0.0,0.0,0.0,2.0,2.0,2.0,2.0,3.0,0.0,0.0,0.0,2.0,1.0,11.0,7.0,0.0,2.0,1.0,0.0,2.0,1.0,3.0,0.0,0.0,4.0,2.0,0.0,0.0,0.0,0.0,0.0,1.0,4.0,0.0,5.0,0.0,45.0,17.0,1.0,0.0,0.0,0.11915358901023865,1.0,43.01565000000002,33.153831481933594,4437.91015625,0.0,0.0
483516,0.0,2.0,0.0,0.0,0.0,1.0,0.0,0.0,0.0,1.0,0.0,0.0,0.0,2.0,1.0,1.0,1.0,0.0,0.0,12.0,0.0,4.948848168055217,12.0,0.0,0.0,2.0,2.0,29.0,8.0,0.0,0.0,5579.170104980469,812.739990234375,21711.89013671875,1698.3000183105469,25041.4599609375,93.0,119.0,12.0,2.0,1.0,0.0,0.0,0.0,0.0,0.0,0.0,0.0,0.0,0.0,0.0,0.0,0.0,0.0,2.0,0.0,0.0,57.0,0.0,4.0,35.0,32.0,29.0,31.0,49.0,1.0,1.0,1.0,1.0,0.0,21.0,16.0,13.0,17.0,41.0,0.0,3.0,0.0,33.0,5.0,590.0,201.0,14.0,4.0,2.0,66.0,44.0,28.0,72.0,0.0,0.0,273.0,256.0,0.0,0.0,41.0,4.0,0.0,8.0,31.0,239.0,39.0,0.0,480.0,150.0,0.0,0.0,3.0,0.528944868594408,1.0,554.9256166666667,35.09469985961914,54843.560546875,0.20160039514303207,1.0
483526,1.0,4.0,0.0,0.0,0.0,0.0,0.0,0.0,0.0,4.0,0.0,0.0,0.0,3.0,1.0,2.0,2.0,1.0,1.0,2.0,0.0,4.970436334609985,1.0,0.0,10.0,15.0,6.0,34.0,5.0,5.0,0.0,3287.7900390625,423.2099914550781,9918.860107421875,1332.2899780273438,8338.229736328125,23.0,39.0,7.0,0.0,3.0,5.0,0.0,0.0,0.0,0.0,0.0,0.0,0.0,0.0,0.0,0.0,0.0,0.0,0.0,0.0,0.0,22.0,0.0,0.0,2.0,0.0,0.0,2.0,13.0,4.0,2.0,1.0,3.0,1.0,16.0,11.0,10.0,15.0,9.0,0.0,0.0,1.0,5.0,3.0,166.0,85.0,14.0,51.0,68.0,46.0,118.0,47.0,165.0,1.0,0.0,67.0,53.0,0.0,0.0,28.0,26.0,3.0,7.0,28.0,38.0,35.0,0.0,286.0,95.0,0.0,3.0,0.0,3.5176697969436646,2.0,211.23113333333333,30.11248016357422,23300.37939453125,0.4791620820760727,0.0
483530,0.0,0.0,0.0,0.0,0.0,0.0,0.0,,0.0,0.0,0.0,0.0,0.0,0.0,0.0,0.0,0.0,0.0,0.0,1.0,0.0,1.149825652440389,1.0,0.0,0.0,0.0,0.0,21.0,2.0,0.0,0.0,756.3099365234375,166.83999633789062,2710.7900390625,399.28997802734375,1743.5601806640625,14.0,16.0,2.0,0.0,0.0,0.0,,,0.0,0.0,0.0,0.0,0.0,0.0,0.0,0.0,0.0,0.0,0.0,0.0,0.0,5.0,0.0,0.0,2.0,2.0,2.0,2.0,5.0,0.0,0.0,0.0,0.0,0.0,3.0,3.0,3.0,3.0,5.0,0.0,0.0,0.0,5.0,1.0,46.0,16.0,1.0,7.0,5.0,6.0,3.0,15.0,18.0,0.0,0.0,21.0,19.0,0.0,0.0,8.0,2.0,1.0,0.0,7.0,13.0,7.0,0.0,70.0,29.0,0.0,1.0,0.0,0.07014350593090057,1.0,50.19386666666667,30.976078033447266,5776.7900390625,0.0,0.0
483535,0.0,0.0,0.0,0.0,0.0,0.0,0.0,,0.0,0.0,0.0,0.0,0.0,0.0,0.0,0.0,0.0,0.0,0.0,0.0,0.0,0.4970521132151286,0.0,0.0,0.0,0.0,0.0,0.0,0.0,1.0,0.0,58.11000061035156,0.0,807.52001953125,4.6399993896484375,4119.35986328125,3.0,5.0,0.0,0.0,0.0,3.0,,,25.0,22.0,0.5555555820465088,5.0,5.0,8.0,0.0,0.0,0.0,0.0,0.0,2.0,0.0,22.0,0.0,7.0,12.0,7.0,4.0,5.0,11.0,0.0,0.0,0.0,0.0,0.0,10.0,4.0,1.0,3.0,6.0,0.0,3.0,0.0,3.0,1.0,49.0,30.0,1.0,0.0,0.0,6.0,6.0,0.0,6.0,0.0,0.0,30.0,19.0,0.0,0.0,1.0,0.0,0.0,0.0,1.0,13.0,1.0,0.0,5.0,0.0,0.0,0.0,0.0,0.031018132343888283,0.0,100.25048333333334,22.50348472595215,4989.6298828125,0.0,0.0
483549,0.0,1.0,0.0,0.0,0.0,0.0,0.0,0.0,0.0,1.0,0.0,0.0,0.0,0.0,0.0,1.0,0.0,1.0,0.0,0.0,0.0,1.6868099570274353,0.0,0.0,0.0,1.0,0.0,49.0,14.0,0.0,0.0,2287.5399169921875,218.3499984741211,5957.4000244140625,780.2699890136719,4797.780334472656,24.0,27.0,2.0,1.0,0.0,0.0,,,0.0,0.0,0.0,0.0,0.0,0.0,0.0,0.0,0.0,0.0,0.0,0.0,0.0,16.0,0.0,0.0,4.0,4.0,4.0,4.0,14.0,1.0,0.0,0.0,0.0,1.0,11.0,10.0,10.0,10.0,7.0,0.0,0.0,0.0,7.0,2.0,155.0,56.0,10.0,5.0,15.0,21.0,28.0,13.0,41.0,0.0,0.0,70.0,66.0,0.0,0.0,20.0,6.0,0.0,1.0,14.0,58.0,15.0,0.0,182.0,63.0,1.0,0.0,0.0,0.18030712753534317,0.0,128.73111666666665,32.96992492675781,14041.34033203125,0.03660938888788223,0.0
483553,0.0,0.0,0.0,0.0,0.0,0.0,0.0,,0.0,0.0,0.0,0.0,0.0,0.0,0.0,0.0,0.0,0.0,0.0,0.0,0.0,0.0,0.0,0.0,0.0,0.0,0.0,0.0,0.0,0.0,0.0,0.0,0.0,0.0,0.0,0.0,0.0,0.0,0.0,0.0,0.0,0.0,,,0.0,0.0,0.0,0.0,0.0,0.0,0.0,0.0,0.0,0.0,0.0,0.0,0.0,0.0,0.0,0.0,0.0,0.0,0.0,0.0,0.0,0.0,0.0,0.0,0.0,0.0,0.0,0.0,0.0,0.0,0.0,0.0,0.0,0.0,0.0,0.0,0.0,0.0,0.0,0.0,0.0,0.0,0.0,0.0,0.0,0.0,0.0,0.0,0.0,0.0,0.0,0.0,0.0,0.0,0.0,0.0,0.0,0.0,0.0,0.0,0.0,0.0,0.0,0.0,0.0,0.0,0.0,0.0,0.0,0.0,0.0
483936,0.0,4.0,0.0,0.0,0.0,0.0,1.0,0.0,0.0,3.0,0.0,0.0,0.0,1.0,0.0,4.0,0.0,3.0,0.0,2.0,0.0,2.0948400497436523,1.0,0.0,0.0,4.0,1.0,23.0,0.0,0.0,0.0,1309.3399658203125,88.33999633789062,4606.64990234375,428.2499694824219,4053.999755859375,20.0,35.0,1.0,0.0,1.0,0.0,,,0.0,0.0,0.0,0.0,0.0,0.0,0.0,0.0,0.0,0.0,0.0,0.0,0.0,25.0,2.0,3.0,8.0,5.0,3.0,3.0,13.0,3.0,0.0,0.0,0.0,1.0,14.0,8.0,6.0,8.0,18.0,0.0,2.0,0.0,11.0,1.0,107.0,51.0,5.0,10.0,10.0,3.0,7.0,16.0,23.0,0.0,0.0,47.0,34.0,0.0,0.0,6.0,10.0,0.0,0.0,20.0,28.0,20.0,0.0,114.0,34.0,0.0,0.0,1.0,0.21684549748897552,8.0,100.11358333333334,29.211578369140625,10486.580078125,0.045317597687244415,0.0
483961,0.0,0.0,0.0,0.0,0.0,0.0,0.0,,0.0,0.0,0.0,0.0,0.0,0.0,0.0,0.0,0.0,0.0,0.0,0.0,0.0,4.490737279256185,0.0,0.0,0.0,0.0,0.0,14.0,1.0,0.0,0.0,690.9200286865234,104.04000091552734,1694.6600646972656,335.25999450683594,1733.14990234375,3.0,3.0,0.0,2.0,1.0,0.0,0.0,0.0,0.0,0.0,0.0,0.0,0.0,0.0,0.0,0.0,0.0,0.0,0.0,0.0,0.0,3.0,0.0,0.0,0.0,0.0,0.0,0.0,2.0,1.0,0.0,0.0,1.0,0.0,2.0,2.0,2.0,2.0,1.0,0.0,0.0,0.0,1.0,2.0,18.0,10.0,2.0,7.0,6.0,0.0,8.0,5.0,13.0,0.0,0.0,8.0,7.0,0.0,0.0,3.0,6.0,0.0,0.0,4.0,4.0,4.0,0.0,55.0,28.0,2.0,0.0,0.0,4.409620523452759,1.0,43.13613333333333,28.34835433959961,4558.030029296875,0.0,0.0
483966,0.0,1.0,0.0,0.0,0.0,0.0,0.0,0.0,0.0,1.0,0.0,0.0,0.0,0.0,0.0,1.0,0.0,1.0,0.0,1.0,1.0,6.9156142473220825,1.0,1.0,1.0,2.0,0.0,84.0,10.0,3.0,0.0,5226.6002197265625,408.49000549316406,12713.56005859375,1719.3400421142578,10548.64013671875,54.0,65.0,11.0,3.0,2.0,3.0,0.0,0.0,0.0,0.0,0.0,0.0,0.0,0.0,0.0,0.0,0.0,0.0,0.0,0.0,0.0,31.0,2.0,1.0,8.0,4.0,3.0,5.0,19.0,2.0,0.0,0.0,0.0,0.0,21.0,15.0,14.0,18.0,21.0,0.0,1.0,0.0,12.0,4.0,238.0,101.0,3.0,5.0,42.0,52.0,69.0,30.0,99.0,0.0,0.0,107.0,91.0,0.0,0.0,35.0,8.0,2.0,4.0,43.0,67.0,47.0,0.0,429.0,116.0,2.0,1.0,0.0,0.45592696964740753,0.0,266.59274999999997,30.908422470092773,30616.62939453125,0.014746456407010555,0.0
483990,0.0,0.0,0.0,0.0,0.0,0.0,0.0,,0.0,0.0,0.0,0.0,0.0,0.0,0.0,0.0,0.0,0.0,0.0,0.0,0.0,0.0,0.0,0.0,0.0,0.0,0.0,0.0,0.0,0.0,0.0,0.0,0.0,0.0,0.0,0.0,0.0,0.0,0.0,0.0,0.0,0.0,,,0.0,0.0,0.0,0.0,0.0,0.0,0.0,0.0,0.0,0.0,0.0,0.0,0.0,0.0,0.0,0.0,0.0,0.0,0.0,0.0,0.0,0.0,0.0,0.0,0.0,0.0,0.0,0.0,0.0,0.0,0.0,0.0,0.0,0.0,0.0,0.0,0.0,0.0,0.0,0.0,0.0,0.0,0.0,0.0,0.0,0.0,0.0,0.0,0.0,0.0,0.0,0.0,0.0,0.0,0.0,0.0,0.0,0.0,0.0,0.0,0.0,0.0,0.0,0.0,0.0,0.0,0.0,0.0,0.0,0.0,0.0
484003,0.0,0.0,0.0,0.0,0.0,0.0,0.0,0.0,0.0,0.0,0.0,0.0,0.0,0.0,0.0,0.0,0.0,0.0,0.0,0.0,0.0,2.5972814559936523,0.0,0.0,0.0,0.0,0.0,4.0,1.0,0.0,0.0,191.32998657226562,62.70999526977539,719.4299926757812,118.16000366210938,535.6300048828125,2.0,2.0,1.0,1.0,0.0,0.0,0.0,0.0,0.0,0.0,0.0,0.0,0.0,0.0,0.0,0.0,0.0,0.0,0.0,0.0,0.0,1.0,0.0,0.0,0.0,0.0,0.0,0.0,1.0,1.0,1.0,1.0,1.0,0.0,0.0,0.0,0.0,0.0,1.0,0.0,0.0,0.0,1.0,1.0,4.0,2.0,2.0,2.0,0.0,0.0,1.0,1.0,2.0,0.0,0.0,2.0,2.0,0.0,0.0,1.0,2.0,0.0,0.0,2.0,0.0,2.0,0.0,17.0,8.0,1.0,0.0,0.0,2.3187482357025146,0.0,12.505966666666666,29.74909782409668,1627.260009765625,0.0,0.0
484011,0.0,1.0,0.0,0.0,0.0,0.0,0.0,0.0,0.0,1.0,0.0,0.0,0.0,0.0,0.0,1.0,0.0,1.0,0.0,4.0,0.0,6.943658192952474,2.0,0.0,0.0,2.0,1.0,49.0,5.0,0.0,0.0,2914.4800415039062,412.11000061035156,6749.2601318359375,1102.6200256347656,4832.750244140625,20.0,30.0,9.0,2.0,1.0,0.0,0.0,0.0,0.0,0.0,0.0,0.0,0.0,0.0,0.0,0.0,0.0,0.0,0.0,0.0,0.0,16.0,1.0,2.0,4.0,4.0,1.0,1.0,14.0,3.0,3.0,2.0,2.0,0.0,9.0,7.0,4.0,6.0,8.0,1.0,2.0,0.0,7.0,3.0,109.0,47.0,3.0,31.0,15.0,4.0,24.0,26.0,50.0,1.0,0.0,48.0,37.0,0.0,0.0,15.0,24.0,2.0,4.0,16.0,34.0,20.0,0.0,228.0,88.0,2.0,1.0,1.0,1.8122997283935547,2.0,137.64870000000002,33.302330017089844,16011.219970703125,0.04558223858475685,0.0
484012,0.0,0.0,0.0,0.0,0.0,0.0,0.0,,0.0,0.0,0.0,0.0,0.0,0.0,0.0,0.0,0.0,0.0,0.0,0.0,0.0,2.8617889881134033,0.0,0.0,0.0,0.0,0.0,0.0,0.0,2.0,0.0,168.05000686645508,0.0,2913.9400024414062,26.199999809265137,11250.419921875,12.0,26.0,0.0,0.0,0.0,5.0,1.0,0.0,60.0,52.0,1.816666692495346,11.0,9.0,18.0,0.0,0.0,0.0,0.0,0.0,3.0,0.0,78.0,3.0,24.0,43.0,15.0,9.0,16.0,24.0,3.0,1.0,0.0,0.0,0.0,32.0,8.0,2.0,5.0,28.0,1.0,5.0,0.0,8.0,3.0,181.0,105.0,5.0,0.0,0.0,13.0,7.0,6.0,13.0,0.0,0.0,97.0,62.0,0.0,0.0,9.0,0.0,0.0,0.0,10.0,56.0,10.0,0.0,19.0,2.0,0.0,0.0,0.0,0.10007881186902523,0.0,301.0626833333333,23.370033264160156,14358.609375,0.0,0.0
484022,0.0,1.0,0.0,0.0,0.0,1.0,0.0,0.0,0.0,0.0,0.0,0.0,0.0,1.0,0.0,1.0,0.0,0.0,0.0,2.0,3.0,5.92257022857666,2.0,3.0,0.0,0.0,0.0,25.0,11.0,3.0,1.0,3268.0299072265625,347.3399887084961,12701.059814453125,991.6499633789062,11468.5693359375,34.0,43.0,10.0,5.0,2.0,4.0,0.0,0.0,0.0,0.0,0.0,0.0,0.0,8.0,0.0,0.0,0.0,0.0,1.0,1.0,0.0,48.0,2.0,9.0,19.0,12.0,7.0,8.0,28.0,3.0,2.0,0.0,0.0,1.0,26.0,14.0,8.0,14.0,19.0,1.0,4.0,1.0,11.0,3.0,324.0,118.0,5.0,0.0,1.0,10.0,5.0,6.0,11.0,0.0,0.0,153.0,132.0,0.0,0.0,7.0,2.0,0.0,3.0,20.0,120.0,23.0,1.0,279.0,78.0,0.0,0.0,1.0,0.2902616932988167,0.0,292.6953,31.37967872619629,28776.650390625,0.11565068364143372,0.0
484045,0.0,4.0,0.0,1.0,0.0,1.0,2.0,0.0,0.0,0.0,1.0,0.0,0.0,4.0,0.0,2.0,0.0,0.0,0.0,0.0,0.0,4.589297612508138,0.0,0.0,0.0,0.0,0.0,61.0,9.0,0.0,0.0,3047.9500732421875,234.90999603271484,9508.81982421875,927.3400268554688,7332.48095703125,14.0,29.0,4.0,5.0,3.0,0.0,0.0,0.0,0.0,0.0,0.0,0.0,0.0,0.0,0.0,0.0,0.0,0.0,2.0,0.0,0.0,5.0,0.0,0.0,0.0,0.0,0.0,0.0,0.0,2.0,0.0,0.0,2.0,0.0,3.0,0.0,0.0,3.0,3.0,0.0,0.0,0.0,0.0,2.0,83.0,45.0,8.0,46.0,45.0,6.0,80.0,17.0,97.0,1.0,0.0,34.0,20.0,0.0,0.0,20.0,29.0,1.0,11.0,19.0,14.0,30.0,0.0,258.0,70.0,0.0,2.0,0.0,4.619541645050049,0.0,183.83883333333335,29.226072311401367,21051.4990234375,0.35088251531124115,0.0
484051,0.0,1.0,0.0,1.0,0.0,0.0,0.0,0.0,0.0,0.0,1.0,0.0,0.0,0.0,0.0,0.0,0.0,1.0,0.0,7.0,0.0,7.301589488983154,6.0,0.0,0.0,2.0,1.0,31.0,6.0,0.0,0.0,2210.320068359375,124.72998905181885,7720.330322265625,898.7099838256836,5484.39990234375,30.0,42.0,4.0,1.0,1.0,0.0,0.0,0.0,0.0,0.0,0.0,0.0,0.0,0.0,0.0,0.0,0.0,0.0,0.0,0.0,0.0,23.0,1.0,1.0,5.0,4.0,3.0,3.0,21.0,2.0,2.0,1.0,1.0,0.0,16.0,15.0,14.0,14.0,10.0,1.0,0.0,0.0,10.0,3.0,137.0,52.0,5.0,2.0,24.0,30.0,42.0,14.0,56.0,0.0,0.0,63.0,56.0,0.0,0.0,24.0,4.0,1.0,1.0,20.0,46.0,21.0,0.0,188.0,56.0,2.0,0.0,1.0,0.27741508604958653,0.0,144.31038333333333,29.215055465698242,16438.49072265625,0.014927608892321587,1.0
484065,0.0,0.0,0.0,0.0,0.0,0.0,0.0,0.0,0.0,0.0,0.0,0.0,0.0,0.0,0.0,0.0,0.0,0.0,0.0,4.0,1.0,4.453310966491699,3.0,1.0,0.0,4.0,1.0,26.0,3.0,0.0,0.0,1914.7600708007812,528.4699935913086,5540.570068359375,685.0400085449219,5859.3701171875,29.0,40.0,4.0,2.0,1.0,0.0,,,0.0,0.0,0.0,0.0,0.0,0.0,0.0,0.0,0.0,0.0,0.0,0.0,0.0,13.0,0.0,1.0,6.0,5.0,5.0,5.0,11.0,1.0,1.0,1.0,1.0,0.0,6.0,5.0,5.0,5.0,10.0,0.0,0.0,0.0,8.0,2.0,121.0,55.0,5.0,12.0,11.0,3.0,11.0,15.0,26.0,0.0,0.0,59.0,52.0,0.0,0.0,10.0,8.0,3.0,1.0,29.0,23.0,30.0,0.0,135.0,60.0,1.0,0.0,2.0,1.104625940322876,11.0,134.03019999999998,34.75431823730469,14528.21044921875,0.0,1.0
484072,0.0,0.0,0.0,0.0,0.0,0.0,0.0,,0.0,0.0,0.0,0.0,0.0,0.0,0.0,0.0,0.0,0.0,0.0,0.0,0.0,0.0,0.0,0.0,0.0,0.0,0.0,0.0,0.0,0.0,0.0,0.0,0.0,0.0,0.0,0.0,0.0,0.0,0.0,0.0,0.0,0.0,,,0.0,0.0,0.0,0.0,0.0,0.0,0.0,0.0,0.0,0.0,0.0,0.0,0.0,0.0,0.0,0.0,0.0,0.0,0.0,0.0,0.0,0.0,0.0,0.0,0.0,0.0,0.0,0.0,0.0,0.0,0.0,0.0,0.0,0.0,0.0,0.0,0.0,0.0,0.0,0.0,0.0,0.0,0.0,0.0,0.0,0.0,0.0,0.0,0.0,0.0,0.0,0.0,0.0,0.0,0.0,0.0,0.0,0.0,0.0,0.0,0.0,0.0,0.0,0.0,0.0,0.0,0.0,0.0,0.0,0.0,0.0
484073,0.0,0.0,0.0,0.0,0.0,0.0,0.0,,0.0,0.0,0.0,0.0,0.0,0.0,0.0,0.0,0.0,0.0,0.0,0.0,0.0,0.0,0.0,0.0,0.0,0.0,0.0,0.0,0.0,0.0,0.0,0.0,0.0,0.0,0.0,0.0,0.0,0.0,0.0,0.0,0.0,0.0,,,0.0,0.0,0.0,0.0,0.0,0.0,0.0,0.0,0.0,0.0,0.0,0.0,0.0,0.0,0.0,0.0,0.0,0.0,0.0,0.0,0.0,0.0,0.0,0.0,0.0,0.0,0.0,0.0,0.0,0.0,0.0,0.0,0.0,0.0,0.0,0.0,0.0,0.0,0.0,0.0,0.0,0.0,0.0,0.0,0.0,0.0,0.0,0.0,0.0,0.0,0.0,0.0,0.0,0.0,0.0,0.0,0.0,0.0,0.0,0.0,0.0,0.0,0.0,0.0,0.0,0.0,0.0,0.0,0.0,0.0,0.0
484082,0.0,3.0,0.0,1.0,0.0,0.0,0.0,0.0,0.0,1.0,2.0,0.0,0.0,1.0,0.0,2.0,0.0,2.0,0.0,5.0,5.0,6.0808664957682295,4.0,3.0,0.0,6.0,2.0,27.0,12.0,10.0,0.0,3037.02001953125,512.8799896240234,12509.739990234375,1178.2899780273438,13181.080078125,42.0,61.0,3.0,1.0,3.0,12.0,0.0,0.0,0.0,0.0,0.0,0.0,0.0,7.0,0.0,0.0,0.0,0.0,0.0,2.0,0.0,82.0,2.0,14.0,29.0,20.0,12.0,13.0,56.0,3.0,1.0,0.0,0.0,1.0,50.0,35.0,26.0,33.0,35.0,0.0,8.0,1.0,19.0,3.0,516.0,184.0,20.0,2.0,1.0,22.0,11.0,14.0,25.0,0.0,0.0,242.0,222.0,0.0,0.0,19.0,2.0,1.0,1.0,23.0,212.0,24.0,0.0,258.0,93.0,0.0,1.0,1.0,0.5645550712943077,1.0,300.14936666666665,31.53774070739746,30419.009765625,0.0696192579343915,0.0
484087,0.0,12.0,0.0,2.0,0.0,0.0,1.0,1.0,1.0,2.0,8.0,0.0,0.0,3.0,2.0,6.0,4.0,9.0,2.0,20.0,5.0,6.4250993728637695,11.0,4.0,11.0,14.0,4.0,62.0,7.0,9.0,0.0,4973.6300048828125,336.1999969482422,14306.2900390625,1562.2799682617188,12456.88037109375,115.0,154.0,12.0,3.0,10.0,9.0,0.0,0.0,0.0,0.0,0.0,0.0,0.0,0.0,1.0,0.0,1.0,0.0,0.0,0.0,0.0,97.0,2.0,5.0,12.0,7.0,5.0,5.0,68.0,9.0,6.0,1.0,1.0,6.0,76.0,55.0,49.0,63.0,57.0,1.0,1.0,4.0,42.0,3.0,455.0,203.0,35.0,40.0,122.0,106.0,157.0,111.0,268.0,2.0,0.0,198.0,170.0,0.0,0.0,102.0,46.0,6.0,10.0,79.0,135.0,89.0,0.0,425.0,120.0,0.0,0.0,6.0,2.053125500679016,5.0,313.71548333333334,30.40570640563965,33635.279296875,0.747390478849411,0.0
484092,0.0,5.0,0.0,0.0,1.0,1.0,0.0,0.0,0.0,1.0,2.0,0.0,0.0,3.0,0.0,5.0,0.0,2.0,0.0,5.0,2.0,4.432943026224772,5.0,2.0,0.0,1.0,0.0,34.0,13.0,1.0,0.0,1884.6900024414062,265.6399917602539,7478.43017578125,604.510009765625,6692.7099609375,43.0,57.0,16.0,2.0,0.0,2.0,0.0,0.0,0.0,0.0,0.0,0.0,0.0,0.0,0.0,0.0,0.0,0.0,1.0,1.0,0.0,27.0,0.0,0.0,12.0,10.0,10.0,12.0,21.0,2.0,1.0,0.0,0.0,2.0,13.0,10.0,9.0,11.0,16.0,0.0,0.0,1.0,12.0,2.0,249.0,103.0,19.0,7.0,11.0,30.0,35.0,13.0,48.0,0.0,0.0,111.0,104.0,0.0,0.0,23.0,4.0,2.0,6.0,27.0,85.0,33.0,0.0,156.0,43.0,0.0,2.0,3.0,0.8870571851730347,1.0,153.4686,32.27121353149414,16925.97998046875,0.3157830536365509,0.0
484112,0.0,14.0,0.0,7.0,2.0,0.0,0.0,0.0,0.0,2.0,10.0,0.0,0.0,11.0,0.0,5.0,1.0,3.0,1.0,19.0,1.0,6.045770645141602,8.0,0.0,0.0,8.0,1.0,32.0,5.0,1.0,0.0,2784.8699340820312,363.73999977111816,10425.0400390625,995.0599975585938,10628.929931640625,101.0,142.0,7.0,2.0,4.0,1.0,0.0,0.0,0.0,0.0,0.0,0.0,0.0,0.0,0.0,0.0,0.0,0.0,0.0,0.0,0.0,27.0,1.0,0.0,2.0,0.0,0.0,1.0,17.0,10.0,7.0,6.0,8.0,1.0,15.0,10.0,9.0,13.0,24.0,0.0,0.0,1.0,16.0,3.0,307.0,144.0,33.0,38.0,28.0,18.0,30.0,54.0,84.0,0.0,0.0,121.0,108.0,0.0,0.0,36.0,92.0,2.0,6.0,122.0,27.0,128.0,0.0,236.0,78.0,1.0,1.0,8.0,3.1807114481925964,6.0,249.02981666666665,31.808443069458008,25197.64013671875,0.379602275788784,0.0
484113,0.0,1.0,0.0,0.0,0.0,0.0,0.0,0.0,0.0,0.0,1.0,0.0,0.0,0.0,0.0,1.0,0.0,1.0,0.0,6.0,1.0,4.364539464314778,5.0,0.0,0.0,4.0,0.0,16.0,7.0,2.0,0.0,2607.260009765625,491.32000732421875,7930.77001953125,1255.1799926757812,7267.900146484375,65.0,81.0,0.0,0.0,3.0,2.0,0.0,0.0,0.0,0.0,0.0,0.0,0.0,0.0,0.0,0.0,0.0,0.0,0.0,0.0,0.0,64.0,4.0,0.0,10.0,8.0,6.0,6.0,52.0,9.0,7.0,2.0,2.0,3.0,45.0,37.0,32.0,38.0,29.0,2.0,0.0,3.0,20.0,2.0,353.0,136.0,25.0,30.0,33.0,34.0,36.0,61.0,97.0,0.0,0.0,175.0,161.0,0.0,0.0,42.0,32.0,2.0,2.0,39.0,120.0,41.0,0.0,218.0,101.0,0.0,1.0,1.0,0.9389889240264893,22.0,179.68528333333333,32.06250762939453,19552.4306640625,0.039218753576278687,0.0
484139,1.0,1.0,0.0,0.0,0.0,0.0,0.0,0.0,0.0,0.0,1.0,0.0,0.0,0.0,0.0,1.0,0.0,1.0,0.0,10.0,2.0,6.425386269887288,7.0,0.0,0.0,15.0,0.0,37.0,5.0,0.0,0.0,2618.0100708007812,738.160026550293,8764.599853515625,1284.6700134277344,7760.5001220703125,32.0,59.0,24.0,4.0,1.0,0.0,0.0,0.0,0.0,0.0,0.0,0.0,0.0,0.0,1.0,0.0,1.0,0.0,0.0,0.0,0.0,25.0,4.0,0.0,4.0,1.0,0.0,0.0,13.0,12.0,8.0,7.0,8.0,0.0,9.0,4.0,3.0,5.0,25.0,1.0,0.0,0.0,13.0,3.0,119.0,60.0,10.0,65.0,34.0,4.0,47.0,56.0,103.0,2.0,0.0,38.0,29.0,0.0,0.0,26.0,43.0,8.0,6.0,43.0,12.0,49.0,0.0,228.0,106.0,1.0,2.0,7.0,7.186975002288818,0.0,200.09721666666667,34.643192291259766,21165.93994140625,0.05927674099802971,0.0
484141,0.0,3.0,0.0,0.0,0.0,1.0,1.0,1.0,0.0,0.0,0.0,0.0,0.0,3.0,1.0,2.0,1.0,0.0,0.0,6.0,3.0,6.803007507324219,4.0,2.0,1.0,2.0,1.0,192.0,28.0,3.0,0.0,7227.459655761719,785.0000305175781,24476.880126953125,2787.659912109375,15859.790893554688,136.0,153.0,19.0,1.0,4.0,3.0,0.0,0.0,0.0,0.0,0.0,0.0,0.0,0.0,1.0,0.0,1.0,0.0,2.0,0.0,0.0,60.0,5.0,2.0,13.0,9.0,6.0,6.0,46.0,9.0,5.0,2.0,2.0,2.0,38.0,32.0,27.0,29.0,30.0,1.0,2.0,2.0,22.0,5.0,558.0,185.0,21.0,52.0,74.0,88.0,158.0,56.0,214.0,0.0,0.0,261.0,247.0,0.0,0.0,76.0,40.0,2.0,11.0,96.0,167.0,107.0,0.0,638.0,197.0,1.0,1.0,3.0,2.706410601735115,1.0,450.59606666666673,30.636749267578125,51136.79052734375,0.2454828880727291,0.0
484262,0.0,0.0,0.0,0.0,0.0,0.0,0.0,0.0,0.0,0.0,0.0,0.0,0.0,0.0,0.0,0.0,0.0,0.0,0.0,6.0,0.0,4.545251369476318,1.0,0.0,0.0,2.0,1.0,34.0,2.0,0.0,0.0,1047.0199890136719,110.55999755859375,2954.780029296875,349.25999450683594,2513.8500366210938,8.0,18.0,2.0,0.0,2.0,0.0,0.0,0.0,0.0,0.0,0.0,0.0,0.0,0.0,0.0,0.0,0.0,0.0,0.0,0.0,0.0,5.0,0.0,1.0,2.0,0.0,0.0,1.0,1.0,1.0,1.0,1.0,1.0,0.0,2.0,0.0,0.0,1.0,5.0,0.0,0.0,0.0,1.0,2.0,36.0,20.0,2.0,19.0,19.0,2.0,9.0,31.0,40.0,0.0,0.0,11.0,7.0,0.0,0.0,8.0,5.0,2.0,2.0,15.0,2.0,17.0,0.0,96.0,30.0,2.0,0.0,1.0,0.7108963429927826,0.0,62.77426666666666,31.875505447387695,6975.47021484375,0.0,0.0
484270,0.0,0.0,0.0,0.0,0.0,0.0,0.0,,0.0,0.0,0.0,0.0,0.0,0.0,0.0,0.0,0.0,0.0,0.0,1.0,1.0,5.128743330637614,1.0,0.0,0.0,0.0,0.0,52.0,17.0,1.0,0.0,2966.25,302.29998779296875,7898.019775390625,779.8699645996094,4294.050048828125,38.0,44.0,3.0,2.0,0.0,1.0,0.0,0.0,0.0,0.0,0.0,0.0,0.0,0.0,0.0,0.0,0.0,0.0,0.0,0.0,0.0,16.0,0.0,1.0,4.0,4.0,3.0,3.0,10.0,0.0,0.0,0.0,0.0,0.0,12.0,6.0,5.0,11.0,12.0,0.0,1.0,0.0,8.0,2.0,150.0,56.0,5.0,2.0,28.0,43.0,60.0,13.0,73.0,0.0,0.0,71.0,63.0,0.0,0.0,36.0,7.0,0.0,1.0,31.0,41.0,32.0,0.0,243.0,58.0,0.0,2.0,1.0,0.04044634848833084,0.0,126.83063333333334,30.823530197143555,16240.48974609375,0.0,0.0
484276,0.0,0.0,0.0,0.0,0.0,0.0,0.0,,0.0,0.0,0.0,0.0,0.0,0.0,0.0,0.0,0.0,0.0,0.0,2.0,0.0,2.1982272466023765,1.0,0.0,0.0,0.0,0.0,23.0,5.0,0.0,0.0,548.5,95.739990234375,1782.9000244140625,227.82000732421875,1621.4002685546875,4.0,7.0,2.0,0.0,0.0,0.0,,,0.0,0.0,0.0,0.0,0.0,0.0,0.0,0.0,0.0,0.0,0.0,0.0,0.0,2.0,0.0,0.0,2.0,1.0,1.0,2.0,1.0,0.0,0.0,0.0,0.0,0.0,0.0,0.0,0.0,0.0,2.0,0.0,0.0,0.0,1.0,1.0,16.0,11.0,0.0,0.0,1.0,0.0,1.0,0.0,1.0,0.0,0.0,5.0,3.0,0.0,0.0,0.0,1.0,0.0,0.0,9.0,0.0,9.0,0.0,55.0,16.0,1.0,0.0,1.0,0.2943437397480011,0.0,38.958,29.697513580322266,4276.35986328125,0.0,0.0
484303,0.0,0.0,0.0,0.0,0.0,0.0,0.0,,0.0,0.0,0.0,0.0,0.0,0.0,0.0,0.0,0.0,0.0,0.0,0.0,0.0,3.0867913564046225,0.0,0.0,0.0,0.0,0.0,4.0,2.0,0.0,0.0,137.89999389648438,33.130001068115234,247.3800048828125,54.599998474121094,115.88999938964844,0.0,0.0,1.0,0.0,0.0,0.0,,,0.0,0.0,0.0,0.0,0.0,0.0,0.0,0.0,0.0,0.0,0.0,0.0,0.0,0.0,0.0,0.0,0.0,0.0,0.0,0.0,0.0,0.0,0.0,0.0,0.0,0.0,0.0,0.0,0.0,0.0,0.0,0.0,0.0,0.0,0.0,1.0,0.0,0.0,0.0,0.0,0.0,0.0,0.0,0.0,0.0,0.0,0.0,0.0,0.0,0.0,0.0,0.0,0.0,0.0,0.0,0.0,0.0,0.0,0.0,9.0,4.0,1.0,0.0,0.0,0.016067031770944595,0.0,3.8182166666666575,29.422971725463867,588.9000244140625,0.0,0.0
484320,0.0,27.0,0.0,4.0,4.0,0.0,1.0,4.0,4.0,6.0,12.0,0.0,0.0,13.0,5.0,11.0,12.0,14.0,7.0,86.0,3.0,5.60142308473587,44.0,3.0,15.0,40.0,8.0,147.0,27.0,4.0,0.0,6168.25,1540.0100231170654,22384.9794921875,3090.2299880981445,31035.890380859375,208.0,328.0,22.0,14.0,9.0,4.0,0.0,0.0,0.0,0.0,0.0,0.0,0.0,0.0,1.0,0.0,1.0,0.0,0.0,0.0,0.0,96.0,8.0,0.0,8.0,5.0,0.0,0.0,64.0,36.0,26.0,16.0,22.0,6.0,52.0,33.0,23.0,38.0,70.0,5.0,0.0,5.0,51.0,8.0,740.0,352.0,56.0,119.0,164.0,34.0,119.0,198.0,317.0,7.0,0.0,265.0,225.0,0.0,0.0,139.0,224.0,33.0,19.0,169.0,200.0,188.0,0.0,559.0,262.0,1.0,3.0,35.0,7.8012900948524475,1.0,697.6448833333333,32.91780471801758,64219.358642578125,2.4420402124524117,0.0
484691,0.0,0.0,0.0,0.0,0.0,0.0,0.0,,0.0,0.0,0.0,0.0,0.0,0.0,0.0,0.0,0.0,0.0,0.0,0.0,0.0,0.0,0.0,0.0,0.0,0.0,0.0,0.0,0.0,0.0,0.0,0.0,0.0,0.0,0.0,0.0,0.0,0.0,0.0,0.0,0.0,0.0,,,0.0,0.0,0.0,0.0,0.0,0.0,0.0,0.0,0.0,0.0,0.0,0.0,0.0,0.0,0.0,0.0,0.0,0.0,0.0,0.0,0.0,0.0,0.0,0.0,0.0,0.0,0.0,0.0,0.0,0.0,0.0,0.0,0.0,0.0,0.0,0.0,0.0,0.0,0.0,0.0,0.0,0.0,0.0,0.0,0.0,0.0,0.0,0.0,0.0,0.0,0.0,0.0,0.0,0.0,0.0,0.0,0.0,0.0,0.0,0.0,0.0,0.0,0.0,0.0,0.0,0.0,0.0,0.0,0.0,0.0,0.0
484698,0.0,0.0,0.0,0.0,0.0,0.0,0.0,,0.0,0.0,0.0,0.0,0.0,0.0,0.0,0.0,0.0,0.0,0.0,4.0,0.0,1.7191377878189087,2.0,0.0,0.0,0.0,0.0,3.0,0.0,0.0,0.0,285.44000244140625,48.58000183105469,692.25,158.36000061035156,650.8699951171875,10.0,12.0,1.0,0.0,0.0,0.0,,,0.0,0.0,0.0,0.0,0.0,0.0,0.0,0.0,0.0,0.0,0.0,0.0,0.0,6.0,0.0,0.0,0.0,0.0,0.0,0.0,4.0,3.0,1.0,0.0,2.0,1.0,3.0,3.0,2.0,2.0,5.0,0.0,0.0,1.0,3.0,1.0,29.0,16.0,3.0,5.0,10.0,4.0,5.0,14.0,19.0,0.0,0.0,12.0,12.0,0.0,0.0,4.0,12.0,0.0,0.0,8.0,8.0,8.0,0.0,23.0,12.0,1.0,0.0,2.0,1.9857980012893677,0.0,16.032299999999992,29.56023597717285,1835.5,0.0,0.0
484728,0.0,0.0,0.0,0.0,0.0,0.0,0.0,,0.0,0.0,0.0,0.0,0.0,0.0,0.0,0.0,0.0,0.0,0.0,0.0,0.0,0.9089186191558838,0.0,0.0,0.0,0.0,0.0,0.0,0.0,0.0,0.0,65.26000213623047,5.480000019073486,188.5399932861328,36.79999923706055,159.5800018310547,0.0,0.0,0.0,0.0,0.0,0.0,,,0.0,0.0,0.0,0.0,0.0,0.0,0.0,0.0,0.0,0.0,0.0,0.0,0.0,1.0,0.0,0.0,1.0,1.0,1.0,1.0,1.0,0.0,0.0,0.0,0.0,0.0,0.0,0.0,0.0,0.0,0.0,0.0,0.0,0.0,0.0,1.0,4.0,2.0,1.0,0.0,0.0,0.0,0.0,0.0,0.0,0.0,0.0,2.0,2.0,0.0,0.0,0.0,0.0,0.0,0.0,0.0,2.0,0.0,0.0,6.0,3.0,1.0,0.0,0.0,0.007489651907235384,0.0,3.7756166666666644,26.199684143066406,455.6600036621094,0.0,0.0
484817,0.0,0.0,0.0,0.0,0.0,0.0,0.0,,0.0,0.0,0.0,0.0,0.0,0.0,0.0,0.0,0.0,0.0,0.0,0.0,0.0,0.0,0.0,0.0,0.0,0.0,0.0,0.0,0.0,0.0,0.0,0.0,0.0,0.0,0.0,0.0,0.0,0.0,0.0,0.0,0.0,0.0,,,0.0,0.0,0.0,0.0,0.0,0.0,0.0,0.0,0.0,0.0,0.0,0.0,0.0,0.0,0.0,0.0,0.0,0.0,0.0,0.0,0.0,0.0,0.0,0.0,0.0,0.0,0.0,0.0,0.0,0.0,0.0,0.0,0.0,0.0,0.0,0.0,0.0,0.0,0.0,0.0,0.0,0.0,0.0,0.0,0.0,0.0,0.0,0.0,0.0,0.0,0.0,0.0,0.0,0.0,0.0,0.0,0.0,0.0,0.0,0.0,0.0,0.0,0.0,0.0,0.0,0.0,0.0,0.0,0.0,0.0,0.0
484848,0.0,1.0,0.0,0.0,0.0,0.0,0.0,0.0,0.0,1.0,0.0,0.0,0.0,0.0,0.0,1.0,0.0,1.0,0.0,1.0,0.0,1.9864181280136108,0.0,0.0,0.0,1.0,0.0,15.0,1.0,0.0,0.0,696.0800170898438,31.830001831054688,1491.5799560546875,239.08999633789062,759.9300537109375,6.0,9.0,1.0,1.0,0.0,0.0,,,0.0,0.0,0.0,0.0,0.0,0.0,0.0,0.0,0.0,0.0,0.0,0.0,0.0,7.0,1.0,0.0,4.0,4.0,3.0,3.0,7.0,1.0,1.0,0.0,0.0,0.0,2.0,2.0,1.0,1.0,3.0,1.0,0.0,0.0,3.0,1.0,34.0,14.0,2.0,4.0,4.0,1.0,4.0,5.0,9.0,0.0,0.0,14.0,14.0,0.0,0.0,1.0,6.0,0.0,0.0,9.0,9.0,9.0,0.0,58.0,15.0,1.0,0.0,0.0,1.3220354318618774,0.0,24.28758333333333,30.654388427734375,3218.510009765625,0.03626787289977074,0.0
484849,0.0,4.0,0.0,2.0,0.0,0.0,0.0,0.0,0.0,1.0,3.0,0.0,0.0,1.0,1.0,2.0,1.0,3.0,0.0,5.0,1.0,7.638623356819153,4.0,1.0,0.0,1.0,0.0,76.0,20.0,3.0,0.0,7095.75,573.2300033569336,18120.639892578125,2406.8099975585938,9821.670043945312,95.0,115.0,27.0,13.0,4.0,4.0,0.0,0.0,0.0,0.0,0.0,0.0,0.0,0.0,0.0,0.0,0.0,0.0,0.0,1.0,0.0,67.0,1.0,3.0,27.0,24.0,22.0,23.0,58.0,1.0,0.0,0.0,0.0,0.0,39.0,34.0,32.0,35.0,27.0,0.0,2.0,0.0,21.0,4.0,548.0,181.0,19.0,4.0,54.0,100.0,119.0,39.0,158.0,0.0,0.0,260.0,240.0,0.0,0.0,78.0,20.0,0.0,2.0,65.0,202.0,67.0,0.0,597.0,165.0,0.0,3.0,1.0,0.6643166244029999,1.0,300.04376666666667,31.392236709594727,38018.099609375,0.37491461634635925,1.0
484850,0.0,0.0,0.0,0.0,0.0,0.0,0.0,,0.0,0.0,0.0,0.0,0.0,0.0,0.0,0.0,0.0,0.0,0.0,1.0,0.0,1.6212401390075684,0.0,0.0,0.0,0.0,0.0,9.0,1.0,0.0,0.0,521.469970703125,177.92999267578125,1611.4100341796875,203.3900146484375,1059.719970703125,5.0,9.0,1.0,1.0,1.0,0.0,,,0.0,0.0,0.0,0.0,0.0,0.0,0.0,0.0,0.0,0.0,0.0,0.0,0.0,8.0,0.0,2.0,2.0,0.0,0.0,0.0,2.0,1.0,0.0,0.0,1.0,0.0,5.0,2.0,2.0,3.0,4.0,0.0,0.0,0.0,1.0,1.0,26.0,16.0,0.0,4.0,8.0,0.0,1.0,11.0,12.0,0.0,0.0,13.0,6.0,0.0,0.0,5.0,7.0,0.0,4.0,3.0,6.0,7.0,0.0,46.0,16.0,1.0,0.0,0.0,1.6405531167984009,4.0,33.05566666666667,32.6952018737793,3573.919921875,0.0,0.0
484851,2.0,6.0,0.0,0.0,0.0,0.0,1.0,0.0,0.0,0.0,5.0,0.0,0.0,5.0,3.0,2.0,4.0,1.0,1.0,1.0,0.0,6.026781439781189,0.0,0.0,0.0,2.0,0.0,53.0,7.0,0.0,0.0,2348.699951171875,127.02000045776367,7739.080078125,809.5299987792969,6380.0400390625,20.0,35.0,6.0,3.0,0.0,0.0,0.0,0.0,0.0,0.0,0.0,0.0,0.0,0.0,3.0,0.0,3.0,0.0,0.0,0.0,0.0,7.0,1.0,0.0,1.0,1.0,0.0,0.0,4.0,4.0,2.0,1.0,3.0,0.0,2.0,1.0,0.0,1.0,6.0,1.0,0.0,0.0,4.0,4.0,85.0,44.0,12.0,12.0,7.0,0.0,13.0,6.0,19.0,0.0,0.0,31.0,23.0,0.0,0.0,11.0,27.0,5.0,8.0,22.0,13.0,30.0,0.0,205.0,59.0,3.0,1.0,0.0,16.503329515457153,0.0,174.76788333333337,28.92000389099121,17404.369873046875,1.426492877304554,0.0
484859,0.0,0.0,0.0,0.0,0.0,0.0,0.0,0.0,0.0,0.0,0.0,0.0,0.0,0.0,0.0,0.0,0.0,0.0,0.0,4.0,0.0,3.4086116552352905,1.0,0.0,0.0,2.0,1.0,27.0,7.0,0.0,0.0,1139.9000244140625,104.42000007629395,3388.630126953125,400.66998291015625,2743.5101318359375,8.0,14.0,5.0,0.0,2.0,0.0,0.0,0.0,0.0,0.0,0.0,0.0,0.0,0.0,0.0,0.0,0.0,0.0,0.0,0.0,0.0,6.0,0.0,1.0,2.0,1.0,0.0,1.0,4.0,2.0,1.0,1.0,2.0,0.0,2.0,2.0,1.0,1.0,5.0,0.0,1.0,0.0,4.0,2.0,32.0,18.0,1.0,7.0,6.0,6.0,8.0,11.0,19.0,0.0,0.0,12.0,10.0,0.0,0.0,5.0,5.0,1.0,2.0,12.0,3.0,14.0,0.0,96.0,29.0,2.0,0.0,0.0,0.42903609573841095,0.0,68.99381666666667,31.863597869873047,7777.130126953125,0.0,0.0
484860,1.0,10.0,0.0,0.0,3.0,0.0,1.0,0.0,0.0,1.0,5.0,0.0,0.0,7.0,5.0,4.0,5.0,3.0,0.0,30.0,0.0,6.032448470592499,17.0,0.0,0.0,7.0,1.0,134.0,25.0,1.0,0.0,4252.330139160156,1595.9500427246094,16086.310485839844,1987.939956665039,18848.049560546875,92.0,135.0,21.0,5.0,1.0,1.0,0.0,0.0,0.0,0.0,0.0,0.0,0.0,0.0,3.0,0.0,3.0,0.0,1.0,0.0,0.0,28.0,0.0,0.0,0.0,0.0,0.0,0.0,21.0,11.0,8.0,6.0,8.0,3.0,17.0,13.0,11.0,14.0,23.0,0.0,0.0,2.0,18.0,8.0,313.0,156.0,30.0,73.0,35.0,15.0,55.0,68.0,123.0,1.0,0.0,117.0,106.0,0.0,0.0,43.0,93.0,16.0,7.0,77.0,74.0,84.0,0.0,340.0,165.0,4.0,3.0,11.0,9.82173466682434,0.0,432.7750833333334,36.31654357910156,42770.58056640625,1.9850478013977408,1.0
484862,0.0,0.0,0.0,0.0,0.0,0.0,0.0,,0.0,0.0,0.0,0.0,0.0,0.0,0.0,0.0,0.0,0.0,0.0,0.0,0.0,0.0,0.0,0.0,0.0,0.0,0.0,0.0,0.0,0.0,0.0,0.0,0.0,0.0,0.0,0.0,0.0,0.0,0.0,0.0,0.0,0.0,,,0.0,0.0,0.0,0.0,0.0,0.0,0.0,0.0,0.0,0.0,0.0,0.0,0.0,0.0,0.0,0.0,0.0,0.0,0.0,0.0,0.0,0.0,0.0,0.0,0.0,0.0,0.0,0.0,0.0,0.0,0.0,0.0,0.0,0.0,0.0,0.0,0.0,0.0,0.0,0.0,0.0,0.0,0.0,0.0,0.0,0.0,0.0,0.0,0.0,0.0,0.0,0.0,0.0,0.0,0.0,0.0,0.0,0.0,0.0,0.0,0.0,0.0,0.0,0.0,0.0,0.0,0.0,0.0,0.0,0.0,0.0
484864,0.0,0.0,0.0,0.0,0.0,0.0,0.0,,0.0,0.0,0.0,0.0,0.0,0.0,0.0,0.0,0.0,0.0,0.0,0.0,0.0,0.0,0.0,0.0,0.0,0.0,0.0,0.0,0.0,0.0,0.0,0.0,0.0,0.0,0.0,0.0,0.0,0.0,0.0,0.0,0.0,0.0,,,0.0,0.0,0.0,0.0,0.0,0.0,0.0,0.0,0.0,0.0,0.0,0.0,0.0,0.0,0.0,0.0,0.0,0.0,0.0,0.0,0.0,0.0,0.0,0.0,0.0,0.0,0.0,0.0,0.0,0.0,0.0,0.0,0.0,0.0,0.0,0.0,0.0,0.0,0.0,0.0,0.0,0.0,0.0,0.0,0.0,0.0,0.0,0.0,0.0,0.0,0.0,0.0,0.0,0.0,0.0,0.0,0.0,0.0,0.0,0.0,0.0,0.0,0.0,0.0,0.0,0.0,0.0,0.0,0.0,0.0,0.0
485063,0.0,0.0,0.0,0.0,0.0,0.0,0.0,,0.0,0.0,0.0,0.0,0.0,0.0,0.0,0.0,0.0,0.0,0.0,3.0,0.0,1.570770025253296,1.0,0.0,0.0,0.0,0.0,6.0,2.0,0.0,0.0,437.54998779296875,124.5199966430664,1428.8699951171875,213.36000061035156,1445.5899658203125,3.0,7.0,2.0,1.0,1.0,0.0,0.0,0.0,0.0,0.0,0.0,0.0,0.0,0.0,0.0,0.0,0.0,0.0,0.0,0.0,0.0,5.0,1.0,0.0,1.0,0.0,0.0,0.0,0.0,3.0,0.0,0.0,2.0,0.0,1.0,0.0,0.0,0.0,5.0,0.0,0.0,0.0,0.0,1.0,17.0,12.0,0.0,1.0,2.0,0.0,2.0,1.0,3.0,0.0,0.0,5.0,2.0,0.0,0.0,0.0,8.0,0.0,4.0,4.0,2.0,8.0,0.0,28.0,13.0,1.0,0.0,1.0,2.0151617527008057,0.0,35.03526666666666,29.779834747314453,3649.889892578125,0.0,0.0
485064,0.0,1.0,0.0,1.0,0.0,0.0,0.0,0.0,0.0,0.0,1.0,0.0,0.0,0.0,0.0,0.0,0.0,1.0,0.0,1.0,1.0,4.527934551239014,1.0,1.0,0.0,4.0,1.0,39.0,9.0,0.0,0.0,3221.4500732421875,315.379994392395,7898.5699462890625,1051.0699615478516,5437.539978027344,40.0,51.0,4.0,5.0,1.0,0.0,,,0.0,0.0,0.0,0.0,0.0,0.0,0.0,0.0,0.0,0.0,0.0,0.0,0.0,30.0,4.0,1.0,7.0,3.0,2.0,2.0,16.0,8.0,5.0,2.0,2.0,2.0,15.0,8.0,5.0,8.0,21.0,1.0,0.0,2.0,12.0,3.0,149.0,71.0,8.0,4.0,17.0,23.0,26.0,18.0,44.0,0.0,0.0,64.0,52.0,0.0,0.0,13.0,9.0,2.0,0.0,36.0,33.0,36.0,0.0,265.0,75.0,2.0,1.0,0.0,2.042184315621853,2.0,147.76720000000003,32.07524108886719,17924.009521484375,0.036997728049755096,1.0
485065,0.0,0.0,0.0,0.0,0.0,0.0,0.0,,0.0,0.0,0.0,0.0,0.0,0.0,0.0,0.0,0.0,0.0,0.0,0.0,0.0,0.0,0.0,0.0,0.0,0.0,0.0,0.0,0.0,0.0,0.0,0.0,0.0,0.0,0.0,0.0,0.0,0.0,0.0,0.0,0.0,0.0,,,0.0,0.0,0.0,0.0,0.0,0.0,0.0,0.0,0.0,0.0,0.0,0.0,0.0,0.0,0.0,0.0,0.0,0.0,0.0,0.0,0.0,0.0,0.0,0.0,0.0,0.0,0.0,0.0,0.0,0.0,0.0,0.0,0.0,0.0,0.0,0.0,0.0,0.0,0.0,0.0,0.0,0.0,0.0,0.0,0.0,0.0,0.0,0.0,0.0,0.0,0.0,0.0,0.0,0.0,0.0,0.0,0.0,0.0,0.0,0.0,0.0,0.0,0.0,0.0,0.0,0.0,0.0,0.0,0.0,0.0,0.0
485066,1.0,3.0,0.0,0.0,0.0,0.0,0.0,0.0,0.0,1.0,2.0,0.0,0.0,1.0,1.0,1.0,2.0,2.0,1.0,11.0,1.0,7.000210881233215,7.0,1.0,0.0,6.0,1.0,152.0,25.0,1.0,0.0,6174.3502197265625,670.2799987792969,18598.810302734375,2391.4100494384766,11609.850158691406,71.0,100.0,11.0,7.0,6.0,1.0,0.0,0.0,0.0,0.0,0.0,0.0,0.0,0.0,1.0,0.0,0.0,1.0,0.0,0.0,0.0,33.0,1.0,1.0,9.0,7.0,6.0,7.0,20.0,5.0,1.0,1.0,3.0,1.0,19.0,12.0,11.0,16.0,20.0,0.0,1.0,0.0,13.0,4.0,294.0,124.0,12.0,44.0,73.0,47.0,98.0,66.0,164.0,1.0,0.0,127.0,110.0,0.0,0.0,57.0,43.0,6.0,7.0,55.0,88.0,62.0,0.0,548.0,158.0,1.0,0.0,2.0,2.090537156909704,0.0,338.9916666666667,31.829389572143555,39444.69970703125,0.14143357053399086,1.0
485068,0.0,4.0,0.0,1.0,2.0,2.0,0.0,0.0,0.0,0.0,0.0,0.0,0.0,3.0,1.0,1.0,2.0,1.0,1.0,5.0,0.0,4.631386876106262,2.0,0.0,0.0,0.0,0.0,49.0,10.0,0.0,0.0,1913.8700561523438,280.3299865722656,5378.4801025390625,901.5400085449219,4292.570129394531,8.0,17.0,6.0,4.0,3.0,0.0,0.0,0.0,0.0,0.0,0.0,0.0,0.0,0.0,0.0,0.0,0.0,0.0,2.0,0.0,0.0,2.0,0.0,0.0,0.0,0.0,0.0,0.0,1.0,0.0,0.0,0.0,0.0,0.0,2.0,1.0,1.0,2.0,2.0,0.0,0.0,0.0,1.0,3.0,44.0,29.0,5.0,15.0,19.0,2.0,33.0,3.0,36.0,1.0,0.0,14.0,11.0,0.0,0.0,5.0,22.0,0.0,3.0,13.0,8.0,16.0,0.0,164.0,73.0,3.0,0.0,2.0,7.379687786102295,0.0,125.78868333333332,30.452579498291016,12766.7900390625,0.12257864698767662,0.0
485069,0.0,2.0,0.0,1.0,0.0,0.0,1.0,,0.0,0.0,1.0,0.0,0.0,1.0,0.0,0.0,0.0,1.0,0.0,0.0,0.0,2.9334222793579103,0.0,0.0,0.0,3.0,1.0,20.0,2.0,0.0,0.0,662.3000183105469,284.4700012207031,1738.1500854492188,414.3400115966797,1409.7699584960938,1.0,1.0,1.0,1.0,0.0,0.0,,,0.0,0.0,0.0,0.0,0.0,0.0,0.0,0.0,0.0,0.0,0.0,0.0,0.0,1.0,0.0,0.0,0.0,0.0,0.0,0.0,0.0,0.0,0.0,0.0,0.0,0.0,1.0,0.0,0.0,1.0,0.0,0.0,0.0,0.0,0.0,2.0,23.0,11.0,2.0,7.0,2.0,5.0,7.0,7.0,14.0,0.0,0.0,5.0,5.0,0.0,0.0,5.0,5.0,0.0,1.0,2.0,9.0,3.0,0.0,63.0,33.0,2.0,0.0,0.0,0.9018916189670563,0.0,38.17961666666666,32.78990936279297,4509.02978515625,0.33811795711517334,0.0
485070,0.0,0.0,0.0,0.0,0.0,0.0,0.0,,0.0,0.0,0.0,0.0,0.0,0.0,0.0,0.0,0.0,0.0,0.0,0.0,1.0,3.1374314785003663,0.0,1.0,0.0,0.0,0.0,0.0,0.0,7.0,0.0,724.2400131225586,9.520000457763672,5084.6201171875,149.26999509334564,19865.9794921875,21.0,30.0,0.0,1.0,0.0,10.0,0.0,0.0,57.0,46.0,4.4000000059604645,8.0,8.0,23.0,0.0,0.0,0.0,0.0,0.0,3.0,0.0,106.0,4.0,34.0,55.0,33.0,15.0,17.0,56.0,4.0,0.0,0.0,0.0,0.0,47.0,23.0,5.0,9.0,27.0,0.0,18.0,0.0,17.0,5.0,317.0,170.0,11.0,1.0,0.0,61.0,42.0,20.0,62.0,0.0,0.0,155.0,120.0,0.0,0.0,22.0,0.0,0.0,1.0,6.0,107.0,7.0,0.0,71.0,12.0,0.0,1.0,0.0,0.2220963267609477,0.0,494.26296666666667,25.766674041748047,25833.6298828125,0.0,0.0
485080,0.0,0.0,0.0,0.0,0.0,0.0,0.0,,0.0,0.0,0.0,0.0,0.0,0.0,0.0,0.0,0.0,0.0,0.0,0.0,0.0,0.0,0.0,0.0,0.0,0.0,0.0,0.0,0.0,0.0,0.0,0.0,0.0,0.0,0.0,0.0,0.0,0.0,0.0,0.0,0.0,0.0,,,0.0,0.0,0.0,0.0,0.0,0.0,0.0,0.0,0.0,0.0,0.0,0.0,0.0,0.0,0.0,0.0,0.0,0.0,0.0,0.0,0.0,0.0,0.0,0.0,0.0,0.0,0.0,0.0,0.0,0.0,0.0,0.0,0.0,0.0,0.0,0.0,0.0,0.0,0.0,0.0,0.0,0.0,0.0,0.0,0.0,0.0,0.0,0.0,0.0,0.0,0.0,0.0,0.0,0.0,0.0,0.0,0.0,0.0,0.0,0.0,0.0,0.0,0.0,0.0,0.0,0.0,0.0,0.0,0.0,0.0,0.0
485081,0.0,2.0,0.0,0.0,0.0,0.0,1.0,0.0,0.0,0.0,1.0,0.0,0.0,2.0,0.0,1.0,0.0,0.0,0.0,13.0,0.0,5.179506492614746,5.0,0.0,0.0,5.0,2.0,35.0,4.0,1.0,0.0,2589.2499389648438,621.0899658203125,6698.840270996094,1124.3500671386719,6498.419860839844,60.0,82.0,9.0,1.0,1.0,1.0,0.0,0.0,0.0,0.0,0.0,0.0,0.0,0.0,0.0,0.0,0.0,0.0,0.0,0.0,0.0,10.0,0.0,0.0,1.0,1.0,1.0,1.0,8.0,7.0,6.0,6.0,7.0,0.0,2.0,1.0,1.0,2.0,10.0,0.0,0.0,0.0,8.0,4.0,173.0,73.0,6.0,35.0,36.0,4.0,19.0,56.0,75.0,1.0,0.0,73.0,65.0,0.0,0.0,30.0,53.0,6.0,4.0,52.0,32.0,56.0,0.0,201.0,87.0,4.0,0.0,4.0,3.9772732853889465,2.0,163.2558666666667,33.361289978027344,17531.9501953125,0.17483950033783913,0.0
485131,0.0,4.0,0.0,1.0,1.0,0.0,1.0,0.0,0.0,0.0,2.0,0.0,0.0,2.0,0.0,2.0,0.0,2.0,0.0,10.0,0.0,6.185303529103597,4.0,0.0,0.0,7.0,2.0,71.0,6.0,0.0,0.0,2391.739959716797,662.5700073242188,8236.149780273438,1226.3899841308594,8371.85986328125,39.0,59.0,13.0,3.0,1.0,0.0,0.0,0.0,0.0,0.0,0.0,0.0,0.0,0.0,0.0,0.0,0.0,0.0,0.0,0.0,0.0,8.0,0.0,0.0,1.0,0.0,0.0,1.0,4.0,1.0,1.0,1.0,1.0,0.0,6.0,3.0,3.0,6.0,7.0,0.0,0.0,0.0,3.0,3.0,142.0,66.0,8.0,39.0,24.0,11.0,21.0,53.0,74.0,0.0,0.0,52.0,47.0,0.0,0.0,26.0,30.0,5.0,11.0,33.0,33.0,44.0,0.0,200.0,96.0,1.0,2.0,3.0,1.4435504078865051,0.0,204.07465000000002,34.29528045654297,20888.7109375,0.13937246799468994,0.0
485324,0.0,0.0,0.0,0.0,0.0,0.0,0.0,,0.0,0.0,0.0,0.0,0.0,0.0,0.0,0.0,0.0,0.0,0.0,0.0,0.0,0.0,0.0,0.0,0.0,0.0,0.0,0.0,0.0,0.0,0.0,0.0,0.0,0.0,0.0,0.0,0.0,0.0,0.0,0.0,0.0,0.0,,,0.0,0.0,0.0,0.0,0.0,0.0,0.0,0.0,0.0,0.0,0.0,0.0,0.0,0.0,0.0,0.0,0.0,0.0,0.0,0.0,0.0,0.0,0.0,0.0,0.0,0.0,0.0,0.0,0.0,0.0,0.0,0.0,0.0,0.0,0.0,0.0,0.0,0.0,0.0,0.0,0.0,0.0,0.0,0.0,0.0,0.0,0.0,0.0,0.0,0.0,0.0,0.0,0.0,0.0,0.0,0.0,0.0,0.0,0.0,0.0,0.0,0.0,0.0,0.0,0.0,0.0,0.0,0.0,0.0,0.0,0.0
485347,0.0,4.0,0.0,0.0,1.0,0.0,0.0,0.0,0.0,1.0,2.0,0.0,0.0,2.0,1.0,2.0,2.0,2.0,1.0,20.0,0.0,6.136241912841797,11.0,0.0,0.0,0.0,0.0,113.0,9.0,1.0,0.0,3368.16015625,790.7799987792969,8895.459716796875,1477.2400512695312,12786.439453125,51.0,73.0,5.0,3.0,13.0,1.0,0.0,0.0,0.0,0.0,0.0,0.0,0.0,0.0,0.0,0.0,0.0,0.0,0.0,0.0,0.0,29.0,2.0,0.0,4.0,3.0,2.0,2.0,20.0,11.0,7.0,3.0,6.0,3.0,14.0,10.0,6.0,9.0,18.0,1.0,0.0,3.0,13.0,3.0,169.0,97.0,9.0,31.0,78.0,7.0,73.0,43.0,116.0,0.0,0.0,61.0,51.0,0.0,0.0,43.0,38.0,4.0,10.0,68.0,16.0,78.0,0.0,293.0,107.0,0.0,2.0,9.0,1.49905326962471,0.0,267.53009999999995,33.973506927490234,27318.078125,0.19616780430078506,0.0
485379,0.0,0.0,0.0,0.0,0.0,0.0,0.0,,0.0,0.0,0.0,0.0,0.0,0.0,0.0,0.0,0.0,0.0,0.0,0.0,0.0,2.18495241800944,0.0,0.0,0.0,0.0,0.0,0.0,0.0,0.0,0.0,112.61000061035156,0.0,270.8500061035156,54.650001525878906,288.2099914550781,1.0,1.0,0.0,0.0,0.0,0.0,,,0.0,0.0,0.0,0.0,0.0,0.0,0.0,0.0,0.0,0.0,0.0,0.0,0.0,0.0,0.0,0.0,0.0,0.0,0.0,0.0,0.0,0.0,0.0,0.0,0.0,0.0,0.0,0.0,0.0,0.0,0.0,0.0,0.0,0.0,0.0,1.0,7.0,3.0,0.0,0.0,1.0,1.0,1.0,1.0,2.0,0.0,0.0,3.0,3.0,0.0,0.0,0.0,0.0,0.0,0.0,0.0,3.0,0.0,0.0,9.0,4.0,1.0,0.0,0.0,0.05225702002644539,0.0,6.732850000000013,24.94618034362793,726.3200073242188,0.0,0.0
485409,0.0,0.0,0.0,0.0,0.0,0.0,0.0,,0.0,0.0,0.0,0.0,0.0,0.0,0.0,0.0,0.0,0.0,0.0,0.0,0.0,0.0,0.0,0.0,0.0,0.0,0.0,0.0,0.0,0.0,0.0,0.0,0.0,0.0,0.0,0.0,0.0,0.0,0.0,0.0,0.0,0.0,,,0.0,0.0,0.0,0.0,0.0,0.0,0.0,0.0,0.0,0.0,0.0,0.0,0.0,0.0,0.0,0.0,0.0,0.0,0.0,0.0,0.0,0.0,0.0,0.0,0.0,0.0,0.0,0.0,0.0,0.0,0.0,0.0,0.0,0.0,0.0,0.0,0.0,0.0,0.0,0.0,0.0,0.0,0.0,0.0,0.0,0.0,0.0,0.0,0.0,0.0,0.0,0.0,0.0,0.0,0.0,0.0,0.0,0.0,0.0,0.0,0.0,0.0,0.0,0.0,0.0,0.0,0.0,0.0,0.0,0.0,0.0
485503,0.0,0.0,0.0,0.0,0.0,0.0,0.0,,0.0,0.0,0.0,0.0,0.0,0.0,0.0,0.0,0.0,0.0,0.0,3.0,0.0,1.8583905696868896,2.0,0.0,0.0,0.0,0.0,7.0,2.0,0.0,0.0,405.70001220703125,213.8099822998047,731.199951171875,143.17999267578125,732.75,6.0,7.0,0.0,0.0,0.0,0.0,,,0.0,0.0,0.0,0.0,0.0,0.0,0.0,0.0,0.0,0.0,0.0,0.0,0.0,0.0,0.0,0.0,0.0,0.0,0.0,0.0,0.0,0.0,0.0,0.0,0.0,0.0,0.0,0.0,0.0,0.0,0.0,0.0,0.0,0.0,0.0,1.0,11.0,6.0,0.0,5.0,5.0,2.0,7.0,5.0,12.0,0.0,0.0,4.0,4.0,0.0,0.0,5.0,3.0,0.0,0.0,6.0,1.0,6.0,0.0,32.0,14.0,1.0,0.0,2.0,0.787538468837738,0.0,17.961216666666672,33.589027404785156,2226.639892578125,0.0,0.0
485595,0.0,1.0,0.0,0.0,0.0,0.0,0.0,0.0,0.0,0.0,1.0,0.0,0.0,1.0,0.0,1.0,0.0,0.0,0.0,4.0,0.0,2.452739953994751,2.0,0.0,0.0,6.0,0.0,74.0,14.0,1.0,0.0,3615.43017578125,796.5800018310547,9294.860107421875,1352.5599975585938,8566.14990234375,52.0,71.0,11.0,9.0,1.0,1.0,,,0.0,0.0,0.0,0.0,0.0,0.0,0.0,0.0,0.0,0.0,0.0,0.0,0.0,14.0,0.0,0.0,2.0,2.0,2.0,2.0,10.0,3.0,3.0,2.0,2.0,1.0,9.0,5.0,4.0,8.0,13.0,0.0,0.0,1.0,9.0,3.0,194.0,84.0,5.0,36.0,40.0,9.0,25.0,60.0,85.0,1.0,0.0,82.0,70.0,0.0,0.0,31.0,48.0,6.0,6.0,42.0,50.0,48.0,0.0,296.0,114.0,1.0,2.0,1.0,3.531763434410095,3.0,217.07101666666665,35.1959114074707,23625.580078125,0.05129248648881912,0.0
485655,7.0,20.0,0.0,5.0,2.0,0.0,2.0,0.0,0.0,3.0,13.0,0.0,0.0,10.0,2.0,10.0,5.0,10.0,3.0,47.0,3.0,7.074130892753601,29.0,3.0,25.0,20.0,5.0,289.0,32.0,15.0,0.0,12546.749877929688,2236.890007019043,37367.96875,5484.989990234375,26862.97998046875,278.0,361.0,50.0,5.0,16.0,15.0,0.0,0.0,0.0,0.0,0.0,0.0,0.0,0.0,0.0,0.0,0.0,0.0,0.0,0.0,0.0,162.0,8.0,4.0,22.0,17.0,10.0,10.0,121.0,28.0,21.0,10.0,11.0,9.0,112.0,83.0,69.0,91.0,108.0,4.0,3.0,7.0,85.0,8.0,952.0,416.0,69.0,75.0,199.0,91.0,234.0,131.0,365.0,0.0,0.0,417.0,362.0,0.0,0.0,149.0,140.0,9.0,17.0,211.0,244.0,228.0,0.0,1054.0,388.0,0.0,4.0,17.0,8.259577333927155,4.0,719.9583500000001,34.65202713012695,84499.5771484375,2.336453005671501,1.0
485664,0.0,4.0,0.0,0.0,0.0,0.0,0.0,0.0,0.0,3.0,1.0,0.0,0.0,4.0,1.0,2.0,1.0,0.0,0.0,14.0,0.0,6.085875829060872,5.0,0.0,1.0,7.0,2.0,100.0,9.0,0.0,0.0,3467.5,640.0899963378906,9584.269775390625,1489.0499877929688,8824.470458984375,41.0,64.0,7.0,3.0,4.0,0.0,0.0,0.0,0.0,0.0,0.0,0.0,0.0,0.0,0.0,0.0,0.0,0.0,0.0,0.0,0.0,8.0,0.0,0.0,0.0,0.0,0.0,0.0,5.0,3.0,2.0,2.0,2.0,1.0,5.0,3.0,3.0,4.0,7.0,0.0,0.0,0.0,4.0,3.0,144.0,75.0,6.0,31.0,61.0,8.0,44.0,56.0,100.0,0.0,0.0,48.0,42.0,0.0,0.0,29.0,27.0,4.0,6.0,41.0,32.0,47.0,0.0,312.0,115.0,0.0,3.0,4.0,1.6713459491729736,1.0,237.10235,33.96805191040039,24005.380859375,0.19399201311171055,0.0
485666,0.0,0.0,0.0,0.0,0.0,0.0,0.0,0.0,0.0,0.0,0.0,0.0,0.0,0.0,0.0,0.0,0.0,0.0,0.0,0.0,0.0,1.0351306200027466,0.0,0.0,0.0,2.0,0.0,8.0,2.0,0.0,0.0,283.9200134277344,14.250000953674316,678.5399780273438,70.20000457763672,322.8399963378906,0.0,4.0,0.0,0.0,0.0,0.0,,,0.0,0.0,0.0,0.0,0.0,0.0,0.0,0.0,0.0,0.0,0.0,0.0,0.0,3.0,0.0,0.0,0.0,0.0,0.0,0.0,0.0,0.0,0.0,0.0,0.0,0.0,3.0,0.0,0.0,3.0,3.0,0.0,0.0,0.0,0.0,1.0,20.0,7.0,0.0,3.0,5.0,3.0,7.0,4.0,11.0,0.0,0.0,7.0,5.0,0.0,0.0,3.0,2.0,0.0,1.0,3.0,5.0,4.0,0.0,24.0,5.0,1.0,0.0,0.0,1.1922396421432495,0.0,10.00321666666666,26.64223861694336,1369.75,0.0,0.0
485675,0.0,1.0,0.0,0.0,0.0,1.0,0.0,0.0,0.0,0.0,0.0,0.0,0.0,1.0,0.0,0.0,0.0,0.0,0.0,1.0,0.0,2.823298454284668,0.0,0.0,0.0,0.0,0.0,9.0,2.0,0.0,0.0,334.03998947143555,147.64999389648438,975.8401489257812,161.36000204086304,1117.9599914550781,2.0,5.0,2.0,1.0,0.0,0.0,,,0.0,0.0,0.0,0.0,0.0,0.0,0.0,0.0,0.0,0.0,1.0,0.0,0.0,0.0,0.0,0.0,0.0,0.0,0.0,0.0,0.0,0.0,0.0,0.0,0.0,0.0,0.0,0.0,0.0,0.0,0.0,0.0,0.0,0.0,0.0,2.0,14.0,9.0,1.0,2.0,1.0,0.0,3.0,0.0,3.0,0.0,0.0,5.0,4.0,0.0,0.0,0.0,8.0,0.0,3.0,4.0,1.0,7.0,0.0,32.0,14.0,2.0,0.0,0.0,6.246511220932007,0.0,27.808800000000005,30.048599243164062,2736.849853515625,0.1407831758260727,0.0
485676,0.0,2.0,0.0,0.0,1.0,0.0,1.0,0.0,0.0,0.0,0.0,0.0,0.0,2.0,0.0,1.0,0.0,0.0,0.0,12.0,1.0,5.972026030222575,7.0,1.0,0.0,0.0,0.0,43.0,5.0,0.0,0.0,1365.3400421142578,286.25,5025.68994140625,750.9800262451172,5494.2701416015625,11.0,27.0,4.0,6.0,1.0,0.0,0.0,0.0,0.0,0.0,0.0,0.0,0.0,0.0,0.0,0.0,0.0,0.0,0.0,0.0,0.0,6.0,0.0,1.0,1.0,1.0,0.0,0.0,3.0,3.0,1.0,1.0,3.0,0.0,2.0,1.0,0.0,1.0,5.0,0.0,1.0,0.0,2.0,3.0,61.0,41.0,4.0,31.0,17.0,2.0,39.0,11.0,50.0,0.0,0.0,20.0,13.0,0.0,0.0,8.0,28.0,1.0,6.0,22.0,5.0,28.0,0.0,120.0,60.0,2.0,1.0,5.0,8.87065052986145,0.0,134.9916166666667,32.17963409423828,12922.530029296875,0.32829153537750244,0.0
485677,0.0,6.0,0.0,1.0,0.0,0.0,0.0,0.0,0.0,2.0,4.0,0.0,0.0,1.0,1.0,3.0,2.0,5.0,1.0,14.0,2.0,4.025782942771912,9.0,1.0,0.0,1.0,0.0,91.0,23.0,1.0,0.0,7491.2901611328125,357.97999572753906,19970.889892578125,1599.8599548339844,15917.030151367188,103.0,134.0,24.0,6.0,7.0,1.0,,,0.0,0.0,0.0,0.0,0.0,0.0,0.0,0.0,0.0,0.0,0.0,0.0,0.0,58.0,2.0,4.0,16.0,13.0,9.0,10.0,50.0,3.0,3.0,0.0,0.0,1.0,39.0,34.0,29.0,32.0,22.0,2.0,2.0,1.0,17.0,5.0,586.0,225.0,26.0,3.0,24.0,63.0,63.0,27.0,90.0,0.0,0.0,263.0,242.0,0.0,0.0,42.0,12.0,1.0,10.0,86.0,191.0,96.0,0.0,590.0,110.0,1.0,1.0,2.0,0.9289012849330902,0.0,426.23925,30.279003143310547,45337.05078125,0.18647444806993008,1.0
485740,0.0,7.0,0.0,0.0,0.0,2.0,0.0,2.0,0.0,2.0,1.0,0.0,0.0,5.0,2.0,3.0,2.0,2.0,0.0,8.0,3.0,6.688276847203572,2.0,2.0,1.0,0.0,0.0,132.0,48.0,15.0,0.0,10702.849609375,1781.1699981689453,31778.50048828125,3630.8900146484375,22581.28955078125,165.0,196.0,51.0,15.0,7.0,15.0,0.0,0.0,0.0,0.0,0.0,0.0,0.0,0.0,0.0,0.0,0.0,0.0,4.0,0.0,0.0,82.0,2.0,6.0,27.0,23.0,18.0,19.0,63.0,3.0,0.0,0.0,1.0,0.0,52.0,40.0,35.0,44.0,50.0,0.0,5.0,0.0,36.0,6.0,918.0,282.0,19.0,37.0,99.0,198.0,250.0,84.0,334.0,0.0,0.0,433.0,405.0,0.0,0.0,128.0,25.0,1.0,7.0,147.0,294.0,154.0,0.0,836.0,276.0,0.0,1.0,1.0,1.5980797559022903,1.0,634.7040666666667,34.11550521850586,70474.7001953125,0.5974395982921124,0.0
485756,0.0,0.0,0.0,0.0,0.0,0.0,0.0,,0.0,0.0,0.0,0.0,0.0,0.0,0.0,0.0,0.0,0.0,0.0,1.0,0.0,1.2483758926391602,0.0,0.0,0.0,0.0,0.0,3.0,1.0,0.0,0.0,451.2900390625,143.47999572753906,1048.1199951171875,286.57000732421875,917.6700439453125,0.0,1.0,0.0,1.0,1.0,0.0,,,0.0,0.0,0.0,0.0,0.0,0.0,0.0,0.0,0.0,0.0,0.0,0.0,0.0,3.0,0.0,0.0,1.0,1.0,1.0,1.0,2.0,1.0,0.0,0.0,1.0,0.0,1.0,1.0,1.0,1.0,1.0,0.0,0.0,0.0,0.0,1.0,22.0,11.0,1.0,5.0,2.0,1.0,3.0,5.0,8.0,0.0,0.0,14.0,14.0,0.0,0.0,1.0,2.0,0.0,0.0,1.0,7.0,1.0,0.0,36.0,15.0,1.0,0.0,0.0,0.34650757908821106,7.0,22.713966666666664,29.343599319458008,2847.1298828125,0.0,0.0
485760,0.0,3.0,0.0,1.0,0.0,0.0,0.0,0.0,0.0,1.0,2.0,0.0,0.0,0.0,0.0,2.0,0.0,3.0,0.0,14.0,1.0,5.574183305104573,10.0,1.0,0.0,0.0,0.0,113.0,36.0,8.0,0.0,6818.4300537109375,834.910026550293,23305.330810546875,2189.1500244140625,14339.83984375,104.0,136.0,23.0,3.0,6.0,9.0,0.0,0.0,0.0,0.0,0.0,0.0,0.0,0.0,0.0,0.0,0.0,0.0,0.0,1.0,0.0,41.0,1.0,1.0,14.0,12.0,10.0,12.0,31.0,1.0,1.0,0.0,0.0,0.0,26.0,18.0,16.0,24.0,25.0,1.0,1.0,0.0,16.0,5.0,578.0,200.0,10.0,19.0,51.0,104.0,117.0,57.0,174.0,0.0,0.0,264.0,237.0,0.0,0.0,70.0,19.0,0.0,7.0,104.0,166.0,111.0,0.0,586.0,166.0,0.0,3.0,6.0,0.34943499602377415,2.0,425.1304,31.55461883544922,47487.6591796875,0.1367120984941721,0.0
485767,0.0,0.0,0.0,0.0,0.0,0.0,0.0,,0.0,0.0,0.0,0.0,0.0,0.0,0.0,0.0,0.0,0.0,0.0,3.0,1.0,1.858039140701294,3.0,1.0,0.0,0.0,0.0,12.0,9.0,3.0,0.0,1906.9700317382812,347.12998962402344,8168.39013671875,708.0599670410156,8246.949951171875,55.0,62.0,4.0,3.0,5.0,4.0,,,0.0,0.0,0.0,0.0,0.0,0.0,0.0,0.0,0.0,0.0,0.0,1.0,0.0,28.0,0.0,2.0,24.0,20.0,19.0,22.0,23.0,0.0,0.0,0.0,0.0,0.0,4.0,3.0,2.0,2.0,18.0,0.0,1.0,0.0,13.0,2.0,260.0,87.0,2.0,0.0,0.0,13.0,1.0,12.0,13.0,1.0,0.0,119.0,113.0,0.0,0.0,7.0,0.0,0.0,5.0,32.0,83.0,37.0,0.0,154.0,62.0,0.0,0.0,0.0,0.22093131765723228,0.0,208.51815,32.78277587890625,19377.5,0.0,1.0
485802,0.0,0.0,0.0,0.0,0.0,0.0,0.0,0.0,0.0,0.0,0.0,0.0,0.0,0.0,0.0,0.0,0.0,0.0,0.0,0.0,0.0,2.8471773147583006,0.0,0.0,0.0,0.0,0.0,32.0,4.0,0.0,0.0,1565.4700927734375,213.08000946044922,2998.7999267578125,668.1299743652344,2267.1199951171875,7.0,10.0,1.0,1.0,0.0,0.0,0.0,0.0,0.0,0.0,0.0,0.0,0.0,0.0,0.0,0.0,0.0,0.0,0.0,0.0,0.0,1.0,0.0,0.0,0.0,0.0,0.0,0.0,1.0,0.0,0.0,0.0,0.0,0.0,1.0,1.0,1.0,1.0,1.0,0.0,0.0,0.0,1.0,2.0,22.0,12.0,3.0,6.0,2.0,3.0,7.0,4.0,11.0,0.0,0.0,10.0,7.0,0.0,0.0,2.0,8.0,0.0,0.0,10.0,1.0,10.0,0.0,122.0,46.0,2.0,0.0,0.0,6.3084876537323,0.0,64.94615000000002,30.06614875793457,7712.60009765625,0.0,1.0
485804,0.0,1.0,0.0,0.0,0.0,0.0,1.0,,0.0,0.0,0.0,0.0,0.0,1.0,1.0,0.0,1.0,0.0,0.0,5.0,0.0,2.516415500640869,2.0,0.0,0.0,0.0,0.0,36.0,8.0,0.0,0.0,1866.4099731445312,382.6100158691406,5105.3197021484375,764.8399505615234,4294.2200927734375,6.0,13.0,2.0,2.0,2.0,0.0,,,0.0,0.0,0.0,0.0,0.0,0.0,0.0,0.0,0.0,0.0,1.0,0.0,0.0,4.0,1.0,0.0,1.0,0.0,0.0,0.0,1.0,1.0,0.0,0.0,0.0,0.0,2.0,1.0,1.0,1.0,4.0,0.0,0.0,0.0,1.0,2.0,27.0,16.0,1.0,9.0,3.0,1.0,8.0,5.0,13.0,1.0,0.0,8.0,5.0,0.0,0.0,4.0,11.0,1.0,3.0,8.0,6.0,11.0,0.0,169.0,57.0,2.0,0.0,1.0,1.9582114219665527,0.0,117.35748333333333,34.684669494628906,12413.39990234375,0.07400063425302505,0.0
486074,0.0,4.0,0.0,2.0,0.0,0.0,0.0,0.0,0.0,1.0,3.0,0.0,0.0,3.0,1.0,1.0,1.0,1.0,0.0,8.0,0.0,4.393170197804769,6.0,0.0,0.0,0.0,0.0,9.0,3.0,0.0,0.0,986.8799743652344,64.72000122070312,2375.5699462890625,369.5299835205078,2311.4598388671875,21.0,31.0,4.0,0.0,1.0,0.0,,,0.0,0.0,0.0,0.0,0.0,0.0,0.0,0.0,0.0,0.0,0.0,0.0,0.0,9.0,0.0,0.0,1.0,1.0,1.0,1.0,6.0,0.0,0.0,0.0,0.0,0.0,8.0,5.0,5.0,8.0,9.0,0.0,0.0,0.0,6.0,2.0,64.0,29.0,8.0,5.0,6.0,13.0,13.0,11.0,24.0,0.0,0.0,24.0,22.0,0.0,0.0,13.0,9.0,1.0,1.0,19.0,14.0,20.0,0.0,92.0,27.0,2.0,0.0,4.0,2.0301283597946167,0.0,55.25344999999999,28.527507781982422,6108.1600341796875,0.3899257779121399,0.0
486076,0.0,0.0,0.0,0.0,0.0,0.0,0.0,0.0,0.0,0.0,0.0,0.0,0.0,0.0,0.0,0.0,0.0,0.0,0.0,2.0,0.0,2.126746654510498,1.0,0.0,0.0,3.0,0.0,24.0,9.0,0.0,0.0,1241.659912109375,402.78997802734375,4127.5595703125,753.510009765625,3796.320068359375,28.0,38.0,3.0,0.0,2.0,0.0,,,0.0,0.0,0.0,0.0,0.0,0.0,0.0,0.0,0.0,0.0,0.0,0.0,0.0,9.0,0.0,0.0,1.0,1.0,1.0,1.0,7.0,3.0,2.0,2.0,3.0,0.0,5.0,4.0,4.0,5.0,6.0,0.0,0.0,0.0,5.0,1.0,94.0,42.0,3.0,10.0,4.0,1.0,6.0,9.0,15.0,0.0,0.0,46.0,39.0,0.0,0.0,5.0,15.0,2.0,1.0,26.0,15.0,27.0,0.0,103.0,55.0,0.0,1.0,0.0,0.4446731209754944,9.0,97.06983333333332,34.5060920715332,10321.83984375,0.0,0.0
486080,0.0,0.0,0.0,0.0,0.0,0.0,0.0,,0.0,0.0,0.0,0.0,0.0,0.0,0.0,0.0,0.0,0.0,0.0,0.0,0.0,5.861004670461019,0.0,0.0,0.0,1.0,0.0,37.0,15.0,3.0,0.0,3635.380126953125,281.6399955749512,12686.519775390625,1141.6799926757812,11673.229736328125,30.0,35.0,15.0,6.0,0.0,3.0,0.0,0.0,0.0,0.0,0.0,0.0,0.0,0.0,0.0,0.0,0.0,0.0,0.0,0.0,0.0,38.0,2.0,11.0,21.0,11.0,6.0,8.0,17.0,2.0,0.0,0.0,0.0,0.0,15.0,6.0,1.0,2.0,15.0,0.0,5.0,0.0,9.0,3.0,249.0,97.0,5.0,2.0,1.0,8.0,6.0,5.0,11.0,0.0,0.0,116.0,104.0,0.0,0.0,6.0,1.0,0.0,0.0,13.0,102.0,13.0,0.0,311.0,94.0,0.0,0.0,0.0,0.37495456635951996,0.0,301.0626833333333,32.003807067871094,29418.4501953125,0.0,0.0
486081,0.0,3.0,0.0,0.0,0.0,0.0,0.0,0.0,0.0,3.0,0.0,0.0,0.0,1.0,1.0,0.0,2.0,2.0,1.0,5.0,1.0,4.243162473042806,3.0,1.0,0.0,1.0,0.0,27.0,11.0,0.0,0.0,2561.1199951171875,89.80999946594238,8678.509765625,767.1199951171875,6129.68994140625,20.0,27.0,6.0,3.0,3.0,0.0,,,0.0,0.0,0.0,0.0,0.0,0.0,0.0,0.0,0.0,0.0,0.0,0.0,0.0,19.0,2.0,3.0,6.0,2.0,1.0,1.0,9.0,2.0,0.0,0.0,0.0,0.0,11.0,7.0,6.0,6.0,9.0,0.0,1.0,0.0,7.0,2.0,97.0,45.0,4.0,2.0,28.0,37.0,54.0,13.0,67.0,0.0,0.0,42.0,36.0,0.0,0.0,23.0,4.0,0.0,0.0,18.0,31.0,18.0,0.0,204.0,53.0,0.0,2.0,1.0,0.19350719451904297,0.0,172.187,28.67286491394043,18226.25,0.06248646043241024,0.0
486082,0.0,2.0,0.0,1.0,1.0,0.0,0.0,0.0,0.0,1.0,0.0,0.0,0.0,0.0,0.0,1.0,0.0,2.0,0.0,7.0,0.0,6.648441155751546,3.0,0.0,0.0,1.0,1.0,104.0,12.0,0.0,0.0,3755.3099975585938,605.1399841308594,9052.5400390625,1271.5899963378906,8172.23974609375,36.0,53.0,6.0,2.0,1.0,0.0,0.0,0.0,0.0,0.0,0.0,0.0,0.0,0.0,0.0,0.0,0.0,0.0,0.0,0.0,0.0,9.0,0.0,0.0,2.0,1.0,1.0,2.0,2.0,3.0,0.0,0.0,3.0,0.0,4.0,1.0,1.0,4.0,7.0,0.0,0.0,0.0,1.0,3.0,129.0,64.0,4.0,39.0,59.0,2.0,55.0,45.0,100.0,1.0,0.0,51.0,39.0,0.0,0.0,23.0,36.0,4.0,7.0,40.0,19.0,47.0,0.0,338.0,102.0,1.0,1.0,2.0,2.4489582777023315,0.0,209.14438333333334,32.99546813964844,22856.8193359375,0.02695486042648554,0.0
486130,0.0,3.0,0.0,0.0,0.0,0.0,1.0,0.0,0.0,0.0,1.0,0.0,1.0,2.0,1.0,2.0,1.0,1.0,0.0,3.0,0.0,4.919467210769653,1.0,0.0,0.0,1.0,0.0,73.0,14.0,0.0,0.0,2493.699920654297,528.6500015258789,7791.629638671875,1132.4000244140625,6287.97998046875,26.0,35.0,12.0,2.0,2.0,0.0,0.0,0.0,0.0,0.0,0.0,0.0,0.0,0.0,2.0,0.0,2.0,0.0,0.0,0.0,0.0,14.0,0.0,0.0,1.0,1.0,1.0,1.0,11.0,2.0,1.0,1.0,2.0,0.0,11.0,9.0,9.0,11.0,10.0,0.0,0.0,0.0,7.0,3.0,133.0,53.0,6.0,36.0,19.0,13.0,52.0,16.0,68.0,0.0,0.0,54.0,52.0,0.0,0.0,18.0,15.0,1.0,4.0,29.0,31.0,33.0,0.0,221.0,92.0,1.0,2.0,0.0,2.435047835111618,0.0,168.5992,33.33651351928711,18234.360107421875,0.5435497239232063,0.0
486147,0.0,0.0,0.0,0.0,0.0,0.0,0.0,0.0,0.0,0.0,0.0,0.0,0.0,0.0,0.0,0.0,0.0,0.0,0.0,10.0,0.0,6.862760901451111,9.0,0.0,0.0,1.0,1.0,135.0,17.0,3.0,0.0,4948.090026855469,563.7700042724609,15876.900146484375,1830.759994506836,10711.9296875,54.0,69.0,12.0,2.0,3.0,3.0,0.0,0.0,0.0,0.0,0.0,0.0,0.0,0.0,0.0,0.0,0.0,0.0,0.0,0.0,0.0,35.0,2.0,1.0,8.0,6.0,4.0,5.0,28.0,3.0,1.0,0.0,1.0,0.0,24.0,21.0,19.0,21.0,22.0,1.0,1.0,0.0,18.0,4.0,242.0,111.0,12.0,9.0,96.0,43.0,109.0,39.0,148.0,0.0,0.0,116.0,103.0,0.0,0.0,60.0,20.0,0.0,5.0,42.0,70.0,47.0,0.0,420.0,141.0,2.0,0.0,3.0,1.0611255466938019,1.0,297.14445,31.565584182739258,33931.44970703125,0.0,2.0
486150,0.0,0.0,0.0,0.0,0.0,0.0,0.0,0.0,0.0,0.0,0.0,0.0,0.0,0.0,0.0,0.0,0.0,0.0,0.0,2.0,7.0,4.205961227416992,2.0,4.0,0.0,0.0,0.0,10.0,7.0,4.0,0.0,2859.4099731445312,187.35000610351562,12267.960205078125,859.7199859619141,13191.37890625,17.0,30.0,8.0,2.0,4.0,4.0,0.0,0.0,0.0,0.0,0.0,0.0,0.0,0.0,0.0,0.0,0.0,0.0,0.0,0.0,0.0,50.0,7.0,8.0,23.0,12.0,6.0,8.0,23.0,7.0,3.0,0.0,0.0,0.0,20.0,8.0,2.0,5.0,19.0,3.0,3.0,0.0,6.0,3.0,246.0,95.0,3.0,0.0,2.0,14.0,9.0,7.0,16.0,0.0,0.0,115.0,95.0,0.0,0.0,9.0,0.0,0.0,0.0,14.0,100.0,14.0,0.0,230.0,74.0,0.0,0.0,1.0,0.1572710331529379,0.0,313.8529,32.704280853271484,29365.818359375,0.0,0.0
486161,0.0,3.0,0.0,0.0,0.0,0.0,0.0,1.0,0.0,2.0,1.0,0.0,0.0,0.0,0.0,2.0,1.0,3.0,1.0,1.0,2.0,5.726146340370178,1.0,2.0,1.0,2.0,0.0,107.0,13.0,0.0,0.0,3992.7398681640625,423.2300109863281,11738.649169921875,1406.010009765625,5884.2901611328125,27.0,34.0,18.0,3.0,2.0,0.0,,,0.0,0.0,0.0,0.0,0.0,0.0,0.0,0.0,0.0,0.0,0.0,0.0,0.0,26.0,3.0,0.0,3.0,1.0,0.0,0.0,18.0,6.0,3.0,2.0,3.0,0.0,17.0,14.0,13.0,14.0,11.0,1.0,0.0,0.0,9.0,3.0,130.0,63.0,12.0,18.0,34.0,4.0,37.0,19.0,56.0,0.0,0.0,54.0,44.0,0.0,0.0,14.0,34.0,3.0,5.0,17.0,44.0,22.0,0.0,341.0,100.0,1.0,2.0,0.0,2.0541857182979584,0.0,184.20440000000002,32.25748062133789,23444.919921875,0.12335963174700737,0.0
486168,0.0,0.0,0.0,0.0,0.0,0.0,0.0,,0.0,0.0,0.0,0.0,0.0,0.0,0.0,0.0,0.0,0.0,0.0,0.0,0.0,0.0,0.0,0.0,0.0,0.0,0.0,0.0,0.0,0.0,0.0,0.0,0.0,0.0,0.0,0.0,0.0,0.0,0.0,0.0,0.0,0.0,,,0.0,0.0,0.0,0.0,0.0,0.0,0.0,0.0,0.0,0.0,0.0,0.0,0.0,0.0,0.0,0.0,0.0,0.0,0.0,0.0,0.0,0.0,0.0,0.0,0.0,0.0,0.0,0.0,0.0,0.0,0.0,0.0,0.0,0.0,0.0,0.0,0.0,0.0,0.0,0.0,0.0,0.0,0.0,0.0,0.0,0.0,0.0,0.0,0.0,0.0,0.0,0.0,0.0,0.0,0.0,0.0,0.0,0.0,0.0,0.0,0.0,0.0,0.0,0.0,0.0,0.0,0.0,0.0,0.0,0.0,0.0
486196,0.0,0.0,0.0,0.0,0.0,0.0,0.0,,0.0,0.0,0.0,0.0,0.0,0.0,0.0,0.0,0.0,0.0,0.0,0.0,0.0,0.0,0.0,0.0,0.0,0.0,0.0,0.0,0.0,0.0,0.0,0.0,0.0,0.0,0.0,0.0,0.0,0.0,0.0,0.0,0.0,0.0,,,0.0,0.0,0.0,0.0,0.0,0.0,0.0,0.0,0.0,0.0,0.0,0.0,0.0,0.0,0.0,0.0,0.0,0.0,0.0,0.0,0.0,0.0,0.0,0.0,0.0,0.0,0.0,0.0,0.0,0.0,0.0,0.0,0.0,0.0,0.0,0.0,0.0,0.0,0.0,0.0,0.0,0.0,0.0,0.0,0.0,0.0,0.0,0.0,0.0,0.0,0.0,0.0,0.0,0.0,0.0,0.0,0.0,0.0,0.0,0.0,0.0,0.0,0.0,0.0,0.0,0.0,0.0,0.0,0.0,0.0,0.0
486213,1.0,0.0,0.0,0.0,0.0,0.0,0.0,,0.0,0.0,0.0,0.0,0.0,0.0,0.0,0.0,0.0,0.0,0.0,2.0,0.0,3.1394203901290894,2.0,0.0,0.0,2.0,1.0,28.0,0.0,0.0,0.0,1210.22998046875,223.91000366210938,2935.9801635742188,567.8799896240234,2502.8198852539062,4.0,8.0,3.0,0.0,1.0,0.0,0.0,0.0,0.0,0.0,0.0,0.0,0.0,0.0,0.0,0.0,0.0,0.0,0.0,0.0,0.0,2.0,0.0,0.0,0.0,0.0,0.0,0.0,1.0,0.0,0.0,0.0,0.0,0.0,2.0,1.0,1.0,2.0,2.0,0.0,0.0,0.0,1.0,2.0,18.0,12.0,0.0,26.0,8.0,0.0,23.0,11.0,34.0,1.0,0.0,6.0,3.0,0.0,0.0,5.0,8.0,2.0,1.0,7.0,2.0,8.0,0.0,102.0,49.0,2.0,0.0,1.0,3.9757367372512817,0.0,70.37146666666666,33.172882080078125,7440.81982421875,0.0,0.0
486259,0.0,0.0,0.0,0.0,0.0,0.0,0.0,,0.0,0.0,0.0,0.0,0.0,0.0,0.0,0.0,0.0,0.0,0.0,0.0,0.0,0.0,0.0,0.0,0.0,0.0,0.0,0.0,0.0,0.0,0.0,0.0,0.0,0.0,0.0,0.0,0.0,0.0,0.0,0.0,0.0,0.0,,,0.0,0.0,0.0,0.0,0.0,0.0,0.0,0.0,0.0,0.0,0.0,0.0,0.0,0.0,0.0,0.0,0.0,0.0,0.0,0.0,0.0,0.0,0.0,0.0,0.0,0.0,0.0,0.0,0.0,0.0,0.0,0.0,0.0,0.0,0.0,0.0,0.0,0.0,0.0,0.0,0.0,0.0,0.0,0.0,0.0,0.0,0.0,0.0,0.0,0.0,0.0,0.0,0.0,0.0,0.0,0.0,0.0,0.0,0.0,0.0,0.0,0.0,0.0,0.0,0.0,0.0,0.0,0.0,0.0,0.0,0.0
486260,0.0,0.0,0.0,0.0,0.0,0.0,0.0,,0.0,0.0,0.0,0.0,0.0,0.0,0.0,0.0,0.0,0.0,0.0,1.0,0.0,1.6024752855300903,1.0,0.0,0.0,1.0,0.0,20.0,3.0,2.0,0.0,1469.0,188.5500030517578,4588.099609375,657.02001953125,3795.749755859375,39.0,45.0,4.0,2.0,0.0,2.0,,,0.0,0.0,0.0,0.0,0.0,0.0,0.0,0.0,0.0,0.0,0.0,0.0,0.0,37.0,2.0,3.0,13.0,10.0,8.0,8.0,27.0,3.0,1.0,0.0,1.0,0.0,21.0,16.0,14.0,16.0,20.0,1.0,1.0,0.0,16.0,1.0,157.0,56.0,2.0,10.0,2.0,3.0,10.0,5.0,15.0,0.0,0.0,78.0,70.0,0.0,0.0,5.0,10.0,0.0,0.0,29.0,43.0,29.0,0.0,142.0,55.0,0.0,0.0,1.0,0.15439891815185547,7.0,100.30330000000001,30.84474754333496,10698.419921875,0.0,0.0
486268,0.0,3.0,0.0,0.0,0.0,0.0,0.0,0.0,0.0,1.0,1.0,0.0,0.0,1.0,0.0,2.0,1.0,2.0,1.0,2.0,0.0,4.157363653182983,2.0,0.0,0.0,0.0,0.0,28.0,8.0,3.0,0.0,2635.5099487304688,241.04999542236328,12637.219482421875,1000.7000122070312,12002.309814453125,42.0,55.0,4.0,0.0,0.0,4.0,0.0,0.0,0.0,0.0,0.0,0.0,0.0,14.0,0.0,0.0,0.0,0.0,1.0,1.0,0.0,39.0,1.0,6.0,29.0,24.0,20.0,22.0,29.0,1.0,0.0,0.0,0.0,0.0,9.0,5.0,1.0,2.0,22.0,0.0,4.0,0.0,13.0,3.0,323.0,125.0,7.0,0.0,6.0,25.0,17.0,14.0,31.0,0.0,0.0,154.0,142.0,0.0,0.0,14.0,5.0,0.0,6.0,25.0,112.0,31.0,0.0,250.0,72.0,0.0,0.0,0.0,0.21453998424112797,0.0,308.62403333333333,34.35000991821289,28516.7900390625,0.0479549802839756,0.0
486306,0.0,6.0,0.0,2.0,2.0,0.0,1.0,0.0,0.0,3.0,0.0,0.0,0.0,4.0,3.0,1.0,3.0,2.0,0.0,8.0,1.0,5.6631035804748535,2.0,0.0,0.0,1.0,0.0,116.0,3.0,0.0,0.0,3133.4500732421875,1169.5499572753906,11031.710327148438,1427.0500030517578,10517.239990234375,21.0,46.0,13.0,4.0,5.0,0.0,0.0,0.0,0.0,0.0,0.0,0.0,0.0,0.0,1.0,0.0,1.0,0.0,1.0,0.0,0.0,5.0,0.0,0.0,0.0,0.0,0.0,0.0,4.0,1.0,1.0,1.0,1.0,0.0,4.0,3.0,3.0,4.0,5.0,0.0,0.0,0.0,4.0,4.0,124.0,72.0,10.0,34.0,20.0,1.0,36.0,19.0,55.0,0.0,0.0,44.0,32.0,0.0,0.0,13.0,43.0,6.0,9.0,42.0,15.0,51.0,0.0,263.0,129.0,1.0,3.0,1.0,8.107731461524963,0.0,285.9299666666667,35.12529754638672,27278.99951171875,0.8129445053637028,0.0
486317,0.0,1.0,0.0,1.0,0.0,0.0,0.0,0.0,0.0,0.0,1.0,0.0,0.0,1.0,0.0,0.0,0.0,0.0,0.0,5.0,2.0,6.194453716278076,2.0,2.0,0.0,11.0,5.0,78.0,19.0,2.0,0.0,4065.1098022460938,793.690013885498,12769.569580078125,1731.4700393676758,11971.239929199219,80.0,101.0,12.0,6.0,5.0,2.0,0.0,0.0,0.0,0.0,0.0,0.0,0.0,0.0,0.0,0.0,0.0,0.0,0.0,0.0,0.0,66.0,3.0,5.0,24.0,20.0,14.0,16.0,50.0,9.0,5.0,1.0,4.0,2.0,33.0,25.0,18.0,23.0,39.0,3.0,3.0,1.0,31.0,4.0,343.0,144.0,10.0,29.0,38.0,18.0,26.0,59.0,85.0,0.0,0.0,163.0,143.0,0.0,0.0,25.0,28.0,3.0,5.0,68.0,82.0,73.0,0.0,353.0,132.0,1.0,1.0,0.0,0.58006327226758,27.0,311.1920166666667,33.79646682739258,31331.07958984375,0.012967835180461407,1.0
486390,0.0,0.0,0.0,0.0,0.0,0.0,0.0,,0.0,0.0,0.0,0.0,0.0,0.0,0.0,0.0,0.0,0.0,0.0,0.0,0.0,1.0879790306091308,0.0,0.0,0.0,0.0,0.0,0.0,0.0,0.0,0.0,22.81999969482422,33.810001373291016,61.54000473022461,20.850000381469727,92.93000030517578,0.0,0.0,0.0,0.0,0.0,0.0,,,0.0,0.0,0.0,0.0,0.0,0.0,0.0,0.0,0.0,0.0,0.0,0.0,0.0,0.0,0.0,0.0,0.0,0.0,0.0,0.0,0.0,0.0,0.0,0.0,0.0,0.0,0.0,0.0,0.0,0.0,0.0,0.0,0.0,0.0,0.0,1.0,0.0,0.0,0.0,1.0,1.0,0.0,0.0,2.0,2.0,0.0,0.0,0.0,0.0,0.0,0.0,0.0,0.0,0.0,0.0,0.0,0.0,0.0,0.0,1.0,2.0,1.0,0.0,0.0,0.01632477156817913,0.0,2.5436499999999995,27.39565086364746,231.95001220703125,0.0,0.0
486614,0.0,0.0,0.0,0.0,0.0,0.0,0.0,1.0,0.0,0.0,0.0,0.0,0.0,0.0,0.0,0.0,0.0,0.0,0.0,0.0,0.0,1.971266269683838,0.0,0.0,0.0,0.0,0.0,20.0,8.0,0.0,0.0,597.0700073242188,64.12999725341797,1687.8900146484375,236.25999450683594,1486.949951171875,0.0,0.0,2.0,2.0,2.0,0.0,,,0.0,0.0,0.0,0.0,0.0,0.0,0.0,0.0,0.0,0.0,0.0,0.0,0.0,0.0,0.0,0.0,0.0,0.0,0.0,0.0,0.0,0.0,0.0,0.0,0.0,0.0,0.0,0.0,0.0,0.0,0.0,0.0,0.0,0.0,0.0,1.0,1.0,1.0,0.0,0.0,1.0,0.0,0.0,1.0,1.0,0.0,0.0,0.0,0.0,0.0,0.0,0.0,1.0,0.0,1.0,0.0,0.0,1.0,0.0,50.0,20.0,1.0,0.0,0.0,0.052897073328495026,0.0,41.26055000000001,30.176393508911133,4072.2998046875,0.0,0.0
486639,0.0,0.0,0.0,0.0,0.0,0.0,0.0,,0.0,0.0,0.0,0.0,0.0,0.0,0.0,0.0,0.0,0.0,0.0,0.0,0.0,0.0,0.0,0.0,0.0,0.0,0.0,0.0,0.0,0.0,0.0,0.0,0.0,0.0,0.0,0.0,0.0,0.0,0.0,0.0,0.0,0.0,,,0.0,0.0,0.0,0.0,0.0,0.0,0.0,0.0,0.0,0.0,0.0,0.0,0.0,0.0,0.0,0.0,0.0,0.0,0.0,0.0,0.0,0.0,0.0,0.0,0.0,0.0,0.0,0.0,0.0,0.0,0.0,0.0,0.0,0.0,0.0,0.0,0.0,0.0,0.0,0.0,0.0,0.0,0.0,0.0,0.0,0.0,0.0,0.0,0.0,0.0,0.0,0.0,0.0,0.0,0.0,0.0,0.0,0.0,0.0,0.0,0.0,0.0,0.0,0.0,0.0,0.0,0.0,0.0,0.0,0.0,0.0
486875,0.0,0.0,0.0,0.0,0.0,0.0,0.0,,0.0,0.0,0.0,0.0,0.0,0.0,0.0,0.0,0.0,0.0,0.0,1.0,3.0,5.3511576652526855,1.0,3.0,0.0,4.0,0.0,24.0,3.0,1.0,0.0,2203.220001220703,329.2500057220459,10045.040405273438,913.4700164794922,11890.179504394531,19.0,34.0,3.0,2.0,0.0,1.0,0.0,0.0,0.0,0.0,0.0,0.0,0.0,0.0,0.0,0.0,0.0,0.0,0.0,0.0,0.0,52.0,5.0,10.0,24.0,11.0,8.0,9.0,17.0,6.0,1.0,0.0,1.0,0.0,22.0,5.0,2.0,7.0,32.0,1.0,2.0,0.0,9.0,5.0,177.0,80.0,1.0,2.0,3.0,15.0,6.0,14.0,20.0,0.0,0.0,80.0,57.0,0.0,0.0,10.0,5.0,0.0,1.0,10.0,67.0,11.0,0.0,197.0,66.0,3.0,0.0,0.0,0.2019707476720214,10.0,293.80675,31.93389129638672,25381.160400390625,0.0,0.0
486929,0.0,8.0,0.0,1.0,1.0,0.0,1.0,1.0,0.0,2.0,3.0,0.0,0.0,8.0,4.0,2.0,4.0,0.0,0.0,7.0,1.0,6.110407829284668,5.0,1.0,0.0,4.0,0.0,104.0,20.0,0.0,0.0,4176.170074462891,1000.0599746704102,11340.240112304688,1905.4000244140625,10935.14990234375,24.0,50.0,11.0,5.0,5.0,0.0,0.0,0.0,0.0,0.0,0.0,0.0,0.0,0.0,0.0,0.0,0.0,0.0,2.0,0.0,0.0,11.0,0.0,0.0,0.0,0.0,0.0,0.0,5.0,4.0,2.0,2.0,4.0,0.0,7.0,3.0,3.0,7.0,9.0,0.0,0.0,0.0,3.0,5.0,131.0,74.0,11.0,94.0,36.0,2.0,107.0,25.0,132.0,1.0,0.0,41.0,27.0,0.0,0.0,19.0,49.0,6.0,18.0,37.0,13.0,55.0,0.0,350.0,172.0,2.0,3.0,4.0,14.984363436698914,1.0,288.7708166666667,34.86909866333008,29357.0205078125,0.990959882736206,0.0
489300,0.0,1.0,0.0,0.0,0.0,0.0,0.0,0.0,0.0,0.0,1.0,0.0,0.0,0.0,0.0,1.0,0.0,1.0,0.0,8.0,3.0,6.646244208017985,4.0,3.0,0.0,6.0,0.0,91.0,26.0,3.0,0.0,5235.2501220703125,939.3300323486328,14860.4599609375,2295.1799926757812,10666.7998046875,48.0,75.0,26.0,7.0,6.0,3.0,0.0,0.0,0.0,0.0,0.0,0.0,0.0,0.0,0.0,0.0,0.0,0.0,0.0,0.0,0.0,36.0,1.0,3.0,17.0,12.0,11.0,13.0,20.0,6.0,2.0,2.0,3.0,2.0,13.0,6.0,5.0,7.0,24.0,0.0,1.0,0.0,12.0,3.0,243.0,119.0,8.0,41.0,45.0,30.0,32.0,84.0,116.0,0.0,0.0,111.0,93.0,0.0,0.0,36.0,25.0,1.0,3.0,44.0,61.0,47.0,0.0,447.0,187.0,0.0,0.0,1.0,0.7699595913290977,17.0,306.90215,32.86417770385742,33997.0205078125,0.014067264273762703,0.0
489417,0.0,0.0,0.0,0.0,0.0,0.0,0.0,,0.0,0.0,0.0,0.0,0.0,0.0,0.0,0.0,0.0,0.0,0.0,0.0,0.0,1.3127227783203126,0.0,0.0,0.0,1.0,0.0,26.0,3.0,0.0,0.0,858.2899780273438,164.1000213623047,2567.179931640625,318.2099914550781,2129.280029296875,3.0,5.0,2.0,2.0,0.0,0.0,,,0.0,0.0,0.0,0.0,0.0,0.0,0.0,0.0,0.0,0.0,0.0,0.0,0.0,3.0,0.0,0.0,0.0,0.0,0.0,0.0,1.0,1.0,0.0,0.0,1.0,0.0,2.0,1.0,1.0,2.0,3.0,0.0,0.0,0.0,1.0,1.0,15.0,10.0,0.0,5.0,0.0,0.0,3.0,2.0,5.0,2.0,0.0,4.0,3.0,0.0,0.0,0.0,5.0,0.0,1.0,7.0,1.0,8.0,0.0,77.0,23.0,0.0,1.0,0.0,1.2113806009292603,0.0,55.1241,33.636871337890625,6037.06005859375,0.0,0.0
489517,0.0,3.0,0.0,0.0,0.0,2.0,0.0,1.0,0.0,0.0,0.0,0.0,0.0,3.0,2.0,1.0,2.0,0.0,0.0,3.0,4.0,5.923632025718689,3.0,3.0,0.0,1.0,0.0,56.0,17.0,10.0,0.0,4304.110107421875,497.1499938964844,18604.37890625,1480.4200439453125,17765.329833984375,90.0,115.0,11.0,4.0,2.0,12.0,0.0,0.0,0.0,0.0,0.0,0.0,0.0,0.0,1.0,0.0,1.0,0.0,3.0,2.0,0.0,105.0,3.0,11.0,32.0,25.0,16.0,18.0,84.0,5.0,3.0,0.0,0.0,2.0,68.0,56.0,46.0,52.0,54.0,2.0,7.0,1.0,39.0,4.0,739.0,189.0,15.0,2.0,3.0,38.0,13.0,30.0,43.0,0.0,0.0,360.0,335.0,0.0,0.0,34.0,5.0,0.0,5.0,43.0,305.0,48.0,0.0,374.0,114.0,0.0,0.0,1.0,0.3469502329826355,0.0,432.60131666666666,31.48904037475586,42651.390625,0.14577358216047287,0.0
489518,2.0,2.0,0.0,0.0,0.0,0.0,0.0,0.0,0.0,0.0,2.0,0.0,0.0,1.0,1.0,0.0,2.0,1.0,1.0,13.0,0.0,6.159956216812134,7.0,0.0,3.0,8.0,1.0,75.0,13.0,1.0,0.0,3378.300018310547,833.0800170898438,11472.030517578125,1642.9100036621094,10762.75,50.0,75.0,17.0,2.0,5.0,1.0,0.0,0.0,0.0,0.0,0.0,0.0,0.0,0.0,2.0,0.0,1.0,1.0,0.0,0.0,0.0,30.0,3.0,1.0,5.0,4.0,1.0,1.0,24.0,6.0,5.0,3.0,3.0,0.0,19.0,15.0,12.0,15.0,29.0,2.0,1.0,0.0,23.0,4.0,182.0,91.0,9.0,39.0,28.0,13.0,40.0,40.0,80.0,1.0,0.0,67.0,56.0,0.0,0.0,30.0,46.0,6.0,8.0,54.0,31.0,62.0,0.0,285.0,131.0,2.0,1.0,5.0,3.6836252212524414,1.0,282.13658333333336,34.71531677246094,28089.0712890625,0.16220996156334877,1.0
489520,0.0,2.0,0.0,0.0,0.0,0.0,0.0,0.0,0.0,0.0,2.0,0.0,0.0,1.0,0.0,2.0,0.0,1.0,0.0,1.0,0.0,6.165341138839722,1.0,0.0,0.0,0.0,0.0,43.0,18.0,5.0,0.0,4678.179870605469,532.0299835205078,15061.0302734375,1805.0700073242188,14158.079833984375,51.0,69.0,14.0,4.0,0.0,5.0,0.0,0.0,0.0,0.0,0.0,0.0,0.0,0.0,0.0,0.0,0.0,0.0,1.0,0.0,0.0,44.0,1.0,6.0,33.0,23.0,23.0,26.0,26.0,1.0,0.0,0.0,0.0,0.0,10.0,3.0,3.0,3.0,31.0,0.0,0.0,0.0,15.0,4.0,345.0,121.0,7.0,0.0,1.0,38.0,10.0,29.0,39.0,0.0,0.0,165.0,148.0,0.0,0.0,26.0,4.0,0.0,3.0,34.0,125.0,37.0,0.0,419.0,139.0,0.0,2.0,0.0,0.3068404980003834,1.0,353.46441666666664,31.47146987915039,36234.3896484375,0.08334025554358959,1.0
489521,0.0,1.0,0.0,1.0,0.0,0.0,0.0,0.0,0.0,1.0,0.0,0.0,0.0,1.0,0.0,0.0,0.0,0.0,0.0,1.0,2.0,2.855592131614685,1.0,1.0,0.0,0.0,0.0,9.0,4.0,3.0,0.0,2080.5999755859375,160.37000274658203,8524.080078125,867.9199523925781,8478.13037109375,26.0,37.0,1.0,1.0,3.0,5.0,,,0.0,0.0,0.0,0.0,0.0,1.0,0.0,0.0,0.0,0.0,0.0,2.0,0.0,51.0,2.0,10.0,25.0,17.0,13.0,13.0,34.0,2.0,2.0,0.0,0.0,0.0,24.0,15.0,11.0,12.0,20.0,2.0,2.0,0.0,12.0,2.0,318.0,100.0,7.0,0.0,0.0,7.0,3.0,4.0,7.0,0.0,0.0,153.0,137.0,0.0,0.0,3.0,1.0,0.0,1.0,20.0,131.0,21.0,0.0,186.0,63.0,0.0,0.0,0.0,0.2837017923593521,0.0,211.59571666666665,29.098703384399414,20111.099609375,0.008627085015177727,1.0
489523,0.0,0.0,0.0,0.0,0.0,0.0,0.0,,0.0,0.0,0.0,0.0,0.0,0.0,0.0,0.0,0.0,0.0,0.0,1.0,1.0,3.432230591773987,0.0,0.0,0.0,0.0,0.0,33.0,4.0,1.0,0.0,1732.9200439453125,285.6600036621094,4520.7901611328125,806.3199768066406,3555.2799072265625,12.0,18.0,4.0,0.0,1.0,1.0,0.0,0.0,0.0,0.0,0.0,0.0,0.0,0.0,0.0,0.0,0.0,0.0,0.0,0.0,0.0,8.0,0.0,0.0,0.0,0.0,0.0,0.0,4.0,0.0,0.0,0.0,0.0,0.0,8.0,4.0,4.0,8.0,6.0,0.0,0.0,0.0,3.0,2.0,53.0,28.0,0.0,3.0,11.0,10.0,14.0,10.0,24.0,0.0,0.0,24.0,17.0,0.0,0.0,9.0,4.0,0.0,2.0,16.0,9.0,18.0,0.0,142.0,62.0,1.0,1.0,0.0,0.45067301392555237,0.0,95.52770000000001,30.698183059692383,10900.969970703125,0.0,0.0
489550,0.0,0.0,0.0,0.0,0.0,0.0,0.0,,0.0,0.0,0.0,0.0,0.0,0.0,0.0,0.0,0.0,0.0,0.0,0.0,0.0,4.15792449315389,0.0,0.0,0.0,0.0,0.0,42.0,14.0,0.0,0.0,2143.4600830078125,372.9599914550781,8791.6298828125,845.4100036621094,7695.130126953125,21.0,31.0,4.0,2.0,1.0,0.0,,,0.0,0.0,0.0,0.0,0.0,0.0,0.0,0.0,0.0,0.0,0.0,0.0,0.0,36.0,0.0,6.0,17.0,9.0,9.0,11.0,18.0,1.0,1.0,0.0,0.0,1.0,18.0,8.0,7.0,11.0,25.0,0.0,0.0,1.0,10.0,2.0,112.0,57.0,4.0,1.0,4.0,17.0,8.0,14.0,22.0,0.0,0.0,58.0,43.0,0.0,0.0,6.0,0.0,0.0,1.0,14.0,34.0,15.0,0.0,206.0,75.0,0.0,2.0,0.0,0.05062577500939369,11.0,190.9975,32.369712829589844,19848.5908203125,0.0,1.0
489551,0.0,0.0,0.0,0.0,0.0,0.0,0.0,,0.0,0.0,0.0,0.0,0.0,0.0,0.0,0.0,0.0,0.0,0.0,0.0,0.0,2.237814426422119,0.0,0.0,0.0,0.0,0.0,6.0,3.0,0.0,0.0,1246.2099609375,276.260009765625,4107.43994140625,384.95001220703125,2401.08984375,10.0,15.0,2.0,0.0,0.0,0.0,0.0,0.0,0.0,0.0,0.0,0.0,0.0,0.0,0.0,0.0,0.0,0.0,0.0,0.0,0.0,14.0,0.0,3.0,8.0,5.0,4.0,5.0,9.0,0.0,0.0,0.0,0.0,0.0,6.0,4.0,3.0,3.0,6.0,0.0,1.0,0.0,5.0,1.0,60.0,26.0,1.0,0.0,2.0,24.0,4.0,22.0,26.0,0.0,0.0,31.0,24.0,0.0,0.0,10.0,1.0,0.0,0.0,10.0,16.0,10.0,0.0,115.0,31.0,0.0,1.0,0.0,0.14397409558296204,7.0,75.17195,31.16468620300293,8415.9501953125,0.0,0.0
489603,0.0,1.0,0.0,0.0,0.0,0.0,0.0,0.0,0.0,1.0,0.0,0.0,0.0,1.0,0.0,0.0,0.0,0.0,0.0,3.0,2.0,6.135492483774821,2.0,2.0,0.0,3.0,1.0,24.0,10.0,2.0,0.0,4032.179931640625,606.6900177001953,12632.100341796875,1326.6000061035156,13016.349609375,19.0,33.0,5.0,3.0,0.0,2.0,0.0,0.0,0.0,0.0,0.0,0.0,0.0,11.0,0.0,0.0,0.0,0.0,0.0,0.0,0.0,45.0,3.0,11.0,21.0,11.0,7.0,7.0,19.0,3.0,0.0,0.0,0.0,0.0,21.0,8.0,4.0,7.0,33.0,0.0,4.0,0.0,12.0,3.0,265.0,93.0,8.0,3.0,1.0,24.0,12.0,16.0,28.0,1.0,0.0,129.0,114.0,0.0,0.0,13.0,4.0,1.0,1.0,21.0,99.0,22.0,0.0,369.0,108.0,0.0,0.0,0.0,0.2243092879652977,3.0,309.48558333333335,32.901615142822266,31613.9189453125,0.062201306223869324,1.0
489685,0.0,0.0,0.0,0.0,0.0,0.0,0.0,,0.0,0.0,0.0,0.0,0.0,0.0,0.0,0.0,0.0,0.0,0.0,0.0,0.0,1.5835155844688416,0.0,0.0,0.0,0.0,0.0,0.0,0.0,6.0,0.0,232.6699981689453,10.290000915527344,2263.050048828125,76.78000068664551,7976.42041015625,1.0,8.0,0.0,0.0,0.0,10.0,,,54.0,46.0,1.4166666865348816,12.0,11.0,12.0,0.0,0.0,0.0,0.0,0.0,4.0,0.0,71.0,6.0,16.0,31.0,9.0,4.0,9.0,22.0,6.0,1.0,0.0,0.0,0.0,34.0,12.0,7.0,12.0,11.0,1.0,4.0,0.0,2.0,2.0,131.0,83.0,6.0,0.0,0.0,9.0,6.0,3.0,9.0,0.0,0.0,73.0,39.0,0.0,0.0,2.0,0.0,0.0,0.0,1.0,39.0,1.0,0.0,17.0,8.0,0.0,0.0,0.0,0.08810235373675823,0.0,200.04465,27.657012939453125,10559.2099609375,0.0,0.0
489688,0.0,7.0,0.0,1.0,1.0,0.0,0.0,2.0,0.0,1.0,5.0,0.0,0.0,1.0,0.0,3.0,3.0,6.0,3.0,11.0,3.0,6.397312045097351,4.0,2.0,9.0,17.0,5.0,100.0,22.0,8.0,0.0,5438.070068359375,374.0899829864502,17098.81982421875,1607.6699829101562,15089.16015625,62.0,97.0,21.0,4.0,8.0,8.0,0.0,0.0,0.0,0.0,0.0,0.0,0.0,0.0,2.0,0.0,0.0,2.0,0.0,0.0,0.0,46.0,1.0,3.0,9.0,4.0,3.0,5.0,20.0,2.0,0.0,0.0,0.0,1.0,35.0,16.0,15.0,30.0,31.0,0.0,1.0,0.0,14.0,4.0,278.0,142.0,16.0,21.0,59.0,68.0,111.0,37.0,148.0,0.0,0.0,107.0,84.0,0.0,0.0,55.0,28.0,2.0,6.0,79.0,49.0,85.0,0.0,434.0,109.0,0.0,2.0,2.0,1.0648617073893547,0.0,371.23356666666666,30.735292434692383,39607.810546875,0.43547920882701874,1.0
489689,1.0,2.0,0.0,0.0,0.0,1.0,0.0,0.0,0.0,0.0,1.0,0.0,0.0,2.0,0.0,2.0,0.0,0.0,0.0,4.0,0.0,6.927306413650513,4.0,0.0,0.0,2.0,0.0,60.0,13.0,1.0,0.0,3370.7999877929688,486.1000061035156,10503.259765625,1103.3299865722656,8399.439697265625,46.0,54.0,10.0,7.0,4.0,1.0,0.0,0.0,0.0,0.0,0.0,0.0,0.0,0.0,0.0,0.0,0.0,0.0,1.0,0.0,0.0,31.0,1.0,1.0,9.0,8.0,6.0,7.0,27.0,2.0,2.0,1.0,1.0,0.0,20.0,17.0,15.0,18.0,15.0,1.0,1.0,0.0,13.0,4.0,193.0,80.0,7.0,7.0,16.0,29.0,43.0,9.0,52.0,0.0,0.0,88.0,80.0,0.0,0.0,28.0,14.0,3.0,5.0,35.0,52.0,40.0,0.0,283.0,89.0,3.0,1.0,2.0,0.6732694450765848,6.0,207.3285,32.584617614746094,23862.92919921875,0.6784200966358185,1.0
489691,0.0,1.0,0.0,0.0,0.0,0.0,1.0,,0.0,0.0,0.0,0.0,0.0,1.0,0.0,0.0,0.0,0.0,0.0,0.0,0.0,2.1435635089874268,0.0,0.0,0.0,0.0,0.0,3.0,0.0,0.0,0.0,102.28999328613281,0.0,385.5799865722656,46.69999694824219,179.0800018310547,1.0,3.0,0.0,0.0,0.0,0.0,,,0.0,0.0,0.0,0.0,0.0,0.0,0.0,0.0,0.0,0.0,1.0,0.0,0.0,0.0,0.0,0.0,0.0,0.0,0.0,0.0,0.0,0.0,0.0,0.0,0.0,0.0,0.0,0.0,0.0,0.0,0.0,0.0,0.0,0.0,0.0,1.0,6.0,2.0,1.0,1.0,2.0,0.0,2.0,1.0,3.0,0.0,0.0,2.0,1.0,0.0,0.0,0.0,2.0,0.0,1.0,2.0,0.0,3.0,0.0,11.0,2.0,1.0,0.0,0.0,5.057769775390625,0.0,5.003616666666659,24.158710479736328,713.6499633789062,0.01144497748464346,0.0
489696,0.0,0.0,0.0,0.0,0.0,0.0,0.0,,0.0,0.0,0.0,0.0,0.0,0.0,0.0,0.0,0.0,0.0,0.0,0.0,1.0,0.9889233112335205,0.0,1.0,0.0,0.0,0.0,1.0,1.0,0.0,0.0,226.4700164794922,128.28001403808594,1201.5699462890625,122.06999969482422,1202.31005859375,5.0,6.0,1.0,0.0,0.0,0.0,0.0,0.0,0.0,0.0,0.0,0.0,0.0,0.0,0.0,0.0,0.0,0.0,0.0,0.0,0.0,4.0,0.0,0.0,2.0,2.0,2.0,2.0,4.0,0.0,0.0,0.0,0.0,0.0,2.0,2.0,2.0,2.0,2.0,0.0,0.0,0.0,2.0,1.0,20.0,8.0,0.0,0.0,0.0,4.0,1.0,3.0,4.0,0.0,0.0,10.0,9.0,0.0,0.0,1.0,0.0,0.0,0.0,1.0,9.0,1.0,0.0,26.0,11.0,1.0,0.0,0.0,0.05401967465877533,0.0,29.029866666666663,35.5058479309082,2880.699951171875,0.0,0.0
489704,0.0,2.0,0.0,0.0,0.0,2.0,0.0,0.0,0.0,0.0,0.0,0.0,0.0,2.0,0.0,2.0,0.0,0.0,0.0,8.0,1.0,5.767986011505127,7.0,1.0,0.0,0.0,0.0,45.0,11.0,3.0,0.0,5477.469787597656,481.2200241088867,19868.540283203125,1976.4400634765625,22064.14990234375,46.0,63.0,9.0,5.0,3.0,6.0,0.0,0.0,0.0,0.0,0.0,0.0,0.0,7.0,0.0,0.0,0.0,0.0,2.0,3.0,0.0,96.0,4.0,7.0,53.0,46.0,39.0,42.0,82.0,4.0,2.0,0.0,0.0,0.0,39.0,34.0,27.0,28.0,27.0,2.0,5.0,0.0,18.0,5.0,713.0,234.0,15.0,2.0,0.0,43.0,15.0,30.0,45.0,0.0,0.0,336.0,320.0,0.0,0.0,26.0,3.0,0.0,5.0,29.0,296.0,34.0,0.0,498.0,145.0,0.0,0.0,1.0,0.455841526389122,0.0,518.5802,32.3800163269043,49867.8193359375,0.27501171827316284,2.0
489732,0.0,6.0,0.0,2.0,0.0,0.0,0.0,0.0,0.0,2.0,4.0,0.0,0.0,4.0,1.0,3.0,1.0,2.0,0.0,22.0,0.0,3.658501446247101,12.0,0.0,0.0,22.0,9.0,80.0,16.0,0.0,0.0,3925.279998779297,1159.229965209961,10296.809814453125,1718.7599792480469,13478.100463867188,60.0,97.0,9.0,2.0,3.0,0.0,0.0,0.0,0.0,0.0,0.0,0.0,0.0,0.0,0.0,0.0,0.0,0.0,0.0,0.0,0.0,40.0,3.0,1.0,5.0,2.0,0.0,1.0,28.0,14.0,11.0,8.0,10.0,1.0,21.0,15.0,12.0,16.0,24.0,2.0,0.0,1.0,16.0,5.0,277.0,132.0,18.0,80.0,75.0,20.0,38.0,137.0,175.0,1.0,0.0,94.0,82.0,0.0,0.0,52.0,68.0,17.0,7.0,33.0,106.0,40.0,0.0,335.0,147.0,1.0,4.0,10.0,4.199827134609222,4.0,315.5636666666667,34.30588912963867,30578.1796875,0.606085002887994,0.0
489849,0.0,0.0,0.0,0.0,0.0,0.0,0.0,,0.0,0.0,0.0,0.0,0.0,0.0,0.0,0.0,0.0,0.0,0.0,0.0,0.0,0.0,0.0,0.0,0.0,0.0,0.0,0.0,0.0,0.0,0.0,0.0,0.0,0.0,0.0,0.0,0.0,0.0,0.0,0.0,0.0,0.0,,,0.0,0.0,0.0,0.0,0.0,0.0,0.0,0.0,0.0,0.0,0.0,0.0,0.0,0.0,0.0,0.0,0.0,0.0,0.0,0.0,0.0,0.0,0.0,0.0,0.0,0.0,0.0,0.0,0.0,0.0,0.0,0.0,0.0,0.0,0.0,0.0,0.0,0.0,0.0,0.0,0.0,0.0,0.0,0.0,0.0,0.0,0.0,0.0,0.0,0.0,0.0,0.0,0.0,0.0,0.0,0.0,0.0,0.0,0.0,0.0,0.0,0.0,0.0,0.0,0.0,0.0,0.0,0.0,0.0,0.0,0.0
491166,0.0,0.0,0.0,0.0,0.0,0.0,0.0,0.0,0.0,0.0,0.0,0.0,0.0,0.0,0.0,0.0,0.0,0.0,0.0,3.0,0.0,3.374863028526306,1.0,0.0,0.0,0.0,0.0,57.0,4.0,0.0,0.0,1575.9000244140625,218.81999969482422,4338.6099853515625,634.4700012207031,3062.330078125,4.0,10.0,1.0,1.0,0.0,0.0,0.0,0.0,0.0,0.0,0.0,0.0,0.0,0.0,0.0,0.0,0.0,0.0,0.0,0.0,0.0,5.0,0.0,0.0,1.0,0.0,0.0,1.0,0.0,0.0,0.0,0.0,0.0,0.0,4.0,0.0,0.0,4.0,3.0,0.0,0.0,0.0,0.0,2.0,35.0,22.0,1.0,5.0,6.0,1.0,8.0,4.0,12.0,0.0,0.0,12.0,6.0,0.0,0.0,3.0,6.0,0.0,1.0,9.0,7.0,10.0,0.0,140.0,53.0,1.0,1.0,1.0,1.074954092502594,0.0,88.11825,31.069881439208984,9830.1298828125,0.0,0.0
491167,0.0,0.0,0.0,0.0,0.0,0.0,0.0,,0.0,0.0,0.0,0.0,0.0,0.0,0.0,0.0,0.0,0.0,0.0,0.0,0.0,2.191260655721029,0.0,0.0,0.0,0.0,0.0,26.0,2.0,0.0,0.0,467.489990234375,19.81999969482422,962.469970703125,152.17999267578125,535.010009765625,2.0,2.0,2.0,1.0,0.0,0.0,,,0.0,0.0,0.0,0.0,0.0,0.0,0.0,0.0,0.0,0.0,0.0,0.0,0.0,1.0,0.0,0.0,0.0,0.0,0.0,0.0,1.0,0.0,0.0,0.0,0.0,0.0,1.0,1.0,1.0,1.0,1.0,0.0,0.0,0.0,1.0,1.0,8.0,4.0,0.0,1.0,3.0,0.0,4.0,0.0,4.0,0.0,0.0,4.0,4.0,0.0,0.0,3.0,2.0,0.0,0.0,2.0,2.0,2.0,0.0,48.0,10.0,1.0,0.0,0.0,0.11620829999446869,0.0,19.49621666666667,27.126724243164062,2136.969970703125,0.0,0.0
491216,0.0,0.0,0.0,0.0,0.0,0.0,0.0,,0.0,0.0,0.0,0.0,0.0,0.0,0.0,0.0,0.0,0.0,0.0,1.0,0.0,1.3201395988464355,0.0,0.0,0.0,0.0,0.0,10.0,1.0,0.0,0.0,331.2099914550781,89.30001068115234,1174.68994140625,119.86000061035156,1144.8800048828125,0.0,1.0,2.0,0.0,0.0,0.0,,,0.0,0.0,0.0,0.0,0.0,0.0,0.0,0.0,0.0,0.0,0.0,0.0,0.0,5.0,0.0,0.0,4.0,4.0,4.0,4.0,5.0,0.0,0.0,0.0,0.0,0.0,1.0,1.0,1.0,1.0,0.0,0.0,0.0,0.0,0.0,1.0,23.0,8.0,1.0,0.0,2.0,1.0,3.0,0.0,3.0,0.0,0.0,11.0,11.0,0.0,0.0,1.0,1.0,0.0,0.0,1.0,11.0,1.0,0.0,33.0,7.0,1.0,0.0,0.0,0.051053695380687714,0.0,26.00508333333333,30.6185245513916,2859.93994140625,0.0,0.0
491218,0.0,1.0,0.0,0.0,0.0,0.0,0.0,,0.0,0.0,1.0,0.0,0.0,0.0,0.0,1.0,0.0,1.0,0.0,2.0,0.0,1.705165147781372,1.0,0.0,0.0,3.0,0.0,15.0,4.0,0.0,0.0,658.6500244140625,174.32000732421875,1611.6400146484375,258.9700012207031,1572.4300537109375,5.0,13.0,2.0,0.0,0.0,0.0,,,0.0,0.0,0.0,0.0,0.0,0.0,0.0,0.0,0.0,0.0,0.0,0.0,0.0,3.0,0.0,0.0,0.0,0.0,0.0,0.0,1.0,1.0,0.0,0.0,1.0,0.0,2.0,1.0,1.0,2.0,2.0,0.0,0.0,0.0,0.0,1.0,36.0,16.0,2.0,7.0,4.0,0.0,2.0,9.0,11.0,0.0,0.0,14.0,11.0,0.0,0.0,5.0,7.0,2.0,0.0,8.0,10.0,8.0,0.0,55.0,20.0,1.0,0.0,0.0,0.6644221544265747,1.0,37.55675000000001,31.224519729614258,4276.01025390625,0.0758650004863739,0.0
491228,0.0,0.0,0.0,0.0,0.0,0.0,0.0,,0.0,0.0,0.0,0.0,0.0,0.0,0.0,0.0,0.0,0.0,0.0,0.0,0.0,0.0,0.0,0.0,0.0,0.0,0.0,0.0,0.0,0.0,0.0,0.0,0.0,0.0,0.0,0.0,0.0,0.0,0.0,0.0,0.0,0.0,,,0.0,0.0,0.0,0.0,0.0,0.0,0.0,0.0,0.0,0.0,0.0,0.0,0.0,0.0,0.0,0.0,0.0,0.0,0.0,0.0,0.0,0.0,0.0,0.0,0.0,0.0,0.0,0.0,0.0,0.0,0.0,0.0,0.0,0.0,0.0,0.0,0.0,0.0,0.0,0.0,0.0,0.0,0.0,0.0,0.0,0.0,0.0,0.0,0.0,0.0,0.0,0.0,0.0,0.0,0.0,0.0,0.0,0.0,0.0,0.0,0.0,0.0,0.0,0.0,0.0,0.0,0.0,0.0,0.0,0.0,0.0
491244,0.0,1.0,0.0,1.0,0.0,0.0,0.0,0.0,0.0,0.0,1.0,0.0,0.0,1.0,1.0,0.0,1.0,0.0,0.0,8.0,0.0,5.143563270568848,7.0,0.0,0.0,0.0,0.0,30.0,10.0,1.0,0.0,5457.890075683594,590.5000228881836,24328.6689453125,1803.31005859375,19567.8505859375,104.0,123.0,2.0,2.0,0.0,1.0,0.0,0.0,0.0,0.0,0.0,0.0,0.0,15.0,0.0,0.0,0.0,0.0,0.0,0.0,0.0,67.0,2.0,8.0,40.0,34.0,28.0,30.0,52.0,4.0,1.0,0.0,1.0,1.0,23.0,17.0,11.0,12.0,33.0,1.0,5.0,0.0,24.0,5.0,606.0,180.0,13.0,1.0,9.0,88.0,39.0,59.0,98.0,0.0,0.0,301.0,282.0,0.0,0.0,61.0,5.0,1.0,0.0,49.0,237.0,49.0,0.0,475.0,141.0,0.0,2.0,1.0,0.4259347692131996,2.0,503.2486666666667,33.07427215576172,51748.220703125,0.6097474098205566,0.0
491255,0.0,1.0,0.0,0.0,0.0,0.0,0.0,,0.0,0.0,1.0,0.0,0.0,0.0,0.0,1.0,0.0,1.0,0.0,0.0,0.0,5.410485744476318,0.0,0.0,1.0,2.0,1.0,24.0,3.0,2.0,0.0,1665.7801055908203,313.58998107910156,5919.750640869141,825.0799865722656,4364.339874267578,15.0,21.0,8.0,0.0,0.0,2.0,0.0,0.0,0.0,0.0,0.0,0.0,0.0,0.0,0.0,0.0,0.0,0.0,0.0,0.0,0.0,19.0,1.0,0.0,5.0,4.0,4.0,4.0,9.0,3.0,1.0,1.0,1.0,1.0,11.0,4.0,4.0,9.0,10.0,0.0,0.0,0.0,3.0,3.0,88.0,40.0,2.0,9.0,18.0,4.0,17.0,14.0,31.0,1.0,0.0,46.0,38.0,0.0,0.0,10.0,8.0,0.0,2.0,10.0,27.0,12.0,0.0,149.0,63.0,2.0,1.0,0.0,0.531141921877861,10.0,114.62848333333332,31.889440536499023,13088.54052734375,0.01162612996995449,0.0
491269,0.0,0.0,0.0,0.0,0.0,0.0,0.0,,0.0,0.0,0.0,0.0,0.0,0.0,0.0,0.0,0.0,0.0,0.0,0.0,0.0,0.0,0.0,0.0,0.0,0.0,0.0,0.0,0.0,0.0,0.0,0.0,0.0,0.0,0.0,0.0,0.0,0.0,0.0,0.0,0.0,0.0,,,0.0,0.0,0.0,0.0,0.0,0.0,0.0,0.0,0.0,0.0,0.0,0.0,0.0,0.0,0.0,0.0,0.0,0.0,0.0,0.0,0.0,0.0,0.0,0.0,0.0,0.0,0.0,0.0,0.0,0.0,0.0,0.0,0.0,0.0,0.0,0.0,0.0,0.0,0.0,0.0,0.0,0.0,0.0,0.0,0.0,0.0,0.0,0.0,0.0,0.0,0.0,0.0,0.0,0.0,0.0,0.0,0.0,0.0,0.0,0.0,0.0,0.0,0.0,0.0,0.0,0.0,0.0,0.0,0.0,0.0,0.0
492189,0.0,0.0,0.0,0.0,0.0,0.0,0.0,,0.0,0.0,0.0,0.0,0.0,0.0,0.0,0.0,0.0,0.0,0.0,0.0,0.0,1.5608967781066894,0.0,0.0,0.0,0.0,0.0,1.0,1.0,0.0,0.0,265.1700134277344,22.229999542236328,404.2400207519531,85.66999816894531,264.760009765625,0.0,0.0,0.0,0.0,0.0,0.0,0.0,0.0,0.0,0.0,0.0,0.0,0.0,0.0,0.0,0.0,0.0,0.0,0.0,0.0,0.0,0.0,0.0,0.0,0.0,0.0,0.0,0.0,0.0,0.0,0.0,0.0,0.0,0.0,0.0,0.0,0.0,0.0,0.0,0.0,0.0,0.0,0.0,1.0,0.0,0.0,0.0,1.0,0.0,0.0,0.0,1.0,1.0,0.0,0.0,0.0,0.0,0.0,0.0,0.0,0.0,0.0,0.0,0.0,0.0,0.0,0.0,16.0,6.0,1.0,0.0,0.0,0.07843904197216034,0.0,7.922483333333332,28.377859115600586,1042.070068359375,0.0,0.0
492315,0.0,0.0,0.0,0.0,0.0,0.0,0.0,,0.0,0.0,0.0,0.0,0.0,0.0,0.0,0.0,0.0,0.0,0.0,4.0,4.0,6.177628835042317,4.0,4.0,0.0,4.0,0.0,19.0,4.0,5.0,0.0,4424.14013671875,514.4300079345703,13246.789794921875,1510.6500549316406,11202.4697265625,87.0,105.0,6.0,2.0,2.0,6.0,0.0,0.0,0.0,0.0,0.0,0.0,0.0,2.0,0.0,0.0,0.0,0.0,0.0,1.0,0.0,74.0,3.0,13.0,37.0,27.0,20.0,21.0,47.0,3.0,0.0,0.0,0.0,0.0,34.0,20.0,13.0,18.0,49.0,0.0,7.0,0.0,28.0,3.0,500.0,150.0,12.0,0.0,7.0,63.0,21.0,49.0,70.0,0.0,0.0,236.0,217.0,0.0,0.0,33.0,2.0,0.0,5.0,66.0,165.0,71.0,0.0,388.0,125.0,0.0,0.0,1.0,0.1348959170281887,0.0,300.0228,32.76362991333008,30898.4814453125,0.0,1.0
492358,0.0,0.0,0.0,0.0,0.0,0.0,0.0,0.0,0.0,0.0,0.0,0.0,0.0,0.0,0.0,0.0,0.0,0.0,0.0,1.0,2.0,1.2163455963134766,1.0,1.0,0.0,0.0,0.0,4.0,1.0,0.0,0.0,1319.530029296875,79.29000091552734,4140.83056640625,501.1400451660156,4172.51025390625,34.0,38.0,1.0,1.0,0.0,0.0,0.0,0.0,0.0,0.0,0.0,0.0,0.0,0.0,0.0,0.0,0.0,0.0,0.0,0.0,0.0,37.0,0.0,3.0,21.0,18.0,18.0,18.0,31.0,0.0,0.0,0.0,0.0,0.0,16.0,13.0,13.0,13.0,18.0,0.0,0.0,0.0,14.0,1.0,215.0,55.0,2.0,1.0,0.0,10.0,5.0,6.0,11.0,0.0,0.0,102.0,98.0,0.0,0.0,7.0,0.0,0.0,0.0,9.0,93.0,9.0,0.0,113.0,39.0,0.0,0.0,0.0,0.09699732065200806,0.0,100.4419,29.385364532470703,10213.2998046875,0.0,1.0
492363,1.0,8.0,0.0,1.0,1.0,0.0,0.0,1.0,0.0,1.0,5.0,0.0,0.0,3.0,3.0,4.0,3.0,5.0,0.0,14.0,1.0,6.643768668174744,9.0,0.0,0.0,2.0,0.0,74.0,21.0,1.0,0.0,4995.7398681640625,659.6700286865234,13835.95947265625,1878.0599975585938,11955.709594726562,68.0,97.0,9.0,3.0,3.0,1.0,0.0,0.0,0.0,0.0,0.0,0.0,0.0,0.0,1.0,0.0,1.0,0.0,0.0,0.0,0.0,34.0,0.0,1.0,7.0,6.0,6.0,6.0,29.0,4.0,3.0,2.0,2.0,2.0,23.0,20.0,19.0,20.0,20.0,0.0,0.0,1.0,17.0,4.0,313.0,132.0,15.0,38.0,47.0,28.0,73.0,40.0,113.0,0.0,0.0,131.0,120.0,0.0,0.0,37.0,26.0,3.0,5.0,61.0,94.0,66.0,0.0,442.0,141.0,0.0,3.0,5.0,2.0116825699806213,0.0,299.98248333333333,34.966773986816406,33325.14013671875,0.49138012900948524,0.0
492716,1.0,3.0,0.0,2.0,0.0,0.0,0.0,0.0,0.0,1.0,1.0,0.0,1.0,1.0,0.0,0.0,1.0,2.0,1.0,13.0,3.0,6.394670307636261,9.0,3.0,0.0,6.0,1.0,162.0,24.0,1.0,0.0,7387.040008544922,1162.7900276184082,19488.080139160156,2887.9899673461914,16120.480163574219,75.0,107.0,20.0,5.0,5.0,1.0,0.0,0.0,0.0,0.0,0.0,0.0,0.0,0.0,0.0,0.0,0.0,0.0,0.0,0.0,0.0,35.0,3.0,0.0,5.0,3.0,2.0,2.0,27.0,13.0,10.0,7.0,8.0,2.0,17.0,14.0,11.0,12.0,26.0,1.0,0.0,2.0,19.0,7.0,284.0,131.0,18.0,72.0,81.0,34.0,138.0,49.0,187.0,2.0,0.0,121.0,102.0,0.0,0.0,53.0,59.0,6.0,18.0,62.0,65.0,80.0,0.0,608.0,227.0,4.0,0.0,5.0,6.593590900301933,0.0,411.6862666666666,33.63362121582031,47046.37805175781,0.1332038678228855,0.0
492859,0.0,0.0,0.0,0.0,0.0,0.0,0.0,,0.0,0.0,0.0,0.0,0.0,0.0,0.0,0.0,0.0,0.0,0.0,0.0,0.0,0.0,0.0,0.0,0.0,0.0,0.0,0.0,0.0,0.0,0.0,0.0,0.0,0.0,0.0,0.0,0.0,0.0,0.0,0.0,0.0,0.0,,,0.0,0.0,0.0,0.0,0.0,0.0,0.0,0.0,0.0,0.0,0.0,0.0,0.0,0.0,0.0,0.0,0.0,0.0,0.0,0.0,0.0,0.0,0.0,0.0,0.0,0.0,0.0,0.0,0.0,0.0,0.0,0.0,0.0,0.0,0.0,0.0,0.0,0.0,0.0,0.0,0.0,0.0,0.0,0.0,0.0,0.0,0.0,0.0,0.0,0.0,0.0,0.0,0.0,0.0,0.0,0.0,0.0,0.0,0.0,0.0,0.0,0.0,0.0,0.0,0.0,0.0,0.0,0.0,0.0,0.0,0.0
493061,0.0,0.0,0.0,0.0,0.0,0.0,0.0,,0.0,0.0,0.0,0.0,0.0,0.0,0.0,0.0,0.0,0.0,0.0,0.0,0.0,0.0,0.0,0.0,0.0,0.0,0.0,0.0,0.0,0.0,0.0,0.0,0.0,0.0,0.0,0.0,0.0,0.0,0.0,0.0,0.0,0.0,,,0.0,0.0,0.0,0.0,0.0,0.0,0.0,0.0,0.0,0.0,0.0,0.0,0.0,0.0,0.0,0.0,0.0,0.0,0.0,0.0,0.0,0.0,0.0,0.0,0.0,0.0,0.0,0.0,0.0,0.0,0.0,0.0,0.0,0.0,0.0,0.0,0.0,0.0,0.0,0.0,0.0,0.0,0.0,0.0,0.0,0.0,0.0,0.0,0.0,0.0,0.0,0.0,0.0,0.0,0.0,0.0,0.0,0.0,0.0,0.0,0.0,0.0,0.0,0.0,0.0,0.0,0.0,0.0,0.0,0.0,0.0
493221,0.0,0.0,0.0,0.0,0.0,0.0,0.0,,0.0,0.0,0.0,0.0,0.0,0.0,0.0,0.0,0.0,0.0,0.0,1.0,0.0,3.23398756980896,0.0,0.0,0.0,3.0,0.0,16.0,1.0,2.0,0.0,1533.2599792480469,210.1800136566162,5125.619903564453,559.2700042724609,4641.730010986328,12.0,22.0,3.0,1.0,3.0,2.0,0.0,0.0,0.0,0.0,0.0,0.0,0.0,0.0,0.0,0.0,0.0,0.0,0.0,0.0,0.0,23.0,3.0,2.0,7.0,3.0,1.0,2.0,10.0,5.0,1.0,0.0,1.0,1.0,11.0,6.0,3.0,5.0,10.0,0.0,2.0,1.0,1.0,3.0,77.0,36.0,2.0,9.0,13.0,8.0,2.0,28.0,30.0,0.0,1.0,40.0,31.0,0.0,0.0,8.0,6.0,0.0,0.0,9.0,22.0,9.0,0.0,150.0,44.0,3.0,0.0,0.0,0.5532950758934021,11.0,115.03763333333336,31.942861557006836,12070.059692382812,0.0,1.0
493970,1.0,5.0,0.0,0.0,0.0,0.0,1.0,0.0,0.0,1.0,3.0,0.0,0.0,3.0,3.0,2.0,3.0,2.0,0.0,0.0,1.0,4.434744167327881,0.0,1.0,0.0,0.0,0.0,23.0,1.0,0.0,0.0,982.1900024414062,155.93999671936035,3422.1299438476562,483.44000244140625,4750.909851074219,8.0,18.0,6.0,4.0,2.0,0.0,0.0,0.0,0.0,0.0,0.0,0.0,0.0,0.0,1.0,0.0,1.0,0.0,1.0,0.0,0.0,3.0,0.0,0.0,0.0,0.0,0.0,0.0,2.0,1.0,0.0,0.0,1.0,0.0,2.0,2.0,2.0,2.0,3.0,0.0,0.0,0.0,2.0,4.0,46.0,24.0,7.0,15.0,7.0,0.0,18.0,4.0,22.0,0.0,0.0,16.0,8.0,0.0,0.0,3.0,18.0,2.0,9.0,9.0,5.0,18.0,0.0,79.0,41.0,4.0,0.0,0.0,13.904026746749878,0.0,105.79888333333334,30.143360137939453,9794.60986328125,0.7466577552258968,0.0
493983,0.0,0.0,0.0,0.0,0.0,0.0,0.0,,0.0,0.0,0.0,0.0,0.0,0.0,0.0,0.0,0.0,0.0,0.0,1.0,0.0,2.5586887995402017,0.0,0.0,0.0,1.0,0.0,4.0,2.0,0.0,0.0,432.0,0.0,1715.66015625,90.8399887084961,900.5900268554688,3.0,5.0,0.0,0.0,0.0,0.0,,,0.0,0.0,0.0,0.0,0.0,0.0,0.0,0.0,0.0,0.0,0.0,0.0,0.0,5.0,0.0,0.0,4.0,3.0,3.0,4.0,4.0,0.0,0.0,0.0,0.0,0.0,1.0,1.0,1.0,1.0,2.0,0.0,0.0,0.0,2.0,1.0,49.0,14.0,0.0,1.0,8.0,18.0,23.0,4.0,27.0,0.0,0.0,22.0,20.0,0.0,0.0,10.0,2.0,0.0,0.0,2.0,22.0,2.0,0.0,41.0,6.0,1.0,0.0,0.0,0.11756527423858643,0.0,24.641049999999993,24.637941360473633,3139.08984375,0.0,0.0
494025,0.0,3.0,0.0,1.0,1.0,0.0,0.0,0.0,0.0,0.0,2.0,0.0,0.0,2.0,0.0,2.0,0.0,1.0,0.0,4.0,0.0,3.908092498779297,4.0,0.0,0.0,3.0,0.0,25.0,4.0,0.0,0.0,1000.7799835205078,444.0300064086914,2519.7799682617188,603.6000137329102,2534.4898681640625,14.0,20.0,2.0,0.0,0.0,0.0,0.0,0.0,0.0,0.0,0.0,0.0,0.0,0.0,0.0,0.0,0.0,0.0,0.0,0.0,0.0,3.0,0.0,0.0,0.0,0.0,0.0,0.0,2.0,3.0,2.0,2.0,3.0,0.0,0.0,0.0,0.0,0.0,1.0,0.0,0.0,0.0,0.0,3.0,43.0,20.0,7.0,15.0,5.0,1.0,8.0,13.0,21.0,0.0,0.0,15.0,13.0,0.0,0.0,8.0,18.0,2.0,2.0,7.0,13.0,9.0,0.0,83.0,52.0,3.0,0.0,4.0,5.103072226047516,0.0,57.804933333333345,34.82068634033203,7102.679931640625,0.25035037100315094,0.0
494246,0.0,0.0,0.0,0.0,0.0,0.0,0.0,,0.0,0.0,0.0,0.0,0.0,0.0,0.0,0.0,0.0,0.0,0.0,0.0,0.0,0.0,0.0,0.0,0.0,0.0,0.0,0.0,0.0,0.0,0.0,0.0,0.0,0.0,0.0,0.0,0.0,0.0,0.0,0.0,0.0,0.0,,,0.0,0.0,0.0,0.0,0.0,0.0,0.0,0.0,0.0,0.0,0.0,0.0,0.0,0.0,0.0,0.0,0.0,0.0,0.0,0.0,0.0,0.0,0.0,0.0,0.0,0.0,0.0,0.0,0.0,0.0,0.0,0.0,0.0,0.0,0.0,0.0,0.0,0.0,0.0,0.0,0.0,0.0,0.0,0.0,0.0,0.0,0.0,0.0,0.0,0.0,0.0,0.0,0.0,0.0,0.0,0.0,0.0,0.0,0.0,0.0,0.0,0.0,0.0,0.0,0.0,0.0,0.0,0.0,0.0,0.0,0.0
494248,0.0,4.0,0.0,1.0,0.0,0.0,0.0,0.0,0.0,2.0,2.0,0.0,0.0,0.0,0.0,2.0,1.0,4.0,1.0,3.0,1.0,6.405352354049683,3.0,1.0,0.0,4.0,0.0,99.0,14.0,3.0,0.0,5026.6700439453125,588.1799583435059,13305.340209960938,1759.6499938964844,11237.790405273438,51.0,74.0,12.0,4.0,0.0,3.0,0.0,0.0,0.0,0.0,0.0,0.0,0.0,0.0,0.0,0.0,0.0,0.0,0.0,0.0,0.0,39.0,2.0,4.0,10.0,8.0,4.0,4.0,29.0,4.0,2.0,1.0,2.0,0.0,25.0,19.0,15.0,19.0,32.0,1.0,3.0,0.0,24.0,4.0,222.0,96.0,8.0,15.0,38.0,33.0,65.0,21.0,86.0,0.0,0.0,97.0,82.0,0.0,0.0,29.0,12.0,1.0,4.0,34.0,68.0,38.0,0.0,446.0,145.0,2.0,0.0,0.0,1.308404304087162,0.0,293.99396666666667,34.37017059326172,31917.630615234375,0.10925600025802851,1.0
494277,0.0,0.0,0.0,0.0,0.0,0.0,0.0,,0.0,0.0,0.0,0.0,0.0,0.0,0.0,0.0,0.0,0.0,0.0,0.0,0.0,0.0,0.0,0.0,0.0,0.0,0.0,0.0,0.0,0.0,0.0,0.0,0.0,0.0,0.0,0.0,0.0,0.0,0.0,0.0,0.0,0.0,,,0.0,0.0,0.0,0.0,0.0,0.0,0.0,0.0,0.0,0.0,0.0,0.0,0.0,0.0,0.0,0.0,0.0,0.0,0.0,0.0,0.0,0.0,0.0,0.0,0.0,0.0,0.0,0.0,0.0,0.0,0.0,0.0,0.0,0.0,0.0,0.0,0.0,0.0,0.0,0.0,0.0,0.0,0.0,0.0,0.0,0.0,0.0,0.0,0.0,0.0,0.0,0.0,0.0,0.0,0.0,0.0,0.0,0.0,0.0,0.0,0.0,0.0,0.0,0.0,0.0,0.0,0.0,0.0,0.0,0.0,0.0
494279,0.0,0.0,0.0,0.0,0.0,0.0,0.0,,0.0,0.0,0.0,0.0,0.0,0.0,0.0,0.0,0.0,0.0,0.0,0.0,0.0,0.0,0.0,0.0,0.0,0.0,0.0,0.0,0.0,0.0,0.0,0.0,0.0,0.0,0.0,0.0,0.0,0.0,0.0,0.0,0.0,0.0,,,0.0,0.0,0.0,0.0,0.0,0.0,0.0,0.0,0.0,0.0,0.0,0.0,0.0,0.0,0.0,0.0,0.0,0.0,0.0,0.0,0.0,0.0,0.0,0.0,0.0,0.0,0.0,0.0,0.0,0.0,0.0,0.0,0.0,0.0,0.0,0.0,0.0,0.0,0.0,0.0,0.0,0.0,0.0,0.0,0.0,0.0,0.0,0.0,0.0,0.0,0.0,0.0,0.0,0.0,0.0,0.0,0.0,0.0,0.0,0.0,0.0,0.0,0.0,0.0,0.0,0.0,0.0,0.0,0.0,0.0,0.0
494291,0.0,11.0,0.0,3.0,2.0,0.0,0.0,0.0,0.0,1.0,7.0,0.0,0.0,7.0,2.0,5.0,3.0,4.0,1.0,26.0,1.0,6.852484583854675,17.0,1.0,0.0,1.0,0.0,153.0,14.0,0.0,0.0,6088.31005859375,439.10001373291016,20872.2099609375,1874.6600036621094,15187.16015625,97.0,147.0,25.0,1.0,5.0,0.0,0.0,0.0,0.0,0.0,0.0,0.0,0.0,0.0,0.0,0.0,0.0,0.0,1.0,0.0,0.0,55.0,6.0,0.0,10.0,5.0,2.0,4.0,32.0,13.0,6.0,2.0,6.0,1.0,32.0,21.0,17.0,25.0,47.0,3.0,0.0,1.0,26.0,4.0,342.0,164.0,22.0,39.0,122.0,51.0,153.0,59.0,212.0,0.0,0.0,141.0,111.0,0.0,0.0,69.0,59.0,4.0,14.0,122.0,45.0,136.0,0.0,524.0,152.0,0.0,1.0,12.0,4.392930686473846,2.0,389.37784999999997,32.71076202392578,44461.439453125,1.0575313285226002,0.0
494293,1.0,2.0,0.0,1.0,0.0,0.0,0.0,0.0,0.0,0.0,2.0,0.0,0.0,1.0,0.0,1.0,0.0,1.0,0.0,9.0,0.0,5.75261656443278,5.0,0.0,0.0,9.0,1.0,59.0,7.0,0.0,0.0,3582.4099731445312,958.5300369262695,8966.580200195312,1564.9400024414062,8744.679992675781,39.0,60.0,6.0,0.0,0.0,0.0,0.0,0.0,0.0,0.0,0.0,0.0,0.0,0.0,0.0,0.0,0.0,0.0,0.0,0.0,0.0,12.0,0.0,0.0,0.0,0.0,0.0,0.0,6.0,3.0,1.0,1.0,3.0,0.0,9.0,5.0,5.0,9.0,10.0,0.0,0.0,0.0,5.0,5.0,144.0,67.0,5.0,42.0,31.0,11.0,25.0,59.0,84.0,0.0,0.0,54.0,47.0,0.0,0.0,27.0,25.0,3.0,2.0,32.0,40.0,34.0,0.0,280.0,128.0,4.0,1.0,1.0,4.497646510601044,1.0,217.78018333333335,35.327842712402344,23817.140014648438,0.05248217284679413,0.0
494313,1.0,1.0,0.0,0.0,0.0,0.0,0.0,0.0,0.0,0.0,1.0,0.0,0.0,0.0,0.0,1.0,0.0,1.0,0.0,0.0,2.0,3.4501622915267944,0.0,2.0,2.0,2.0,1.0,12.0,1.0,1.0,0.0,888.2100219726562,150.3499984741211,2050.8900146484375,441.9600067138672,1764.2601318359375,12.0,19.0,3.0,1.0,1.0,1.0,,,0.0,0.0,0.0,0.0,0.0,0.0,0.0,0.0,0.0,0.0,0.0,0.0,0.0,20.0,0.0,5.0,6.0,5.0,1.0,1.0,15.0,0.0,0.0,0.0,0.0,0.0,14.0,10.0,6.0,9.0,11.0,0.0,4.0,0.0,7.0,2.0,79.0,36.0,7.0,0.0,8.0,6.0,10.0,4.0,14.0,0.0,0.0,35.0,27.0,0.0,0.0,5.0,2.0,0.0,0.0,13.0,23.0,13.0,0.0,75.0,30.0,2.0,0.0,0.0,0.09574460797011852,1.0,46.31631666666668,29.550769805908203,5295.669921875,0.010233117267489433,0.0
494314,0.0,0.0,0.0,0.0,0.0,0.0,0.0,0.0,0.0,0.0,0.0,0.0,0.0,0.0,0.0,0.0,0.0,0.0,0.0,4.0,1.0,3.0294028520584106,3.0,1.0,1.0,1.0,1.0,27.0,1.0,0.0,0.0,616.4200134277344,203.77999877929688,2810.9401245117188,330.47999572753906,2554.2900390625,13.0,16.0,6.0,0.0,1.0,0.0,0.0,0.0,0.0,0.0,0.0,0.0,0.0,0.0,0.0,0.0,0.0,0.0,0.0,0.0,0.0,2.0,0.0,0.0,0.0,0.0,0.0,0.0,2.0,0.0,0.0,0.0,0.0,0.0,2.0,2.0,2.0,2.0,1.0,0.0,0.0,0.0,1.0,2.0,31.0,15.0,2.0,3.0,4.0,5.0,7.0,5.0,12.0,0.0,0.0,14.0,12.0,0.0,0.0,7.0,5.0,0.0,4.0,8.0,4.0,12.0,0.0,58.0,27.0,1.0,1.0,2.0,0.3190898597240448,0.0,69.66155,32.00897216796875,6515.9097900390625,0.0,0.0
494345,0.0,0.0,0.0,0.0,0.0,0.0,0.0,,0.0,0.0,0.0,0.0,0.0,0.0,0.0,0.0,0.0,0.0,0.0,0.0,0.0,2.161094844341278,0.0,0.0,0.0,0.0,0.0,1.0,0.0,0.0,0.0,528.2100219726562,62.839999198913574,2626.8299560546875,132.94000244140625,2414.300079345703,0.0,2.0,1.0,1.0,0.0,0.0,,,0.0,0.0,0.0,0.0,0.0,0.0,0.0,0.0,0.0,0.0,0.0,0.0,0.0,5.0,1.0,0.0,1.0,0.0,0.0,0.0,0.0,2.0,0.0,0.0,0.0,1.0,2.0,0.0,0.0,0.0,5.0,0.0,0.0,0.0,0.0,3.0,9.0,4.0,0.0,3.0,1.0,1.0,2.0,3.0,5.0,0.0,0.0,4.0,2.0,0.0,0.0,2.0,1.0,0.0,0.0,3.0,2.0,3.0,0.0,48.0,14.0,3.0,0.0,0.0,1.3859371989965439,0.0,59.24976666666667,30.790817260742188,5765.1199951171875,0.0,0.0
494349,0.0,0.0,0.0,0.0,0.0,0.0,0.0,,0.0,0.0,0.0,0.0,0.0,0.0,0.0,0.0,0.0,0.0,0.0,0.0,0.0,1.8515276312828064,0.0,0.0,0.0,0.0,0.0,0.0,0.0,9.0,0.0,97.87999534606934,8.4399995803833,1623.030044555664,21.77000069618225,9083.940551757812,1.0,3.0,0.0,0.0,1.0,11.0,0.0,0.0,55.0,47.0,2.5,8.0,8.0,21.0,0.0,0.0,0.0,0.0,0.0,2.0,0.0,46.0,4.0,9.0,21.0,11.0,4.0,8.0,22.0,4.0,1.0,0.0,0.0,0.0,21.0,10.0,3.0,8.0,3.0,1.0,6.0,0.0,0.0,3.0,87.0,72.0,5.0,1.0,0.0,9.0,7.0,3.0,10.0,0.0,0.0,59.0,41.0,0.0,0.0,3.0,0.0,0.0,0.0,0.0,14.0,0.0,0.0,8.0,2.0,1.0,0.0,0.0,0.0631955973803997,0.0,259.28886666666665,26.60447120666504,10835.06005859375,0.0,0.0
494350,0.0,0.0,0.0,0.0,0.0,0.0,0.0,,0.0,0.0,0.0,0.0,0.0,0.0,0.0,0.0,0.0,0.0,0.0,0.0,0.0,0.0,0.0,0.0,0.0,0.0,0.0,0.0,0.0,0.0,0.0,0.0,0.0,0.0,0.0,0.0,0.0,0.0,0.0,0.0,0.0,0.0,,,0.0,0.0,0.0,0.0,0.0,0.0,0.0,0.0,0.0,0.0,0.0,0.0,0.0,0.0,0.0,0.0,0.0,0.0,0.0,0.0,0.0,0.0,0.0,0.0,0.0,0.0,0.0,0.0,0.0,0.0,0.0,0.0,0.0,0.0,0.0,0.0,0.0,0.0,0.0,0.0,0.0,0.0,0.0,0.0,0.0,0.0,0.0,0.0,0.0,0.0,0.0,0.0,0.0,0.0,0.0,0.0,0.0,0.0,0.0,0.0,0.0,0.0,0.0,0.0,0.0,0.0,0.0,0.0,0.0,0.0,0.0
494351,0.0,2.0,0.0,0.0,0.0,0.0,1.0,1.0,0.0,0.0,0.0,0.0,0.0,2.0,1.0,1.0,1.0,0.0,0.0,2.0,4.0,4.587926745414734,2.0,3.0,0.0,0.0,0.0,19.0,6.0,1.0,0.0,2973.800079345703,284.90999031066895,11379.02001953125,987.2499618530273,10633.64990234375,20.0,33.0,3.0,1.0,0.0,1.0,0.0,0.0,0.0,0.0,0.0,0.0,0.0,1.0,0.0,0.0,0.0,0.0,2.0,0.0,0.0,33.0,0.0,10.0,14.0,6.0,3.0,4.0,17.0,0.0,0.0,0.0,0.0,0.0,19.0,11.0,8.0,9.0,18.0,0.0,3.0,0.0,7.0,3.0,251.0,82.0,5.0,0.0,0.0,33.0,18.0,15.0,33.0,0.0,0.0,120.0,105.0,0.0,0.0,17.0,2.0,0.0,3.0,8.0,111.0,11.0,0.0,260.0,87.0,0.0,1.0,0.0,0.1069777924567461,0.0,257.2873166666667,30.983562469482422,26258.6298828125,0.09667320549488068,0.0
494374,0.0,3.0,0.0,0.0,0.0,1.0,0.0,0.0,0.0,1.0,1.0,0.0,0.0,1.0,1.0,1.0,2.0,2.0,1.0,1.0,0.0,2.166080951690674,1.0,0.0,0.0,1.0,1.0,38.0,4.0,0.0,0.0,1235.72998046875,235.88999938964844,4211.97998046875,460.80999755859375,3896.7294921875,9.0,15.0,1.0,2.0,2.0,0.0,,,0.0,0.0,0.0,0.0,0.0,0.0,1.0,0.0,1.0,0.0,1.0,0.0,0.0,1.0,0.0,0.0,0.0,0.0,0.0,0.0,0.0,0.0,0.0,0.0,0.0,0.0,1.0,0.0,0.0,1.0,1.0,0.0,0.0,0.0,0.0,1.0,37.0,23.0,6.0,14.0,1.0,0.0,11.0,4.0,15.0,0.0,0.0,10.0,7.0,0.0,0.0,1.0,14.0,1.0,7.0,10.0,2.0,17.0,0.0,106.0,39.0,0.0,1.0,1.0,1.2282838821411133,0.0,92.70866666666667,34.84346008300781,10041.1396484375,0.20833665132522583,0.0
494375,0.0,0.0,0.0,0.0,0.0,0.0,0.0,0.0,0.0,0.0,0.0,0.0,0.0,0.0,0.0,0.0,0.0,0.0,0.0,0.0,0.0,6.19693390528361,0.0,0.0,0.0,0.0,0.0,18.0,0.0,0.0,0.0,991.2100524902344,251.30999374389648,3014.879913330078,417.00000762939453,2272.5399780273438,3.0,3.0,0.0,1.0,2.0,0.0,0.0,0.0,0.0,0.0,0.0,0.0,0.0,0.0,0.0,0.0,0.0,0.0,0.0,0.0,0.0,0.0,0.0,0.0,0.0,0.0,0.0,0.0,0.0,0.0,0.0,0.0,0.0,0.0,0.0,0.0,0.0,0.0,0.0,0.0,0.0,0.0,0.0,3.0,14.0,9.0,0.0,22.0,3.0,0.0,20.0,5.0,25.0,3.0,0.0,7.0,7.0,0.0,0.0,1.0,5.0,1.0,2.0,3.0,2.0,5.0,0.0,83.0,35.0,3.0,0.0,0.0,7.365807771682739,0.0,66.13913333333335,34.35099411010742,6946.93994140625,0.0,0.0
494411,0.0,1.0,0.0,1.0,0.0,0.0,0.0,0.0,0.0,1.0,0.0,0.0,0.0,0.0,0.0,0.0,0.0,1.0,0.0,1.0,0.0,1.6043113470077515,0.0,0.0,0.0,2.0,0.0,22.0,4.0,0.0,0.0,1106.4500732421875,173.85000610351562,4083.93017578125,484.9399719238281,2966.770263671875,11.0,14.0,7.0,0.0,1.0,0.0,,,0.0,0.0,0.0,0.0,0.0,0.0,0.0,0.0,0.0,0.0,0.0,0.0,0.0,15.0,1.0,3.0,7.0,5.0,3.0,3.0,9.0,1.0,0.0,0.0,0.0,0.0,7.0,4.0,2.0,3.0,5.0,0.0,2.0,0.0,5.0,1.0,73.0,31.0,2.0,3.0,10.0,5.0,2.0,16.0,18.0,0.0,0.0,31.0,27.0,0.0,0.0,8.0,7.0,2.0,1.0,13.0,19.0,14.0,0.0,98.0,41.0,1.0,0.0,0.0,0.10626914352178574,4.0,81.44271666666668,29.699020385742188,8815.9404296875,0.0,0.0
494429,0.0,0.0,0.0,0.0,0.0,0.0,0.0,,0.0,0.0,0.0,0.0,0.0,0.0,0.0,0.0,0.0,0.0,0.0,0.0,0.0,0.0,0.0,0.0,0.0,0.0,0.0,0.0,0.0,0.0,0.0,0.0,0.0,0.0,0.0,0.0,0.0,0.0,0.0,0.0,0.0,0.0,,,0.0,0.0,0.0,0.0,0.0,0.0,0.0,0.0,0.0,0.0,0.0,0.0,0.0,0.0,0.0,0.0,0.0,0.0,0.0,0.0,0.0,0.0,0.0,0.0,0.0,0.0,0.0,0.0,0.0,0.0,0.0,0.0,0.0,0.0,0.0,0.0,0.0,0.0,0.0,0.0,0.0,0.0,0.0,0.0,0.0,0.0,0.0,0.0,0.0,0.0,0.0,0.0,0.0,0.0,0.0,0.0,0.0,0.0,0.0,0.0,0.0,0.0,0.0,0.0,0.0,0.0,0.0,0.0,0.0,0.0,0.0
494458,0.0,1.0,0.0,0.0,0.0,0.0,0.0,0.0,0.0,0.0,1.0,0.0,0.0,0.0,0.0,1.0,0.0,1.0,0.0,4.0,0.0,7.248765826225281,1.0,0.0,0.0,0.0,0.0,125.0,9.0,0.0,0.0,4371.1099853515625,376.9600067138672,12820.960083007812,1290.889991760254,7759.510070800781,46.0,59.0,10.0,3.0,4.0,0.0,0.0,0.0,0.0,0.0,0.0,0.0,0.0,0.0,0.0,0.0,0.0,0.0,0.0,0.0,0.0,14.0,0.0,1.0,4.0,4.0,3.0,3.0,13.0,1.0,1.0,1.0,1.0,0.0,9.0,8.0,7.0,8.0,11.0,0.0,1.0,0.0,10.0,4.0,164.0,75.0,9.0,11.0,35.0,16.0,39.0,23.0,62.0,1.0,0.0,69.0,60.0,0.0,0.0,13.0,19.0,0.0,5.0,36.0,39.0,41.0,0.0,383.0,105.0,1.0,3.0,1.0,0.3994888812303543,1.0,220.64888333333334,34.351844787597656,26619.430419921875,0.057309214025735855,0.0
494506,0.0,0.0,0.0,0.0,0.0,0.0,0.0,,0.0,0.0,0.0,0.0,0.0,0.0,0.0,0.0,0.0,0.0,0.0,0.0,0.0,0.0,0.0,0.0,0.0,0.0,0.0,0.0,0.0,0.0,0.0,0.0,0.0,0.0,0.0,0.0,0.0,0.0,0.0,0.0,0.0,0.0,,,0.0,0.0,0.0,0.0,0.0,0.0,0.0,0.0,0.0,0.0,0.0,0.0,0.0,0.0,0.0,0.0,0.0,0.0,0.0,0.0,0.0,0.0,0.0,0.0,0.0,0.0,0.0,0.0,0.0,0.0,0.0,0.0,0.0,0.0,0.0,0.0,0.0,0.0,0.0,0.0,0.0,0.0,0.0,0.0,0.0,0.0,0.0,0.0,0.0,0.0,0.0,0.0,0.0,0.0,0.0,0.0,0.0,0.0,0.0,0.0,0.0,0.0,0.0,0.0,0.0,0.0,0.0,0.0,0.0,0.0,0.0
494531,0.0,0.0,0.0,0.0,0.0,0.0,0.0,,0.0,0.0,0.0,0.0,0.0,0.0,0.0,0.0,0.0,0.0,0.0,0.0,1.0,3.4035139083862305,0.0,1.0,0.0,0.0,0.0,0.0,0.0,21.0,0.0,473.10999298095703,0.0,5871.650146484375,75.14999794960022,25019.509765625,3.0,10.0,1.0,0.0,3.0,29.0,1.0,0.0,141.0,124.0,4.133333325386047,28.0,22.0,55.0,0.0,0.0,0.0,0.0,0.0,8.0,0.0,181.0,10.0,49.0,73.0,24.0,5.0,14.0,58.0,10.0,0.0,0.0,0.0,0.0,98.0,34.0,15.0,39.0,18.0,0.0,19.0,0.0,3.0,5.0,238.0,182.0,10.0,0.0,0.0,16.0,12.0,4.0,16.0,0.0,0.0,159.0,68.0,0.0,0.0,1.0,0.0,0.0,0.0,7.0,43.0,7.0,0.0,49.0,5.0,0.0,0.0,0.0,0.08771593496203423,0.0,554.4526166666667,24.634456634521484,31439.41943359375,0.0,0.0
494557,0.0,0.0,0.0,0.0,0.0,0.0,0.0,,0.0,0.0,0.0,0.0,0.0,0.0,0.0,0.0,0.0,0.0,0.0,0.0,0.0,2.6238974928855896,0.0,0.0,0.0,0.0,0.0,0.0,0.0,3.0,0.0,363.1399917602539,0.0,3103.2200317382812,135.8400058746338,15445.55078125,1.0,7.0,0.0,0.0,0.0,8.0,3.0,0.0,91.0,76.0,3.25,14.0,13.0,39.0,0.0,0.0,0.0,0.0,0.0,5.0,0.0,71.0,2.0,15.0,35.0,13.0,8.0,18.0,22.0,3.0,0.0,0.0,0.0,1.0,33.0,9.0,4.0,15.0,5.0,0.0,5.0,0.0,0.0,4.0,208.0,132.0,8.0,0.0,0.0,16.0,8.0,8.0,16.0,0.0,0.0,122.0,79.0,0.0,0.0,10.0,0.0,0.0,0.0,1.0,59.0,1.0,0.0,23.0,5.0,0.0,1.0,0.0,0.10858020558953285,0.0,435.70925,23.962247848510742,19047.74951171875,0.0,0.0
494625,0.0,1.0,0.0,0.0,0.0,0.0,0.0,0.0,0.0,1.0,0.0,0.0,0.0,1.0,1.0,0.0,1.0,0.0,0.0,4.0,0.0,4.343099753061931,2.0,0.0,0.0,7.0,3.0,50.0,12.0,0.0,0.0,3818.1800537109375,884.4199829101562,11384.449829101562,1635.610107421875,12044.509765625,43.0,62.0,7.0,3.0,1.0,0.0,,,0.0,0.0,0.0,0.0,0.0,0.0,1.0,0.0,1.0,0.0,0.0,0.0,0.0,42.0,3.0,5.0,15.0,5.0,4.0,7.0,17.0,4.0,0.0,0.0,1.0,0.0,23.0,12.0,11.0,15.0,27.0,0.0,1.0,0.0,10.0,4.0,213.0,92.0,6.0,25.0,18.0,19.0,15.0,47.0,62.0,0.0,0.0,107.0,87.0,0.0,0.0,19.0,15.0,4.0,0.0,33.0,59.0,33.0,0.0,322.0,137.0,3.0,1.0,0.0,0.41153228282928467,29.0,273.42813333333334,35.5930290222168,29767.169921875,0.16383224725723267,0.0
494626,3.0,3.0,0.0,0.0,0.0,0.0,0.0,0.0,0.0,1.0,2.0,0.0,0.0,3.0,2.0,1.0,2.0,0.0,0.0,15.0,2.0,6.435391982396443,9.0,1.0,0.0,7.0,1.0,68.0,14.0,2.0,0.0,4445.1199951171875,687.1999969482422,12453.410522460938,1898.5500030517578,12136.900390625,68.0,100.0,18.0,2.0,3.0,2.0,0.0,0.0,0.0,0.0,0.0,0.0,0.0,0.0,1.0,0.0,1.0,0.0,0.0,0.0,0.0,30.0,1.0,1.0,4.0,2.0,1.0,2.0,19.0,9.0,5.0,3.0,5.0,3.0,17.0,12.0,10.0,12.0,24.0,1.0,0.0,1.0,13.0,6.0,250.0,111.0,13.0,25.0,69.0,13.0,23.0,84.0,107.0,0.0,0.0,104.0,89.0,0.0,0.0,38.0,70.0,4.0,6.0,52.0,69.0,58.0,0.0,384.0,137.0,4.0,2.0,4.0,4.649367094039917,3.0,297.8012333333333,32.81110382080078,31621.179931640625,0.19517088495194912,0.0
494627,0.0,2.0,0.0,0.0,0.0,0.0,0.0,0.0,0.0,0.0,2.0,0.0,0.0,1.0,1.0,1.0,1.0,1.0,0.0,2.0,1.0,1.114216963450114,0.0,1.0,0.0,0.0,0.0,19.0,3.0,0.0,0.0,1533.2701416015625,169.22999572753906,5313.64990234375,584.219970703125,3584.590087890625,29.0,36.0,3.0,0.0,3.0,0.0,,,0.0,0.0,0.0,0.0,0.0,0.0,1.0,0.0,1.0,0.0,0.0,0.0,0.0,12.0,0.0,0.0,2.0,2.0,2.0,2.0,11.0,1.0,1.0,0.0,0.0,1.0,9.0,8.0,7.0,8.0,9.0,0.0,0.0,1.0,8.0,1.0,99.0,39.0,4.0,9.0,31.0,19.0,44.0,15.0,59.0,0.0,0.0,43.0,38.0,0.0,0.0,21.0,14.0,0.0,2.0,32.0,17.0,34.0,0.0,127.0,39.0,0.0,0.0,0.0,0.32265302538871765,1.0,100.25048333333334,29.076875686645508,11184.9609375,0.18258096277713776,0.0
494639,0.0,0.0,0.0,0.0,0.0,0.0,0.0,0.0,0.0,0.0,0.0,0.0,0.0,0.0,0.0,0.0,0.0,0.0,0.0,3.0,0.0,1.6352709531784058,1.0,0.0,0.0,2.0,0.0,11.0,2.0,0.0,0.0,693.7699584960938,183.10000610351562,2275.8798828125,343.1400146484375,2003.0699462890625,5.0,11.0,9.0,1.0,1.0,0.0,,,0.0,0.0,0.0,0.0,0.0,0.0,0.0,0.0,0.0,0.0,0.0,0.0,0.0,7.0,0.0,1.0,2.0,1.0,1.0,1.0,4.0,2.0,1.0,1.0,2.0,0.0,3.0,2.0,2.0,2.0,4.0,0.0,0.0,0.0,1.0,1.0,61.0,24.0,3.0,5.0,12.0,14.0,8.0,23.0,31.0,0.0,0.0,27.0,25.0,0.0,0.0,15.0,3.0,0.0,1.0,2.0,27.0,3.0,0.0,58.0,30.0,0.0,1.0,0.0,0.22970083355903625,2.0,50.451333333333324,32.33860778808594,5498.9599609375,0.0,0.0
494640,0.0,3.0,0.0,1.0,0.0,0.0,1.0,0.0,0.0,0.0,1.0,0.0,0.0,2.0,0.0,1.0,1.0,1.0,1.0,9.0,0.0,6.456149458885193,4.0,0.0,0.0,5.0,0.0,54.0,10.0,0.0,0.0,3718.2301330566406,1139.629981994629,10586.020141601562,1793.3400268554688,10225.269897460938,21.0,45.0,13.0,3.0,3.0,1.0,0.0,0.0,0.0,0.0,0.0,0.0,0.0,0.0,0.0,0.0,0.0,0.0,0.0,1.0,0.0,16.0,1.0,1.0,5.0,2.0,2.0,3.0,4.0,4.0,0.0,0.0,3.0,0.0,7.0,2.0,2.0,5.0,11.0,0.0,0.0,0.0,3.0,4.0,135.0,72.0,5.0,38.0,19.0,10.0,22.0,45.0,67.0,0.0,0.0,52.0,39.0,0.0,0.0,9.0,20.0,0.0,8.0,32.0,23.0,40.0,0.0,306.0,152.0,2.0,1.0,1.0,2.2483773827552795,5.0,254.35191666666665,33.93873596191406,27462.490478515625,0.18525573424994946,0.0
494742,0.0,0.0,0.0,0.0,0.0,0.0,0.0,,0.0,0.0,0.0,0.0,0.0,0.0,0.0,0.0,0.0,0.0,0.0,0.0,0.0,0.0,0.0,0.0,0.0,0.0,0.0,0.0,0.0,0.0,0.0,0.0,0.0,0.0,0.0,0.0,0.0,0.0,0.0,0.0,0.0,0.0,,,0.0,0.0,0.0,0.0,0.0,0.0,0.0,0.0,0.0,0.0,0.0,0.0,0.0,0.0,0.0,0.0,0.0,0.0,0.0,0.0,0.0,0.0,0.0,0.0,0.0,0.0,0.0,0.0,0.0,0.0,0.0,0.0,0.0,0.0,0.0,0.0,0.0,0.0,0.0,0.0,0.0,0.0,0.0,0.0,0.0,0.0,0.0,0.0,0.0,0.0,0.0,0.0,0.0,0.0,0.0,0.0,0.0,0.0,0.0,0.0,0.0,0.0,0.0,0.0,0.0,0.0,0.0,0.0,0.0,0.0,0.0
494800,0.0,0.0,0.0,0.0,0.0,0.0,0.0,,0.0,0.0,0.0,0.0,0.0,0.0,0.0,0.0,0.0,0.0,0.0,1.0,0.0,2.3780558904012046,0.0,0.0,0.0,0.0,0.0,22.0,5.0,0.0,0.0,1232.3699951171875,281.08001708984375,3384.26025390625,789.1800537109375,2777.580078125,6.0,9.0,15.0,1.0,2.0,0.0,,,0.0,0.0,0.0,0.0,0.0,0.0,0.0,0.0,0.0,0.0,0.0,0.0,0.0,1.0,0.0,0.0,0.0,0.0,0.0,0.0,1.0,0.0,0.0,0.0,0.0,0.0,1.0,1.0,1.0,1.0,0.0,0.0,0.0,0.0,0.0,1.0,29.0,18.0,1.0,11.0,6.0,5.0,8.0,14.0,22.0,0.0,0.0,9.0,7.0,0.0,0.0,4.0,4.0,1.0,2.0,12.0,2.0,14.0,0.0,107.0,50.0,0.0,1.0,0.0,0.8971623182296753,0.0,71.12755,33.05046463012695,8464.470703125,0.0,0.0
494989,0.0,5.0,0.0,1.0,1.0,0.0,0.0,0.0,0.0,2.0,2.0,0.0,0.0,2.0,2.0,1.0,2.0,3.0,0.0,8.0,0.0,6.8844858805338545,5.0,0.0,0.0,1.0,1.0,102.0,19.0,1.0,0.0,3932.0,546.7400054931641,12905.770263671875,1594.47998046875,9829.070068359375,41.0,62.0,13.0,4.0,1.0,1.0,0.0,0.0,0.0,0.0,0.0,0.0,0.0,0.0,1.0,0.0,1.0,0.0,0.0,0.0,0.0,23.0,3.0,0.0,7.0,3.0,2.0,4.0,14.0,4.0,2.0,1.0,1.0,0.0,12.0,9.0,8.0,9.0,23.0,1.0,0.0,0.0,14.0,3.0,160.0,82.0,12.0,6.0,42.0,21.0,50.0,19.0,69.0,0.0,0.0,62.0,50.0,0.0,0.0,19.0,11.0,1.0,3.0,41.0,35.0,44.0,0.0,342.0,117.0,0.0,2.0,2.0,0.43141064047813416,0.0,253.00663333333333,32.029964447021484,28808.060546875,0.3072870075702667,1.0
495046,0.0,4.0,0.0,0.0,1.0,0.0,0.0,0.0,0.0,0.0,3.0,0.0,0.0,2.0,2.0,1.0,3.0,2.0,1.0,3.0,1.0,5.189029026031494,3.0,1.0,5.0,12.0,2.0,75.0,4.0,4.0,0.0,3930.1301879882812,411.64999771118164,9095.409790039062,1408.510009765625,7445.510009765625,37.0,62.0,10.0,3.0,3.0,4.0,0.0,0.0,0.0,0.0,0.0,0.0,0.0,0.0,1.0,0.0,1.0,0.0,0.0,0.0,0.0,24.0,3.0,1.0,5.0,1.0,1.0,1.0,8.0,4.0,1.0,1.0,1.0,0.0,15.0,6.0,6.0,11.0,18.0,0.0,0.0,0.0,4.0,4.0,173.0,78.0,9.0,16.0,34.0,22.0,43.0,29.0,72.0,0.0,0.0,69.0,54.0,0.0,0.0,21.0,21.0,2.0,6.0,42.0,31.0,48.0,0.0,321.0,110.0,4.0,0.0,1.0,2.803206503391266,1.0,208.43691666666672,32.12030792236328,22291.210693359375,0.32088449969887733,0.0
495054,1.0,1.0,0.0,0.0,0.0,0.0,0.0,0.0,0.0,0.0,1.0,0.0,0.0,1.0,0.0,1.0,0.0,0.0,0.0,2.0,0.0,1.636493444442749,0.0,0.0,0.0,0.0,0.0,9.0,3.0,0.0,0.0,467.3300018310547,51.5,1365.159912109375,195.37000274658203,1001.8800964355469,2.0,5.0,2.0,1.0,0.0,0.0,,,0.0,0.0,0.0,0.0,0.0,0.0,0.0,0.0,0.0,0.0,0.0,0.0,0.0,1.0,0.0,0.0,0.0,0.0,0.0,0.0,0.0,1.0,0.0,0.0,1.0,0.0,0.0,0.0,0.0,0.0,1.0,0.0,0.0,0.0,0.0,2.0,8.0,5.0,2.0,12.0,0.0,0.0,9.0,3.0,12.0,0.0,0.0,2.0,2.0,0.0,0.0,2.0,5.0,0.0,0.0,5.0,0.0,5.0,0.0,43.0,17.0,2.0,0.0,0.0,6.344505071640015,0.0,28.215416666666698,30.070661544799805,3081.239990234375,0.041650909930467606,1.0
495347,0.0,2.0,0.0,0.0,0.0,0.0,1.0,0.0,0.0,0.0,0.0,0.0,1.0,2.0,1.0,1.0,1.0,0.0,0.0,0.0,0.0,4.27996031443278,0.0,0.0,0.0,0.0,0.0,5.0,0.0,0.0,0.0,503.22999572753906,103.39999294281006,1949.239990234375,249.17998504638672,2347.7200622558594,0.0,1.0,0.0,2.0,0.0,0.0,0.0,0.0,0.0,0.0,0.0,0.0,0.0,0.0,0.0,0.0,0.0,0.0,1.0,0.0,0.0,0.0,0.0,0.0,0.0,0.0,0.0,0.0,0.0,0.0,0.0,0.0,0.0,0.0,0.0,0.0,0.0,0.0,0.0,0.0,0.0,0.0,0.0,2.0,7.0,5.0,2.0,13.0,1.0,0.0,14.0,0.0,14.0,0.0,0.0,0.0,0.0,0.0,0.0,0.0,3.0,1.0,0.0,3.0,2.0,3.0,0.0,43.0,22.0,2.0,0.0,0.0,14.363001346588135,0.0,50.779300000000006,30.05642318725586,5152.77001953125,0.703628420829773,0.0
495348,0.0,0.0,0.0,0.0,0.0,0.0,0.0,,0.0,0.0,0.0,0.0,0.0,0.0,0.0,0.0,0.0,0.0,0.0,0.0,0.0,0.6079715092976888,0.0,0.0,0.0,0.0,0.0,0.0,0.0,0.0,0.0,43.97999572753906,11.229999542236328,281.69000244140625,14.720000267028809,1255.75,0.0,1.0,0.0,0.0,0.0,1.0,,,7.0,5.0,0.6666666865348816,2.0,2.0,3.0,0.0,0.0,0.0,0.0,0.0,1.0,0.0,14.0,1.0,4.0,5.0,1.0,0.0,0.0,3.0,1.0,0.0,0.0,0.0,0.0,8.0,2.0,1.0,3.0,1.0,0.0,1.0,0.0,0.0,1.0,23.0,13.0,1.0,0.0,0.0,1.0,1.0,0.0,1.0,0.0,0.0,13.0,6.0,0.0,0.0,1.0,0.0,0.0,0.0,0.0,7.0,0.0,0.0,4.0,1.0,1.0,0.0,0.0,0.010077082552015781,0.0,26.445750000000004,26.9443416595459,1607.3699951171875,0.0,0.0
495349,2.0,2.0,0.0,0.0,0.0,1.0,1.0,0.0,0.0,0.0,0.0,0.0,0.0,2.0,1.0,1.0,1.0,0.0,0.0,3.0,1.0,6.94950795173645,2.0,1.0,0.0,8.0,3.0,98.0,21.0,8.0,0.0,5918.809982299805,489.29000091552734,22569.080688476562,1863.3800354003906,14031.769500732422,68.0,99.0,19.0,12.0,3.0,10.0,0.0,0.0,0.0,0.0,0.0,0.0,0.0,0.0,0.0,0.0,0.0,0.0,1.0,2.0,0.0,97.0,5.0,10.0,32.0,21.0,15.0,17.0,61.0,8.0,0.0,0.0,0.0,3.0,57.0,40.0,34.0,39.0,60.0,0.0,6.0,0.0,31.0,6.0,498.0,191.0,16.0,11.0,50.0,105.0,115.0,51.0,166.0,0.0,0.0,230.0,197.0,0.0,0.0,97.0,14.0,2.0,3.0,66.0,164.0,69.0,0.0,508.0,128.0,3.0,2.0,0.0,1.292299747467041,3.0,396.3012166666666,31.85480308532715,44872.33056640625,0.12879589945077896,0.0
495431,0.0,0.0,0.0,0.0,0.0,0.0,0.0,,0.0,0.0,0.0,0.0,0.0,0.0,0.0,0.0,0.0,0.0,0.0,0.0,0.0,0.0,0.0,0.0,0.0,0.0,0.0,0.0,0.0,0.0,0.0,0.0,0.0,0.0,0.0,0.0,0.0,0.0,0.0,0.0,0.0,0.0,,,0.0,0.0,0.0,0.0,0.0,0.0,0.0,0.0,0.0,0.0,0.0,0.0,0.0,0.0,0.0,0.0,0.0,0.0,0.0,0.0,0.0,0.0,0.0,0.0,0.0,0.0,0.0,0.0,0.0,0.0,0.0,0.0,0.0,0.0,0.0,0.0,0.0,0.0,0.0,0.0,0.0,0.0,0.0,0.0,0.0,0.0,0.0,0.0,0.0,0.0,0.0,0.0,0.0,0.0,0.0,0.0,0.0,0.0,0.0,0.0,0.0,0.0,0.0,0.0,0.0,0.0,0.0,0.0,0.0,0.0,0.0
495488,0.0,0.0,0.0,0.0,0.0,0.0,0.0,,0.0,0.0,0.0,0.0,0.0,0.0,0.0,0.0,0.0,0.0,0.0,0.0,0.0,5.31960916519165,0.0,0.0,0.0,1.0,0.0,36.0,6.0,0.0,0.0,1521.7699890136719,376.2400093078613,3739.6099243164062,676.5000076293945,3021.6300048828125,2.0,6.0,8.0,2.0,0.0,0.0,0.0,0.0,0.0,0.0,0.0,0.0,0.0,0.0,0.0,0.0,0.0,0.0,0.0,0.0,0.0,7.0,2.0,0.0,2.0,0.0,0.0,0.0,1.0,2.0,0.0,0.0,0.0,0.0,3.0,1.0,1.0,1.0,6.0,0.0,0.0,0.0,0.0,4.0,30.0,19.0,1.0,17.0,4.0,0.0,17.0,4.0,21.0,0.0,0.0,10.0,7.0,0.0,0.0,0.0,6.0,1.0,3.0,3.0,7.0,6.0,0.0,120.0,56.0,4.0,0.0,0.0,11.508092403411865,0.0,83.05588333333336,31.650861740112305,9335.749877929688,0.0,0.0
496358,0.0,4.0,0.0,1.0,1.0,0.0,1.0,0.0,0.0,0.0,2.0,0.0,0.0,4.0,1.0,2.0,1.0,0.0,0.0,12.0,0.0,5.554263591766357,4.0,0.0,0.0,8.0,1.0,41.0,6.0,0.0,0.0,2199.219940185547,810.4900283813477,7010.240173339844,1106.6399688720703,7443.6195068359375,57.0,78.0,2.0,0.0,2.0,0.0,0.0,0.0,0.0,0.0,0.0,0.0,0.0,0.0,1.0,0.0,1.0,0.0,0.0,0.0,0.0,16.0,1.0,1.0,2.0,1.0,0.0,0.0,9.0,9.0,4.0,2.0,7.0,1.0,5.0,4.0,2.0,2.0,13.0,1.0,0.0,1.0,6.0,4.0,176.0,75.0,10.0,36.0,38.0,21.0,26.0,69.0,95.0,0.0,0.0,67.0,63.0,0.0,0.0,40.0,41.0,4.0,2.0,56.0,35.0,58.0,0.0,191.0,104.0,3.0,1.0,4.0,3.000629246234894,2.0,203.6836166666667,34.71166229248047,18570.209228515625,0.2918673660606146,0.0
497902,0.0,0.0,0.0,0.0,0.0,0.0,0.0,,0.0,0.0,0.0,0.0,0.0,0.0,0.0,0.0,0.0,0.0,0.0,8.0,2.0,1.044471025466919,5.0,1.0,0.0,4.0,1.0,36.0,2.0,0.0,0.0,1279.659912109375,358.05999755859375,3227.06982421875,709.1200561523438,2457.56005859375,10.0,23.0,5.0,2.0,1.0,0.0,,,0.0,0.0,0.0,0.0,0.0,0.0,0.0,0.0,0.0,0.0,0.0,0.0,0.0,10.0,0.0,1.0,2.0,1.0,1.0,1.0,5.0,3.0,2.0,1.0,2.0,1.0,5.0,2.0,1.0,3.0,8.0,0.0,0.0,1.0,4.0,1.0,41.0,20.0,2.0,12.0,21.0,14.0,20.0,27.0,47.0,1.0,0.0,15.0,10.0,0.0,0.0,10.0,11.0,1.0,0.0,5.0,17.0,5.0,0.0,109.0,55.0,1.0,0.0,1.0,1.0771609544754028,0.0,76.73865,32.48323440551758,8031.4697265625,0.0,0.0
498416,0.0,2.0,0.0,2.0,0.0,0.0,0.0,0.0,0.0,2.0,0.0,0.0,0.0,2.0,0.0,0.0,0.0,0.0,0.0,0.0,0.0,1.4027817249298096,0.0,0.0,0.0,0.0,0.0,6.0,1.0,0.0,0.0,393.9599914550781,105.47000122070312,1643.14990234375,192.97000122070312,1863.530029296875,1.0,3.0,0.0,0.0,0.0,0.0,,,0.0,0.0,0.0,0.0,0.0,0.0,0.0,0.0,0.0,0.0,0.0,0.0,0.0,0.0,0.0,0.0,0.0,0.0,0.0,0.0,0.0,0.0,0.0,0.0,0.0,0.0,0.0,0.0,0.0,0.0,0.0,0.0,0.0,0.0,0.0,1.0,7.0,4.0,3.0,5.0,7.0,0.0,11.0,1.0,12.0,0.0,0.0,1.0,1.0,0.0,0.0,2.0,3.0,0.0,0.0,3.0,0.0,3.0,0.0,37.0,13.0,1.0,0.0,0.0,4.646743297576904,0.0,44.60146666666668,31.417367935180664,4199.080078125,0.08891122788190842,0.0
498421,1.0,0.0,0.0,0.0,0.0,0.0,0.0,0.0,0.0,0.0,0.0,0.0,0.0,0.0,0.0,0.0,0.0,0.0,0.0,4.0,2.0,7.389027118682861,2.0,2.0,1.0,1.0,1.0,78.0,5.0,1.0,0.0,4143.579986572266,452.3800048828125,13176.400085449219,1632.079978942871,6583.259918212891,49.0,58.0,9.0,3.0,2.0,1.0,0.0,0.0,0.0,0.0,0.0,0.0,0.0,0.0,0.0,0.0,0.0,0.0,0.0,0.0,0.0,31.0,3.0,1.0,10.0,9.0,6.0,6.0,25.0,6.0,5.0,1.0,1.0,2.0,15.0,11.0,7.0,9.0,23.0,3.0,0.0,1.0,19.0,4.0,204.0,91.0,3.0,1.0,26.0,25.0,34.0,18.0,52.0,0.0,0.0,89.0,77.0,0.0,0.0,19.0,6.0,0.0,3.0,38.0,55.0,41.0,0.0,365.0,108.0,2.0,2.0,1.0,0.058449530974030495,1.0,214.36255000000006,32.53597640991211,25987.699951171875,0.0,0.0
498439,0.0,0.0,0.0,0.0,0.0,0.0,0.0,,0.0,0.0,0.0,0.0,0.0,0.0,0.0,0.0,0.0,0.0,0.0,0.0,0.0,0.0,0.0,0.0,0.0,0.0,0.0,0.0,0.0,0.0,0.0,0.0,0.0,0.0,0.0,0.0,0.0,0.0,0.0,0.0,0.0,0.0,,,0.0,0.0,0.0,0.0,0.0,0.0,0.0,0.0,0.0,0.0,0.0,0.0,0.0,0.0,0.0,0.0,0.0,0.0,0.0,0.0,0.0,0.0,0.0,0.0,0.0,0.0,0.0,0.0,0.0,0.0,0.0,0.0,0.0,0.0,0.0,0.0,0.0,0.0,0.0,0.0,0.0,0.0,0.0,0.0,0.0,0.0,0.0,0.0,0.0,0.0,0.0,0.0,0.0,0.0,0.0,0.0,0.0,0.0,0.0,0.0,0.0,0.0,0.0,0.0,0.0,0.0,0.0,0.0,0.0,0.0,0.0
498455,0.0,0.0,0.0,0.0,0.0,0.0,0.0,,0.0,0.0,0.0,0.0,0.0,0.0,0.0,0.0,0.0,0.0,0.0,0.0,0.0,3.0041697025299072,0.0,0.0,0.0,1.0,0.0,22.0,4.0,0.0,0.0,806.0899963378906,124.84000015258789,2139.3798828125,492.95001220703125,2194.199951171875,4.0,6.0,0.0,2.0,0.0,0.0,,,0.0,0.0,0.0,0.0,0.0,0.0,0.0,0.0,0.0,0.0,0.0,0.0,0.0,3.0,0.0,0.0,2.0,1.0,1.0,2.0,1.0,1.0,0.0,0.0,1.0,0.0,0.0,0.0,0.0,0.0,3.0,0.0,0.0,0.0,1.0,2.0,19.0,8.0,0.0,4.0,5.0,1.0,3.0,7.0,10.0,0.0,0.0,7.0,6.0,0.0,0.0,3.0,2.0,0.0,0.0,4.0,5.0,4.0,0.0,68.0,34.0,2.0,0.0,0.0,0.4666486829519272,0.0,58.25359999999999,29.21343231201172,5757.4599609375,0.0,1.0
498458,0.0,0.0,0.0,0.0,0.0,0.0,0.0,,0.0,0.0,0.0,0.0,0.0,0.0,0.0,0.0,0.0,0.0,0.0,1.0,0.0,6.987171808878581,1.0,0.0,0.0,0.0,0.0,52.0,3.0,0.0,0.0,1835.0900573730469,159.2199993133545,4168.5001220703125,648.0199508666992,3355.5301513671875,4.0,9.0,2.0,3.0,0.0,0.0,0.0,0.0,0.0,0.0,0.0,0.0,0.0,0.0,0.0,0.0,0.0,0.0,0.0,0.0,0.0,11.0,1.0,2.0,4.0,2.0,0.0,1.0,5.0,3.0,1.0,0.0,2.0,0.0,4.0,2.0,0.0,1.0,6.0,1.0,1.0,0.0,3.0,3.0,34.0,18.0,1.0,2.0,8.0,6.0,9.0,7.0,16.0,0.0,1.0,15.0,7.0,0.0,0.0,4.0,5.0,0.0,1.0,7.0,9.0,8.0,0.0,153.0,43.0,3.0,0.0,1.0,1.3830882161855698,1.0,91.45998333333334,30.205535888671875,10166.360107421875,0.0,0.0
498514,0.0,2.0,0.0,0.0,1.0,0.0,1.0,0.0,0.0,0.0,0.0,0.0,0.0,1.0,0.0,2.0,0.0,1.0,0.0,2.0,0.0,7.268970807393392,2.0,0.0,1.0,1.0,0.0,47.0,3.0,0.0,0.0,1497.0100708007812,129.0800018310547,4266.7200927734375,507.00999450683594,2829.2999267578125,11.0,14.0,3.0,1.0,1.0,0.0,0.0,0.0,0.0,0.0,0.0,0.0,0.0,0.0,0.0,0.0,0.0,0.0,1.0,0.0,0.0,2.0,0.0,0.0,0.0,0.0,0.0,0.0,2.0,0.0,0.0,0.0,0.0,0.0,2.0,2.0,2.0,2.0,1.0,0.0,0.0,0.0,1.0,3.0,35.0,16.0,2.0,11.0,19.0,0.0,18.0,12.0,30.0,0.0,0.0,13.0,12.0,0.0,0.0,5.0,12.0,0.0,5.0,11.0,3.0,16.0,0.0,129.0,40.0,2.0,1.0,1.0,3.349661350250244,0.0,78.30950000000001,30.032236099243164,9229.119995117188,0.05647610779851675,0.0
498806,0.0,4.0,0.0,1.0,1.0,0.0,1.0,0.0,0.0,2.0,0.0,0.0,0.0,4.0,1.0,2.0,1.0,0.0,0.0,8.0,0.0,4.7599745988845825,3.0,0.0,0.0,2.0,0.0,86.0,5.0,0.0,0.0,2478.1099853515625,569.0800170898438,8418.329833984375,842.9199981689453,7199.5902099609375,10.0,26.0,3.0,4.0,2.0,0.0,0.0,0.0,0.0,0.0,0.0,0.0,0.0,0.0,0.0,0.0,0.0,0.0,1.0,0.0,0.0,3.0,0.0,0.0,0.0,0.0,0.0,0.0,2.0,2.0,1.0,1.0,2.0,0.0,1.0,1.0,1.0,1.0,3.0,0.0,0.0,0.0,2.0,3.0,53.0,35.0,6.0,18.0,7.0,0.0,16.0,9.0,25.0,1.0,0.0,16.0,12.0,0.0,0.0,8.0,17.0,6.0,7.0,18.0,4.0,25.0,0.0,217.0,79.0,1.0,2.0,2.0,5.09505832195282,0.0,182.86648333333335,35.7724494934082,19508.02978515625,0.2641667565330863,0.0
499102,0.0,0.0,0.0,0.0,0.0,0.0,0.0,,0.0,0.0,0.0,0.0,0.0,0.0,0.0,0.0,0.0,0.0,0.0,0.0,0.0,6.562069098154704,0.0,0.0,0.0,0.0,0.0,6.0,3.0,0.0,0.0,500.7700424194336,11.339999198913574,2078.1900329589844,259.5500030517578,1355.1000671386719,4.0,10.0,2.0,1.0,0.0,0.0,0.0,0.0,0.0,0.0,0.0,0.0,0.0,0.0,0.0,0.0,0.0,0.0,0.0,0.0,0.0,10.0,0.0,3.0,5.0,2.0,1.0,2.0,4.0,0.0,0.0,0.0,0.0,0.0,5.0,2.0,1.0,2.0,10.0,0.0,1.0,0.0,4.0,3.0,36.0,15.0,0.0,0.0,0.0,2.0,0.0,2.0,2.0,0.0,0.0,18.0,12.0,0.0,0.0,1.0,0.0,0.0,1.0,4.0,11.0,5.0,0.0,43.0,19.0,3.0,0.0,0.0,0.2616868857294321,2.0,43.27905000000001,26.680009841918945,4204.9501953125,0.0,0.0
499290,0.0,0.0,0.0,0.0,0.0,0.0,0.0,,0.0,0.0,0.0,0.0,0.0,0.0,0.0,0.0,0.0,0.0,0.0,4.0,0.0,1.4690940380096436,2.0,0.0,0.0,0.0,0.0,3.0,2.0,0.0,0.0,918.1299438476562,135.20999145507812,2936.6298828125,269.8600158691406,2748.2900390625,3.0,8.0,0.0,1.0,1.0,0.0,0.0,0.0,0.0,0.0,0.0,0.0,0.0,0.0,0.0,0.0,0.0,0.0,0.0,0.0,0.0,8.0,1.0,1.0,3.0,1.0,1.0,1.0,3.0,1.0,0.0,0.0,0.0,0.0,4.0,2.0,2.0,2.0,2.0,0.0,0.0,0.0,2.0,1.0,94.0,32.0,2.0,0.0,1.0,7.0,5.0,3.0,8.0,0.0,0.0,43.0,38.0,0.0,0.0,2.0,0.0,0.0,0.0,2.0,43.0,2.0,0.0,81.0,21.0,0.0,1.0,0.0,0.04199611023068428,0.0,71.5713,29.03366470336914,7008.11962890625,0.0,0.0
499800,0.0,0.0,0.0,0.0,0.0,0.0,0.0,,0.0,0.0,0.0,0.0,0.0,0.0,0.0,0.0,0.0,0.0,0.0,0.0,0.0,0.0,0.0,0.0,0.0,0.0,0.0,0.0,0.0,0.0,0.0,0.0,0.0,0.0,0.0,0.0,0.0,0.0,0.0,0.0,0.0,0.0,,,0.0,0.0,0.0,0.0,0.0,0.0,0.0,0.0,0.0,0.0,0.0,0.0,0.0,0.0,0.0,0.0,0.0,0.0,0.0,0.0,0.0,0.0,0.0,0.0,0.0,0.0,0.0,0.0,0.0,0.0,0.0,0.0,0.0,0.0,0.0,0.0,0.0,0.0,0.0,0.0,0.0,0.0,0.0,0.0,0.0,0.0,0.0,0.0,0.0,0.0,0.0,0.0,0.0,0.0,0.0,0.0,0.0,0.0,0.0,0.0,0.0,0.0,0.0,0.0,0.0,0.0,0.0,0.0,0.0,0.0,0.0
499803,0.0,0.0,0.0,0.0,0.0,0.0,0.0,,0.0,0.0,0.0,0.0,0.0,0.0,0.0,0.0,0.0,0.0,0.0,0.0,0.0,0.0,0.0,0.0,0.0,0.0,0.0,0.0,0.0,0.0,0.0,0.0,0.0,0.0,0.0,0.0,0.0,0.0,0.0,0.0,0.0,0.0,,,0.0,0.0,0.0,0.0,0.0,0.0,0.0,0.0,0.0,0.0,0.0,0.0,0.0,0.0,0.0,0.0,0.0,0.0,0.0,0.0,0.0,0.0,0.0,0.0,0.0,0.0,0.0,0.0,0.0,0.0,0.0,0.0,0.0,0.0,0.0,1.0,0.0,0.0,0.0,0.0,0.0,0.0,0.0,0.0,0.0,0.0,0.0,0.0,0.0,0.0,0.0,0.0,0.0,0.0,0.0,0.0,0.0,0.0,0.0,0.0,0.0,0.0,0.0,0.0,0.0,0.0,1.1241333333333334,0.0,0.0,0.0,0.0
499912,1.0,3.0,0.0,0.0,0.0,0.0,0.0,0.0,0.0,3.0,0.0,0.0,0.0,0.0,0.0,2.0,1.0,3.0,1.0,2.0,3.0,7.358397579193115,1.0,2.0,12.0,9.0,7.0,63.0,17.0,9.0,0.0,5421.199859619141,361.5599937438965,12407.129760742188,1614.4399948120117,8333.249938964844,48.0,64.0,9.0,5.0,7.0,9.0,0.0,0.0,0.0,0.0,0.0,0.0,0.0,0.0,1.0,0.0,0.0,1.0,0.0,0.0,0.0,71.0,6.0,6.0,18.0,13.0,6.0,6.0,53.0,10.0,8.0,1.0,1.0,3.0,43.0,32.0,22.0,28.0,33.0,4.0,3.0,3.0,21.0,5.0,307.0,133.0,16.0,6.0,41.0,67.0,83.0,31.0,114.0,0.0,0.0,136.0,114.0,0.0,0.0,43.0,8.0,0.0,6.0,45.0,83.0,51.0,0.0,443.0,111.0,4.0,0.0,1.0,0.8377232737839222,1.0,231.85036666666667,31.04551124572754,28137.580688476562,0.09858417510986328,1.0
499913,0.0,0.0,0.0,0.0,0.0,0.0,0.0,,0.0,0.0,0.0,0.0,0.0,0.0,0.0,0.0,0.0,0.0,0.0,0.0,0.0,2.7614315032958983,0.0,0.0,0.0,0.0,0.0,0.0,0.0,7.0,0.0,295.97999572753906,4.25,5252.469970703125,62.57999801635742,18499.3896484375,5.0,11.0,0.0,0.0,2.0,9.0,0.0,0.0,58.0,48.0,2.428571432828903,10.0,8.0,21.0,0.0,0.0,0.0,0.0,0.0,2.0,0.0,52.0,2.0,11.0,27.0,11.0,8.0,14.0,16.0,2.0,0.0,0.0,0.0,0.0,23.0,5.0,2.0,10.0,11.0,0.0,3.0,0.0,5.0,4.0,172.0,111.0,7.0,0.0,0.0,15.0,10.0,5.0,15.0,0.0,0.0,95.0,63.0,0.0,0.0,9.0,0.0,0.0,0.0,3.0,50.0,3.0,0.0,26.0,6.0,0.0,0.0,0.0,0.18476876243948936,0.0,419.95593333333335,25.54216194152832,24114.669921875,0.0,0.0
500037,0.0,5.0,0.0,3.0,0.0,0.0,0.0,0.0,0.0,1.0,4.0,0.0,0.0,3.0,0.0,2.0,0.0,2.0,0.0,11.0,1.0,5.164795017242431,4.0,1.0,2.0,5.0,1.0,96.0,9.0,1.0,0.0,4152.009765625,304.4099998474121,10688.030029296875,1527.020004272461,9128.780151367188,62.0,85.0,15.0,3.0,3.0,1.0,0.0,0.0,0.0,0.0,0.0,0.0,0.0,0.0,0.0,0.0,0.0,0.0,0.0,0.0,0.0,27.0,1.0,2.0,5.0,4.0,2.0,2.0,23.0,5.0,4.0,1.0,2.0,2.0,17.0,15.0,11.0,12.0,21.0,1.0,1.0,2.0,17.0,4.0,209.0,89.0,16.0,34.0,83.0,31.0,96.0,52.0,148.0,0.0,0.0,87.0,79.0,0.0,0.0,48.0,37.0,2.0,6.0,46.0,54.0,52.0,0.0,370.0,125.0,1.0,3.0,2.0,4.25630247592926,1.0,236.43435000000002,29.54281234741211,25800.250732421875,0.12730319052934647,0.0
500038,0.0,1.0,0.0,0.0,1.0,0.0,0.0,0.0,0.0,0.0,0.0,0.0,0.0,1.0,1.0,0.0,1.0,0.0,0.0,3.0,0.0,1.2442971229553224,2.0,0.0,0.0,1.0,0.0,18.0,3.0,1.0,0.0,1060.530029296875,190.489990234375,3373.18017578125,488.6999816894531,3337.330078125,8.0,13.0,5.0,1.0,1.0,2.0,,,0.0,0.0,0.0,0.0,0.0,0.0,1.0,0.0,1.0,0.0,0.0,1.0,0.0,12.0,1.0,1.0,3.0,1.0,1.0,1.0,7.0,2.0,1.0,1.0,1.0,0.0,7.0,5.0,5.0,5.0,6.0,0.0,0.0,0.0,4.0,1.0,49.0,29.0,4.0,9.0,27.0,14.0,14.0,36.0,50.0,0.0,0.0,26.0,23.0,0.0,0.0,3.0,6.0,0.0,0.0,5.0,13.0,5.0,0.0,96.0,41.0,0.0,1.0,2.0,0.21831440925598145,8.0,81.49375,31.322566986083984,8450.23046875,0.4872807264328003,0.0
502245,0.0,0.0,0.0,0.0,0.0,0.0,0.0,,0.0,0.0,0.0,0.0,0.0,0.0,0.0,0.0,0.0,0.0,0.0,0.0,0.0,0.0,0.0,0.0,0.0,0.0,0.0,0.0,0.0,0.0,0.0,0.0,0.0,0.0,0.0,0.0,0.0,0.0,0.0,0.0,0.0,0.0,,,0.0,0.0,0.0,0.0,0.0,0.0,0.0,0.0,0.0,0.0,0.0,0.0,0.0,0.0,0.0,0.0,0.0,0.0,0.0,0.0,0.0,0.0,0.0,0.0,0.0,0.0,0.0,0.0,0.0,0.0,0.0,0.0,0.0,0.0,0.0,0.0,0.0,0.0,0.0,0.0,0.0,0.0,0.0,0.0,0.0,0.0,0.0,0.0,0.0,0.0,0.0,0.0,0.0,0.0,0.0,0.0,0.0,0.0,0.0,0.0,0.0,0.0,0.0,0.0,0.0,0.0,0.0,0.0,0.0,0.0,0.0
502727,2.0,6.0,0.0,2.0,0.0,0.0,0.0,0.0,0.0,2.0,3.0,0.0,1.0,4.0,3.0,1.0,3.0,2.0,0.0,16.0,0.0,4.400168259938558,10.0,0.0,0.0,7.0,3.0,102.0,13.0,1.0,0.0,3847.970001220703,554.5300025939941,10123.640258789062,1388.3699340820312,8466.000244140625,46.0,75.0,14.0,3.0,3.0,1.0,0.0,0.0,0.0,0.0,0.0,0.0,0.0,0.0,3.0,0.0,3.0,0.0,0.0,0.0,0.0,16.0,1.0,0.0,1.0,0.0,0.0,0.0,8.0,7.0,4.0,4.0,5.0,1.0,8.0,4.0,4.0,6.0,15.0,0.0,0.0,0.0,7.0,4.0,153.0,74.0,10.0,37.0,66.0,12.0,82.0,33.0,115.0,1.0,0.0,54.0,43.0,0.0,0.0,36.0,36.0,5.0,10.0,47.0,26.0,57.0,0.0,345.0,113.0,2.0,2.0,5.0,2.9255502223968506,1.0,220.75888333333333,33.90464401245117,24380.51025390625,0.6340498104691505,0.0
502945,0.0,1.0,0.0,0.0,0.0,0.0,0.0,0.0,0.0,0.0,1.0,0.0,0.0,0.0,0.0,0.0,1.0,1.0,1.0,12.0,1.0,4.852809429168701,6.0,1.0,0.0,3.0,0.0,81.0,9.0,2.0,0.0,3193.219970703125,463.37998962402344,10711.4697265625,1268.8100280761719,9472.89990234375,26.0,48.0,14.0,2.0,5.0,2.0,0.0,0.0,0.0,0.0,0.0,0.0,0.0,0.0,0.0,0.0,0.0,0.0,0.0,0.0,0.0,27.0,0.0,2.0,4.0,2.0,1.0,2.0,14.0,3.0,2.0,1.0,2.0,1.0,20.0,10.0,8.0,17.0,16.0,0.0,1.0,1.0,9.0,3.0,150.0,80.0,6.0,15.0,15.0,10.0,10.0,30.0,40.0,0.0,0.0,67.0,51.0,0.0,0.0,13.0,28.0,0.0,2.0,34.0,37.0,36.0,0.0,268.0,90.0,0.0,3.0,4.0,1.0154027491807938,11.0,233.05701666666664,31.05019187927246,25109.7783203125,0.05435634404420853,0.0
502946,0.0,1.0,0.0,0.0,0.0,0.0,0.0,0.0,0.0,1.0,0.0,0.0,0.0,0.0,0.0,1.0,0.0,1.0,0.0,2.0,0.0,7.7255589962005615,2.0,0.0,3.0,6.0,2.0,71.0,13.0,4.0,0.0,3305.509994506836,588.8699798583984,8619.360229492188,1301.830078125,5157.050231933594,32.0,38.0,4.0,3.0,0.0,5.0,0.0,0.0,0.0,0.0,0.0,0.0,0.0,0.0,0.0,0.0,0.0,0.0,0.0,1.0,0.0,18.0,3.0,0.0,4.0,3.0,1.0,1.0,12.0,4.0,2.0,0.0,1.0,0.0,10.0,7.0,5.0,7.0,12.0,2.0,0.0,0.0,7.0,4.0,119.0,58.0,7.0,16.0,55.0,10.0,51.0,30.0,81.0,0.0,0.0,50.0,46.0,0.0,0.0,22.0,17.0,1.0,2.0,31.0,22.0,33.0,0.0,282.0,104.0,2.0,2.0,2.0,2.125114157795906,0.0,149.90486666666663,31.486125946044922,18972.619750976562,0.0261000357568264,0.0
503047,0.0,1.0,0.0,0.0,0.0,0.0,0.0,0.0,0.0,0.0,1.0,0.0,0.0,0.0,0.0,0.0,1.0,1.0,1.0,0.0,0.0,3.7518293857574463,0.0,0.0,0.0,2.0,0.0,35.0,7.0,1.0,0.0,1664.5300903320312,263.7200012207031,3788.1102294921875,673.9800109863281,2239.8799438476562,17.0,23.0,3.0,1.0,0.0,1.0,,,0.0,0.0,0.0,0.0,0.0,0.0,0.0,0.0,0.0,0.0,0.0,0.0,0.0,8.0,0.0,0.0,1.0,0.0,0.0,1.0,6.0,2.0,1.0,1.0,2.0,0.0,5.0,5.0,5.0,5.0,4.0,0.0,0.0,0.0,3.0,2.0,86.0,35.0,5.0,12.0,24.0,17.0,36.0,17.0,53.0,0.0,0.0,38.0,34.0,0.0,0.0,14.0,10.0,1.0,1.0,17.0,23.0,18.0,0.0,137.0,51.0,2.0,0.0,0.0,1.5211334228515625,0.0,69.17488333333333,31.416685104370117,8630.219482421875,0.013475494459271431,0.0
504192,0.0,0.0,0.0,0.0,0.0,0.0,0.0,,0.0,0.0,0.0,0.0,0.0,0.0,0.0,0.0,0.0,0.0,0.0,0.0,0.0,0.0,0.0,0.0,0.0,0.0,0.0,0.0,0.0,0.0,0.0,0.0,0.0,0.0,0.0,0.0,0.0,0.0,0.0,0.0,0.0,0.0,,,0.0,0.0,0.0,0.0,0.0,0.0,0.0,0.0,0.0,0.0,0.0,0.0,0.0,0.0,0.0,0.0,0.0,0.0,0.0,0.0,0.0,0.0,0.0,0.0,0.0,0.0,0.0,0.0,0.0,0.0,0.0,0.0,0.0,0.0,0.0,0.0,0.0,0.0,0.0,0.0,0.0,0.0,0.0,0.0,0.0,0.0,0.0,0.0,0.0,0.0,0.0,0.0,0.0,0.0,0.0,0.0,0.0,0.0,0.0,0.0,0.0,0.0,0.0,0.0,0.0,0.0,0.0,0.0,0.0,0.0,0.0
504193,1.0,0.0,0.0,0.0,0.0,0.0,0.0,0.0,0.0,0.0,0.0,0.0,0.0,0.0,0.0,0.0,0.0,0.0,0.0,1.0,0.0,3.7224254608154297,1.0,0.0,0.0,0.0,0.0,18.0,1.0,1.0,0.0,846.4299621582031,220.99000549316406,2442.4801025390625,468.30001068115234,1607.1900329589844,5.0,7.0,1.0,1.0,1.0,1.0,,,0.0,0.0,0.0,0.0,0.0,0.0,0.0,0.0,0.0,0.0,0.0,0.0,0.0,1.0,0.0,0.0,0.0,0.0,0.0,0.0,0.0,0.0,0.0,0.0,0.0,0.0,1.0,0.0,0.0,1.0,0.0,0.0,0.0,0.0,0.0,2.0,20.0,11.0,1.0,8.0,4.0,2.0,4.0,10.0,14.0,0.0,0.0,9.0,6.0,0.0,0.0,1.0,4.0,2.0,0.0,5.0,4.0,5.0,0.0,67.0,41.0,2.0,0.0,1.0,2.1680906414985657,1.0,44.89193333333334,33.0111198425293,5585.3902587890625,0.0,0.0
504199,0.0,4.0,0.0,3.0,0.0,0.0,0.0,1.0,0.0,2.0,1.0,0.0,0.0,0.0,0.0,0.0,1.0,4.0,1.0,10.0,3.0,5.306589961051941,7.0,2.0,0.0,2.0,0.0,49.0,16.0,6.0,0.0,3659.5699462890625,761.6800079345703,14702.499755859375,1460.8700256347656,15000.470458984375,46.0,71.0,9.0,3.0,4.0,6.0,0.0,0.0,0.0,0.0,0.0,0.0,0.0,5.0,0.0,0.0,0.0,0.0,0.0,0.0,0.0,90.0,7.0,20.0,50.0,33.0,21.0,23.0,53.0,7.0,4.0,0.0,0.0,0.0,33.0,16.0,4.0,6.0,47.0,4.0,8.0,0.0,30.0,4.0,466.0,193.0,11.0,5.0,6.0,18.0,13.0,16.0,29.0,1.0,0.0,213.0,185.0,0.0,0.0,13.0,4.0,0.0,5.0,24.0,191.0,29.0,0.0,336.0,138.0,0.0,0.0,2.0,0.255094438791275,2.0,402.1005333333334,33.762916564941406,35585.0908203125,0.058383759111166,0.0
504200,0.0,0.0,0.0,0.0,0.0,0.0,0.0,,0.0,0.0,0.0,0.0,0.0,0.0,0.0,0.0,0.0,0.0,0.0,0.0,0.0,0.0,0.0,0.0,0.0,0.0,0.0,0.0,0.0,0.0,0.0,0.0,0.0,0.0,0.0,0.0,0.0,0.0,0.0,0.0,0.0,0.0,,,0.0,0.0,0.0,0.0,0.0,0.0,0.0,0.0,0.0,0.0,0.0,0.0,0.0,0.0,0.0,0.0,0.0,0.0,0.0,0.0,0.0,0.0,0.0,0.0,0.0,0.0,0.0,0.0,0.0,0.0,0.0,0.0,0.0,0.0,0.0,0.0,0.0,0.0,0.0,0.0,0.0,0.0,0.0,0.0,0.0,0.0,0.0,0.0,0.0,0.0,0.0,0.0,0.0,0.0,0.0,0.0,0.0,0.0,0.0,0.0,0.0,0.0,0.0,0.0,0.0,0.0,0.0,0.0,0.0,0.0,0.0
504329,0.0,1.0,0.0,0.0,0.0,0.0,0.0,0.0,0.0,0.0,1.0,0.0,0.0,1.0,0.0,1.0,0.0,0.0,0.0,1.0,1.0,2.8965567350387573,1.0,0.0,0.0,0.0,0.0,18.0,6.0,2.0,0.0,2442.900146484375,303.5299987792969,7804.2607421875,778.3500061035156,8167.7900390625,14.0,20.0,6.0,2.0,0.0,2.0,0.0,0.0,0.0,0.0,0.0,0.0,0.0,7.0,0.0,0.0,0.0,0.0,1.0,0.0,0.0,22.0,0.0,6.0,11.0,6.0,3.0,5.0,12.0,0.0,0.0,0.0,0.0,0.0,11.0,6.0,3.0,5.0,11.0,0.0,3.0,0.0,6.0,2.0,114.0,53.0,4.0,3.0,1.0,18.0,7.0,15.0,22.0,0.0,0.0,55.0,46.0,0.0,0.0,10.0,2.0,0.0,3.0,8.0,37.0,11.0,0.0,211.0,60.0,0.0,0.0,0.0,0.2538822218775749,0.0,201.61121666666668,32.84415054321289,19496.830078125,0.07886915653944016,0.0
504502,0.0,0.0,0.0,0.0,0.0,0.0,0.0,,0.0,0.0,0.0,0.0,0.0,0.0,0.0,0.0,0.0,0.0,0.0,3.0,0.0,7.029100100199382,1.0,0.0,0.0,3.0,0.0,33.0,1.0,0.0,0.0,1660.3098983764648,198.29999923706055,4499.429748535156,753.5700187683105,4016.8799743652344,10.0,17.0,1.0,1.0,0.0,0.0,0.0,0.0,0.0,0.0,0.0,0.0,0.0,0.0,0.0,0.0,0.0,0.0,0.0,0.0,0.0,1.0,0.0,0.0,0.0,0.0,0.0,0.0,0.0,1.0,0.0,0.0,1.0,0.0,0.0,0.0,0.0,0.0,1.0,0.0,0.0,0.0,0.0,3.0,46.0,21.0,0.0,19.0,41.0,2.0,46.0,16.0,62.0,0.0,0.0,18.0,16.0,0.0,0.0,13.0,13.0,1.0,1.0,14.0,9.0,15.0,0.0,146.0,55.0,2.0,1.0,1.0,2.4591092467308044,0.0,98.39221666666667,32.92255401611328,11128.489318847656,0.0,0.0
504931,0.0,0.0,0.0,0.0,0.0,0.0,0.0,0.0,0.0,0.0,0.0,0.0,0.0,0.0,0.0,0.0,0.0,0.0,0.0,1.0,0.0,2.981049418449402,1.0,0.0,0.0,0.0,0.0,11.0,4.0,2.0,0.0,2270.8200073242188,101.59000015258789,12278.22021484375,549.739990234375,8085.979736328125,51.0,57.0,4.0,2.0,0.0,2.0,,,0.0,0.0,0.0,0.0,0.0,0.0,0.0,0.0,0.0,0.0,0.0,0.0,0.0,21.0,0.0,4.0,17.0,14.0,12.0,13.0,16.0,0.0,0.0,0.0,0.0,0.0,4.0,2.0,0.0,0.0,19.0,0.0,2.0,0.0,14.0,2.0,232.0,85.0,4.0,0.0,0.0,34.0,7.0,27.0,34.0,0.0,0.0,106.0,101.0,0.0,0.0,17.0,3.0,0.0,1.0,40.0,63.0,41.0,0.0,210.0,41.0,0.0,0.0,0.0,0.11659519746899605,1.0,232.60048333333336,32.664512634277344,23286.349609375,0.0,0.0
504990,0.0,4.0,0.0,2.0,1.0,0.0,0.0,1.0,1.0,1.0,1.0,0.0,0.0,1.0,0.0,1.0,1.0,3.0,1.0,27.0,1.0,6.3456233739852905,17.0,0.0,7.0,16.0,1.0,98.0,8.0,3.0,0.0,4145.560119628906,553.6600074768066,13582.419677734375,1458.7000350952148,13250.639404296875,73.0,116.0,9.0,4.0,6.0,3.0,0.0,0.0,0.0,0.0,0.0,0.0,0.0,0.0,1.0,0.0,0.0,1.0,0.0,0.0,0.0,55.0,4.0,5.0,11.0,5.0,2.0,2.0,31.0,13.0,10.0,5.0,6.0,3.0,31.0,16.0,11.0,19.0,47.0,3.0,0.0,2.0,27.0,4.0,241.0,124.0,14.0,33.0,63.0,19.0,27.0,88.0,115.0,1.0,0.0,90.0,69.0,0.0,0.0,50.0,50.0,2.0,4.0,73.0,45.0,77.0,0.0,365.0,130.0,1.0,2.0,12.0,1.9132866114377975,1.0,312.5353166666667,31.854936599731445,32990.9794921875,0.13792462646961212,0.0
505097,0.0,0.0,0.0,0.0,0.0,0.0,0.0,0.0,0.0,0.0,0.0,0.0,0.0,0.0,0.0,0.0,0.0,0.0,0.0,3.0,1.0,6.313120047251384,3.0,1.0,1.0,1.0,0.0,33.0,5.0,4.0,0.0,2642.300033569336,296.17000436782837,6653.3800048828125,1132.2699661254883,3879.899917602539,41.0,49.0,6.0,0.0,1.0,4.0,0.0,0.0,0.0,0.0,0.0,0.0,0.0,0.0,0.0,0.0,0.0,0.0,0.0,0.0,0.0,20.0,2.0,1.0,8.0,7.0,5.0,5.0,14.0,4.0,2.0,1.0,1.0,1.0,8.0,5.0,3.0,4.0,13.0,1.0,1.0,0.0,10.0,5.0,231.0,71.0,7.0,10.0,21.0,19.0,34.0,16.0,50.0,0.0,0.0,110.0,100.0,0.0,0.0,18.0,13.0,0.0,2.0,33.0,74.0,35.0,0.0,216.0,85.0,5.0,0.0,1.0,1.7458168789744377,0.0,121.32186666666668,33.128868103027344,14604.020385742188,0.0,0.0
505112,0.0,2.0,0.0,0.0,0.0,0.0,1.0,,0.0,0.0,1.0,0.0,0.0,1.0,1.0,1.0,1.0,1.0,0.0,3.0,3.0,3.325674057006836,2.0,2.0,1.0,1.0,0.0,22.0,6.0,1.0,0.0,1691.4100646972656,173.24000549316406,4578.3798828125,642.6399993896484,4195.659973144531,25.0,33.0,1.0,2.0,3.0,1.0,,,0.0,0.0,0.0,0.0,0.0,0.0,1.0,0.0,1.0,0.0,0.0,0.0,0.0,11.0,0.0,2.0,2.0,1.0,0.0,0.0,6.0,2.0,1.0,1.0,2.0,0.0,7.0,4.0,3.0,5.0,6.0,0.0,1.0,0.0,2.0,3.0,91.0,42.0,3.0,21.0,15.0,9.0,21.0,24.0,45.0,0.0,0.0,39.0,34.0,0.0,0.0,12.0,17.0,0.0,1.0,30.0,15.0,31.0,0.0,121.0,43.0,3.0,0.0,2.0,3.8388073444366455,0.0,101.50488333333334,28.6009521484375,11281.330078125,0.4526835214346647,0.0
505495,0.0,0.0,0.0,0.0,0.0,0.0,0.0,,0.0,0.0,0.0,0.0,0.0,0.0,0.0,0.0,0.0,0.0,0.0,0.0,0.0,2.9090291023254395,0.0,0.0,0.0,1.0,0.0,30.0,6.0,0.0,0.0,1076.3099975585938,245.06000518798828,3871.1201171875,602.1399993896484,2540.4500122070312,3.0,7.0,2.0,0.0,0.0,0.0,,,0.0,0.0,0.0,0.0,0.0,0.0,0.0,0.0,0.0,0.0,0.0,0.0,0.0,9.0,0.0,2.0,3.0,1.0,0.0,1.0,3.0,0.0,0.0,0.0,0.0,0.0,6.0,2.0,1.0,4.0,4.0,0.0,1.0,0.0,2.0,2.0,38.0,24.0,1.0,4.0,3.0,2.0,2.0,7.0,9.0,0.0,0.0,19.0,13.0,0.0,0.0,1.0,4.0,1.0,1.0,7.0,7.0,8.0,0.0,101.0,38.0,1.0,1.0,0.0,0.6726973056793213,8.0,69.49130000000001,30.62054443359375,8335.080078125,0.0,0.0
506028,0.0,0.0,0.0,0.0,0.0,0.0,0.0,,0.0,0.0,0.0,0.0,0.0,0.0,0.0,0.0,0.0,0.0,0.0,0.0,0.0,0.0,0.0,0.0,0.0,0.0,0.0,0.0,0.0,0.0,0.0,0.0,0.0,0.0,0.0,0.0,0.0,0.0,0.0,0.0,0.0,0.0,,,0.0,0.0,0.0,0.0,0.0,0.0,0.0,0.0,0.0,0.0,0.0,0.0,0.0,0.0,0.0,0.0,0.0,0.0,0.0,0.0,0.0,0.0,0.0,0.0,0.0,0.0,0.0,0.0,0.0,0.0,0.0,0.0,0.0,0.0,0.0,0.0,0.0,0.0,0.0,0.0,0.0,0.0,0.0,0.0,0.0,0.0,0.0,0.0,0.0,0.0,0.0,0.0,0.0,0.0,0.0,0.0,0.0,0.0,0.0,0.0,0.0,0.0,0.0,0.0,0.0,0.0,0.0,0.0,0.0,0.0,0.0
506038,0.0,0.0,0.0,0.0,0.0,0.0,0.0,0.0,0.0,0.0,0.0,0.0,0.0,0.0,0.0,0.0,0.0,0.0,0.0,0.0,0.0,1.9436469078063965,0.0,0.0,0.0,1.0,0.0,4.0,0.0,0.0,0.0,358.8699951171875,64.4800033569336,777.7899780273438,126.02999877929688,415.760009765625,2.0,3.0,1.0,1.0,0.0,0.0,,,0.0,0.0,0.0,0.0,0.0,0.0,0.0,0.0,0.0,0.0,0.0,0.0,0.0,1.0,0.0,0.0,0.0,0.0,0.0,0.0,0.0,0.0,0.0,0.0,0.0,0.0,1.0,0.0,0.0,1.0,0.0,0.0,0.0,0.0,0.0,1.0,13.0,6.0,0.0,2.0,3.0,0.0,2.0,3.0,5.0,0.0,0.0,5.0,4.0,0.0,0.0,3.0,2.0,1.0,1.0,1.0,5.0,2.0,0.0,27.0,11.0,1.0,0.0,0.0,1.3309111595153809,0.0,13.304716666666664,28.32905387878418,1742.9300537109375,0.0,0.0
506039,0.0,1.0,0.0,0.0,0.0,1.0,0.0,0.0,0.0,0.0,0.0,0.0,0.0,1.0,0.0,1.0,0.0,0.0,0.0,4.0,2.0,5.899427533149719,4.0,1.0,0.0,0.0,0.0,22.0,5.0,8.0,0.0,5392.2398681640625,682.3199920654297,15970.14013671875,2121.7899780273438,15396.230224609375,62.0,82.0,3.0,1.0,1.0,8.0,0.0,0.0,0.0,0.0,0.0,0.0,0.0,5.0,0.0,0.0,0.0,0.0,1.0,0.0,0.0,76.0,2.0,14.0,53.0,37.0,30.0,37.0,49.0,2.0,1.0,0.0,0.0,0.0,21.0,11.0,4.0,5.0,42.0,1.0,6.0,0.0,26.0,4.0,582.0,199.0,13.0,1.0,2.0,49.0,14.0,38.0,52.0,0.0,0.0,280.0,257.0,0.0,0.0,22.0,3.0,0.0,5.0,41.0,222.0,46.0,0.0,460.0,183.0,0.0,0.0,0.0,0.21296707727015018,1.0,402.1005333333334,33.795196533203125,39562.720703125,0.014415595680475235,0.0
506069,0.0,1.0,0.0,1.0,1.0,0.0,0.0,0.0,0.0,0.0,0.0,0.0,0.0,1.0,0.0,0.0,0.0,0.0,0.0,2.0,0.0,2.4513646761576333,1.0,0.0,0.0,0.0,0.0,18.0,2.0,1.0,0.0,551.4000244140625,29.28999900817871,1706.3699951171875,190.1000213623047,1131.8900146484375,6.0,10.0,1.0,1.0,0.0,1.0,,,0.0,0.0,0.0,0.0,0.0,0.0,0.0,0.0,0.0,0.0,0.0,0.0,0.0,5.0,1.0,0.0,1.0,0.0,0.0,0.0,2.0,1.0,0.0,0.0,0.0,0.0,3.0,2.0,2.0,2.0,0.0,0.0,0.0,0.0,0.0,1.0,28.0,14.0,1.0,2.0,3.0,1.0,6.0,0.0,6.0,0.0,0.0,12.0,9.0,0.0,0.0,2.0,4.0,0.0,1.0,4.0,8.0,5.0,0.0,47.0,15.0,1.0,0.0,1.0,0.07481587678194046,0.0,29.475583333333333,27.77195167541504,3609.050048828125,0.07246536761522293,0.0
506088,0.0,0.0,0.0,0.0,0.0,0.0,0.0,,0.0,0.0,0.0,0.0,0.0,0.0,0.0,0.0,0.0,0.0,0.0,0.0,0.0,0.9963541825612386,0.0,0.0,0.0,0.0,0.0,30.0,2.0,1.0,0.0,409.739990234375,26.299999237060547,1737.9500732421875,150.2100067138672,1357.1500244140625,1.0,1.0,3.0,0.0,0.0,1.0,,,0.0,0.0,0.0,0.0,0.0,0.0,0.0,0.0,0.0,0.0,0.0,0.0,0.0,1.0,0.0,0.0,1.0,1.0,1.0,1.0,1.0,0.0,0.0,0.0,0.0,0.0,0.0,0.0,0.0,0.0,1.0,0.0,0.0,0.0,1.0,1.0,12.0,8.0,0.0,1.0,1.0,0.0,1.0,1.0,2.0,0.0,0.0,7.0,7.0,0.0,0.0,1.0,0.0,0.0,0.0,0.0,4.0,0.0,0.0,34.0,13.0,1.0,0.0,0.0,0.012095079757273197,2.0,36.94448333333334,29.620180130004883,3681.35009765625,0.0,0.0
506124,0.0,0.0,0.0,0.0,0.0,0.0,0.0,,0.0,0.0,0.0,0.0,0.0,0.0,0.0,0.0,0.0,0.0,0.0,0.0,0.0,0.0,0.0,0.0,0.0,0.0,0.0,0.0,0.0,0.0,0.0,0.0,0.0,0.0,0.0,0.0,0.0,0.0,0.0,0.0,0.0,0.0,,,0.0,0.0,0.0,0.0,0.0,0.0,0.0,0.0,0.0,0.0,0.0,0.0,0.0,0.0,0.0,0.0,0.0,0.0,0.0,0.0,0.0,0.0,0.0,0.0,0.0,0.0,0.0,0.0,0.0,0.0,0.0,0.0,0.0,0.0,0.0,0.0,0.0,0.0,0.0,0.0,0.0,0.0,0.0,0.0,0.0,0.0,0.0,0.0,0.0,0.0,0.0,0.0,0.0,0.0,0.0,0.0,0.0,0.0,0.0,0.0,0.0,0.0,0.0,0.0,0.0,0.0,0.0,0.0,0.0,0.0,0.0
506202,0.0,0.0,0.0,0.0,0.0,0.0,0.0,,0.0,0.0,0.0,0.0,0.0,0.0,0.0,0.0,0.0,0.0,0.0,6.0,1.0,4.994599342346191,4.0,1.0,1.0,4.0,0.0,38.0,2.0,0.0,0.0,1706.7700424194336,356.80996322631836,4610.689956665039,583.9000282287598,3336.3499298095703,15.0,29.0,2.0,0.0,1.0,0.0,0.0,0.0,0.0,0.0,0.0,0.0,0.0,0.0,0.0,0.0,0.0,0.0,0.0,0.0,0.0,6.0,0.0,1.0,2.0,0.0,0.0,1.0,1.0,1.0,0.0,0.0,1.0,0.0,3.0,1.0,1.0,2.0,6.0,0.0,0.0,0.0,1.0,3.0,69.0,35.0,3.0,16.0,16.0,0.0,8.0,24.0,32.0,0.0,0.0,23.0,16.0,0.0,0.0,10.0,13.0,3.0,5.0,17.0,13.0,22.0,0.0,131.0,53.0,2.0,1.0,2.0,4.0482929944992065,0.0,94.28641666666668,34.576812744140625,10594.520141601562,0.0,0.0
506277,0.0,0.0,0.0,0.0,0.0,0.0,0.0,,0.0,0.0,0.0,0.0,0.0,0.0,0.0,0.0,0.0,0.0,0.0,0.0,0.0,0.0,0.0,0.0,0.0,0.0,0.0,0.0,0.0,0.0,0.0,0.0,0.0,0.0,0.0,0.0,0.0,0.0,0.0,0.0,0.0,0.0,,,0.0,0.0,0.0,0.0,0.0,0.0,0.0,0.0,0.0,0.0,0.0,0.0,0.0,0.0,0.0,0.0,0.0,0.0,0.0,0.0,0.0,0.0,0.0,0.0,0.0,0.0,0.0,0.0,0.0,0.0,0.0,0.0,0.0,0.0,0.0,0.0,0.0,0.0,0.0,0.0,0.0,0.0,0.0,0.0,0.0,0.0,0.0,0.0,0.0,0.0,0.0,0.0,0.0,0.0,0.0,0.0,0.0,0.0,0.0,0.0,0.0,0.0,0.0,0.0,0.0,0.0,0.0,0.0,0.0,0.0,0.0
506279,0.0,2.0,0.0,0.0,0.0,0.0,1.0,0.0,0.0,0.0,1.0,0.0,0.0,2.0,1.0,1.0,1.0,0.0,0.0,2.0,0.0,6.840330004692078,2.0,0.0,0.0,1.0,0.0,128.0,14.0,0.0,0.0,5219.339996337891,718.3399963378906,15480.750305175781,1825.0899505615234,10977.019805908203,54.0,65.0,12.0,7.0,3.0,0.0,0.0,0.0,0.0,0.0,0.0,0.0,0.0,0.0,1.0,0.0,1.0,0.0,0.0,0.0,0.0,17.0,2.0,0.0,3.0,1.0,1.0,1.0,8.0,4.0,1.0,0.0,1.0,1.0,10.0,6.0,5.0,7.0,17.0,0.0,0.0,1.0,8.0,4.0,165.0,86.0,6.0,29.0,18.0,17.0,44.0,20.0,64.0,0.0,0.0,70.0,62.0,0.0,0.0,16.0,20.0,2.0,6.0,55.0,20.0,61.0,0.0,460.0,136.0,1.0,1.0,2.0,1.8799860626459122,1.0,307.58543333333336,31.754638671875,34220.54187011719,0.7537825107574463,2.0
506329,0.0,2.0,0.0,0.0,0.0,0.0,0.0,0.0,0.0,1.0,1.0,0.0,0.0,1.0,1.0,0.0,2.0,1.0,1.0,18.0,0.0,5.990734100341797,13.0,0.0,0.0,9.0,0.0,135.0,28.0,3.0,0.0,4839.470077514648,1799.679973602295,16595.450073242188,2317.529983520508,20078.509643554688,89.0,130.0,25.0,3.0,5.0,3.0,0.0,0.0,0.0,0.0,0.0,0.0,0.0,0.0,0.0,0.0,0.0,0.0,0.0,0.0,0.0,82.0,4.0,5.0,20.0,13.0,8.0,11.0,59.0,17.0,11.0,9.0,13.0,0.0,45.0,35.0,30.0,36.0,45.0,2.0,3.0,0.0,27.0,8.0,439.0,196.0,13.0,44.0,61.0,64.0,36.0,133.0,169.0,0.0,0.0,201.0,177.0,0.0,0.0,66.0,25.0,10.0,15.0,55.0,131.0,70.0,0.0,417.0,214.0,4.0,3.0,5.0,1.2959415465593338,31.0,476.1069333333333,36.22447204589844,45630.63916015625,0.7105324640870094,0.0
506335,0.0,0.0,0.0,0.0,0.0,0.0,0.0,,0.0,0.0,0.0,0.0,0.0,0.0,0.0,0.0,0.0,0.0,0.0,0.0,0.0,0.0,0.0,0.0,0.0,0.0,0.0,0.0,0.0,0.0,0.0,0.0,0.0,0.0,0.0,0.0,0.0,0.0,0.0,0.0,0.0,0.0,,,0.0,0.0,0.0,0.0,0.0,0.0,0.0,0.0,0.0,0.0,0.0,0.0,0.0,0.0,0.0,0.0,0.0,0.0,0.0,0.0,0.0,0.0,0.0,0.0,0.0,0.0,0.0,0.0,0.0,0.0,0.0,0.0,0.0,0.0,0.0,0.0,0.0,0.0,0.0,0.0,0.0,0.0,0.0,0.0,0.0,0.0,0.0,0.0,0.0,0.0,0.0,0.0,0.0,0.0,0.0,0.0,0.0,0.0,0.0,0.0,0.0,0.0,0.0,0.0,0.0,0.0,0.0,0.0,0.0,0.0,0.0
506471,0.0,0.0,0.0,0.0,0.0,0.0,0.0,0.0,0.0,0.0,0.0,0.0,0.0,0.0,0.0,0.0,0.0,0.0,0.0,13.0,0.0,5.887185732523601,9.0,0.0,0.0,0.0,0.0,73.0,19.0,1.0,0.0,2915.9601440429688,838.7300109863281,9812.300048828125,1453.6799926757812,10496.079833984375,44.0,61.0,9.0,2.0,3.0,1.0,0.0,0.0,0.0,0.0,0.0,0.0,0.0,0.0,0.0,0.0,0.0,0.0,0.0,0.0,0.0,27.0,2.0,3.0,9.0,7.0,4.0,4.0,19.0,3.0,1.0,1.0,1.0,0.0,15.0,11.0,8.0,10.0,24.0,0.0,3.0,0.0,17.0,3.0,151.0,82.0,5.0,5.0,8.0,4.0,3.0,14.0,17.0,0.0,0.0,66.0,55.0,0.0,0.0,6.0,9.0,0.0,4.0,49.0,19.0,53.0,0.0,239.0,132.0,0.0,2.0,4.0,0.29734300449490547,6.0,260.45285,34.65265655517578,25516.75048828125,0.0,0.0
506473,0.0,0.0,0.0,0.0,0.0,0.0,0.0,,0.0,0.0,0.0,0.0,0.0,0.0,0.0,0.0,0.0,0.0,0.0,0.0,0.0,2.5095117886861167,0.0,0.0,0.0,3.0,1.0,7.0,2.0,0.0,0.0,479.1600036621094,86.93000030517578,891.3200073242188,281.8900146484375,713.77001953125,4.0,10.0,0.0,0.0,2.0,0.0,,,0.0,0.0,0.0,0.0,0.0,0.0,0.0,0.0,0.0,0.0,0.0,0.0,0.0,4.0,1.0,0.0,1.0,0.0,0.0,0.0,0.0,1.0,0.0,0.0,0.0,0.0,2.0,0.0,0.0,1.0,4.0,0.0,0.0,0.0,0.0,1.0,25.0,11.0,0.0,4.0,5.0,3.0,2.0,10.0,12.0,0.0,0.0,9.0,5.0,0.0,0.0,6.0,4.0,2.0,0.0,10.0,3.0,10.0,0.0,42.0,19.0,1.0,0.0,0.0,0.4595477879047394,1.0,19.68358333333333,30.693729400634766,2453.070068359375,0.0,0.0
506481,0.0,0.0,0.0,0.0,0.0,0.0,0.0,,0.0,0.0,0.0,0.0,0.0,0.0,0.0,0.0,0.0,0.0,0.0,0.0,0.0,0.0,0.0,0.0,0.0,0.0,0.0,0.0,0.0,0.0,0.0,0.0,0.0,0.0,0.0,0.0,0.0,0.0,0.0,0.0,0.0,0.0,,,0.0,0.0,0.0,0.0,0.0,0.0,0.0,0.0,0.0,0.0,0.0,0.0,0.0,0.0,0.0,0.0,0.0,0.0,0.0,0.0,0.0,0.0,0.0,0.0,0.0,0.0,0.0,0.0,0.0,0.0,0.0,0.0,0.0,0.0,0.0,0.0,0.0,0.0,0.0,0.0,0.0,0.0,0.0,0.0,0.0,0.0,0.0,0.0,0.0,0.0,0.0,0.0,0.0,0.0,0.0,0.0,0.0,0.0,0.0,0.0,0.0,0.0,0.0,0.0,0.0,0.0,0.0,0.0,0.0,0.0,0.0
506483,0.0,0.0,0.0,0.0,0.0,0.0,0.0,,0.0,0.0,0.0,0.0,0.0,0.0,0.0,0.0,0.0,0.0,0.0,1.0,0.0,2.2472139994303384,0.0,0.0,0.0,0.0,0.0,0.0,0.0,1.0,0.0,302.7799987792969,34.75,602.75,59.7400016784668,501.20001220703125,2.0,3.0,0.0,0.0,1.0,1.0,0.0,0.0,0.0,0.0,0.0,0.0,0.0,0.0,0.0,0.0,0.0,0.0,0.0,0.0,0.0,2.0,0.0,0.0,0.0,0.0,0.0,0.0,1.0,0.0,0.0,0.0,0.0,0.0,2.0,1.0,1.0,2.0,2.0,0.0,0.0,0.0,1.0,1.0,9.0,7.0,0.0,0.0,4.0,0.0,0.0,4.0,4.0,0.0,0.0,5.0,5.0,0.0,0.0,1.0,1.0,0.0,0.0,3.0,1.0,3.0,0.0,24.0,5.0,1.0,0.0,0.0,1.143390417098999,2.0,13.347133333333346,28.21713638305664,1501.219970703125,0.0,0.0
506775,0.0,0.0,0.0,0.0,0.0,0.0,0.0,,0.0,0.0,0.0,0.0,0.0,0.0,0.0,0.0,0.0,0.0,0.0,0.0,0.0,0.0,0.0,0.0,0.0,0.0,0.0,0.0,0.0,0.0,0.0,0.0,0.0,0.0,0.0,0.0,0.0,0.0,0.0,0.0,0.0,0.0,,,0.0,0.0,0.0,0.0,0.0,0.0,0.0,0.0,0.0,0.0,0.0,0.0,0.0,0.0,0.0,0.0,0.0,0.0,0.0,0.0,0.0,0.0,0.0,0.0,0.0,0.0,0.0,0.0,0.0,0.0,0.0,0.0,0.0,0.0,0.0,0.0,0.0,0.0,0.0,0.0,0.0,0.0,0.0,0.0,0.0,0.0,0.0,0.0,0.0,0.0,0.0,0.0,0.0,0.0,0.0,0.0,0.0,0.0,0.0,0.0,0.0,0.0,0.0,0.0,0.0,0.0,0.0,0.0,0.0,0.0,0.0
507253,0.0,0.0,0.0,0.0,0.0,0.0,0.0,,0.0,0.0,0.0,0.0,0.0,0.0,0.0,0.0,0.0,0.0,0.0,2.0,2.0,6.62781298160553,2.0,2.0,0.0,0.0,0.0,114.0,15.0,1.0,0.0,5053.000030517578,251.61999607086182,14970.4091796875,1379.72998046875,9468.059631347656,35.0,39.0,5.0,7.0,1.0,1.0,0.0,0.0,0.0,0.0,0.0,0.0,0.0,0.0,0.0,0.0,0.0,0.0,0.0,0.0,0.0,17.0,0.0,0.0,2.0,1.0,1.0,2.0,15.0,1.0,1.0,0.0,0.0,1.0,14.0,13.0,12.0,13.0,6.0,0.0,0.0,1.0,5.0,4.0,204.0,87.0,2.0,2.0,12.0,32.0,42.0,4.0,46.0,0.0,0.0,93.0,88.0,0.0,0.0,16.0,7.0,0.0,1.0,27.0,68.0,28.0,0.0,447.0,96.0,1.0,2.0,1.0,0.28825520165264606,0.0,282.54819999999995,30.031415939331055,31122.818603515625,0.0,0.0
510757,0.0,1.0,0.0,0.0,0.0,0.0,0.0,0.0,0.0,0.0,1.0,0.0,0.0,0.0,0.0,1.0,0.0,1.0,0.0,6.0,0.0,6.051074822743733,3.0,0.0,0.0,2.0,0.0,81.0,13.0,3.0,0.0,2690.9400024414062,734.890007019043,7327.6201171875,1522.9100036621094,8704.439819335938,35.0,49.0,9.0,4.0,4.0,3.0,0.0,0.0,0.0,0.0,0.0,0.0,0.0,0.0,0.0,0.0,0.0,0.0,0.0,0.0,0.0,13.0,1.0,0.0,3.0,2.0,2.0,2.0,8.0,3.0,1.0,1.0,2.0,0.0,7.0,5.0,5.0,6.0,7.0,0.0,0.0,0.0,5.0,3.0,121.0,55.0,3.0,39.0,29.0,3.0,35.0,36.0,71.0,0.0,0.0,52.0,43.0,0.0,0.0,23.0,20.0,2.0,6.0,40.0,17.0,46.0,0.0,246.0,113.0,1.0,1.0,2.0,1.996192991733551,1.0,208.59924999999998,34.41753387451172,20980.80029296875,0.011688309721648693,1.0
510850,0.0,0.0,0.0,0.0,0.0,0.0,0.0,,0.0,0.0,0.0,0.0,0.0,0.0,0.0,0.0,0.0,0.0,0.0,0.0,0.0,0.0,0.0,0.0,0.0,0.0,0.0,0.0,0.0,0.0,0.0,0.0,0.0,0.0,0.0,0.0,0.0,0.0,0.0,0.0,0.0,0.0,,,0.0,0.0,0.0,0.0,0.0,0.0,0.0,0.0,0.0,0.0,0.0,0.0,0.0,0.0,0.0,0.0,0.0,0.0,0.0,0.0,0.0,0.0,0.0,0.0,0.0,0.0,0.0,0.0,0.0,0.0,0.0,0.0,0.0,0.0,0.0,0.0,0.0,0.0,0.0,0.0,0.0,0.0,0.0,0.0,0.0,0.0,0.0,0.0,0.0,0.0,0.0,0.0,0.0,0.0,0.0,0.0,0.0,0.0,0.0,0.0,0.0,0.0,0.0,0.0,0.0,0.0,0.0,0.0,0.0,0.0,0.0
510908,0.0,0.0,0.0,0.0,0.0,0.0,0.0,,0.0,0.0,0.0,0.0,0.0,0.0,0.0,0.0,0.0,0.0,0.0,1.0,0.0,2.1761418183644614,1.0,0.0,0.0,2.0,0.0,15.0,4.0,2.0,0.0,1090.3600311279297,271.22999572753906,4325.099609375,498.3800277709961,3426.7604064941406,20.0,30.0,3.0,3.0,1.0,2.0,,,0.0,0.0,0.0,0.0,0.0,0.0,0.0,0.0,0.0,0.0,0.0,0.0,0.0,18.0,3.0,2.0,8.0,5.0,3.0,3.0,9.0,4.0,2.0,1.0,1.0,0.0,6.0,2.0,0.0,1.0,14.0,1.0,1.0,0.0,6.0,2.0,88.0,39.0,3.0,9.0,9.0,2.0,2.0,18.0,20.0,0.0,0.0,41.0,31.0,0.0,0.0,10.0,7.0,1.0,2.0,26.0,13.0,28.0,0.0,96.0,39.0,1.0,1.0,1.0,0.38846053183078766,5.0,89.55758333333334,33.6413459777832,9611.830444335938,0.0,0.0
510922,1.0,4.0,0.0,0.0,0.0,0.0,0.0,0.0,0.0,3.0,1.0,0.0,0.0,3.0,0.0,3.0,0.0,1.0,0.0,32.0,1.0,5.708215117454529,17.0,1.0,11.0,21.0,5.0,121.0,20.0,1.0,0.0,4127.260009765625,1492.8799896240234,12804.0205078125,1950.1099853515625,13973.0400390625,107.0,148.0,20.0,2.0,7.0,1.0,0.0,0.0,0.0,0.0,0.0,0.0,0.0,0.0,0.0,0.0,0.0,0.0,1.0,0.0,0.0,38.0,0.0,0.0,2.0,2.0,2.0,2.0,28.0,15.0,8.0,6.0,13.0,2.0,21.0,18.0,16.0,19.0,33.0,0.0,0.0,2.0,24.0,4.0,372.0,177.0,20.0,24.0,92.0,18.0,45.0,89.0,134.0,0.0,0.0,142.0,127.0,0.0,0.0,68.0,88.0,6.0,17.0,89.0,86.0,106.0,0.0,370.0,178.0,0.0,3.0,15.0,2.2322099208831787,1.0,361.77293333333336,34.71274948120117,34347.3095703125,0.25538312643766403,0.0
510989,0.0,6.0,0.0,1.0,0.0,0.0,0.0,1.0,1.0,0.0,5.0,0.0,0.0,2.0,1.0,3.0,1.0,4.0,0.0,19.0,0.0,3.3445016145706177,8.0,0.0,1.0,11.0,2.0,72.0,14.0,1.0,0.0,2413.9901123046875,390.2200164794922,8130.07958984375,1237.8800659179688,5591.070068359375,29.0,71.0,10.0,2.0,1.0,1.0,,,0.0,0.0,0.0,0.0,0.0,0.0,1.0,0.0,1.0,0.0,0.0,0.0,0.0,21.0,2.0,0.0,3.0,1.0,1.0,1.0,4.0,12.0,1.0,1.0,10.0,0.0,6.0,2.0,2.0,4.0,20.0,0.0,0.0,0.0,4.0,2.0,154.0,89.0,11.0,29.0,11.0,5.0,15.0,30.0,45.0,1.0,0.0,47.0,28.0,0.0,0.0,16.0,49.0,3.0,6.0,42.0,32.0,48.0,0.0,210.0,112.0,0.0,2.0,6.0,1.6366319060325623,1.0,160.4582,33.247589111328125,17763.240234375,0.23134799301624298,0.0
510991,0.0,0.0,0.0,0.0,0.0,0.0,0.0,,0.0,0.0,0.0,0.0,0.0,0.0,0.0,0.0,0.0,0.0,0.0,1.0,0.0,3.755235195159912,1.0,0.0,0.0,1.0,0.0,38.0,5.0,0.0,0.0,1934.97998046875,198.26000213623047,6510.389404296875,648.5199890136719,6620.1396484375,3.0,15.0,2.0,1.0,0.0,0.0,0.0,0.0,0.0,0.0,0.0,0.0,0.0,0.0,0.0,0.0,0.0,0.0,0.0,0.0,0.0,25.0,4.0,2.0,12.0,2.0,1.0,6.0,4.0,4.0,0.0,0.0,0.0,0.0,9.0,2.0,1.0,3.0,19.0,0.0,1.0,0.0,3.0,2.0,57.0,33.0,1.0,4.0,12.0,7.0,2.0,21.0,23.0,0.0,0.0,28.0,11.0,0.0,0.0,4.0,2.0,1.0,1.0,10.0,12.0,11.0,0.0,170.0,55.0,0.0,1.0,0.0,0.03366842493414879,9.0,170.81786666666667,32.05351257324219,15912.29052734375,0.0,0.0
511009,0.0,3.0,0.0,0.0,2.0,0.0,0.0,0.0,0.0,0.0,0.0,0.0,0.0,2.0,1.0,1.0,1.0,1.0,0.0,8.0,0.0,6.273287057876587,4.0,0.0,0.0,5.0,2.0,64.0,10.0,1.0,0.0,5407.0601806640625,816.3599548339844,15861.690185546875,2207.4300537109375,13791.1103515625,95.0,115.0,10.0,4.0,2.0,1.0,0.0,0.0,0.0,0.0,0.0,0.0,0.0,0.0,1.0,0.0,1.0,0.0,0.0,0.0,0.0,40.0,2.0,3.0,16.0,12.0,9.0,11.0,32.0,3.0,2.0,0.0,0.0,1.0,21.0,18.0,14.0,15.0,24.0,1.0,2.0,1.0,20.0,4.0,406.0,173.0,15.0,54.0,27.0,16.0,42.0,55.0,97.0,0.0,0.0,183.0,168.0,0.0,0.0,29.0,31.0,7.0,6.0,77.0,108.0,83.0,0.0,480.0,170.0,0.0,2.0,3.0,1.9323709309101105,16.0,362.7103666666667,33.03800964355469,38083.6494140625,0.27757747657597065,0.0
511010,0.0,0.0,0.0,0.0,0.0,0.0,0.0,,0.0,0.0,0.0,0.0,0.0,0.0,0.0,0.0,0.0,0.0,0.0,0.0,0.0,1.521440863609314,0.0,0.0,0.0,0.0,0.0,4.0,0.0,0.0,0.0,257.3399963378906,18.469999313354492,1061.760009765625,60.91999816894531,1226.5699462890625,12.0,12.0,0.0,0.0,0.0,0.0,,,0.0,0.0,0.0,0.0,0.0,0.0,0.0,0.0,0.0,0.0,0.0,0.0,0.0,0.0,0.0,0.0,0.0,0.0,0.0,0.0,0.0,0.0,0.0,0.0,0.0,0.0,0.0,0.0,0.0,0.0,0.0,0.0,0.0,0.0,0.0,1.0,47.0,7.0,1.0,1.0,2.0,10.0,2.0,11.0,13.0,0.0,0.0,24.0,23.0,0.0,0.0,6.0,3.0,0.0,0.0,2.0,21.0,2.0,0.0,20.0,6.0,1.0,0.0,0.0,0.5443824529647827,1.0,25.859449999999995,27.867961883544922,2625.06005859375,0.0,0.0
511015,1.0,3.0,0.0,1.0,0.0,0.0,0.0,0.0,0.0,1.0,2.0,0.0,0.0,3.0,2.0,0.0,2.0,0.0,0.0,7.0,0.0,4.932007789611816,5.0,0.0,11.0,19.0,6.0,64.0,21.0,0.0,0.0,4239.6796875,823.2000579833984,15598.220703125,1743.3600158691406,12390.2294921875,58.0,86.0,3.0,4.0,1.0,0.0,0.0,0.0,0.0,0.0,0.0,0.0,0.0,0.0,1.0,0.0,1.0,0.0,0.0,0.0,0.0,32.0,2.0,1.0,8.0,5.0,4.0,5.0,24.0,6.0,4.0,2.0,3.0,1.0,18.0,15.0,13.0,14.0,19.0,1.0,0.0,1.0,11.0,3.0,304.0,139.0,14.0,60.0,55.0,37.0,62.0,90.0,152.0,0.0,0.0,131.0,115.0,0.0,0.0,52.0,41.0,8.0,7.0,58.0,73.0,65.0,0.0,354.0,129.0,0.0,1.0,2.0,1.9986510872840881,10.0,319.2588166666667,33.81826400756836,34794.6904296875,0.20554723590612411,0.0
511022,0.0,0.0,0.0,0.0,0.0,0.0,0.0,,0.0,0.0,0.0,0.0,0.0,0.0,0.0,0.0,0.0,0.0,0.0,0.0,0.0,2.8251376152038574,0.0,0.0,0.0,0.0,0.0,5.0,0.0,0.0,0.0,710.1500015258789,48.91999936103821,2690.6800537109375,169.5800018310547,2041.5697021484375,3.0,4.0,1.0,1.0,0.0,0.0,,,0.0,0.0,0.0,0.0,0.0,0.0,0.0,0.0,0.0,0.0,0.0,0.0,0.0,5.0,0.0,2.0,3.0,2.0,1.0,1.0,3.0,0.0,0.0,0.0,0.0,0.0,2.0,1.0,0.0,0.0,4.0,0.0,1.0,0.0,2.0,2.0,44.0,18.0,1.0,0.0,0.0,3.0,2.0,1.0,3.0,0.0,0.0,22.0,21.0,0.0,0.0,3.0,0.0,0.0,0.0,0.0,22.0,0.0,0.0,63.0,16.0,2.0,0.0,0.0,0.2934323416557163,0.0,61.60835,30.60235023498535,5660.899963378906,0.0,1.0
511118,0.0,0.0,0.0,0.0,0.0,0.0,0.0,,0.0,0.0,0.0,0.0,0.0,0.0,0.0,0.0,0.0,0.0,0.0,0.0,0.0,0.0,0.0,0.0,0.0,0.0,0.0,0.0,0.0,0.0,0.0,0.0,0.0,0.0,0.0,0.0,0.0,0.0,0.0,0.0,0.0,0.0,,,0.0,0.0,0.0,0.0,0.0,0.0,0.0,0.0,0.0,0.0,0.0,0.0,0.0,0.0,0.0,0.0,0.0,0.0,0.0,0.0,0.0,0.0,0.0,0.0,0.0,0.0,0.0,0.0,0.0,0.0,0.0,0.0,0.0,0.0,0.0,0.0,0.0,0.0,0.0,0.0,0.0,0.0,0.0,0.0,0.0,0.0,0.0,0.0,0.0,0.0,0.0,0.0,0.0,0.0,0.0,0.0,0.0,0.0,0.0,0.0,0.0,0.0,0.0,0.0,0.0,0.0,0.0,0.0,0.0,0.0,0.0
511141,0.0,0.0,0.0,0.0,0.0,0.0,0.0,,0.0,0.0,0.0,0.0,0.0,0.0,0.0,0.0,0.0,0.0,0.0,2.0,1.0,5.335681120554606,2.0,1.0,0.0,0.0,0.0,24.0,9.0,1.0,0.0,2222.5399780273438,331.0600051879883,10472.159912109375,760.2200317382812,12927.80029296875,27.0,32.0,4.0,1.0,0.0,1.0,0.0,0.0,0.0,0.0,0.0,0.0,0.0,13.0,0.0,0.0,0.0,0.0,0.0,0.0,0.0,37.0,1.0,6.0,26.0,21.0,18.0,19.0,27.0,1.0,1.0,0.0,0.0,0.0,10.0,5.0,2.0,3.0,20.0,1.0,2.0,0.0,15.0,3.0,214.0,97.0,4.0,0.0,4.0,12.0,8.0,8.0,16.0,1.0,0.0,97.0,87.0,0.0,0.0,4.0,1.0,0.0,1.0,20.0,66.0,21.0,0.0,189.0,65.0,0.0,0.0,1.0,0.19801856204867363,0.0,300.2891666666667,33.177371978759766,26713.779296875,0.0,0.0
511710,0.0,0.0,0.0,0.0,0.0,0.0,0.0,,0.0,0.0,0.0,0.0,0.0,0.0,0.0,0.0,0.0,0.0,0.0,0.0,0.0,0.0,0.0,0.0,0.0,0.0,0.0,0.0,0.0,0.0,0.0,0.0,0.0,0.0,0.0,0.0,0.0,0.0,0.0,0.0,0.0,0.0,,,0.0,0.0,0.0,0.0,0.0,0.0,0.0,0.0,0.0,0.0,0.0,0.0,0.0,0.0,0.0,0.0,0.0,0.0,0.0,0.0,0.0,0.0,0.0,0.0,0.0,0.0,0.0,0.0,0.0,0.0,0.0,0.0,0.0,0.0,0.0,1.0,0.0,0.0,0.0,0.0,0.0,0.0,0.0,0.0,0.0,0.0,0.0,0.0,0.0,0.0,0.0,0.0,0.0,0.0,0.0,0.0,0.0,0.0,0.0,0.0,0.0,0.0,0.0,0.0,0.0,0.0,96.47471666666667,0.0,0.0,0.0,0.0
511828,0.0,0.0,0.0,0.0,0.0,0.0,0.0,,0.0,0.0,0.0,0.0,0.0,0.0,0.0,0.0,0.0,0.0,0.0,4.0,1.0,2.1622392336527505,1.0,1.0,0.0,4.0,1.0,13.0,5.0,0.0,0.0,555.5900268554688,168.17999267578125,2484.1298828125,361.8599853515625,1950.02978515625,19.0,28.0,2.0,3.0,0.0,0.0,,,0.0,0.0,0.0,0.0,0.0,0.0,0.0,0.0,0.0,0.0,0.0,0.0,0.0,6.0,1.0,0.0,2.0,2.0,1.0,1.0,5.0,2.0,2.0,1.0,1.0,0.0,2.0,1.0,0.0,1.0,5.0,1.0,0.0,0.0,4.0,1.0,65.0,27.0,2.0,4.0,15.0,0.0,3.0,16.0,19.0,0.0,0.0,30.0,27.0,0.0,0.0,4.0,13.0,3.0,0.0,12.0,18.0,12.0,0.0,40.0,32.0,1.0,0.0,1.0,0.9362070560455322,5.0,51.026816666666676,31.240217208862305,5519.7900390625,0.0,0.0
511875,0.0,2.0,0.0,1.0,0.0,0.0,0.0,0.0,0.0,1.0,0.0,0.0,0.0,0.0,0.0,0.0,1.0,2.0,1.0,4.0,1.0,7.006052652994792,1.0,1.0,2.0,1.0,0.0,99.0,5.0,1.0,0.0,2944.8097534179688,428.27000999450684,8297.530029296875,1227.7999877929688,5814.8599853515625,10.0,19.0,7.0,2.0,4.0,1.0,0.0,0.0,0.0,0.0,0.0,0.0,0.0,0.0,0.0,0.0,0.0,0.0,0.0,0.0,0.0,4.0,0.0,0.0,1.0,0.0,0.0,1.0,3.0,0.0,0.0,0.0,0.0,0.0,3.0,3.0,3.0,3.0,3.0,0.0,0.0,0.0,2.0,3.0,53.0,32.0,7.0,48.0,33.0,3.0,49.0,35.0,84.0,1.0,0.0,21.0,17.0,0.0,0.0,14.0,9.0,3.0,3.0,16.0,7.0,19.0,0.0,275.0,98.0,1.0,2.0,1.0,4.179835379123688,0.0,163.6099166666667,34.53596115112305,18713.27001953125,0.08405052497982979,0.0
511889,0.0,0.0,0.0,0.0,0.0,0.0,0.0,,0.0,0.0,0.0,0.0,0.0,0.0,0.0,0.0,0.0,0.0,0.0,0.0,0.0,0.0,0.0,0.0,0.0,0.0,0.0,0.0,0.0,0.0,0.0,0.0,0.0,0.0,0.0,0.0,0.0,0.0,0.0,0.0,0.0,0.0,,,0.0,0.0,0.0,0.0,0.0,0.0,0.0,0.0,0.0,0.0,0.0,0.0,0.0,0.0,0.0,0.0,0.0,0.0,0.0,0.0,0.0,0.0,0.0,0.0,0.0,0.0,0.0,0.0,0.0,0.0,0.0,0.0,0.0,0.0,0.0,0.0,0.0,0.0,0.0,0.0,0.0,0.0,0.0,0.0,0.0,0.0,0.0,0.0,0.0,0.0,0.0,0.0,0.0,0.0,0.0,0.0,0.0,0.0,0.0,0.0,0.0,0.0,0.0,0.0,0.0,0.0,0.0,0.0,0.0,0.0,0.0
512039,0.0,0.0,0.0,0.0,0.0,0.0,0.0,,0.0,0.0,0.0,0.0,0.0,0.0,0.0,0.0,0.0,0.0,0.0,0.0,0.0,0.0,0.0,0.0,0.0,0.0,0.0,0.0,0.0,0.0,0.0,0.0,0.0,0.0,0.0,0.0,0.0,0.0,0.0,0.0,0.0,0.0,,,0.0,0.0,0.0,0.0,0.0,0.0,0.0,0.0,0.0,0.0,0.0,0.0,0.0,0.0,0.0,0.0,0.0,0.0,0.0,0.0,0.0,0.0,0.0,0.0,0.0,0.0,0.0,0.0,0.0,0.0,0.0,0.0,0.0,0.0,0.0,0.0,0.0,0.0,0.0,0.0,0.0,0.0,0.0,0.0,0.0,0.0,0.0,0.0,0.0,0.0,0.0,0.0,0.0,0.0,0.0,0.0,0.0,0.0,0.0,0.0,0.0,0.0,0.0,0.0,0.0,0.0,0.0,0.0,0.0,0.0,0.0
512079,0.0,0.0,0.0,0.0,0.0,0.0,0.0,,0.0,0.0,0.0,0.0,0.0,0.0,0.0,0.0,0.0,0.0,0.0,0.0,0.0,0.0,0.0,0.0,0.0,0.0,0.0,0.0,0.0,0.0,0.0,0.0,0.0,0.0,0.0,0.0,0.0,0.0,0.0,0.0,0.0,0.0,,,0.0,0.0,0.0,0.0,0.0,0.0,0.0,0.0,0.0,0.0,0.0,0.0,0.0,0.0,0.0,0.0,0.0,0.0,0.0,0.0,0.0,0.0,0.0,0.0,0.0,0.0,0.0,0.0,0.0,0.0,0.0,0.0,0.0,0.0,0.0,0.0,0.0,0.0,0.0,0.0,0.0,0.0,0.0,0.0,0.0,0.0,0.0,0.0,0.0,0.0,0.0,0.0,0.0,0.0,0.0,0.0,0.0,0.0,0.0,0.0,0.0,0.0,0.0,0.0,0.0,0.0,0.0,0.0,0.0,0.0,0.0
512127,0.0,0.0,0.0,0.0,0.0,0.0,0.0,,0.0,0.0,0.0,0.0,0.0,0.0,0.0,0.0,0.0,0.0,0.0,0.0,0.0,0.0,0.0,0.0,0.0,0.0,0.0,0.0,0.0,0.0,0.0,0.0,0.0,0.0,0.0,0.0,0.0,0.0,0.0,0.0,0.0,0.0,,,0.0,0.0,0.0,0.0,0.0,0.0,0.0,0.0,0.0,0.0,0.0,0.0,0.0,0.0,0.0,0.0,0.0,0.0,0.0,0.0,0.0,0.0,0.0,0.0,0.0,0.0,0.0,0.0,0.0,0.0,0.0,0.0,0.0,0.0,0.0,0.0,0.0,0.0,0.0,0.0,0.0,0.0,0.0,0.0,0.0,0.0,0.0,0.0,0.0,0.0,0.0,0.0,0.0,0.0,0.0,0.0,0.0,0.0,0.0,0.0,0.0,0.0,0.0,0.0,0.0,0.0,0.0,0.0,0.0,0.0,0.0
512132,0.0,0.0,0.0,0.0,0.0,0.0,0.0,,0.0,0.0,0.0,0.0,0.0,0.0,0.0,0.0,0.0,0.0,0.0,2.0,1.0,3.533273458480835,1.0,1.0,0.0,0.0,0.0,13.0,0.0,0.0,0.0,611.1299743652344,70.81999969482422,1294.6099853515625,301.69000244140625,1164.52001953125,16.0,19.0,1.0,0.0,0.0,0.0,0.0,0.0,0.0,0.0,0.0,0.0,0.0,0.0,0.0,0.0,0.0,0.0,0.0,0.0,0.0,5.0,1.0,0.0,1.0,1.0,0.0,0.0,4.0,1.0,1.0,0.0,0.0,0.0,3.0,2.0,1.0,2.0,5.0,1.0,0.0,0.0,4.0,2.0,42.0,19.0,1.0,20.0,19.0,7.0,13.0,33.0,46.0,1.0,0.0,19.0,16.0,0.0,0.0,15.0,6.0,2.0,2.0,18.0,3.0,20.0,0.0,54.0,21.0,2.0,0.0,1.0,2.172605037689209,1.0,28.305366666666657,28.150157928466797,3442.77001953125,0.0,0.0
512183,0.0,1.0,0.0,0.0,0.0,0.0,0.0,,0.0,0.0,1.0,0.0,0.0,1.0,1.0,0.0,1.0,0.0,0.0,1.0,1.0,6.754562218983968,1.0,0.0,0.0,3.0,0.0,67.0,16.0,0.0,0.0,2443.8300170898438,361.9499740600586,7428.0501708984375,1082.9099731445312,5813.7100830078125,36.0,52.0,10.0,2.0,1.0,0.0,0.0,0.0,0.0,0.0,0.0,0.0,0.0,0.0,0.0,0.0,0.0,0.0,0.0,0.0,0.0,21.0,2.0,0.0,4.0,2.0,2.0,2.0,8.0,4.0,1.0,1.0,1.0,1.0,13.0,5.0,5.0,10.0,20.0,0.0,0.0,0.0,7.0,3.0,143.0,57.0,3.0,15.0,28.0,15.0,28.0,30.0,58.0,0.0,0.0,64.0,51.0,0.0,0.0,26.0,27.0,1.0,2.0,42.0,26.0,44.0,0.0,212.0,87.0,2.0,1.0,0.0,1.3128920495510101,2.0,153.4976666666667,31.250431060791016,17130.4501953125,0.023911772295832634,0.0
512791,0.0,1.0,0.0,0.0,0.0,0.0,1.0,0.0,0.0,0.0,0.0,0.0,0.0,1.0,0.0,1.0,0.0,0.0,0.0,2.0,0.0,5.613707224527995,1.0,0.0,0.0,0.0,0.0,30.0,6.0,1.0,0.0,3796.4298095703125,313.72003173828125,13042.77978515625,1103.8100280761719,10781.59033203125,32.0,36.0,7.0,0.0,3.0,1.0,0.0,0.0,0.0,0.0,0.0,0.0,0.0,0.0,0.0,0.0,0.0,0.0,1.0,0.0,0.0,19.0,1.0,1.0,13.0,10.0,10.0,11.0,12.0,1.0,0.0,0.0,0.0,0.0,5.0,2.0,2.0,3.0,3.0,0.0,0.0,0.0,1.0,3.0,202.0,82.0,5.0,1.0,8.0,23.0,15.0,17.0,32.0,0.0,0.0,90.0,85.0,0.0,0.0,10.0,5.0,0.0,2.0,20.0,73.0,22.0,0.0,338.0,88.0,0.0,0.0,1.0,0.21924955770373344,0.0,310.32276666666667,32.51950454711914,29038.330078125,0.07081352174282074,0.0
514070,0.0,0.0,0.0,0.0,0.0,0.0,0.0,,0.0,0.0,0.0,0.0,0.0,0.0,0.0,0.0,0.0,0.0,0.0,0.0,0.0,0.0,0.0,0.0,0.0,0.0,0.0,0.0,0.0,0.0,0.0,0.0,0.0,0.0,0.0,0.0,0.0,0.0,0.0,0.0,0.0,0.0,,,0.0,0.0,0.0,0.0,0.0,0.0,0.0,0.0,0.0,0.0,0.0,0.0,0.0,0.0,0.0,0.0,0.0,0.0,0.0,0.0,0.0,0.0,0.0,0.0,0.0,0.0,0.0,0.0,0.0,0.0,0.0,0.0,0.0,0.0,0.0,0.0,0.0,0.0,0.0,0.0,0.0,0.0,0.0,0.0,0.0,0.0,0.0,0.0,0.0,0.0,0.0,0.0,0.0,0.0,0.0,0.0,0.0,0.0,0.0,0.0,0.0,0.0,0.0,0.0,0.0,0.0,0.0,0.0,0.0,0.0,0.0
514166,0.0,1.0,0.0,0.0,0.0,0.0,0.0,0.0,0.0,1.0,0.0,0.0,0.0,1.0,0.0,1.0,0.0,0.0,0.0,12.0,4.0,4.745399856567383,12.0,4.0,0.0,0.0,0.0,30.0,15.0,4.0,1.0,4100.8701171875,615.2199859619141,16187.45947265625,1263.1400146484375,15295.94970703125,63.0,81.0,10.0,6.0,1.0,4.0,0.0,0.0,0.0,0.0,0.0,0.0,0.0,2.0,0.0,0.0,0.0,0.0,0.0,0.0,0.0,57.0,4.0,3.0,23.0,18.0,15.0,16.0,45.0,4.0,1.0,0.0,0.0,0.0,30.0,26.0,23.0,23.0,31.0,1.0,2.0,0.0,21.0,4.0,477.0,185.0,18.0,0.0,1.0,26.0,12.0,15.0,27.0,0.0,0.0,219.0,205.0,0.0,0.0,16.0,0.0,0.0,2.0,31.0,185.0,33.0,1.0,353.0,112.0,0.0,0.0,0.0,0.19866949692368507,0.0,376.6632166666667,34.48930740356445,37462.640625,0.023925188928842545,0.0
514171,0.0,0.0,0.0,0.0,0.0,0.0,0.0,,0.0,0.0,0.0,0.0,0.0,0.0,0.0,0.0,0.0,0.0,0.0,0.0,0.0,0.0,0.0,0.0,0.0,0.0,0.0,0.0,0.0,0.0,0.0,0.0,0.0,0.0,0.0,0.0,0.0,0.0,0.0,0.0,0.0,0.0,,,0.0,0.0,0.0,0.0,0.0,0.0,0.0,0.0,0.0,0.0,0.0,0.0,0.0,0.0,0.0,0.0,0.0,0.0,0.0,0.0,0.0,0.0,0.0,0.0,0.0,0.0,0.0,0.0,0.0,0.0,0.0,0.0,0.0,0.0,0.0,0.0,0.0,0.0,0.0,0.0,0.0,0.0,0.0,0.0,0.0,0.0,0.0,0.0,0.0,0.0,0.0,0.0,0.0,0.0,0.0,0.0,0.0,0.0,0.0,0.0,0.0,0.0,0.0,0.0,0.0,0.0,0.0,0.0,0.0,0.0,0.0
514188,0.0,0.0,0.0,0.0,0.0,0.0,0.0,,0.0,0.0,0.0,0.0,0.0,0.0,0.0,0.0,0.0,0.0,0.0,1.0,0.0,3.000003218650818,0.0,0.0,0.0,0.0,0.0,7.0,3.0,2.0,0.0,826.6200256347656,71.88000297546387,2336.1299438476562,273.5599899291992,1599.8800354003906,15.0,19.0,3.0,1.0,1.0,2.0,,,0.0,0.0,0.0,0.0,0.0,0.0,0.0,0.0,0.0,0.0,0.0,0.0,0.0,16.0,0.0,1.0,7.0,7.0,6.0,6.0,12.0,0.0,0.0,0.0,0.0,0.0,9.0,5.0,4.0,8.0,9.0,0.0,1.0,0.0,7.0,2.0,80.0,29.0,0.0,0.0,0.0,1.0,0.0,1.0,1.0,0.0,0.0,38.0,33.0,0.0,0.0,0.0,2.0,0.0,4.0,8.0,25.0,12.0,0.0,69.0,20.0,2.0,0.0,0.0,0.49213556945323944,1.0,50.194649999999996,32.1622314453125,5108.0699462890625,0.0,0.0
514202,0.0,0.0,0.0,0.0,0.0,0.0,0.0,0.0,0.0,0.0,0.0,0.0,0.0,0.0,0.0,0.0,0.0,0.0,0.0,9.0,0.0,3.1268895864486694,6.0,0.0,0.0,1.0,0.0,15.0,0.0,2.0,0.0,724.4199829101562,128.19000244140625,1886.530029296875,366.3200225830078,1716.3202514648438,11.0,18.0,4.0,0.0,2.0,2.0,,,0.0,0.0,0.0,0.0,0.0,0.0,0.0,0.0,0.0,0.0,0.0,0.0,0.0,7.0,1.0,0.0,2.0,2.0,1.0,1.0,7.0,2.0,2.0,1.0,1.0,0.0,3.0,3.0,2.0,2.0,6.0,1.0,0.0,0.0,6.0,2.0,40.0,26.0,3.0,2.0,11.0,6.0,1.0,18.0,19.0,0.0,0.0,16.0,15.0,0.0,0.0,10.0,9.0,1.0,2.0,8.0,11.0,10.0,0.0,61.0,26.0,2.0,0.0,4.0,0.711082398891449,2.0,46.20801666666665,31.158781051635742,4821.7801513671875,0.0,0.0
514208,0.0,2.0,0.0,0.0,0.0,0.0,0.0,0.0,0.0,0.0,2.0,0.0,0.0,1.0,0.0,2.0,0.0,1.0,0.0,15.0,3.0,6.058885812759399,9.0,3.0,0.0,0.0,0.0,82.0,20.0,2.0,0.0,3000.129913330078,248.55999946594238,11469.920288085938,896.3000030517578,8631.450256347656,63.0,83.0,21.0,3.0,5.0,2.0,0.0,0.0,0.0,0.0,0.0,0.0,0.0,0.0,0.0,0.0,0.0,0.0,0.0,0.0,0.0,39.0,0.0,2.0,4.0,4.0,2.0,2.0,35.0,4.0,4.0,2.0,2.0,2.0,31.0,27.0,23.0,27.0,24.0,0.0,2.0,2.0,21.0,4.0,286.0,105.0,6.0,1.0,36.0,39.0,37.0,39.0,76.0,0.0,0.0,125.0,115.0,0.0,0.0,38.0,22.0,0.0,8.0,50.0,86.0,58.0,0.0,261.0,70.0,2.0,1.0,4.0,0.4072661083191633,0.0,240.67673333333335,32.071834564208984,24246.361083984375,0.13342728465795517,0.0
514326,0.0,0.0,0.0,0.0,0.0,0.0,0.0,,0.0,0.0,0.0,0.0,0.0,0.0,0.0,0.0,0.0,0.0,0.0,0.0,0.0,0.0,0.0,0.0,0.0,0.0,0.0,0.0,0.0,0.0,0.0,0.0,0.0,0.0,0.0,0.0,0.0,0.0,0.0,0.0,0.0,0.0,,,0.0,0.0,0.0,0.0,0.0,0.0,0.0,0.0,0.0,0.0,0.0,0.0,0.0,0.0,0.0,0.0,0.0,0.0,0.0,0.0,0.0,0.0,0.0,0.0,0.0,0.0,0.0,0.0,0.0,0.0,0.0,0.0,0.0,0.0,0.0,0.0,0.0,0.0,0.0,0.0,0.0,0.0,0.0,0.0,0.0,0.0,0.0,0.0,0.0,0.0,0.0,0.0,0.0,0.0,0.0,0.0,0.0,0.0,0.0,0.0,0.0,0.0,0.0,0.0,0.0,0.0,0.0,0.0,0.0,0.0,0.0
514334,0.0,0.0,0.0,0.0,0.0,0.0,0.0,,0.0,0.0,0.0,0.0,0.0,0.0,0.0,0.0,0.0,0.0,0.0,0.0,1.0,2.182393709818522,0.0,1.0,0.0,0.0,0.0,22.0,15.0,0.0,0.0,1553.6600341796875,210.0500030517578,4497.6396484375,535.9599609375,4076.349853515625,4.0,9.0,1.0,1.0,0.0,0.0,0.0,0.0,0.0,0.0,0.0,0.0,0.0,0.0,0.0,0.0,0.0,0.0,0.0,0.0,0.0,13.0,1.0,1.0,4.0,2.0,2.0,2.0,6.0,1.0,0.0,0.0,0.0,0.0,8.0,4.0,4.0,6.0,7.0,0.0,0.0,0.0,3.0,1.0,54.0,26.0,0.0,0.0,0.0,4.0,0.0,4.0,4.0,0.0,0.0,22.0,15.0,0.0,0.0,3.0,1.0,0.0,0.0,9.0,17.0,9.0,0.0,141.0,46.0,0.0,0.0,0.0,0.1674260050058365,0.0,99.60738333333333,33.99915313720703,10873.66015625,0.0,0.0
514336,0.0,0.0,0.0,0.0,0.0,0.0,0.0,,0.0,0.0,0.0,0.0,0.0,0.0,0.0,0.0,0.0,0.0,0.0,0.0,0.0,1.1752096176147462,0.0,0.0,0.0,0.0,0.0,7.0,0.0,0.0,0.0,323.7099914550781,78.41000366210938,748.0499877929688,186.9499969482422,748.8900756835938,1.0,1.0,0.0,1.0,0.0,0.0,0.0,0.0,0.0,0.0,0.0,0.0,0.0,0.0,0.0,0.0,0.0,0.0,0.0,0.0,0.0,0.0,0.0,0.0,0.0,0.0,0.0,0.0,0.0,0.0,0.0,0.0,0.0,0.0,0.0,0.0,0.0,0.0,0.0,0.0,0.0,0.0,0.0,1.0,5.0,4.0,0.0,4.0,3.0,0.0,5.0,2.0,7.0,0.0,0.0,1.0,1.0,0.0,0.0,2.0,4.0,0.0,1.0,3.0,0.0,4.0,0.0,25.0,14.0,1.0,0.0,0.0,6.574339389801025,0.0,21.564033333333327,31.966567993164062,2086.009765625,0.0,0.0
514401,0.0,1.0,0.0,0.0,0.0,0.0,0.0,,0.0,1.0,0.0,0.0,0.0,1.0,0.0,0.0,0.0,0.0,0.0,2.0,0.0,4.512411713600159,0.0,0.0,0.0,0.0,0.0,25.0,4.0,0.0,0.0,895.0800170898438,182.85998916625977,2520.7100830078125,425.0900115966797,2242.780029296875,3.0,7.0,0.0,4.0,0.0,0.0,0.0,0.0,0.0,0.0,0.0,0.0,0.0,0.0,0.0,0.0,0.0,0.0,0.0,0.0,0.0,1.0,0.0,0.0,0.0,0.0,0.0,0.0,1.0,0.0,0.0,0.0,0.0,0.0,1.0,1.0,1.0,1.0,0.0,0.0,0.0,0.0,0.0,3.0,17.0,11.0,1.0,10.0,7.0,0.0,12.0,5.0,17.0,0.0,0.0,5.0,4.0,0.0,0.0,1.0,8.0,1.0,4.0,5.0,1.0,9.0,0.0,70.0,31.0,3.0,1.0,0.0,5.45571756362915,0.0,62.53536666666666,33.71748733520508,6266.520263671875,0.2502687871456146,0.0
514479,0.0,0.0,0.0,0.0,0.0,0.0,0.0,,0.0,0.0,0.0,0.0,0.0,0.0,0.0,0.0,0.0,0.0,0.0,0.0,0.0,0.0,0.0,0.0,0.0,0.0,0.0,0.0,0.0,0.0,0.0,0.0,0.0,0.0,0.0,0.0,0.0,0.0,0.0,0.0,0.0,0.0,,,0.0,0.0,0.0,0.0,0.0,0.0,0.0,0.0,0.0,0.0,0.0,0.0,0.0,0.0,0.0,0.0,0.0,0.0,0.0,0.0,0.0,0.0,0.0,0.0,0.0,0.0,0.0,0.0,0.0,0.0,0.0,0.0,0.0,0.0,0.0,0.0,0.0,0.0,0.0,0.0,0.0,0.0,0.0,0.0,0.0,0.0,0.0,0.0,0.0,0.0,0.0,0.0,0.0,0.0,0.0,0.0,0.0,0.0,0.0,0.0,0.0,0.0,0.0,0.0,0.0,0.0,0.0,0.0,0.0,0.0,0.0
514526,0.0,0.0,0.0,0.0,0.0,0.0,0.0,,0.0,0.0,0.0,0.0,0.0,0.0,0.0,0.0,0.0,0.0,0.0,0.0,0.0,0.0,0.0,0.0,0.0,0.0,0.0,0.0,0.0,0.0,0.0,0.0,0.0,0.0,0.0,0.0,0.0,0.0,0.0,0.0,0.0,0.0,0.0,0.0,0.0,0.0,0.0,0.0,0.0,0.0,0.0,0.0,0.0,0.0,0.0,0.0,0.0,0.0,0.0,0.0,0.0,0.0,0.0,0.0,0.0,0.0,0.0,0.0,0.0,0.0,0.0,0.0,0.0,0.0,0.0,0.0,0.0,0.0,0.0,0.0,0.0,0.0,0.0,0.0,0.0,0.0,0.0,0.0,0.0,0.0,0.0,0.0,0.0,0.0,0.0,0.0,0.0,0.0,0.0,0.0,0.0,0.0,0.0,0.0,0.0,0.0,0.0,0.0,0.0,0.0,0.0,0.0,0.0,0.0,0.0
514639,0.0,0.0,0.0,0.0,0.0,0.0,0.0,,0.0,0.0,0.0,0.0,0.0,0.0,0.0,0.0,0.0,0.0,0.0,0.0,0.0,0.0,0.0,0.0,0.0,0.0,0.0,0.0,0.0,0.0,0.0,0.0,0.0,0.0,0.0,0.0,0.0,0.0,0.0,0.0,0.0,0.0,,,0.0,0.0,0.0,0.0,0.0,0.0,0.0,0.0,0.0,0.0,0.0,0.0,0.0,0.0,0.0,0.0,0.0,0.0,0.0,0.0,0.0,0.0,0.0,0.0,0.0,0.0,0.0,0.0,0.0,0.0,0.0,0.0,0.0,0.0,0.0,0.0,0.0,0.0,0.0,0.0,0.0,0.0,0.0,0.0,0.0,0.0,0.0,0.0,0.0,0.0,0.0,0.0,0.0,0.0,0.0,0.0,0.0,0.0,0.0,0.0,0.0,0.0,0.0,0.0,0.0,0.0,0.0,0.0,0.0,0.0,0.0
516043,0.0,0.0,0.0,0.0,0.0,0.0,0.0,,0.0,0.0,0.0,0.0,0.0,0.0,0.0,0.0,0.0,0.0,0.0,0.0,0.0,0.0,0.0,0.0,0.0,0.0,0.0,0.0,0.0,0.0,0.0,0.0,0.0,0.0,0.0,0.0,0.0,0.0,0.0,0.0,0.0,0.0,,,0.0,0.0,0.0,0.0,0.0,0.0,0.0,0.0,0.0,0.0,0.0,0.0,0.0,0.0,0.0,0.0,0.0,0.0,0.0,0.0,0.0,0.0,0.0,0.0,0.0,0.0,0.0,0.0,0.0,0.0,0.0,0.0,0.0,0.0,0.0,0.0,0.0,0.0,0.0,0.0,0.0,0.0,0.0,0.0,0.0,0.0,0.0,0.0,0.0,0.0,0.0,0.0,0.0,0.0,0.0,0.0,0.0,0.0,0.0,0.0,0.0,0.0,0.0,0.0,0.0,0.0,0.0,0.0,0.0,0.0,0.0
518200,0.0,1.0,0.0,0.0,0.0,0.0,0.0,,0.0,0.0,1.0,0.0,0.0,1.0,1.0,0.0,1.0,0.0,0.0,1.0,0.0,3.7448514699935913,0.0,0.0,0.0,1.0,0.0,17.0,2.0,0.0,0.0,763.8099975585938,36.880001068115234,1896.1299438476562,236.8900032043457,1204.4999694824219,3.0,8.0,1.0,3.0,0.0,0.0,0.0,0.0,0.0,0.0,0.0,0.0,0.0,0.0,0.0,0.0,0.0,0.0,0.0,0.0,0.0,2.0,0.0,0.0,0.0,0.0,0.0,0.0,0.0,2.0,0.0,0.0,2.0,0.0,0.0,0.0,0.0,0.0,2.0,0.0,0.0,0.0,0.0,2.0,17.0,10.0,2.0,6.0,5.0,0.0,6.0,5.0,11.0,0.0,0.0,5.0,3.0,0.0,0.0,5.0,8.0,2.0,3.0,5.0,2.0,8.0,0.0,59.0,20.0,2.0,0.0,0.0,2.1020257771015167,0.0,33.75438333333335,31.562175750732422,4138.2098388671875,0.09509208053350449,0.0
518264,0.0,0.0,0.0,0.0,0.0,0.0,0.0,,0.0,0.0,0.0,0.0,0.0,0.0,0.0,0.0,0.0,0.0,0.0,0.0,0.0,0.0,0.0,0.0,0.0,0.0,0.0,0.0,0.0,0.0,0.0,0.0,0.0,0.0,0.0,0.0,0.0,0.0,0.0,0.0,0.0,0.0,,,0.0,0.0,0.0,0.0,0.0,0.0,0.0,0.0,0.0,0.0,0.0,0.0,0.0,0.0,0.0,0.0,0.0,0.0,0.0,0.0,0.0,0.0,0.0,0.0,0.0,0.0,0.0,0.0,0.0,0.0,0.0,0.0,0.0,0.0,0.0,0.0,0.0,0.0,0.0,0.0,0.0,0.0,0.0,0.0,0.0,0.0,0.0,0.0,0.0,0.0,0.0,0.0,0.0,0.0,0.0,0.0,0.0,0.0,0.0,0.0,0.0,0.0,0.0,0.0,0.0,0.0,0.0,0.0,0.0,0.0,0.0
519836,0.0,2.0,0.0,0.0,0.0,0.0,1.0,0.0,0.0,0.0,1.0,0.0,0.0,2.0,1.0,0.0,1.0,0.0,0.0,2.0,0.0,1.381308650970459,1.0,0.0,0.0,0.0,0.0,25.0,5.0,0.0,0.0,1200.969970703125,159.29000854492188,3297.39013671875,480.27001953125,2360.89013671875,4.0,7.0,5.0,2.0,0.0,0.0,0.0,0.0,0.0,0.0,0.0,0.0,0.0,0.0,0.0,0.0,0.0,0.0,1.0,0.0,0.0,3.0,0.0,1.0,1.0,0.0,0.0,0.0,0.0,0.0,0.0,0.0,0.0,0.0,2.0,0.0,0.0,1.0,3.0,0.0,0.0,0.0,0.0,1.0,21.0,11.0,2.0,15.0,1.0,0.0,12.0,4.0,16.0,0.0,0.0,5.0,4.0,0.0,0.0,0.0,9.0,0.0,1.0,6.0,3.0,7.0,0.0,95.0,43.0,0.0,1.0,1.0,4.281344413757324,0.0,65.14676666666668,33.204505920410156,7498.810546875,0.39836370944976807,0.0
519837,0.0,0.0,0.0,0.0,0.0,0.0,0.0,,0.0,0.0,0.0,0.0,0.0,0.0,0.0,0.0,0.0,0.0,0.0,0.0,0.0,0.0,0.0,0.0,0.0,0.0,0.0,0.0,0.0,0.0,0.0,0.0,0.0,0.0,0.0,0.0,0.0,0.0,0.0,0.0,0.0,0.0,,,0.0,0.0,0.0,0.0,0.0,0.0,0.0,0.0,0.0,0.0,0.0,0.0,0.0,0.0,0.0,0.0,0.0,0.0,0.0,0.0,0.0,0.0,0.0,0.0,0.0,0.0,0.0,0.0,0.0,0.0,0.0,0.0,0.0,0.0,0.0,0.0,0.0,0.0,0.0,0.0,0.0,0.0,0.0,0.0,0.0,0.0,0.0,0.0,0.0,0.0,0.0,0.0,0.0,0.0,0.0,0.0,0.0,0.0,0.0,0.0,0.0,0.0,0.0,0.0,0.0,0.0,0.0,0.0,0.0,0.0,0.0
519954,0.0,3.0,0.0,0.0,0.0,0.0,1.0,1.0,0.0,0.0,1.0,0.0,0.0,3.0,2.0,1.0,2.0,0.0,0.0,1.0,0.0,3.1623154878616333,0.0,0.0,0.0,0.0,0.0,34.0,2.0,0.0,0.0,1179.3899536132812,193.11000061035156,3306.529815673828,507.72998046875,3082.4300231933594,4.0,14.0,5.0,1.0,0.0,0.0,0.0,0.0,0.0,0.0,0.0,0.0,0.0,0.0,1.0,0.0,1.0,0.0,3.0,0.0,0.0,4.0,1.0,0.0,1.0,0.0,0.0,0.0,0.0,1.0,0.0,0.0,0.0,0.0,2.0,0.0,0.0,1.0,4.0,0.0,0.0,0.0,0.0,2.0,35.0,21.0,3.0,2.0,7.0,0.0,7.0,2.0,9.0,0.0,0.0,13.0,7.0,0.0,0.0,2.0,14.0,0.0,8.0,6.0,3.0,14.0,0.0,100.0,42.0,1.0,1.0,0.0,2.894823431968689,0.0,77.36348333333333,32.05430221557617,8269.190185546875,0.45871978998184204,1.0
519958,0.0,1.0,0.0,0.0,0.0,0.0,0.0,,0.0,1.0,0.0,0.0,0.0,1.0,0.0,1.0,0.0,0.0,0.0,6.0,0.0,6.959373593330383,4.0,0.0,3.0,6.0,2.0,61.0,7.0,0.0,0.0,2881.500015258789,512.4400100708008,8312.159866333008,1312.2499923706055,7502.389533996582,27.0,41.0,9.0,3.0,1.0,0.0,0.0,0.0,0.0,0.0,0.0,0.0,0.0,0.0,0.0,0.0,0.0,0.0,0.0,0.0,0.0,24.0,2.0,2.0,6.0,2.0,1.0,2.0,13.0,6.0,3.0,2.0,3.0,1.0,12.0,8.0,6.0,7.0,19.0,0.0,1.0,1.0,11.0,4.0,115.0,57.0,5.0,9.0,19.0,9.0,10.0,27.0,37.0,0.0,0.0,49.0,38.0,0.0,0.0,9.0,10.0,0.0,1.0,20.0,32.0,21.0,0.0,251.0,94.0,2.0,2.0,3.0,0.6844564229249954,4.0,183.67756666666665,32.799015045166016,20520.73974609375,0.08843065798282623,0.0
519985,0.0,3.0,0.0,0.0,1.0,0.0,0.0,0.0,0.0,1.0,1.0,0.0,0.0,2.0,0.0,3.0,0.0,1.0,0.0,5.0,0.0,2.331844965616862,2.0,0.0,0.0,0.0,0.0,20.0,0.0,0.0,0.0,1040.72998046875,128.1699981689453,2790.47021484375,479.4700012207031,2517.77001953125,7.0,12.0,4.0,0.0,1.0,0.0,,,0.0,0.0,0.0,0.0,0.0,0.0,0.0,0.0,0.0,0.0,0.0,0.0,0.0,2.0,0.0,0.0,0.0,0.0,0.0,0.0,2.0,0.0,0.0,0.0,0.0,0.0,2.0,2.0,2.0,2.0,1.0,0.0,0.0,0.0,1.0,1.0,40.0,18.0,3.0,3.0,10.0,5.0,7.0,11.0,18.0,0.0,0.0,14.0,14.0,0.0,0.0,7.0,5.0,1.0,1.0,4.0,16.0,5.0,0.0,92.0,46.0,0.0,1.0,2.0,0.518180251121521,0.0,59.519333333333336,32.12044143676758,6956.609375,0.257990300655365,0.0
520034,0.0,0.0,0.0,0.0,0.0,0.0,0.0,,0.0,0.0,0.0,0.0,0.0,0.0,0.0,0.0,0.0,0.0,0.0,0.0,0.0,0.0,0.0,0.0,0.0,0.0,0.0,0.0,0.0,0.0,0.0,0.0,0.0,0.0,0.0,0.0,0.0,0.0,0.0,0.0,0.0,0.0,,,0.0,0.0,0.0,0.0,0.0,0.0,0.0,0.0,0.0,0.0,0.0,0.0,0.0,0.0,0.0,0.0,0.0,0.0,0.0,0.0,0.0,0.0,0.0,0.0,0.0,0.0,0.0,0.0,0.0,0.0,0.0,0.0,0.0,0.0,0.0,0.0,0.0,0.0,0.0,0.0,0.0,0.0,0.0,0.0,0.0,0.0,0.0,0.0,0.0,0.0,0.0,0.0,0.0,0.0,0.0,0.0,0.0,0.0,0.0,0.0,0.0,0.0,0.0,0.0,0.0,0.0,0.0,0.0,0.0,0.0,0.0
520035,0.0,0.0,0.0,0.0,0.0,0.0,0.0,,0.0,0.0,0.0,0.0,0.0,0.0,0.0,0.0,0.0,0.0,0.0,0.0,0.0,0.0,0.0,0.0,0.0,0.0,0.0,0.0,0.0,0.0,0.0,0.0,0.0,0.0,0.0,0.0,0.0,0.0,0.0,0.0,0.0,0.0,,,0.0,0.0,0.0,0.0,0.0,0.0,0.0,0.0,0.0,0.0,0.0,0.0,0.0,0.0,0.0,0.0,0.0,0.0,0.0,0.0,0.0,0.0,0.0,0.0,0.0,0.0,0.0,0.0,0.0,0.0,0.0,0.0,0.0,0.0,0.0,0.0,0.0,0.0,0.0,0.0,0.0,0.0,0.0,0.0,0.0,0.0,0.0,0.0,0.0,0.0,0.0,0.0,0.0,0.0,0.0,0.0,0.0,0.0,0.0,0.0,0.0,0.0,0.0,0.0,0.0,0.0,0.0,0.0,0.0,0.0,0.0
520036,0.0,1.0,0.0,0.0,0.0,0.0,0.0,0.0,0.0,0.0,1.0,0.0,0.0,1.0,0.0,0.0,0.0,0.0,0.0,15.0,1.0,6.641124844551086,8.0,1.0,0.0,1.0,0.0,146.0,20.0,0.0,0.0,4406.4901123046875,404.160005569458,14692.909790039062,1509.6900939941406,9213.770141601562,49.0,73.0,18.0,4.0,1.0,0.0,0.0,0.0,0.0,0.0,0.0,0.0,0.0,0.0,0.0,0.0,0.0,0.0,1.0,0.0,0.0,33.0,2.0,1.0,5.0,3.0,2.0,2.0,23.0,4.0,3.0,1.0,1.0,1.0,24.0,17.0,15.0,20.0,27.0,1.0,0.0,1.0,19.0,4.0,191.0,88.0,8.0,31.0,40.0,29.0,76.0,24.0,100.0,0.0,0.0,80.0,68.0,0.0,0.0,24.0,23.0,3.0,12.0,51.0,33.0,63.0,0.0,392.0,115.0,2.0,1.0,3.0,1.658776417374611,0.0,270.9925666666667,29.982755661010742,30227.02001953125,0.0758650004863739,0.0
520037,0.0,1.0,0.0,0.0,0.0,0.0,0.0,1.0,0.0,0.0,0.0,0.0,0.0,1.0,1.0,0.0,1.0,0.0,0.0,0.0,1.0,2.6429566144943237,0.0,1.0,0.0,0.0,0.0,8.0,4.0,3.0,0.0,1655.6299438476562,153.74000549316406,7267.06005859375,499.88999938964844,8483.419677734375,18.0,26.0,2.0,1.0,2.0,4.0,,,0.0,0.0,0.0,0.0,0.0,0.0,1.0,0.0,1.0,0.0,0.0,1.0,0.0,38.0,3.0,5.0,16.0,10.0,8.0,8.0,20.0,3.0,0.0,0.0,0.0,0.0,19.0,10.0,8.0,11.0,12.0,0.0,2.0,0.0,6.0,2.0,256.0,87.0,3.0,0.0,0.0,4.0,1.0,3.0,4.0,0.0,0.0,125.0,109.0,0.0,0.0,3.0,1.0,1.0,2.0,10.0,111.0,12.0,0.0,147.0,39.0,0.0,0.0,0.0,0.08680273219943047,0.0,205.15231666666665,31.763458251953125,18059.740234375,0.6174935102462769,0.0
520039,0.0,2.0,0.0,2.0,0.0,0.0,0.0,0.0,0.0,1.0,1.0,0.0,0.0,1.0,0.0,0.0,0.0,1.0,0.0,5.0,1.0,5.766685485839844,1.0,1.0,0.0,8.0,2.0,89.0,24.0,1.0,0.0,3360.7900314331055,690.7400054931641,13386.460388183594,1843.7499923706055,11826.790222167969,27.0,45.0,34.0,6.0,4.0,1.0,0.0,0.0,0.0,0.0,0.0,0.0,0.0,0.0,0.0,0.0,0.0,0.0,0.0,0.0,0.0,36.0,1.0,3.0,13.0,8.0,6.0,9.0,23.0,4.0,3.0,2.0,3.0,0.0,19.0,12.0,10.0,15.0,20.0,1.0,1.0,0.0,15.0,4.0,201.0,100.0,3.0,17.0,11.0,27.0,12.0,43.0,55.0,0.0,0.0,91.0,75.0,0.0,0.0,19.0,10.0,3.0,5.0,20.0,65.0,25.0,0.0,285.0,171.0,0.0,2.0,1.0,0.3532632403075695,21.0,312.75865,31.645282745361328,31108.530517578125,0.09797165915369987,0.0
520066,0.0,0.0,0.0,0.0,0.0,0.0,0.0,0.0,0.0,0.0,0.0,0.0,0.0,0.0,0.0,0.0,0.0,0.0,0.0,0.0,0.0,4.870845031738281,0.0,0.0,0.0,1.0,0.0,17.0,4.0,0.0,0.0,1471.090087890625,167.7899990081787,6979.570770263672,445.31995010375977,8264.380187988281,8.0,17.0,2.0,1.0,2.0,0.0,,,0.0,0.0,0.0,0.0,0.0,0.0,0.0,0.0,0.0,0.0,0.0,0.0,0.0,14.0,1.0,0.0,7.0,4.0,4.0,6.0,8.0,1.0,0.0,0.0,0.0,0.0,6.0,4.0,4.0,5.0,12.0,0.0,0.0,0.0,6.0,4.0,62.0,29.0,0.0,2.0,2.0,10.0,4.0,10.0,14.0,0.0,0.0,27.0,18.0,0.0,0.0,3.0,1.0,0.0,0.0,12.0,16.0,12.0,0.0,123.0,37.0,3.0,0.0,0.0,1.2942994926124811,1.0,198.4358166666667,31.705110549926758,17328.149536132812,0.0,0.0
520068,0.0,0.0,0.0,0.0,0.0,0.0,0.0,,0.0,0.0,0.0,0.0,0.0,0.0,0.0,0.0,0.0,0.0,0.0,0.0,0.0,0.0,0.0,0.0,0.0,0.0,0.0,0.0,0.0,0.0,0.0,0.0,0.0,0.0,0.0,0.0,0.0,0.0,0.0,0.0,0.0,0.0,,,0.0,0.0,0.0,0.0,0.0,0.0,0.0,0.0,0.0,0.0,0.0,0.0,0.0,0.0,0.0,0.0,0.0,0.0,0.0,0.0,0.0,0.0,0.0,0.0,0.0,0.0,0.0,0.0,0.0,0.0,0.0,0.0,0.0,0.0,0.0,0.0,0.0,0.0,0.0,0.0,0.0,0.0,0.0,0.0,0.0,0.0,0.0,0.0,0.0,0.0,0.0,0.0,0.0,0.0,0.0,0.0,0.0,0.0,0.0,0.0,0.0,0.0,0.0,0.0,0.0,0.0,0.0,0.0,0.0,0.0,0.0
520070,0.0,0.0,0.0,0.0,0.0,0.0,0.0,,0.0,0.0,0.0,0.0,0.0,0.0,0.0,0.0,0.0,0.0,0.0,0.0,0.0,0.0,0.0,0.0,0.0,0.0,0.0,0.0,0.0,0.0,0.0,0.0,0.0,0.0,0.0,0.0,0.0,0.0,0.0,0.0,0.0,0.0,,,0.0,0.0,0.0,0.0,0.0,0.0,0.0,0.0,0.0,0.0,0.0,0.0,0.0,0.0,0.0,0.0,0.0,0.0,0.0,0.0,0.0,0.0,0.0,0.0,0.0,0.0,0.0,0.0,0.0,0.0,0.0,0.0,0.0,0.0,0.0,0.0,0.0,0.0,0.0,0.0,0.0,0.0,0.0,0.0,0.0,0.0,0.0,0.0,0.0,0.0,0.0,0.0,0.0,0.0,0.0,0.0,0.0,0.0,0.0,0.0,0.0,0.0,0.0,0.0,0.0,0.0,0.0,0.0,0.0,0.0,0.0
520071,0.0,2.0,0.0,0.0,0.0,1.0,0.0,0.0,0.0,0.0,1.0,0.0,0.0,2.0,2.0,0.0,2.0,0.0,0.0,0.0,0.0,1.5964324474334717,0.0,0.0,0.0,1.0,0.0,19.0,4.0,0.0,0.0,774.2199096679688,122.18000030517578,2260.409912109375,363.8900146484375,2065.389892578125,5.0,10.0,6.0,0.0,0.0,0.0,,,0.0,0.0,0.0,0.0,0.0,0.0,1.0,0.0,1.0,0.0,2.0,0.0,0.0,1.0,0.0,0.0,0.0,0.0,0.0,0.0,1.0,0.0,0.0,0.0,0.0,0.0,1.0,1.0,1.0,1.0,0.0,0.0,0.0,0.0,0.0,1.0,28.0,16.0,2.0,7.0,3.0,2.0,11.0,1.0,12.0,0.0,0.0,8.0,6.0,0.0,0.0,4.0,8.0,2.0,5.0,8.0,1.0,13.0,0.0,66.0,35.0,1.0,0.0,0.0,5.147247791290283,0.0,52.44958333333334,30.134212493896484,5586.08984375,0.1628922075033188,0.0
520072,0.0,0.0,0.0,0.0,0.0,0.0,0.0,,0.0,0.0,0.0,0.0,0.0,0.0,0.0,0.0,0.0,0.0,0.0,0.0,0.0,1.6202250719070435,0.0,0.0,0.0,0.0,0.0,2.0,0.0,0.0,0.0,45.900001525878906,4.329999923706055,97.43000030517578,73.23999786376953,79.12000274658203,0.0,0.0,0.0,0.0,0.0,0.0,,,0.0,0.0,0.0,0.0,0.0,0.0,0.0,0.0,0.0,0.0,0.0,0.0,0.0,0.0,0.0,0.0,0.0,0.0,0.0,0.0,0.0,0.0,0.0,0.0,0.0,0.0,0.0,0.0,0.0,0.0,0.0,0.0,0.0,0.0,0.0,1.0,0.0,0.0,0.0,0.0,0.0,0.0,0.0,0.0,0.0,0.0,0.0,0.0,0.0,0.0,0.0,0.0,0.0,0.0,0.0,0.0,0.0,0.0,0.0,5.0,4.0,1.0,0.0,0.0,0.6973426938056946,0.0,2.8029499999999956,26.10968780517578,300.02001953125,0.0,0.0
520112,0.0,0.0,0.0,0.0,0.0,0.0,0.0,,0.0,0.0,0.0,0.0,0.0,0.0,0.0,0.0,0.0,0.0,0.0,0.0,0.0,0.9672414461771647,0.0,0.0,0.0,0.0,0.0,2.0,1.0,0.0,0.0,729.5599975585938,188.1699981689453,2942.070068359375,269.08001708984375,2763.080078125,9.0,12.0,0.0,0.0,0.0,0.0,,,0.0,0.0,0.0,0.0,0.0,0.0,0.0,0.0,0.0,0.0,0.0,0.0,0.0,6.0,0.0,2.0,3.0,2.0,1.0,1.0,3.0,0.0,0.0,0.0,0.0,0.0,3.0,1.0,0.0,1.0,3.0,0.0,1.0,0.0,2.0,1.0,52.0,22.0,0.0,0.0,0.0,0.0,0.0,0.0,0.0,0.0,0.0,23.0,18.0,0.0,0.0,0.0,0.0,0.0,0.0,8.0,16.0,8.0,0.0,64.0,23.0,0.0,1.0,0.0,0.0780811533331871,0.0,71.22061666666667,33.161842346191406,6891.9599609375,0.0,0.0
520217,0.0,0.0,0.0,0.0,0.0,0.0,0.0,,0.0,0.0,0.0,0.0,0.0,0.0,0.0,0.0,0.0,0.0,0.0,2.0,0.0,5.60929012298584,2.0,0.0,0.0,2.0,0.0,12.0,0.0,0.0,0.0,471.75,171.79000091552734,1329.7200012207031,164.600004196167,781.4600067138672,3.0,6.0,1.0,1.0,0.0,0.0,0.0,0.0,0.0,0.0,0.0,0.0,0.0,0.0,0.0,0.0,0.0,0.0,0.0,0.0,0.0,2.0,0.0,0.0,1.0,1.0,1.0,1.0,2.0,1.0,1.0,1.0,1.0,0.0,0.0,0.0,0.0,0.0,2.0,0.0,0.0,0.0,2.0,2.0,9.0,4.0,0.0,5.0,3.0,0.0,2.0,6.0,8.0,0.0,0.0,2.0,2.0,0.0,0.0,2.0,2.0,0.0,1.0,2.0,2.0,3.0,0.0,35.0,16.0,2.0,0.0,1.0,0.7369329780340195,0.0,21.36521666666667,33.78626251220703,2919.3199462890625,0.0,1.0
520218,0.0,0.0,0.0,0.0,0.0,0.0,0.0,,0.0,0.0,0.0,0.0,0.0,0.0,0.0,0.0,0.0,0.0,0.0,0.0,0.0,2.0363550186157227,0.0,0.0,0.0,0.0,0.0,6.0,2.0,0.0,0.0,279.07000732421875,115.22000885009766,768.2100830078125,125.75,467.1400146484375,1.0,1.0,0.0,0.0,0.0,0.0,0.0,0.0,0.0,0.0,0.0,0.0,0.0,0.0,0.0,0.0,0.0,0.0,0.0,0.0,0.0,1.0,0.0,0.0,0.0,0.0,0.0,0.0,1.0,0.0,0.0,0.0,0.0,0.0,1.0,1.0,1.0,1.0,1.0,0.0,0.0,0.0,1.0,1.0,2.0,1.0,0.0,6.0,5.0,0.0,9.0,2.0,11.0,0.0,0.0,1.0,1.0,0.0,0.0,0.0,1.0,0.0,0.0,0.0,1.0,0.0,0.0,20.0,11.0,1.0,0.0,0.0,3.2551543712615967,0.0,12.909033333333326,32.7716064453125,1755.39013671875,0.0,0.0
520245,0.0,0.0,0.0,0.0,0.0,0.0,0.0,,0.0,0.0,0.0,0.0,0.0,0.0,0.0,0.0,0.0,0.0,0.0,0.0,0.0,0.774216095606486,0.0,0.0,0.0,0.0,0.0,0.0,0.0,1.0,0.0,40.1400032043457,0.0,512.1600341796875,4.210000038146973,3334.89013671875,0.0,0.0,0.0,0.0,0.0,2.0,0.0,0.0,26.0,20.0,0.1666666716337204,1.0,1.0,10.0,0.0,0.0,0.0,0.0,0.0,1.0,0.0,14.0,0.0,5.0,7.0,3.0,1.0,2.0,5.0,0.0,0.0,0.0,0.0,0.0,7.0,2.0,0.0,2.0,0.0,0.0,2.0,0.0,0.0,1.0,34.0,24.0,0.0,0.0,0.0,1.0,1.0,0.0,1.0,0.0,0.0,23.0,16.0,0.0,0.0,0.0,0.0,0.0,0.0,0.0,8.0,0.0,0.0,4.0,0.0,0.0,0.0,0.0,0.029605764895677567,0.0,100.54621666666667,21.270034790039062,3891.39990234375,0.0,0.0
520246,0.0,0.0,0.0,0.0,0.0,0.0,0.0,,0.0,0.0,0.0,0.0,0.0,0.0,0.0,0.0,0.0,0.0,0.0,0.0,0.0,0.0,0.0,0.0,0.0,0.0,0.0,0.0,0.0,0.0,0.0,0.0,0.0,0.0,0.0,0.0,0.0,0.0,0.0,0.0,0.0,0.0,,,0.0,0.0,0.0,0.0,0.0,0.0,0.0,0.0,0.0,0.0,0.0,0.0,0.0,0.0,0.0,0.0,0.0,0.0,0.0,0.0,0.0,0.0,0.0,0.0,0.0,0.0,0.0,0.0,0.0,0.0,0.0,0.0,0.0,0.0,0.0,0.0,0.0,0.0,0.0,0.0,0.0,0.0,0.0,0.0,0.0,0.0,0.0,0.0,0.0,0.0,0.0,0.0,0.0,0.0,0.0,0.0,0.0,0.0,0.0,0.0,0.0,0.0,0.0,0.0,0.0,0.0,0.0,0.0,0.0,0.0,0.0
520247,0.0,0.0,0.0,0.0,0.0,0.0,0.0,,0.0,0.0,0.0,0.0,0.0,0.0,0.0,0.0,0.0,0.0,0.0,0.0,0.0,0.0,0.0,0.0,0.0,0.0,0.0,0.0,0.0,0.0,0.0,0.0,0.0,0.0,0.0,0.0,0.0,0.0,0.0,0.0,0.0,0.0,,,0.0,0.0,0.0,0.0,0.0,0.0,0.0,0.0,0.0,0.0,0.0,0.0,0.0,0.0,0.0,0.0,0.0,0.0,0.0,0.0,0.0,0.0,0.0,0.0,0.0,0.0,0.0,0.0,0.0,0.0,0.0,0.0,0.0,0.0,0.0,0.0,0.0,0.0,0.0,0.0,0.0,0.0,0.0,0.0,0.0,0.0,0.0,0.0,0.0,0.0,0.0,0.0,0.0,0.0,0.0,0.0,0.0,0.0,0.0,0.0,0.0,0.0,0.0,0.0,0.0,0.0,0.0,0.0,0.0,0.0,0.0
522282,0.0,0.0,0.0,0.0,0.0,0.0,0.0,,0.0,0.0,0.0,0.0,0.0,0.0,0.0,0.0,0.0,0.0,0.0,0.0,0.0,0.0,0.0,0.0,0.0,0.0,0.0,0.0,0.0,0.0,0.0,0.0,0.0,0.0,0.0,0.0,0.0,0.0,0.0,0.0,0.0,0.0,,,0.0,0.0,0.0,0.0,0.0,0.0,0.0,0.0,0.0,0.0,0.0,0.0,0.0,0.0,0.0,0.0,0.0,0.0,0.0,0.0,0.0,0.0,0.0,0.0,0.0,0.0,0.0,0.0,0.0,0.0,0.0,0.0,0.0,0.0,0.0,0.0,0.0,0.0,0.0,0.0,0.0,0.0,0.0,0.0,0.0,0.0,0.0,0.0,0.0,0.0,0.0,0.0,0.0,0.0,0.0,0.0,0.0,0.0,0.0,0.0,0.0,0.0,0.0,0.0,0.0,0.0,0.0,0.0,0.0,0.0,0.0
522842,0.0,0.0,0.0,0.0,0.0,0.0,0.0,,0.0,0.0,0.0,0.0,0.0,0.0,0.0,0.0,0.0,0.0,0.0,0.0,0.0,0.0,0.0,0.0,0.0,0.0,0.0,0.0,0.0,0.0,0.0,0.0,0.0,0.0,0.0,0.0,0.0,0.0,0.0,0.0,0.0,0.0,,,0.0,0.0,0.0,0.0,0.0,0.0,0.0,0.0,0.0,0.0,0.0,0.0,0.0,0.0,0.0,0.0,0.0,0.0,0.0,0.0,0.0,0.0,0.0,0.0,0.0,0.0,0.0,0.0,0.0,0.0,0.0,0.0,0.0,0.0,0.0,0.0,0.0,0.0,0.0,0.0,0.0,0.0,0.0,0.0,0.0,0.0,0.0,0.0,0.0,0.0,0.0,0.0,0.0,0.0,0.0,0.0,0.0,0.0,0.0,0.0,0.0,0.0,0.0,0.0,0.0,0.0,0.0,0.0,0.0,0.0,0.0
522846,0.0,4.0,0.0,0.0,0.0,0.0,0.0,0.0,0.0,1.0,3.0,0.0,0.0,2.0,2.0,2.0,2.0,2.0,0.0,0.0,1.0,5.337127327919006,0.0,1.0,0.0,1.0,0.0,41.0,3.0,1.0,0.0,1928.6900329589844,337.839994430542,4256.839904785156,678.0100173950195,3455.7098388671875,5.0,10.0,1.0,1.0,1.0,1.0,,,0.0,0.0,0.0,0.0,0.0,0.0,2.0,0.0,2.0,0.0,0.0,0.0,0.0,8.0,0.0,0.0,0.0,0.0,0.0,0.0,3.0,0.0,0.0,0.0,0.0,0.0,8.0,3.0,3.0,8.0,4.0,0.0,0.0,0.0,3.0,3.0,45.0,20.0,6.0,13.0,16.0,6.0,26.0,9.0,35.0,0.0,0.0,16.0,12.0,0.0,0.0,5.0,6.0,0.0,1.0,4.0,18.0,5.0,0.0,155.0,57.0,3.0,0.0,0.0,2.6837037801742554,0.0,88.10826666666665,31.339582443237305,10657.089477539062,0.3400784097611904,1.0
523007,0.0,0.0,0.0,0.0,0.0,0.0,0.0,,0.0,0.0,0.0,0.0,0.0,0.0,0.0,0.0,0.0,0.0,0.0,0.0,0.0,0.0,0.0,0.0,0.0,0.0,0.0,0.0,0.0,0.0,0.0,0.0,0.0,0.0,0.0,0.0,0.0,0.0,0.0,0.0,0.0,0.0,,,0.0,0.0,0.0,0.0,0.0,0.0,0.0,0.0,0.0,0.0,0.0,0.0,0.0,0.0,0.0,0.0,0.0,0.0,0.0,0.0,0.0,0.0,0.0,0.0,0.0,0.0,0.0,0.0,0.0,0.0,0.0,0.0,0.0,0.0,0.0,0.0,0.0,0.0,0.0,0.0,0.0,0.0,0.0,0.0,0.0,0.0,0.0,0.0,0.0,0.0,0.0,0.0,0.0,0.0,0.0,0.0,0.0,0.0,0.0,0.0,0.0,0.0,0.0,0.0,0.0,0.0,0.0,0.0,0.0,0.0,0.0
523097,1.0,0.0,0.0,0.0,0.0,0.0,0.0,0.0,0.0,0.0,0.0,0.0,0.0,0.0,0.0,0.0,0.0,0.0,0.0,4.0,3.0,8.036978721618652,4.0,1.0,1.0,5.0,2.0,84.0,9.0,2.0,0.0,3755.18994140625,334.85000801086426,8333.149963378906,1528.3700561523438,5676.510223388672,41.0,53.0,18.0,0.0,2.0,2.0,0.0,0.0,0.0,0.0,0.0,0.0,0.0,0.0,0.0,0.0,0.0,0.0,0.0,0.0,0.0,24.0,1.0,1.0,7.0,4.0,4.0,5.0,14.0,1.0,0.0,0.0,0.0,0.0,16.0,10.0,10.0,14.0,16.0,0.0,0.0,0.0,11.0,3.0,155.0,71.0,5.0,10.0,36.0,20.0,26.0,40.0,66.0,0.0,0.0,65.0,52.0,0.0,0.0,23.0,24.0,0.0,4.0,40.0,32.0,44.0,0.0,321.0,108.0,1.0,2.0,3.0,0.44045115634799004,2.0,155.35448333333335,29.88286590576172,19628.069580078125,0.0,0.0
523173,0.0,0.0,0.0,0.0,0.0,0.0,0.0,,0.0,0.0,0.0,0.0,0.0,0.0,0.0,0.0,0.0,0.0,0.0,0.0,0.0,0.0,0.0,0.0,0.0,0.0,0.0,0.0,0.0,0.0,0.0,0.0,0.0,0.0,0.0,0.0,0.0,0.0,0.0,0.0,0.0,0.0,,,0.0,0.0,0.0,0.0,0.0,0.0,0.0,0.0,0.0,0.0,0.0,0.0,0.0,0.0,0.0,0.0,0.0,0.0,0.0,0.0,0.0,0.0,0.0,0.0,0.0,0.0,0.0,0.0,0.0,0.0,0.0,0.0,0.0,0.0,0.0,0.0,0.0,0.0,0.0,0.0,0.0,0.0,0.0,0.0,0.0,0.0,0.0,0.0,0.0,0.0,0.0,0.0,0.0,0.0,0.0,0.0,0.0,0.0,0.0,0.0,0.0,0.0,0.0,0.0,0.0,0.0,0.0,0.0,0.0,0.0,0.0
523215,0.0,1.0,0.0,0.0,0.0,0.0,0.0,0.0,0.0,0.0,1.0,0.0,0.0,0.0,0.0,0.0,1.0,1.0,1.0,2.0,0.0,4.372158686319987,0.0,0.0,1.0,1.0,1.0,26.0,6.0,1.0,0.0,1774.8300170898438,83.16999626159668,3195.5399169921875,509.0999755859375,2315.6599731445312,7.0,15.0,2.0,1.0,1.0,1.0,,,0.0,0.0,0.0,0.0,0.0,0.0,0.0,0.0,0.0,0.0,0.0,0.0,0.0,12.0,0.0,2.0,6.0,4.0,3.0,4.0,5.0,2.0,0.0,0.0,2.0,0.0,4.0,1.0,0.0,2.0,6.0,0.0,1.0,0.0,1.0,2.0,64.0,29.0,3.0,2.0,24.0,21.0,34.0,13.0,47.0,0.0,0.0,30.0,22.0,0.0,0.0,15.0,2.0,1.0,1.0,10.0,20.0,11.0,0.0,150.0,36.0,2.0,0.0,0.0,1.224856674671173,1.0,68.607,30.489185333251953,7878.2998046875,0.011688309721648693,0.0
523236,0.0,0.0,0.0,0.0,0.0,0.0,0.0,0.0,0.0,0.0,0.0,0.0,0.0,0.0,0.0,0.0,0.0,0.0,0.0,0.0,0.0,6.292711893717448,0.0,0.0,0.0,1.0,0.0,81.0,6.0,0.0,0.0,2293.89990234375,309.9800033569336,6387.2999267578125,992.8100852966309,5475.219543457031,12.0,16.0,3.0,0.0,1.0,0.0,0.0,0.0,0.0,0.0,0.0,0.0,0.0,0.0,0.0,0.0,0.0,0.0,0.0,0.0,0.0,2.0,0.0,0.0,0.0,0.0,0.0,0.0,2.0,1.0,1.0,1.0,1.0,0.0,1.0,1.0,1.0,1.0,2.0,0.0,0.0,0.0,2.0,3.0,47.0,29.0,2.0,37.0,14.0,1.0,31.0,21.0,52.0,0.0,0.0,16.0,13.0,0.0,0.0,7.0,11.0,2.0,3.0,18.0,5.0,21.0,0.0,215.0,78.0,1.0,1.0,0.0,2.086113154888153,0.0,135.66948333333335,32.04931640625,15459.209350585938,0.0,0.0
523288,0.0,2.0,0.0,0.0,0.0,0.0,0.0,0.0,0.0,0.0,1.0,0.0,1.0,2.0,1.0,1.0,1.0,0.0,0.0,6.0,1.0,2.7745392322540283,2.0,0.0,0.0,1.0,0.0,10.0,3.0,0.0,0.0,950.1900329589844,139.72000885009766,1885.280029296875,489.8499755859375,1133.3699645996094,8.0,15.0,4.0,1.0,0.0,0.0,0.0,0.0,0.0,0.0,0.0,0.0,0.0,0.0,0.0,0.0,0.0,0.0,0.0,0.0,0.0,2.0,0.0,0.0,0.0,0.0,0.0,0.0,0.0,0.0,0.0,0.0,0.0,0.0,2.0,0.0,0.0,2.0,1.0,0.0,0.0,0.0,0.0,2.0,30.0,17.0,4.0,8.0,3.0,1.0,6.0,6.0,12.0,0.0,0.0,9.0,8.0,0.0,0.0,3.0,11.0,1.0,0.0,12.0,4.0,12.0,0.0,73.0,35.0,2.0,0.0,2.0,2.505043148994446,0.0,33.98626666666665,29.975223541259766,4598.409912109375,0.2873183339834213,0.0
523333,0.0,0.0,0.0,0.0,0.0,0.0,0.0,,0.0,0.0,0.0,0.0,0.0,0.0,0.0,0.0,0.0,0.0,0.0,1.0,0.0,5.0821231206258135,1.0,0.0,0.0,0.0,0.0,7.0,1.0,0.0,0.0,1057.780014038086,61.8700008392334,2528.149871826172,470.6700439453125,1236.6100006103516,13.0,15.0,1.0,0.0,0.0,0.0,,,0.0,0.0,0.0,0.0,0.0,0.0,0.0,0.0,0.0,0.0,0.0,0.0,0.0,5.0,0.0,1.0,3.0,3.0,2.0,2.0,5.0,0.0,0.0,0.0,0.0,0.0,2.0,2.0,1.0,1.0,5.0,0.0,1.0,0.0,5.0,2.0,37.0,12.0,0.0,3.0,12.0,2.0,11.0,6.0,17.0,0.0,0.0,17.0,16.0,0.0,0.0,7.0,7.0,0.0,0.0,13.0,4.0,13.0,0.0,98.0,33.0,2.0,0.0,0.0,0.31753850169479847,0.0,43.94245000000002,26.816490173339844,5355.079833984375,0.0,0.0
523354,0.0,1.0,0.0,0.0,0.0,0.0,0.0,0.0,0.0,0.0,1.0,0.0,0.0,0.0,0.0,0.0,1.0,1.0,1.0,1.0,0.0,1.618492841720581,0.0,0.0,0.0,1.0,1.0,11.0,3.0,0.0,0.0,616.6099853515625,28.290000915527344,1999.130126953125,154.14999389648438,1186.739990234375,5.0,7.0,2.0,0.0,2.0,0.0,,,0.0,0.0,0.0,0.0,0.0,0.0,0.0,0.0,0.0,0.0,0.0,0.0,0.0,2.0,0.0,0.0,1.0,0.0,0.0,1.0,1.0,0.0,0.0,0.0,0.0,0.0,1.0,1.0,1.0,1.0,1.0,0.0,0.0,0.0,1.0,1.0,27.0,10.0,2.0,3.0,10.0,8.0,15.0,6.0,21.0,0.0,0.0,10.0,9.0,0.0,0.0,8.0,3.0,0.0,0.0,6.0,9.0,6.0,0.0,56.0,15.0,1.0,0.0,0.0,0.18774758279323578,0.0,36.806166666666655,27.041051864624023,3984.920166015625,0.041525840759277344,0.0
524320,0.0,0.0,0.0,0.0,0.0,0.0,0.0,,0.0,0.0,0.0,0.0,0.0,0.0,0.0,0.0,0.0,0.0,0.0,2.0,0.0,1.4815387725830078,1.0,0.0,1.0,2.0,0.0,3.0,0.0,0.0,0.0,445.26995849609375,51.560001373291016,604.530029296875,230.53001403808594,423.10003662109375,3.0,7.0,0.0,2.0,0.0,0.0,,,0.0,0.0,0.0,0.0,0.0,0.0,0.0,0.0,0.0,0.0,0.0,0.0,0.0,3.0,0.0,0.0,0.0,0.0,0.0,0.0,2.0,1.0,1.0,1.0,1.0,0.0,2.0,1.0,1.0,2.0,3.0,0.0,0.0,0.0,2.0,1.0,14.0,8.0,0.0,4.0,8.0,1.0,8.0,5.0,13.0,0.0,0.0,4.0,3.0,0.0,0.0,6.0,3.0,0.0,1.0,3.0,4.0,4.0,0.0,33.0,15.0,1.0,0.0,0.0,0.6628386974334717,0.0,11.84545,28.518814086914062,1754.989990234375,0.0,0.0
