player_id,player_name,team_id,team,team_code,position_raw,assists,shots,attemptatgoalagainstontarget,attemptatgoalblocked,attemptatgoalfromballprogression,attemptatgoalfromcorner,attemptatgoalfromcross,attemptatgoalfromfreekick,attemptatgoalfromfreekicks,attemptatgoalfromother,attemptatgoalfrompass,attemptatgoalfrompenalty,attemptatgoalfromrebound,attemptatgoalinsidethepenaltyarea,attemptatgoalinsidethepenaltyareaontarget,attemptatgoalofftarget,shots_on_target,attemptatgoaloutsidethepenaltyarea,attemptatgoaloutsidethepenaltyareaontarget,attemptedballprogressions,attemptedswitchesofplay,avgspeed,completedballprogressions,completedswitchesofplay,corners,crosses,crossescompleted,defensivepressuresapplied,directdefensivepressuresapplied,directfreekicks,directredcards,distancehighspeedrunning,distancehighspeedsprinting,distancejogging,distancelowspeedsprinting,distancewalking,distributionscompletedunderpressure,distributionsunderpressure,forcedturnovers,foulsagainst,foulsfor,freekicks,gksaves,gksavesontarget,goalkeeperdefensiveactionsinsidepenaltyarea,goalkeeperdefensiveactionsoutsidepenaltyarea,goalkeepersavepercentage,goalkeepersaves,goalkeepersavesontarget,goalkicks,goals,goalsfromdirectfreekicks,goalsinsidethepenaltyarea,goalsoutsidethepenaltyarea,headedattemptatgoal,indirectfreekicks,indirectredcards,linebreaksattempted,linebreaksattemptedalllines,linebreaksattemptedattackingandmidfieldline,linebreaksattemptedattackingline,linebreaksattemptedattackinglinecompleted,linebreaksattemptedattackinglinecompletedonly,linebreaksattemptedattackinglineonly,linebreaksattemptedcompleted,linebreaksattempteddefensiveline,linebreaksattempteddefensivelinecompleted,linebreaksattempteddefensivelinecompletedonly,linebreaksattempteddefensivelineonly,linebreaksattemptedmidfieldanddefensiveline,linebreaksattemptedmidfieldline,linebreaksattemptedmidfieldlinecompleted,linebreaksattemptedmidfieldlinecompletedonly,linebreaksattemptedmidfieldlineonly,linebreaksattemptedunderpressure,linebreakscompletedalllines,linebreakscompletedattackingandmidfieldline,linebreakscompletedmidfieldanddefensiveline,linebreakscompletedunderpressure,matchesplayed,numberofinvolvements,numberofpossessionsequences,numberofshotendingsequences,offerstoreceiveinbehind,offerstoreceiveinbetween,offerstoreceiveinfront,offerstoreceiveinside,offerstoreceiveoutside,offerstoreceivetotal,offsides,owngoals,passes_attempted,passes_completed,penalties,penaltiesscored,receivedofferstoreceive,receptionsbetweenmidfieldanddefensiveline,receptionsinbehind,receptionsunderdirectpressure,receptionsunderindirectpressure,receptionsundernopressure,receptionsunderpressure,redcards,speedruns,sprints,substitutionsin,substitutionsout,takeonscompleted,threat,throwins,minutes,topspeed,totaldistance,xg,yellowcards,position,pass_completion_rate
376285,Aissa MANDI,43843,Algeria,ALG,Defender,0.0,0.0,0.0,0.0,0.0,0.0,0.0,0.0,0.0,0.0,0.0,0.0,0.0,0.0,0.0,0.0,0.0,0.0,0.0,4.0,10.0,5.622981786727905,4.0,9.0,0.0,0.0,0.0,19.0,6.0,8.0,0.0,3502.5001831054688,348.23999404907227,15080.990478515625,1076.1799926757812,17850.15087890625,54.0,65.0,14.0,0.0,5.0,9.0,0.0,0.0,0.0,0.0,0.0,0.0,0.0,0.0,0.0,0.0,0.0,0.0,0.0,1.0,0.0,104.0,5.0,13.0,63.0,51.0,41.0,45.0,76.0,5.0,1.0,0.0,0.0,0.0,36.0,24.0,14.0,18.0,31.0,1.0,9.0,0.0,19.0,4.0,774.0,204.0,16.0,3.0,4.0,26.0,13.0,20.0,33.0,0.0,0.0,382.0,357.0,0.0,0.0,15.0,1.0,0.0,1.0,26.0,348.0,27.0,0.0,331.0,81.0,0.0,0.0,0.0,0.412535909563303,2.0,403.12651666666665,29.978239059448242,37858.0615234375,0.0,0.0,DF,93.45549738219894
433679,Ramiz ZERROUKI,43843,Algeria,ALG,Midfielder,0.0,0.0,0.0,0.0,0.0,0.0,0.0,,0.0,0.0,0.0,0.0,0.0,0.0,0.0,0.0,0.0,0.0,0.0,0.0,5.0,5.587703704833984,0.0,5.0,0.0,0.0,0.0,23.0,5.0,2.0,0.0,2333.9700927734375,185.61999201774597,7622.859619140625,823.429988861084,4476.719970703125,54.0,60.0,4.0,4.0,0.0,2.0,0.0,0.0,0.0,0.0,0.0,0.0,0.0,0.0,0.0,0.0,0.0,0.0,0.0,0.0,0.0,28.0,0.0,1.0,7.0,6.0,5.0,6.0,25.0,2.0,2.0,0.0,0.0,2.0,19.0,17.0,14.0,16.0,17.0,0.0,1.0,2.0,15.0,3.0,226.0,77.0,2.0,8.0,12.0,36.0,39.0,17.0,56.0,0.0,0.0,105.0,97.0,0.0,0.0,28.0,4.0,1.0,1.0,36.0,68.0,37.0,0.0,201.0,54.0,1.0,2.0,0.0,0.418042816221714,0.0,126.38288333333333,30.2603702545166,15442.599853515625,0.0,1.0,MF,92.38095238095238
430698,Houssem Aouar,43843,Algeria,ALG,Midfielder,2.0,3.0,0.0,0.0,0.0,0.0,1.0,0.0,0.0,0.0,2.0,0.0,0.0,1.0,0.0,1.0,1.0,2.0,1.0,6.0,0.0,5.032886385917664,4.0,0.0,0.0,1.0,1.0,61.0,7.0,0.0,0.0,3017.2299194335938,204.95000076293945,9432.830444335938,1067.0599822998047,7414.8599853515625,55.0,67.0,8.0,1.0,2.0,0.0,0.0,0.0,0.0,0.0,0.0,0.0,0.0,0.0,0.0,0.0,0.0,0.0,0.0,0.0,0.0,13.0,0.0,0.0,0.0,0.0,0.0,0.0,13.0,3.0,3.0,3.0,3.0,0.0,10.0,10.0,10.0,10.0,9.0,0.0,0.0,0.0,9.0,3.0,185.0,68.0,9.0,43.0,46.0,17.0,62.0,44.0,106.0,0.0,0.0,84.0,79.0,0.0,0.0,31.0,29.0,4.0,5.0,50.0,41.0,55.0,0.0,253.0,83.0,1.0,2.0,1.0,4.637561678886414,3.0,191.86515,31.52810287475586,21136.930908203125,0.23675720393657684,0.0,MF,94.04761904761905
477795,Fares CHAIBI,43843,Algeria,ALG,Midfielder,0.0,9.0,0.0,2.0,2.0,0.0,0.0,1.0,0.0,0.0,6.0,0.0,0.0,4.0,1.0,4.0,3.0,5.0,2.0,10.0,3.0,6.763851761817932,7.0,3.0,4.0,7.0,0.0,140.0,16.0,1.0,0.0,6271.35009765625,775.4499664306641,21186.70947265625,2264.2500915527344,15036.440185546875,112.0,148.0,30.0,3.0,2.0,1.0,0.0,0.0,0.0,0.0,0.0,0.0,0.0,0.0,0.0,0.0,0.0,0.0,1.0,0.0,0.0,65.0,5.0,7.0,20.0,14.0,8.0,8.0,44.0,10.0,5.0,2.0,4.0,1.0,35.0,25.0,18.0,22.0,36.0,2.0,4.0,1.0,16.0,4.0,535.0,195.0,19.0,38.0,84.0,80.0,121.0,81.0,202.0,1.0,0.0,244.0,220.0,0.0,0.0,85.0,46.0,4.0,10.0,92.0,163.0,102.0,0.0,549.0,177.0,0.0,0.0,3.0,2.728266417980194,2.0,403.12651666666665,32.68711853027344,45534.19921875,0.6354444250464439,1.0,MF,90.1639344262295
482869,Jaouen HADJAM,43843,Algeria,ALG,Defender,0.0,1.0,0.0,0.0,1.0,0.0,0.0,0.0,0.0,0.0,0.0,0.0,0.0,0.0,0.0,1.0,0.0,1.0,0.0,13.0,0.0,5.144896984100342,11.0,0.0,0.0,0.0,0.0,19.0,5.0,0.0,0.0,2043.4099731445312,504.1100101470947,4857.620178222656,1054.4600067138672,5203.930145263672,27.0,41.0,8.0,0.0,0.0,0.0,,,0.0,0.0,0.0,0.0,0.0,0.0,0.0,0.0,0.0,0.0,0.0,0.0,0.0,15.0,0.0,1.0,2.0,2.0,1.0,1.0,11.0,1.0,0.0,0.0,1.0,0.0,12.0,9.0,8.0,11.0,6.0,0.0,1.0,0.0,4.0,3.0,147.0,69.0,3.0,19.0,11.0,4.0,16.0,18.0,34.0,0.0,0.0,67.0,56.0,0.0,0.0,6.0,10.0,0.0,2.0,24.0,41.0,26.0,0.0,158.0,77.0,2.0,1.0,5.0,1.5310963839292526,9.0,125.39934999999998,32.64696502685547,13663.529907226562,0.01981555111706257,0.0,DF,83.5820895522388
441350,Hicham BOUDAOUI,43843,Algeria,ALG,Midfielder,0.0,0.0,0.0,0.0,0.0,0.0,0.0,0.0,0.0,0.0,0.0,0.0,0.0,0.0,0.0,0.0,0.0,0.0,0.0,2.0,1.0,5.54830014705658,2.0,1.0,0.0,0.0,0.0,54.0,8.0,0.0,0.0,2984.1800537109375,231.1300163269043,8362.72998046875,1167.949951171875,4727.109680175781,51.0,53.0,6.0,4.0,1.0,0.0,0.0,0.0,0.0,0.0,0.0,0.0,0.0,0.0,0.0,0.0,0.0,0.0,0.0,0.0,0.0,27.0,4.0,0.0,7.0,6.0,3.0,3.0,23.0,4.0,3.0,0.0,0.0,0.0,16.0,14.0,11.0,12.0,18.0,3.0,0.0,0.0,17.0,3.0,186.0,71.0,6.0,17.0,24.0,30.0,32.0,39.0,71.0,0.0,0.0,86.0,83.0,0.0,0.0,21.0,5.0,1.0,3.0,26.0,59.0,29.0,0.0,248.0,79.0,1.0,2.0,1.0,0.8684421330690384,0.0,143.15391666666665,29.79990005493164,17473.099609375,0.0,1.0,MF,96.51162790697676
431858,Rayan AIT-NOURI,43843,Algeria,ALG,Defender,0.0,1.0,0.0,0.0,0.0,0.0,0.0,0.0,0.0,0.0,0.0,0.0,1.0,1.0,0.0,1.0,0.0,0.0,0.0,34.0,0.0,5.894408941268921,18.0,0.0,0.0,9.0,0.0,70.0,25.0,2.0,0.0,4308.060012817383,785.7200241088867,11977.079345703125,1916.0899810791016,13086.250610351562,109.0,157.0,12.0,6.0,4.0,2.0,0.0,0.0,0.0,0.0,0.0,0.0,0.0,0.0,0.0,0.0,0.0,0.0,0.0,0.0,0.0,63.0,3.0,6.0,24.0,17.0,15.0,15.0,41.0,7.0,4.0,3.0,4.0,0.0,32.0,20.0,18.0,23.0,47.0,1.0,1.0,0.0,27.0,4.0,451.0,179.0,14.0,42.0,52.0,35.0,39.0,90.0,129.0,0.0,0.0,211.0,190.0,0.0,0.0,48.0,51.0,4.0,6.0,77.0,129.0,83.0,0.0,355.0,157.0,1.0,1.0,12.0,0.6022888198494911,28.0,315.7954833333333,33.46651840209961,32073.2001953125,0.024796154350042343,0.0,DF,90.04739336492891
511009,Rafik BELGHALI,43843,Algeria,ALG,Defender,0.0,3.0,0.0,0.0,2.0,0.0,0.0,0.0,0.0,0.0,0.0,0.0,0.0,2.0,1.0,1.0,1.0,1.0,0.0,8.0,0.0,6.273287057876587,4.0,0.0,0.0,5.0,2.0,64.0,10.0,1.0,0.0,5407.0601806640625,816.3599548339844,15861.690185546875,2207.4300537109375,13791.1103515625,95.0,115.0,10.0,4.0,2.0,1.0,0.0,0.0,0.0,0.0,0.0,0.0,0.0,0.0,1.0,0.0,1.0,0.0,0.0,0.0,0.0,40.0,2.0,3.0,16.0,12.0,9.0,11.0,32.0,3.0,2.0,0.0,0.0,1.0,21.0,18.0,14.0,15.0,24.0,1.0,2.0,1.0,20.0,4.0,406.0,173.0,15.0,54.0,27.0,16.0,42.0,55.0,97.0,0.0,0.0,183.0,168.0,0.0,0.0,29.0,31.0,7.0,6.0,77.0,108.0,83.0,0.0,480.0,170.0,0.0,2.0,3.0,1.9323709309101105,16.0,362.7103666666667,33.03800964355469,38083.6494140625,0.27757747657597065,0.0,DF,91.80327868852459
379939,Nabil Bentaleb,43843,Algeria,ALG,Midfielder,0.0,1.0,0.0,1.0,0.0,0.0,0.0,0.0,0.0,0.0,1.0,0.0,0.0,0.0,0.0,0.0,0.0,1.0,0.0,5.0,1.0,6.592905759811401,4.0,0.0,0.0,1.0,0.0,42.0,12.0,8.0,0.0,4398.760070800781,360.7799987792969,14774.94091796875,1664.5999755859375,12426.78955078125,91.0,107.0,16.0,2.0,3.0,10.0,0.0,0.0,0.0,0.0,0.0,0.0,0.0,0.0,0.0,0.0,0.0,0.0,0.0,2.0,0.0,83.0,2.0,9.0,37.0,30.0,25.0,26.0,63.0,3.0,2.0,1.0,1.0,0.0,43.0,31.0,26.0,32.0,35.0,1.0,4.0,0.0,27.0,4.0,589.0,178.0,18.0,1.0,25.0,66.0,73.0,19.0,92.0,0.0,0.0,280.0,255.0,0.0,0.0,38.0,7.0,0.0,4.0,52.0,225.0,56.0,0.0,405.0,115.0,1.0,2.0,0.0,0.28942795656621456,0.0,313.63991666666664,31.0006046295166,33625.87158203125,0.021560197696089745,0.0,MF,91.07142857142857
395113,Ramy BENSEBAINI,43843,Algeria,ALG,Defender,0.0,2.0,0.0,1.0,0.0,1.0,0.0,0.0,0.0,1.0,0.0,0.0,0.0,1.0,0.0,1.0,0.0,1.0,0.0,6.0,1.0,5.302947640419006,6.0,1.0,0.0,0.0,0.0,36.0,11.0,8.0,0.0,3382.9000854492188,429.77000427246094,14122.9296875,1478.3400268554688,16286.19970703125,113.0,132.0,7.0,1.0,5.0,9.0,0.0,0.0,0.0,0.0,0.0,0.0,0.0,2.0,0.0,0.0,0.0,0.0,1.0,1.0,0.0,98.0,5.0,13.0,57.0,45.0,37.0,39.0,69.0,8.0,3.0,0.0,0.0,3.0,33.0,21.0,11.0,12.0,41.0,1.0,7.0,2.0,26.0,4.0,814.0,235.0,17.0,1.0,1.0,74.0,37.0,39.0,76.0,0.0,0.0,385.0,359.0,0.0,0.0,44.0,1.0,0.0,4.0,65.0,313.0,69.0,0.0,301.0,122.0,0.0,0.0,1.0,0.3431757874786854,0.0,403.12651666666665,33.2631721496582,35700.140625,0.035772320814430714,0.0,DF,93.24675324675324
494291,Ibrahim MAZA,43843,Algeria,ALG,Midfielder,0.0,11.0,0.0,3.0,2.0,0.0,0.0,0.0,0.0,1.0,7.0,0.0,0.0,7.0,2.0,5.0,3.0,4.0,1.0,26.0,1.0,6.852484583854675,17.0,1.0,0.0,1.0,0.0,153.0,14.0,0.0,0.0,6088.31005859375,439.10001373291016,20872.2099609375,1874.6600036621094,15187.16015625,97.0,147.0,25.0,1.0,5.0,0.0,0.0,0.0,0.0,0.0,0.0,0.0,0.0,0.0,0.0,0.0,0.0,0.0,1.0,0.0,0.0,55.0,6.0,0.0,10.0,5.0,2.0,4.0,32.0,13.0,6.0,2.0,6.0,1.0,32.0,21.0,17.0,25.0,47.0,3.0,0.0,1.0,26.0,4.0,342.0,164.0,22.0,39.0,122.0,51.0,153.0,59.0,212.0,0.0,0.0,141.0,111.0,0.0,0.0,69.0,59.0,4.0,14.0,122.0,45.0,136.0,0.0,524.0,152.0,0.0,1.0,12.0,4.392930686473846,2.0,389.37784999999997,32.71076202392578,44461.439453125,1.0575313285226002,0.0,MF,78.72340425531915
402934,Marcos SENESI,43922,Argentina,ARG,Defender,0.0,2.0,0.0,0.0,0.0,0.0,0.0,0.0,0.0,0.0,0.0,0.0,1.0,2.0,0.0,1.0,0.0,0.0,0.0,0.0,0.0,1.5214059352874756,0.0,0.0,0.0,0.0,0.0,4.0,3.0,2.0,0.0,1375.580078125,130.1699981689453,5707.420166015625,417.3100128173828,4689.769775390625,17.0,22.0,0.0,0.0,3.0,2.0,,,0.0,0.0,0.0,0.0,0.0,2.0,0.0,0.0,0.0,0.0,1.0,0.0,0.0,17.0,1.0,4.0,10.0,7.0,5.0,5.0,9.0,1.0,0.0,0.0,0.0,0.0,6.0,2.0,0.0,1.0,10.0,0.0,2.0,0.0,3.0,2.0,167.0,53.0,3.0,0.0,2.0,12.0,4.0,10.0,14.0,0.0,0.0,79.0,75.0,0.0,0.0,5.0,1.0,1.0,1.0,6.0,71.0,7.0,0.0,118.0,33.0,1.0,0.0,0.0,0.7063437476754189,0.0,126.71301666666668,32.46162033081055,12320.24951171875,0.835953950881958,0.0,DF,94.9367088607595
308322,Nicolas TAGLIAFICO,43922,Argentina,ARG,Defender,0.0,0.0,0.0,0.0,0.0,0.0,0.0,0.0,0.0,0.0,0.0,0.0,0.0,0.0,0.0,0.0,0.0,0.0,0.0,4.0,2.0,5.2435614466667175,3.0,2.0,0.0,4.0,1.0,98.0,25.0,3.0,0.0,6291.769744873047,943.9400024414062,21022.000549316406,2454.950035095215,22185.08026123047,87.0,107.0,14.0,9.0,16.0,3.0,,,0.0,0.0,0.0,0.0,0.0,0.0,0.0,0.0,0.0,0.0,0.0,0.0,0.0,43.0,2.0,2.0,21.0,13.0,11.0,17.0,28.0,8.0,4.0,2.0,6.0,0.0,14.0,11.0,9.0,10.0,24.0,2.0,0.0,0.0,15.0,7.0,437.0,186.0,13.0,60.0,41.0,41.0,31.0,111.0,142.0,2.0,0.0,217.0,190.0,0.0,0.0,51.0,51.0,6.0,6.0,36.0,158.0,42.0,0.0,542.0,191.0,2.0,3.0,2.0,2.6036518961191177,28.0,543.3537,31.099853515625,52897.73889160156,0.0,0.0,DF,87.55760368663594
402926,Gonzalo MONTIEL,43922,Argentina,ARG,Defender,1.0,1.0,0.0,1.0,0.0,0.0,0.0,0.0,0.0,0.0,0.0,0.0,1.0,1.0,0.0,0.0,0.0,0.0,0.0,0.0,0.0,4.959640800952911,0.0,0.0,0.0,5.0,0.0,21.0,7.0,0.0,0.0,3724.4598999023438,450.7100067138672,10730.829833984375,1388.2100067138672,10029.769653320312,34.0,52.0,3.0,4.0,2.0,0.0,0.0,0.0,0.0,0.0,0.0,0.0,0.0,0.0,0.0,0.0,0.0,0.0,0.0,0.0,0.0,15.0,0.0,3.0,8.0,5.0,4.0,5.0,9.0,0.0,0.0,0.0,0.0,0.0,7.0,4.0,3.0,4.0,6.0,0.0,1.0,0.0,4.0,6.0,208.0,84.0,10.0,37.0,26.0,12.0,22.0,53.0,75.0,0.0,0.0,100.0,81.0,0.0,0.0,25.0,23.0,5.0,1.0,38.0,56.0,39.0,0.0,330.0,106.0,4.0,2.0,0.0,4.300402492284775,15.0,241.71780000000007,33.19083786010742,26323.97998046875,0.1506470888853073,1.0,DF,81.0
332847,Leandro PAREDES,43922,Argentina,ARG,Midfielder,0.0,4.0,0.0,0.0,1.0,0.0,0.0,0.0,0.0,0.0,3.0,0.0,0.0,0.0,0.0,3.0,1.0,4.0,1.0,17.0,7.0,5.311807632446289,16.0,7.0,1.0,2.0,1.0,63.0,19.0,14.0,0.0,6485.859924316406,479.3299903869629,23201.649841308594,1917.3499450683594,22183.950561523438,187.0,217.0,18.0,9.0,3.0,18.0,,,0.0,0.0,0.0,0.0,0.0,0.0,0.0,0.0,0.0,0.0,0.0,4.0,0.0,151.0,6.0,10.0,54.0,46.0,36.0,38.0,128.0,8.0,3.0,0.0,1.0,1.0,89.0,79.0,68.0,72.0,54.0,2.0,8.0,1.0,42.0,7.0,1154.0,303.0,23.0,2.0,40.0,194.0,157.0,79.0,236.0,0.0,0.0,565.0,532.0,0.0,0.0,158.0,9.0,0.0,4.0,54.0,497.0,58.0,0.0,566.0,148.0,3.0,2.0,3.0,0.2941210884600878,4.0,557.6169166666667,30.150081634521484,54268.14013671875,0.06944622471928596,2.0,MF,94.15929203539824
402921,Lisandro MARTINEZ,43922,Argentina,ARG,Defender,1.0,4.0,0.0,1.0,1.0,0.0,0.0,0.0,0.0,2.0,1.0,0.0,0.0,2.0,2.0,0.0,2.0,2.0,0.0,10.0,1.0,4.65824681520462,9.0,1.0,0.0,3.0,0.0,31.0,13.0,7.0,0.0,5632.3602294921875,631.5200023651123,22385.760620117188,2089.7900390625,31448.20068359375,176.0,205.0,11.0,7.0,4.0,7.0,0.0,0.0,0.0,0.0,0.0,0.0,0.0,11.0,1.0,0.0,1.0,0.0,0.0,0.0,0.0,158.0,8.0,21.0,82.0,69.0,52.0,53.0,125.0,9.0,6.0,0.0,0.0,1.0,67.0,50.0,32.0,37.0,95.0,5.0,12.0,1.0,74.0,7.0,936.0,308.0,26.0,2.0,1.0,60.0,20.0,43.0,63.0,0.0,0.0,450.0,422.0,0.0,0.0,35.0,3.0,0.0,3.0,69.0,377.0,72.0,0.0,485.0,167.0,0.0,2.0,2.0,0.5559374243021011,2.0,708.075,31.347509384155273,62187.6298828125,0.19628627132624388,2.0,DF,93.77777777777779
428882,Rodrigo DE PAUL,43922,Argentina,ARG,Midfielder,1.0,2.0,0.0,1.0,0.0,0.0,0.0,0.0,0.0,0.0,2.0,0.0,0.0,0.0,0.0,0.0,1.0,2.0,1.0,10.0,1.0,5.360731065273285,9.0,1.0,1.0,13.0,5.0,164.0,17.0,5.0,0.0,6767.139923095703,1141.5900115966797,19671.02978515625,3540.000015258789,23406.769897460938,169.0,200.0,11.0,2.0,5.0,5.0,0.0,0.0,0.0,0.0,0.0,0.0,0.0,0.0,0.0,0.0,0.0,0.0,0.0,0.0,0.0,76.0,3.0,6.0,21.0,15.0,9.0,12.0,58.0,9.0,6.0,2.0,3.0,3.0,46.0,37.0,29.0,34.0,45.0,2.0,4.0,2.0,36.0,7.0,712.0,239.0,21.0,34.0,162.0,141.0,146.0,191.0,337.0,1.0,0.0,327.0,300.0,0.0,0.0,160.0,43.0,4.0,9.0,102.0,239.0,111.0,0.0,573.0,286.0,1.0,5.0,2.0,1.9935855641961098,6.0,539.98195,32.18366622924805,54526.531005859375,0.0633427482098341,1.0,MF,91.74311926605505
431196,Cristian ROMERO,43922,Argentina,ARG,Defender,0.0,3.0,0.0,0.0,0.0,2.0,1.0,0.0,0.0,0.0,0.0,0.0,0.0,3.0,2.0,1.0,2.0,0.0,0.0,8.0,0.0,4.433843731880188,8.0,0.0,0.0,0.0,0.0,52.0,22.0,10.0,0.0,5175.129913330078,303.6399898529053,19232.659912109375,1305.7100219726562,31654.639892578125,182.0,197.0,11.0,9.0,3.0,12.0,0.0,0.0,0.0,0.0,0.0,0.0,0.0,5.0,1.0,0.0,1.0,0.0,3.0,2.0,0.0,106.0,1.0,11.0,66.0,60.0,50.0,54.0,95.0,1.0,0.0,0.0,0.0,0.0,39.0,35.0,25.0,27.0,67.0,0.0,10.0,0.0,60.0,7.0,905.0,299.0,19.0,6.0,2.0,29.0,24.0,13.0,37.0,0.0,0.0,430.0,415.0,0.0,0.0,22.0,4.0,1.0,9.0,65.0,343.0,74.0,0.0,415.0,108.0,0.0,5.0,3.0,1.9204601850360632,2.0,685.9859166666668,32.34606170654297,57671.779296875,0.4078458994626999,2.0,DF,96.51162790697676
389485,Exequiel PALACIOS,43922,Argentina,ARG,Midfielder,0.0,0.0,0.0,0.0,0.0,0.0,0.0,,0.0,0.0,0.0,0.0,0.0,0.0,0.0,0.0,0.0,0.0,0.0,0.0,0.0,0.7508803606033325,0.0,0.0,0.0,0.0,0.0,5.0,1.0,0.0,0.0,1320.739990234375,184.0900115966797,4156.310546875,534.1400146484375,3833.72998046875,47.0,49.0,1.0,1.0,1.0,0.0,,,0.0,0.0,0.0,0.0,0.0,0.0,0.0,0.0,0.0,0.0,0.0,0.0,0.0,19.0,0.0,0.0,14.0,13.0,13.0,14.0,17.0,0.0,0.0,0.0,0.0,0.0,5.0,4.0,4.0,5.0,13.0,0.0,0.0,0.0,12.0,1.0,190.0,55.0,2.0,3.0,4.0,11.0,7.0,11.0,18.0,0.0,0.0,94.0,89.0,0.0,0.0,10.0,4.0,1.0,2.0,19.0,65.0,21.0,0.0,113.0,37.0,0.0,0.0,0.0,0.037471551448106766,8.0,100.13338333333334,32.45518112182617,10029.009765625,0.0,0.0,MF,94.68085106382979
430631,Nico GONZALEZ,43922,Argentina,ARG,Midfielder,1.0,7.0,0.0,1.0,2.0,3.0,1.0,0.0,0.0,1.0,0.0,0.0,0.0,7.0,1.0,4.0,1.0,0.0,0.0,18.0,0.0,5.322291314601898,9.0,0.0,0.0,9.0,4.0,77.0,7.0,0.0,0.0,4224.52001953125,989.5200119018555,13136.099975585938,1808.6799926757812,12732.7998046875,53.0,89.0,12.0,4.0,3.0,0.0,0.0,0.0,0.0,0.0,0.0,0.0,0.0,0.0,0.0,0.0,0.0,0.0,4.0,0.0,0.0,23.0,3.0,0.0,5.0,1.0,0.0,2.0,10.0,8.0,5.0,4.0,4.0,1.0,10.0,4.0,3.0,6.0,21.0,1.0,0.0,0.0,9.0,7.0,275.0,131.0,22.0,80.0,18.0,4.0,57.0,45.0,102.0,2.0,0.0,109.0,90.0,0.0,0.0,29.0,64.0,23.0,14.0,49.0,75.0,63.0,0.0,322.0,153.0,6.0,1.0,5.0,6.682017773389816,8.0,324.7864,33.51842498779297,32891.620849609375,0.4813296664506197,0.0,MF,82.56880733944955
310116,Nicolas OTAMENDI,43922,Argentina,ARG,Defender,0.0,1.0,0.0,0.0,0.0,1.0,0.0,0.0,0.0,0.0,0.0,0.0,0.0,1.0,0.0,1.0,0.0,0.0,0.0,5.0,1.0,5.07137805223465,5.0,1.0,0.0,0.0,0.0,18.0,8.0,4.0,0.0,4102.520072937012,491.13001251220703,11713.710144042969,1120.529977798462,12431.049560546875,50.0,61.0,3.0,4.0,4.0,4.0,0.0,0.0,0.0,0.0,0.0,0.0,0.0,1.0,0.0,0.0,0.0,0.0,1.0,0.0,0.0,41.0,1.0,4.0,25.0,21.0,19.0,20.0,34.0,1.0,1.0,0.0,0.0,0.0,15.0,12.0,10.0,10.0,22.0,1.0,1.0,0.0,17.0,7.0,383.0,108.0,9.0,3.0,0.0,41.0,18.0,26.0,44.0,1.0,0.0,187.0,178.0,0.0,0.0,24.0,3.0,0.0,1.0,21.0,164.0,22.0,0.0,336.0,89.0,6.0,0.0,0.0,1.1053626807406545,1.0,308.27203333333335,30.591638565063477,29858.939819335938,0.07066772878170013,0.0,DF,95.18716577540107
430628,Alexis MAC ALLISTER,43922,Argentina,ARG,Midfielder,1.0,13.0,0.0,1.0,0.0,2.0,4.0,1.0,0.0,2.0,3.0,0.0,0.0,10.0,3.0,7.0,4.0,3.0,1.0,5.0,3.0,6.233977496623993,3.0,3.0,0.0,1.0,0.0,239.0,37.0,6.0,0.0,11818.340026855469,853.2099924087524,41710.07019042969,3470.0699920654297,32710.079467773438,214.0,259.0,36.0,9.0,12.0,6.0,0.0,0.0,0.0,0.0,0.0,0.0,0.0,0.0,1.0,0.0,1.0,0.0,9.0,0.0,0.0,86.0,1.0,7.0,24.0,21.0,16.0,16.0,69.0,3.0,1.0,0.0,1.0,1.0,59.0,47.0,42.0,50.0,54.0,1.0,4.0,0.0,41.0,8.0,933.0,293.0,26.0,50.0,97.0,122.0,206.0,63.0,269.0,0.0,0.0,430.0,393.0,0.0,0.0,90.0,58.0,4.0,23.0,172.0,266.0,195.0,0.0,1024.0,277.0,1.0,0.0,1.0,4.509000649675727,1.0,869.10485,30.200515747070312,90561.76977539062,1.924832247197628,1.0,MF,91.3953488372093
448252,Enzo FERNANDEZ,43922,Argentina,ARG,Midfielder,0.0,12.0,0.0,3.0,0.0,0.0,1.0,0.0,0.0,4.0,6.0,0.0,1.0,4.0,2.0,5.0,4.0,8.0,2.0,16.0,8.0,5.74476557970047,12.0,7.0,0.0,5.0,2.0,204.0,28.0,5.0,0.0,12078.09033203125,1410.8699951171875,35612.080078125,4210.680023193359,29517.2607421875,227.0,274.0,46.0,12.0,6.0,5.0,0.0,0.0,0.0,0.0,0.0,0.0,0.0,0.0,2.0,0.0,1.0,1.0,2.0,0.0,1.0,150.0,9.0,3.0,40.0,38.0,28.0,28.0,132.0,21.0,15.0,4.0,7.0,5.0,89.0,79.0,65.0,72.0,88.0,7.0,3.0,4.0,75.0,7.0,1122.0,339.0,41.0,51.0,128.0,195.0,226.0,148.0,374.0,1.0,0.0,519.0,480.0,0.0,0.0,193.0,81.0,4.0,13.0,146.0,403.0,159.0,1.0,1054.0,332.0,0.0,1.0,5.0,3.130332864820957,1.0,755.1817000000001,32.559661865234375,82828.98046875,0.9015049934387207,2.0,MF,92.48554913294798
418963,Facundo MEDINA,43922,Argentina,ARG,Defender,1.0,0.0,0.0,0.0,0.0,0.0,0.0,0.0,0.0,0.0,0.0,0.0,0.0,0.0,0.0,0.0,0.0,0.0,0.0,0.0,0.0,3.776944935321808,0.0,0.0,0.0,5.0,2.0,63.0,15.0,2.0,0.0,4512.2100467681885,741.6099915504456,16048.200225830078,1591.8800430297852,13512.170120239258,87.0,97.0,14.0,3.0,2.0,2.0,0.0,0.0,0.0,0.0,0.0,0.0,0.0,1.0,0.0,0.0,0.0,0.0,0.0,0.0,0.0,28.0,0.0,1.0,18.0,14.0,14.0,17.0,23.0,2.0,2.0,2.0,2.0,0.0,8.0,7.0,7.0,7.0,18.0,0.0,0.0,0.0,15.0,5.0,328.0,129.0,5.0,46.0,39.0,66.0,37.0,114.0,151.0,1.0,0.0,163.0,150.0,0.0,0.0,43.0,20.0,5.0,5.0,41.0,99.0,46.0,0.0,409.0,121.0,2.0,2.0,0.0,0.5337232206948102,24.0,350.0819333333333,32.274681091308594,36406.06964111328,0.0,1.0,DF,92.02453987730061
402925,Nahuel MOLINA,43922,Argentina,ARG,Defender,0.0,1.0,0.0,0.0,0.0,0.0,0.0,0.0,0.0,0.0,1.0,0.0,0.0,0.0,0.0,1.0,0.0,1.0,0.0,2.0,2.0,5.1397058963775635,1.0,2.0,0.0,6.0,0.0,128.0,26.0,0.0,0.0,7233.540100097656,1430.5700225830078,21381.39013671875,3192.3300170898438,24633.349609375,103.0,142.0,27.0,3.0,0.0,0.0,0.0,0.0,0.0,0.0,0.0,0.0,0.0,0.0,0.0,0.0,0.0,0.0,0.0,0.0,0.0,80.0,3.0,7.0,41.0,25.0,24.0,31.0,42.0,6.0,2.0,1.0,2.0,1.0,33.0,15.0,13.0,22.0,50.0,0.0,1.0,1.0,21.0,7.0,572.0,235.0,22.0,86.0,89.0,61.0,50.0,186.0,236.0,1.0,0.0,276.0,234.0,0.0,0.0,80.0,46.0,6.0,6.0,98.0,158.0,104.0,0.0,608.0,265.0,2.0,4.0,1.0,1.2382363229990005,30.0,592.58425,33.66386413574219,57871.18115234375,0.02048644796013832,0.0,DF,84.78260869565217
448014,Alessandro CIRCATI,43976,Australia,AUS,Defender,0.0,3.0,0.0,1.0,0.0,1.0,0.0,0.0,0.0,1.0,0.0,0.0,0.0,2.0,0.0,2.0,0.0,1.0,0.0,8.0,4.0,6.088272571563721,8.0,3.0,0.0,1.0,0.0,48.0,28.0,5.0,0.0,4785.920104980469,538.5299873352051,21079.00927734375,1805.7200317382812,16359.260498046875,87.0,120.0,12.0,5.0,4.0,6.0,0.0,0.0,0.0,0.0,0.0,0.0,0.0,0.0,0.0,0.0,0.0,0.0,2.0,1.0,0.0,105.0,8.0,9.0,53.0,39.0,30.0,36.0,69.0,10.0,6.0,1.0,1.0,1.0,42.0,24.0,14.0,24.0,52.0,4.0,5.0,1.0,37.0,4.0,448.0,189.0,11.0,4.0,10.0,41.0,16.0,39.0,55.0,0.0,0.0,221.0,177.0,0.0,0.0,29.0,9.0,0.0,4.0,59.0,134.0,63.0,0.0,424.0,142.0,0.0,0.0,1.0,0.3463467340916395,34.0,438.20265000000006,33.38263702392578,44568.439453125,0.13255065400153399,1.0,DF,80.09049773755656
430450,Jacob ITALIANO,43976,Australia,AUS,Defender,0.0,1.0,0.0,0.0,0.0,0.0,0.0,,0.0,0.0,1.0,0.0,0.0,0.0,0.0,1.0,0.0,1.0,0.0,7.0,2.0,3.4467906951904297,4.0,2.0,0.0,9.0,3.0,83.0,14.0,0.0,0.0,3042.869873046875,613.989990234375,9326.14013671875,1365.0199890136719,6637.349609375,31.0,49.0,6.0,0.0,0.0,0.0,0.0,0.0,0.0,0.0,0.0,0.0,0.0,0.0,0.0,0.0,0.0,0.0,0.0,0.0,0.0,14.0,0.0,0.0,2.0,1.0,1.0,2.0,8.0,2.0,1.0,1.0,2.0,0.0,10.0,6.0,6.0,10.0,11.0,0.0,0.0,0.0,7.0,2.0,116.0,60.0,2.0,19.0,22.0,3.0,17.0,27.0,44.0,0.0,0.0,43.0,33.0,0.0,0.0,14.0,25.0,3.0,3.0,21.0,32.0,24.0,0.0,279.0,121.0,0.0,1.0,4.0,0.35996580123901367,4.0,183.24768333333333,32.820255279541016,20985.3701171875,0.02846684865653515,1.0,DF,76.74418604651163
423522,Jordan BOS,43976,Australia,AUS,Defender,0.0,5.0,0.0,0.0,2.0,0.0,0.0,0.0,0.0,1.0,2.0,0.0,0.0,3.0,1.0,3.0,2.0,2.0,1.0,19.0,1.0,6.4133840799331665,10.0,1.0,0.0,8.0,3.0,84.0,21.0,0.0,0.0,4844.0799560546875,1299.4899597167969,15930.869140625,2674.6600036621094,12171.240478515625,74.0,104.0,23.0,4.0,4.0,0.0,0.0,0.0,0.0,0.0,0.0,0.0,0.0,0.0,0.0,0.0,0.0,0.0,0.0,0.0,0.0,26.0,2.0,0.0,8.0,5.0,4.0,6.0,17.0,8.0,3.0,2.0,6.0,0.0,10.0,9.0,8.0,8.0,18.0,1.0,0.0,0.0,12.0,4.0,286.0,145.0,10.0,27.0,37.0,12.0,26.0,50.0,76.0,0.0,0.0,107.0,94.0,0.0,0.0,31.0,41.0,7.0,8.0,85.0,51.0,93.0,0.0,396.0,223.0,0.0,2.0,8.0,1.202551744878292,11.0,343.94795000000005,36.669898986816406,36920.34033203125,0.42178545892238617,1.0,DF,87.85046728971963
430452,Connor METCALFE,43976,Australia,AUS,Midfielder,0.0,5.0,0.0,1.0,0.0,0.0,0.0,0.0,0.0,3.0,2.0,0.0,0.0,1.0,0.0,2.0,2.0,4.0,2.0,3.0,1.0,6.488139629364014,3.0,0.0,3.0,8.0,1.0,180.0,11.0,0.0,0.0,6013.119812011719,719.1899871826172,16542.730224609375,2184.7300720214844,13065.000244140625,55.0,77.0,28.0,1.0,0.0,0.0,0.0,0.0,0.0,0.0,0.0,0.0,0.0,0.0,1.0,0.0,0.0,1.0,0.0,0.0,0.0,33.0,3.0,1.0,4.0,2.0,0.0,0.0,23.0,7.0,5.0,3.0,4.0,0.0,22.0,16.0,14.0,18.0,27.0,2.0,0.0,0.0,18.0,4.0,199.0,94.0,11.0,34.0,89.0,17.0,80.0,60.0,140.0,0.0,0.0,80.0,65.0,0.0,0.0,41.0,37.0,2.0,7.0,57.0,33.0,64.0,0.0,513.0,175.0,1.0,1.0,3.0,2.1808872669935226,1.0,354.5715,32.272422790527344,38524.7705078125,0.10858610831201077,0.0,MF,81.25
430440,Aiden ONEILL,43976,Australia,AUS,Midfielder,0.0,2.0,0.0,0.0,0.0,0.0,0.0,0.0,0.0,1.0,1.0,0.0,0.0,1.0,0.0,2.0,0.0,1.0,0.0,10.0,3.0,6.9692089557647705,5.0,1.0,4.0,8.0,4.0,105.0,15.0,7.0,0.0,7983.399658203125,482.60001373291016,22645.06982421875,2376.9500732421875,13835.1103515625,99.0,128.0,25.0,2.0,8.0,7.0,0.0,0.0,0.0,0.0,0.0,0.0,0.0,0.0,0.0,0.0,0.0,0.0,0.0,0.0,0.0,87.0,4.0,5.0,22.0,13.0,10.0,13.0,51.0,12.0,5.0,3.0,5.0,3.0,53.0,33.0,29.0,41.0,52.0,1.0,2.0,1.0,32.0,4.0,388.0,174.0,11.0,6.0,61.0,71.0,103.0,35.0,138.0,0.0,0.0,172.0,142.0,0.0,0.0,56.0,23.0,1.0,12.0,91.0,85.0,103.0,0.0,648.0,186.0,0.0,1.0,3.0,0.2591473311185837,1.0,406.97360000000003,32.783573150634766,47323.1298828125,0.06828646920621395,0.0,MF,82.55813953488372
349342,Aziz BEHICH,43976,Australia,AUS,Defender,0.0,1.0,0.0,0.0,0.0,0.0,0.0,0.0,0.0,0.0,1.0,0.0,0.0,1.0,1.0,0.0,1.0,0.0,0.0,5.0,1.0,5.037296772003174,5.0,1.0,0.0,6.0,1.0,55.0,7.0,1.0,0.0,4027.9600524902344,482.7699966430664,11895.390625,1440.849998474121,9006.360046386719,32.0,59.0,9.0,1.0,4.0,1.0,0.0,0.0,0.0,0.0,0.0,0.0,0.0,0.0,0.0,0.0,0.0,0.0,0.0,0.0,0.0,24.0,0.0,4.0,11.0,8.0,6.0,7.0,15.0,1.0,0.0,0.0,1.0,0.0,12.0,7.0,5.0,8.0,14.0,0.0,2.0,0.0,9.0,3.0,178.0,93.0,4.0,24.0,30.0,15.0,8.0,61.0,69.0,0.0,0.0,82.0,60.0,0.0,0.0,23.0,17.0,4.0,4.0,41.0,31.0,45.0,0.0,341.0,105.0,1.0,0.0,1.0,0.8514149850234389,23.0,245.4124666666667,32.91634750366211,26853.331787109375,0.023405414074659348,0.0,DF,73.17073170731707
430442,Harry SOUTTAR,43976,Australia,AUS,Defender,0.0,1.0,0.0,0.0,0.0,1.0,0.0,0.0,0.0,0.0,0.0,0.0,0.0,1.0,1.0,0.0,1.0,0.0,0.0,3.0,3.0,5.86769700050354,3.0,1.0,0.0,0.0,0.0,18.0,6.0,6.0,0.0,4193.320068359375,316.0500144958496,20176.95947265625,985.6100006103516,17363.968505859375,51.0,67.0,4.0,8.0,1.0,7.0,0.0,0.0,0.0,0.0,0.0,0.0,0.0,0.0,0.0,0.0,0.0,0.0,1.0,1.0,0.0,93.0,4.0,18.0,48.0,29.0,20.0,26.0,53.0,8.0,3.0,0.0,1.0,3.0,37.0,21.0,10.0,12.0,38.0,1.0,8.0,2.0,20.0,4.0,409.0,146.0,8.0,3.0,2.0,27.0,20.0,12.0,32.0,0.0,0.0,199.0,171.0,0.0,0.0,10.0,6.0,0.0,5.0,41.0,148.0,46.0,0.0,370.0,82.0,0.0,0.0,1.0,0.4494778737425804,0.0,438.20265000000006,30.68354034423828,43035.9111328125,0.05311703681945801,1.0,DF,85.92964824120602
382312,Cameron BURGESS,43976,Australia,AUS,Defender,0.0,0.0,0.0,0.0,0.0,0.0,0.0,,0.0,0.0,0.0,0.0,0.0,0.0,0.0,0.0,0.0,0.0,0.0,1.0,1.0,2.9017497301101685,1.0,0.0,0.0,0.0,0.0,14.0,9.0,6.0,0.0,1818.989990234375,197.2200050354004,6431.2000732421875,430.3800048828125,6157.8502197265625,17.0,24.0,2.0,0.0,0.0,6.0,0.0,0.0,0.0,0.0,0.0,0.0,0.0,0.0,0.0,0.0,0.0,0.0,0.0,0.0,0.0,23.0,1.0,4.0,14.0,10.0,8.0,9.0,14.0,2.0,1.0,0.0,0.0,1.0,7.0,3.0,0.0,1.0,10.0,0.0,2.0,1.0,7.0,2.0,113.0,41.0,2.0,0.0,1.0,8.0,3.0,6.0,9.0,0.0,1.0,56.0,45.0,0.0,0.0,4.0,0.0,0.0,5.0,15.0,31.0,20.0,0.0,147.0,33.0,0.0,1.0,0.0,0.15848146006464958,0.0,152.46643333333333,34.2032356262207,15035.6396484375,0.0,0.0,DF,80.35714285714286
355775,Jackson IRVINE,43976,Australia,AUS,Midfielder,0.0,3.0,0.0,0.0,0.0,1.0,1.0,0.0,0.0,1.0,0.0,0.0,0.0,3.0,1.0,1.0,1.0,0.0,0.0,4.0,2.0,7.468309164047241,3.0,2.0,0.0,2.0,1.0,80.0,11.0,1.0,0.0,5882.43994140625,353.09000396728516,14632.350158691406,1719.4100952148438,8895.860107421875,73.0,95.0,7.0,3.0,3.0,1.0,0.0,0.0,0.0,0.0,0.0,0.0,0.0,0.0,0.0,0.0,0.0,0.0,1.0,0.0,0.0,38.0,1.0,4.0,13.0,9.0,8.0,8.0,21.0,2.0,0.0,0.0,1.0,0.0,23.0,12.0,11.0,18.0,28.0,0.0,1.0,0.0,13.0,4.0,279.0,113.0,10.0,19.0,43.0,38.0,69.0,31.0,100.0,0.0,0.0,124.0,103.0,0.0,0.0,34.0,25.0,2.0,4.0,63.0,68.0,67.0,0.0,495.0,125.0,2.0,1.0,1.0,1.591385193169117,0.0,255.06915000000004,29.89175796508789,31483.150634765625,0.211469866335392,1.0,MF,83.06451612903226
498421,Paul OKON-ENGSTLER,43976,Australia,AUS,Midfielder,1.0,0.0,0.0,0.0,0.0,0.0,0.0,0.0,0.0,0.0,0.0,0.0,0.0,0.0,0.0,0.0,0.0,0.0,0.0,4.0,2.0,7.389027118682861,2.0,2.0,1.0,1.0,1.0,78.0,5.0,1.0,0.0,4143.579986572266,452.3800048828125,13176.400085449219,1632.079978942871,6583.259918212891,49.0,58.0,9.0,3.0,2.0,1.0,0.0,0.0,0.0,0.0,0.0,0.0,0.0,0.0,0.0,0.0,0.0,0.0,0.0,0.0,0.0,31.0,3.0,1.0,10.0,9.0,6.0,6.0,25.0,6.0,5.0,1.0,1.0,2.0,15.0,11.0,7.0,9.0,23.0,3.0,0.0,1.0,19.0,4.0,204.0,91.0,3.0,1.0,26.0,25.0,34.0,18.0,52.0,0.0,0.0,89.0,77.0,0.0,0.0,19.0,6.0,0.0,3.0,38.0,55.0,41.0,0.0,365.0,108.0,2.0,2.0,1.0,0.058449530974030495,1.0,214.36255000000006,32.53597640991211,25987.699951171875,0.0,0.0,MF,86.51685393258427
504931,Lucas HERRINGTON,43976,Australia,AUS,Defender,0.0,0.0,0.0,0.0,0.0,0.0,0.0,0.0,0.0,0.0,0.0,0.0,0.0,0.0,0.0,0.0,0.0,0.0,0.0,1.0,0.0,2.981049418449402,1.0,0.0,0.0,0.0,0.0,11.0,4.0,2.0,0.0,2270.8200073242188,101.59000015258789,12278.22021484375,549.739990234375,8085.979736328125,51.0,57.0,4.0,2.0,0.0,2.0,,,0.0,0.0,0.0,0.0,0.0,0.0,0.0,0.0,0.0,0.0,0.0,0.0,0.0,21.0,0.0,4.0,17.0,14.0,12.0,13.0,16.0,0.0,0.0,0.0,0.0,0.0,4.0,2.0,0.0,0.0,19.0,0.0,2.0,0.0,14.0,2.0,232.0,85.0,4.0,0.0,0.0,34.0,7.0,27.0,34.0,0.0,0.0,106.0,101.0,0.0,0.0,17.0,3.0,0.0,1.0,40.0,63.0,41.0,0.0,210.0,41.0,0.0,0.0,0.0,0.11659519746899605,1.0,232.60048333333336,32.664512634277344,23286.349609375,0.0,0.0,DF,95.28301886792453
405263,Kevin Danso,43934,Austria,AUT,Defender,0.0,1.0,0.0,0.0,0.0,1.0,0.0,0.0,0.0,0.0,0.0,0.0,0.0,1.0,0.0,1.0,0.0,0.0,0.0,6.0,1.0,5.48259961605072,5.0,1.0,0.0,1.0,0.0,23.0,8.0,2.0,0.0,2970.529998779297,357.6100015640259,10163.9599609375,1148.900032043457,11044.710083007812,37.0,55.0,2.0,1.0,2.0,4.0,0.0,0.0,0.0,0.0,0.0,0.0,0.0,0.0,0.0,0.0,0.0,0.0,1.0,2.0,0.0,55.0,0.0,9.0,34.0,24.0,20.0,25.0,36.0,1.0,0.0,0.0,0.0,1.0,20.0,12.0,8.0,10.0,29.0,0.0,4.0,0.0,15.0,4.0,349.0,111.0,5.0,1.0,2.0,22.0,10.0,15.0,25.0,0.0,0.0,164.0,147.0,0.0,0.0,10.0,6.0,1.0,6.0,22.0,138.0,28.0,0.0,266.0,95.0,2.0,0.0,2.0,0.16655470244586468,1.0,284.35603333333336,31.836801528930664,25685.708740234375,0.06044347956776619,0.0,DF,89.63414634146342
385531,Xaver Schlager,43934,Austria,AUT,Midfielder,1.0,1.0,0.0,0.0,0.0,0.0,0.0,0.0,0.0,1.0,0.0,0.0,0.0,0.0,0.0,1.0,0.0,1.0,0.0,11.0,0.0,6.618519902229309,10.0,0.0,0.0,1.0,0.0,76.0,24.0,2.0,0.0,4461.880065917969,286.070011138916,12202.16015625,1267.739990234375,10396.180053710938,75.0,92.0,3.0,6.0,0.0,3.0,0.0,0.0,0.0,0.0,0.0,0.0,0.0,0.0,0.0,0.0,0.0,0.0,0.0,1.0,0.0,30.0,0.0,2.0,4.0,4.0,2.0,2.0,28.0,1.0,1.0,0.0,0.0,1.0,25.0,23.0,20.0,22.0,21.0,0.0,2.0,1.0,19.0,4.0,301.0,122.0,6.0,2.0,48.0,62.0,92.0,20.0,112.0,0.0,0.0,138.0,130.0,0.0,0.0,53.0,8.0,0.0,4.0,57.0,86.0,61.0,0.0,371.0,91.0,0.0,3.0,1.0,0.42749665677547455,0.0,265.09478333333334,32.7426872253418,28614.029296875,0.02281978167593479,0.0,MF,94.20289855072464
441067,Stefan POSCH,43934,Austria,AUT,Defender,0.0,3.0,0.0,0.0,0.0,0.0,1.0,0.0,0.0,2.0,0.0,0.0,0.0,3.0,0.0,3.0,0.0,0.0,0.0,3.0,0.0,6.433127164840698,0.0,0.0,0.0,2.0,0.0,103.0,29.0,3.0,0.0,5600.169738769531,1041.1099853515625,16829.7998046875,2034.1900634765625,14292.6103515625,58.0,96.0,10.0,7.0,3.0,3.0,0.0,0.0,0.0,0.0,0.0,0.0,0.0,0.0,0.0,0.0,0.0,0.0,1.0,0.0,0.0,54.0,6.0,6.0,17.0,6.0,4.0,5.0,22.0,11.0,4.0,3.0,5.0,0.0,26.0,12.0,10.0,14.0,35.0,1.0,1.0,0.0,10.0,4.0,274.0,119.0,8.0,30.0,47.0,19.0,13.0,83.0,96.0,0.0,0.0,132.0,98.0,0.0,0.0,33.0,26.0,4.0,11.0,77.0,40.0,88.0,0.0,479.0,164.0,0.0,2.0,0.0,1.025690644979477,19.0,370.8797333333333,32.43360137939453,39797.880859375,0.4017489105463028,2.0,DF,74.24242424242425
441088,Nicolas SEIWALD,43934,Austria,AUT,Midfielder,0.0,3.0,0.0,2.0,0.0,0.0,1.0,0.0,0.0,1.0,1.0,0.0,0.0,2.0,0.0,1.0,0.0,1.0,0.0,3.0,1.0,6.6469080448150635,3.0,1.0,0.0,3.0,1.0,64.0,19.0,1.0,0.0,5521.709899902344,676.25,19052.8896484375,1732.1599731445312,12657.140625,66.0,80.0,16.0,1.0,1.0,1.0,0.0,0.0,0.0,0.0,0.0,0.0,0.0,0.0,0.0,0.0,0.0,0.0,0.0,0.0,0.0,37.0,1.0,2.0,14.0,13.0,11.0,11.0,32.0,2.0,2.0,1.0,1.0,0.0,21.0,17.0,15.0,18.0,23.0,1.0,1.0,0.0,20.0,4.0,339.0,121.0,9.0,14.0,45.0,79.0,96.0,42.0,138.0,0.0,0.0,153.0,141.0,0.0,0.0,60.0,10.0,1.0,4.0,53.0,107.0,57.0,0.0,491.0,132.0,0.0,1.0,0.0,0.3798072040081024,0.0,361.2923166666667,32.68146514892578,39640.150390625,0.04821954341605306,0.0,MF,92.15686274509804
316002,David ALABA,43934,Austria,AUT,Defender,1.0,2.0,0.0,1.0,0.0,0.0,0.0,0.0,0.0,2.0,0.0,0.0,0.0,0.0,0.0,1.0,0.0,2.0,0.0,3.0,1.0,5.925310134887695,2.0,0.0,1.0,1.0,0.0,28.0,9.0,10.0,0.0,3384.9497680664062,232.12998962402344,13722.91015625,1010.0000305175781,11267.990234375,73.0,94.0,5.0,2.0,0.0,10.0,0.0,0.0,0.0,0.0,0.0,0.0,0.0,11.0,0.0,0.0,0.0,0.0,0.0,0.0,0.0,92.0,4.0,19.0,44.0,32.0,18.0,21.0,64.0,5.0,4.0,0.0,0.0,1.0,43.0,28.0,13.0,19.0,66.0,3.0,11.0,1.0,45.0,4.0,441.0,145.0,9.0,3.0,7.0,30.0,17.0,23.0,40.0,0.0,0.0,222.0,198.0,0.0,0.0,25.0,4.0,0.0,0.0,54.0,151.0,54.0,0.0,297.0,70.0,0.0,3.0,0.0,0.34962306544184685,0.0,302.36645,31.158531188964844,29617.9794921875,0.02129873540252447,0.0,DF,89.1891891891892
358241,Marcel SABITZER,43934,Austria,AUT,Midfielder,0.0,5.0,0.0,1.0,0.0,0.0,0.0,1.0,1.0,1.0,3.0,0.0,0.0,1.0,0.0,2.0,2.0,4.0,2.0,6.0,1.0,6.026861906051636,4.0,1.0,9.0,30.0,10.0,137.0,10.0,5.0,0.0,5868.320068359375,1128.9600219726562,14751.729736328125,2703.8299560546875,16911.119873046875,70.0,106.0,26.0,2.0,3.0,5.0,0.0,0.0,0.0,0.0,0.0,0.0,0.0,0.0,1.0,0.0,0.0,1.0,0.0,0.0,0.0,70.0,7.0,4.0,13.0,5.0,1.0,2.0,40.0,16.0,11.0,5.0,6.0,3.0,41.0,24.0,18.0,27.0,37.0,4.0,0.0,2.0,23.0,4.0,324.0,156.0,15.0,47.0,66.0,8.0,48.0,73.0,121.0,1.0,0.0,126.0,94.0,0.0,0.0,51.0,80.0,7.0,8.0,68.0,74.0,76.0,0.0,488.0,233.0,0.0,0.0,3.0,2.6924923062324524,3.0,412.32820000000004,33.6202392578125,41363.958984375,0.4572260081768036,1.0,MF,74.60317460317461
385248,Florian GRILLITSCH,43934,Austria,AUT,Midfielder,0.0,0.0,0.0,0.0,0.0,0.0,0.0,,0.0,0.0,0.0,0.0,0.0,0.0,0.0,0.0,0.0,0.0,0.0,1.0,0.0,3.44497549533844,1.0,0.0,0.0,1.0,0.0,49.0,11.0,0.0,0.0,1662.1700439453125,134.55999755859375,5056.099853515625,527.3600158691406,4419.210205078125,23.0,29.0,0.0,3.0,1.0,1.0,,,0.0,0.0,0.0,0.0,0.0,0.0,0.0,0.0,0.0,0.0,0.0,1.0,0.0,28.0,3.0,2.0,8.0,7.0,3.0,3.0,23.0,5.0,4.0,0.0,0.0,2.0,15.0,12.0,6.0,8.0,11.0,2.0,2.0,2.0,6.0,2.0,133.0,37.0,4.0,2.0,10.0,19.0,22.0,9.0,31.0,0.0,0.0,60.0,55.0,0.0,0.0,12.0,3.0,0.0,2.0,14.0,46.0,16.0,0.0,142.0,41.0,2.0,0.0,0.0,0.2632186561822891,0.0,102.73196666666666,29.94496726989746,11799.39990234375,0.0,0.0,MF,91.66666666666666
372243,Philipp Lienhart,43934,Austria,AUT,Defender,0.0,1.0,0.0,0.0,0.0,0.0,0.0,0.0,0.0,0.0,1.0,0.0,0.0,1.0,0.0,1.0,0.0,0.0,0.0,4.0,1.0,3.026283860206604,4.0,1.0,0.0,0.0,0.0,11.0,4.0,1.0,0.0,2165.6298828125,186.23000717163086,9893.05029296875,718.7799987792969,7922.6796875,28.0,37.0,1.0,0.0,0.0,1.0,0.0,0.0,0.0,0.0,0.0,0.0,0.0,0.0,0.0,0.0,0.0,0.0,0.0,0.0,0.0,50.0,3.0,7.0,25.0,20.0,15.0,15.0,35.0,3.0,2.0,0.0,0.0,0.0,22.0,13.0,8.0,12.0,23.0,2.0,3.0,0.0,15.0,2.0,295.0,95.0,4.0,0.0,1.0,20.0,10.0,11.0,21.0,0.0,0.0,140.0,128.0,0.0,0.0,15.0,1.0,0.0,0.0,18.0,120.0,18.0,0.0,212.0,58.0,0.0,0.0,0.0,0.09342892095446587,3.0,207.58294999999998,32.12250900268555,20886.369140625,0.09873959422111511,0.0,DF,91.42857142857143
463288,Phillip MWENE,43934,Austria,AUT,Defender,0.0,1.0,0.0,0.0,0.0,0.0,0.0,0.0,0.0,1.0,0.0,0.0,0.0,1.0,0.0,1.0,0.0,0.0,0.0,1.0,0.0,3.402721405029297,0.0,0.0,0.0,6.0,0.0,32.0,8.0,0.0,0.0,2204.239990234375,612.9700012207031,8197.750244140625,935.909912109375,5979.01025390625,23.0,34.0,3.0,1.0,1.0,0.0,0.0,0.0,0.0,0.0,0.0,0.0,0.0,0.0,0.0,0.0,0.0,0.0,0.0,0.0,0.0,13.0,0.0,1.0,5.0,5.0,4.0,4.0,12.0,2.0,1.0,1.0,2.0,0.0,6.0,6.0,5.0,5.0,8.0,0.0,1.0,0.0,7.0,2.0,149.0,62.0,6.0,10.0,13.0,10.0,5.0,28.0,33.0,0.0,0.0,64.0,56.0,0.0,0.0,14.0,21.0,8.0,3.0,13.0,52.0,16.0,0.0,189.0,76.0,0.0,2.0,0.0,0.2232067957520485,9.0,160.33888333333334,31.73955535888672,17929.87939453125,0.004771494306623936,0.0,DF,87.5
463800,Carney CHUKWUEMEKA,43934,Austria,AUT,Midfielder,0.0,2.0,0.0,1.0,0.0,0.0,0.0,0.0,0.0,0.0,2.0,0.0,0.0,2.0,1.0,1.0,1.0,0.0,0.0,8.0,0.0,4.926694869995117,4.0,0.0,0.0,0.0,0.0,51.0,4.0,0.0,0.0,1759.6900177001953,343.17001724243164,4796.970031738281,762.2299957275391,3907.749969482422,25.0,37.0,7.0,2.0,2.0,0.0,0.0,0.0,0.0,0.0,0.0,0.0,0.0,0.0,0.0,0.0,0.0,0.0,0.0,0.0,0.0,9.0,0.0,0.0,0.0,0.0,0.0,0.0,7.0,0.0,0.0,0.0,0.0,0.0,9.0,7.0,7.0,9.0,9.0,0.0,0.0,0.0,7.0,3.0,77.0,39.0,3.0,11.0,17.0,11.0,24.0,15.0,39.0,0.0,0.0,30.0,25.0,0.0,0.0,12.0,18.0,1.0,2.0,25.0,14.0,27.0,0.0,160.0,58.0,3.0,0.0,1.0,1.685195729136467,0.0,108.19913333333332,30.741764068603516,11569.81005859375,0.5647943764925003,0.0,MF,83.33333333333334
463283,Romano SCHMID,43934,Austria,AUT,Midfielder,0.0,2.0,0.0,0.0,0.0,0.0,0.0,0.0,0.0,1.0,1.0,0.0,0.0,0.0,0.0,1.0,1.0,2.0,1.0,4.0,1.0,6.714941501617432,2.0,1.0,0.0,4.0,2.0,142.0,18.0,0.0,0.0,5020.7498779296875,635.5799713134766,13362.480224609375,2081.7100219726562,10307.939697265625,57.0,86.0,14.0,3.0,4.0,0.0,0.0,0.0,0.0,0.0,0.0,0.0,0.0,0.0,1.0,0.0,0.0,1.0,0.0,0.0,0.0,36.0,1.0,0.0,3.0,1.0,1.0,2.0,20.0,5.0,2.0,0.0,1.0,3.0,28.0,17.0,15.0,24.0,27.0,0.0,0.0,2.0,14.0,4.0,220.0,101.0,5.0,45.0,71.0,15.0,81.0,50.0,131.0,0.0,0.0,91.0,65.0,0.0,0.0,26.0,46.0,6.0,14.0,62.0,38.0,76.0,0.0,439.0,161.0,0.0,4.0,1.0,3.0752267241477966,0.0,283.87044999999995,34.012046813964844,31408.46044921875,0.11787089984863997,0.0,MF,71.42857142857143
385259,Konrad LAIMER,43934,Austria,AUT,Midfielder,1.0,1.0,0.0,0.0,0.0,0.0,0.0,0.0,0.0,1.0,0.0,0.0,0.0,0.0,0.0,1.0,0.0,1.0,0.0,7.0,0.0,6.208138942718506,4.0,0.0,0.0,7.0,1.0,149.0,32.0,2.0,0.0,5054.389892578125,1103.8099975585938,18271.259765625,2380.249969482422,15835.0205078125,99.0,127.0,19.0,6.0,3.0,3.0,0.0,0.0,0.0,0.0,0.0,0.0,0.0,0.0,0.0,0.0,0.0,0.0,0.0,1.0,0.0,51.0,5.0,3.0,14.0,8.0,4.0,6.0,35.0,8.0,5.0,3.0,3.0,0.0,29.0,22.0,18.0,21.0,41.0,2.0,2.0,0.0,27.0,4.0,336.0,158.0,9.0,57.0,78.0,32.0,76.0,91.0,167.0,3.0,0.0,150.0,130.0,0.0,0.0,52.0,42.0,10.0,13.0,100.0,38.0,113.0,0.0,442.0,194.0,0.0,0.0,3.0,2.259610094130039,19.0,412.32820000000004,34.06986999511719,42644.7314453125,0.014154685661196709,1.0,MF,86.66666666666667
520036,Paul WANNER,43934,Austria,AUT,Midfielder,0.0,1.0,0.0,0.0,0.0,0.0,0.0,0.0,0.0,0.0,1.0,0.0,0.0,1.0,0.0,0.0,0.0,0.0,0.0,15.0,1.0,6.641124844551086,8.0,1.0,0.0,1.0,0.0,146.0,20.0,0.0,0.0,4406.4901123046875,404.160005569458,14692.909790039062,1509.6900939941406,9213.770141601562,49.0,73.0,18.0,4.0,1.0,0.0,0.0,0.0,0.0,0.0,0.0,0.0,0.0,0.0,0.0,0.0,0.0,0.0,1.0,0.0,0.0,33.0,2.0,1.0,5.0,3.0,2.0,2.0,23.0,4.0,3.0,1.0,1.0,1.0,24.0,17.0,15.0,20.0,27.0,1.0,0.0,1.0,19.0,4.0,191.0,88.0,8.0,31.0,40.0,29.0,76.0,24.0,100.0,0.0,0.0,80.0,68.0,0.0,0.0,24.0,23.0,3.0,12.0,51.0,33.0,63.0,0.0,392.0,115.0,2.0,1.0,3.0,1.658776417374611,0.0,270.9925666666667,29.982755661010742,30227.02001953125,0.0758650004863739,0.0,MF,85.0
448346,Arthur THEATE,43935,Belgium,BEL,Defender,0.0,5.0,0.0,1.0,0.0,1.0,0.0,0.0,0.0,3.0,1.0,0.0,0.0,3.0,1.0,1.0,1.0,2.0,0.0,0.0,0.0,3.1462148825327554,0.0,0.0,0.0,0.0,0.0,10.0,6.0,3.0,0.0,3131.0299377441406,342.07999420166016,12580.64013671875,972.9199829101562,10180.509948730469,55.0,68.0,3.0,1.0,0.0,4.0,,,0.0,0.0,0.0,0.0,0.0,0.0,0.0,0.0,0.0,0.0,2.0,1.0,0.0,48.0,0.0,12.0,24.0,18.0,10.0,12.0,36.0,0.0,0.0,0.0,0.0,0.0,24.0,18.0,10.0,12.0,21.0,0.0,8.0,0.0,14.0,3.0,353.0,130.0,9.0,0.0,0.0,22.0,8.0,14.0,22.0,0.0,0.0,164.0,153.0,0.0,0.0,12.0,3.0,0.0,3.0,37.0,125.0,40.0,0.0,249.0,82.0,1.0,0.0,0.0,0.27413608878850937,1.0,268.6363666666667,31.612863540649414,27207.18017578125,0.24959322530776262,0.0,DF,93.29268292682927
448360,Brandon MECHELE,43935,Belgium,BEL,Defender,0.0,5.0,0.0,1.0,0.0,0.0,1.0,1.0,0.0,0.0,3.0,0.0,0.0,5.0,1.0,3.0,1.0,0.0,0.0,15.0,2.0,6.314115603764852,15.0,2.0,0.0,0.0,0.0,48.0,15.0,7.0,0.0,9788.159912109375,931.3300018310547,31976.36962890625,2902.1000061035156,22811.05029296875,120.0,153.0,16.0,9.0,2.0,8.0,0.0,0.0,0.0,0.0,0.0,0.0,0.0,0.0,0.0,0.0,0.0,0.0,4.0,1.0,0.0,116.0,2.0,21.0,60.0,45.0,33.0,37.0,85.0,4.0,2.0,1.0,1.0,1.0,52.0,38.0,26.0,28.0,67.0,1.0,11.0,0.0,46.0,6.0,842.0,299.0,27.0,5.0,5.0,73.0,37.0,46.0,83.0,0.0,0.0,399.0,369.0,0.0,0.0,40.0,9.0,1.0,10.0,61.0,325.0,71.0,0.0,806.0,227.0,0.0,0.0,1.0,0.7614279836416245,2.0,651.5232166666667,30.846847534179688,68409.009765625,0.3912282232195139,1.0,DF,92.4812030075188
448373,Maxim DE CUYPER,43935,Belgium,BEL,Defender,0.0,10.0,0.0,2.0,1.0,1.0,1.0,2.0,2.0,3.0,2.0,0.0,0.0,5.0,4.0,2.0,6.0,5.0,2.0,5.0,2.0,6.548115094502767,5.0,2.0,4.0,16.0,4.0,77.0,19.0,9.0,0.0,7676.479553222656,1244.5699844360352,24134.260009765625,3166.1399688720703,17794.949951171875,72.0,104.0,18.0,7.0,2.0,9.0,0.0,0.0,0.0,0.0,0.0,0.0,0.0,0.0,0.0,0.0,0.0,0.0,0.0,0.0,0.0,78.0,7.0,2.0,24.0,15.0,13.0,15.0,44.0,9.0,4.0,1.0,1.0,1.0,45.0,25.0,22.0,35.0,26.0,2.0,0.0,1.0,17.0,6.0,541.0,254.0,29.0,47.0,46.0,32.0,47.0,78.0,125.0,0.0,0.0,246.0,203.0,0.0,0.0,43.0,38.0,8.0,11.0,57.0,160.0,68.0,0.0,653.0,234.0,1.0,2.0,3.0,1.9444961622357368,36.0,492.7201166666667,32.85943603515625,54016.3994140625,1.085046298801899,1.0,DF,82.52032520325203
358120,Kevin DE BRUYNE,43935,Belgium,BEL,Midfielder,0.0,20.0,0.0,4.0,0.0,0.0,1.0,1.0,1.0,5.0,13.0,0.0,0.0,9.0,3.0,10.0,5.0,11.0,2.0,13.0,2.0,5.668224493662517,8.0,2.0,14.0,21.0,5.0,145.0,13.0,6.0,0.0,7110.2098388671875,856.0499572753906,19476.03076171875,2645.7599487304688,16524.849853515625,78.0,129.0,14.0,2.0,4.0,6.0,0.0,0.0,0.0,0.0,0.0,0.0,0.0,0.0,1.0,0.0,0.0,1.0,0.0,0.0,0.0,105.0,13.0,1.0,20.0,11.0,6.0,6.0,61.0,21.0,10.0,2.0,3.0,5.0,64.0,40.0,31.0,45.0,48.0,4.0,1.0,4.0,23.0,5.0,446.0,201.0,37.0,76.0,96.0,51.0,126.0,97.0,223.0,0.0,0.0,185.0,153.0,0.0,0.0,77.0,61.0,6.0,8.0,78.0,129.0,86.0,0.0,573.0,204.0,0.0,5.0,5.0,4.237792909145355,3.0,412.94620000000003,32.18869400024414,46612.90087890625,1.3923572823405266,1.0,MF,82.70270270270271
401444,Youri TIELEMANS,43935,Belgium,BEL,Midfielder,0.0,11.0,0.0,1.0,0.0,0.0,2.0,0.0,0.0,3.0,5.0,1.0,0.0,7.0,3.0,5.0,3.0,4.0,0.0,7.0,5.0,5.751233816146851,7.0,3.0,5.0,14.0,3.0,120.0,24.0,12.0,0.0,10137.339599609375,642.6999969482422,29052.2705078125,3485.41015625,18494.949462890625,142.0,183.0,19.0,7.0,10.0,12.0,0.0,0.0,0.0,0.0,0.0,0.0,0.0,0.0,2.0,0.0,2.0,0.0,2.0,0.0,0.0,106.0,5.0,7.0,35.0,29.0,20.0,23.0,74.0,10.0,5.0,0.0,1.0,4.0,61.0,40.0,30.0,45.0,66.0,4.0,5.0,1.0,48.0,5.0,591.0,256.0,33.0,61.0,87.0,100.0,174.0,74.0,248.0,1.0,0.0,255.0,221.0,1.0,1.0,85.0,41.0,3.0,15.0,110.0,158.0,125.0,0.0,862.0,256.0,0.0,1.0,3.0,2.744658514857292,2.0,538.9087666666667,29.80108070373535,61812.669921875,1.4984220210462809,0.0,MF,86.66666666666667
358122,Thomas MEUNIER,43935,Belgium,BEL,Defender,1.0,2.0,0.0,0.0,0.0,0.0,0.0,0.0,0.0,1.0,1.0,0.0,0.0,1.0,1.0,0.0,1.0,1.0,0.0,5.0,2.0,3.576625188191732,4.0,1.0,0.0,8.0,3.0,48.0,9.0,1.0,0.0,4266.550048828125,871.3499755859375,11860.99951171875,1929.2099609375,8219.4599609375,43.0,56.0,17.0,9.0,0.0,1.0,0.0,0.0,0.0,0.0,0.0,0.0,0.0,0.0,0.0,0.0,0.0,0.0,0.0,0.0,0.0,34.0,2.0,3.0,9.0,6.0,4.0,4.0,19.0,8.0,3.0,1.0,4.0,2.0,17.0,10.0,7.0,10.0,13.0,1.0,1.0,1.0,9.0,3.0,243.0,103.0,14.0,38.0,22.0,24.0,29.0,55.0,84.0,0.0,0.0,116.0,98.0,0.0,0.0,30.0,23.0,5.0,4.0,30.0,78.0,34.0,0.0,363.0,157.0,1.0,1.0,1.0,1.0748976469039917,15.0,226.56786666666665,33.04119110107422,27147.5693359375,0.10636347159743309,0.0,DF,84.48275862068965
448343,Hans VANAKEN,43935,Belgium,BEL,Midfielder,2.0,5.0,0.0,1.0,0.0,0.0,2.0,0.0,0.0,1.0,1.0,0.0,1.0,4.0,0.0,3.0,1.0,1.0,1.0,3.0,2.0,7.104005575180054,3.0,2.0,0.0,3.0,0.0,145.0,8.0,4.0,0.0,6887.769866943359,511.96997261047363,18878.11993408203,2250.979953765869,14073.74008178711,94.0,110.0,12.0,0.0,6.0,5.0,0.0,0.0,0.0,0.0,0.0,0.0,0.0,0.0,1.0,0.0,0.0,1.0,0.0,1.0,0.0,32.0,1.0,1.0,9.0,7.0,7.0,7.0,24.0,2.0,1.0,1.0,1.0,0.0,21.0,16.0,16.0,19.0,18.0,0.0,0.0,0.0,12.0,6.0,362.0,143.0,22.0,20.0,90.0,46.0,111.0,45.0,156.0,0.0,0.0,164.0,153.0,0.0,0.0,51.0,46.0,2.0,8.0,69.0,101.0,77.0,0.0,586.0,159.0,3.0,2.0,1.0,4.42339888215065,0.0,362.2669833333333,30.64732551574707,42602.580078125,0.6424163058400154,0.0,MF,93.29268292682927
411443,Timothy CASTAGNE,43935,Belgium,BEL,Defender,1.0,3.0,0.0,0.0,0.0,0.0,2.0,0.0,0.0,1.0,0.0,0.0,0.0,2.0,0.0,2.0,1.0,1.0,1.0,3.0,2.0,7.286714553833008,3.0,1.0,0.0,20.0,7.0,127.0,24.0,3.0,0.0,10279.560302734375,1229.5399932861328,29132.31005859375,4413.279876708984,20120.480102539062,105.0,136.0,24.0,7.0,2.0,4.0,0.0,0.0,0.0,0.0,0.0,0.0,0.0,0.0,0.0,0.0,0.0,0.0,1.0,1.0,0.0,107.0,2.0,12.0,45.0,32.0,26.0,31.0,73.0,8.0,6.0,4.0,4.0,2.0,54.0,35.0,28.0,38.0,53.0,1.0,5.0,1.0,32.0,6.0,575.0,263.0,19.0,67.0,37.0,58.0,43.0,119.0,162.0,0.0,0.0,263.0,230.0,0.0,0.0,57.0,30.0,8.0,4.0,80.0,159.0,84.0,0.0,844.0,335.0,1.0,1.0,1.0,1.115943819284439,46.0,546.7098,32.62147903442383,65175.169921875,0.13645657896995544,1.0,DF,87.45247148288973
433092,Alexis SAELEMAEKERS,43935,Belgium,BEL,Midfielder,0.0,4.0,0.0,1.0,0.0,1.0,0.0,0.0,0.0,0.0,3.0,0.0,0.0,3.0,1.0,2.0,1.0,1.0,0.0,8.0,0.0,5.013877073923747,3.0,0.0,1.0,2.0,1.0,25.0,1.0,1.0,0.0,1843.8699493408203,430.99999237060547,4932.550384521484,889.5600051879883,4132.440124511719,26.0,42.0,4.0,0.0,2.0,1.0,,,0.0,0.0,0.0,0.0,0.0,0.0,1.0,0.0,1.0,0.0,0.0,0.0,0.0,15.0,1.0,0.0,1.0,1.0,0.0,0.0,13.0,2.0,2.0,0.0,0.0,1.0,12.0,10.0,8.0,10.0,8.0,1.0,0.0,1.0,7.0,4.0,106.0,50.0,9.0,23.0,37.0,14.0,40.0,34.0,74.0,2.0,0.0,42.0,33.0,0.0,0.0,16.0,29.0,2.0,1.0,17.0,36.0,18.0,0.0,141.0,64.0,3.0,1.0,2.0,3.627330869436264,0.0,107.07663333333335,32.700523376464844,12229.420288085938,0.14261167496442795,0.0,MF,78.57142857142857
495349,Nicolas RASKIN,43935,Belgium,BEL,Midfielder,2.0,2.0,0.0,0.0,0.0,1.0,1.0,0.0,0.0,0.0,0.0,0.0,0.0,2.0,1.0,1.0,1.0,0.0,0.0,3.0,1.0,6.94950795173645,2.0,1.0,0.0,8.0,3.0,98.0,21.0,8.0,0.0,5918.809982299805,489.29000091552734,22569.080688476562,1863.3800354003906,14031.769500732422,68.0,99.0,19.0,12.0,3.0,10.0,0.0,0.0,0.0,0.0,0.0,0.0,0.0,0.0,0.0,0.0,0.0,0.0,1.0,2.0,0.0,97.0,5.0,10.0,32.0,21.0,15.0,17.0,61.0,8.0,0.0,0.0,0.0,3.0,57.0,40.0,34.0,39.0,60.0,0.0,6.0,0.0,31.0,6.0,498.0,191.0,16.0,11.0,50.0,105.0,115.0,51.0,166.0,0.0,0.0,230.0,197.0,0.0,0.0,97.0,14.0,2.0,3.0,66.0,164.0,69.0,0.0,508.0,128.0,3.0,2.0,0.0,1.292299747467041,3.0,396.3012166666666,31.85480308532715,44872.33056640625,0.12879589945077896,0.0,MF,85.65217391304348
448364,Amadou ONANA,43935,Belgium,BEL,Midfielder,0.0,2.0,0.0,1.0,0.0,0.0,0.0,0.0,0.0,1.0,0.0,0.0,0.0,0.0,0.0,1.0,0.0,2.0,0.0,2.0,0.0,4.310314337412517,2.0,0.0,0.0,0.0,0.0,26.0,9.0,0.0,0.0,1934.9499816894531,182.0999994277954,6128.0098876953125,600.4199829101562,4620.330078125,32.0,39.0,25.0,1.0,3.0,0.0,0.0,0.0,0.0,0.0,0.0,0.0,0.0,0.0,0.0,0.0,0.0,0.0,0.0,0.0,0.0,16.0,0.0,0.0,4.0,3.0,3.0,4.0,13.0,1.0,1.0,0.0,0.0,1.0,11.0,9.0,8.0,10.0,7.0,0.0,0.0,1.0,5.0,4.0,143.0,63.0,9.0,2.0,16.0,26.0,35.0,9.0,44.0,0.0,0.0,64.0,57.0,0.0,0.0,19.0,6.0,0.0,5.0,24.0,42.0,29.0,0.0,146.0,44.0,2.0,2.0,1.0,0.407800430431962,0.0,127.48909999999998,32.109169006347656,13465.809814453125,0.0658729299902916,0.0,MF,89.0625
514166,Nathan NGOY,43935,Belgium,BEL,Defender,0.0,1.0,0.0,0.0,0.0,0.0,0.0,0.0,0.0,1.0,0.0,0.0,0.0,1.0,0.0,1.0,0.0,0.0,0.0,12.0,4.0,4.745399856567383,12.0,4.0,0.0,0.0,0.0,30.0,15.0,4.0,1.0,4100.8701171875,615.2199859619141,16187.45947265625,1263.1400146484375,15295.94970703125,63.0,81.0,10.0,6.0,1.0,4.0,0.0,0.0,0.0,0.0,0.0,0.0,0.0,2.0,0.0,0.0,0.0,0.0,0.0,0.0,0.0,57.0,4.0,3.0,23.0,18.0,15.0,16.0,45.0,4.0,1.0,0.0,0.0,0.0,30.0,26.0,23.0,23.0,31.0,1.0,2.0,0.0,21.0,4.0,477.0,185.0,18.0,0.0,1.0,26.0,12.0,15.0,27.0,0.0,0.0,219.0,205.0,0.0,0.0,16.0,0.0,0.0,2.0,31.0,185.0,33.0,1.0,353.0,112.0,0.0,0.0,0.0,0.19866949692368507,0.0,376.6632166666667,34.48930740356445,37462.640625,0.023925188928842545,0.0,DF,93.60730593607306
484022,Tarik MUHAREMOVIC,44037,Bosnia and Herzegovina,BIH,Defender,0.0,1.0,0.0,0.0,0.0,1.0,0.0,0.0,0.0,0.0,0.0,0.0,0.0,1.0,0.0,1.0,0.0,0.0,0.0,2.0,3.0,5.92257022857666,2.0,3.0,0.0,0.0,0.0,25.0,11.0,3.0,1.0,3268.0299072265625,347.3399887084961,12701.059814453125,991.6499633789062,11468.5693359375,34.0,43.0,10.0,5.0,2.0,4.0,0.0,0.0,0.0,0.0,0.0,0.0,0.0,8.0,0.0,0.0,0.0,0.0,1.0,1.0,0.0,48.0,2.0,9.0,19.0,12.0,7.0,8.0,28.0,3.0,2.0,0.0,0.0,1.0,26.0,14.0,8.0,14.0,19.0,1.0,4.0,1.0,11.0,3.0,324.0,118.0,5.0,0.0,1.0,10.0,5.0,6.0,11.0,0.0,0.0,153.0,132.0,0.0,0.0,7.0,2.0,0.0,3.0,20.0,120.0,23.0,1.0,279.0,78.0,0.0,0.0,1.0,0.2902616932988167,0.0,292.6953,31.37967872619629,28776.650390625,0.11565068364143372,0.0,DF,86.27450980392157
376230,Sead KOLASINAC,44037,Bosnia and Herzegovina,BIH,Defender,1.0,0.0,0.0,0.0,0.0,0.0,0.0,0.0,0.0,0.0,0.0,0.0,0.0,0.0,0.0,0.0,0.0,0.0,0.0,5.0,0.0,6.091981768608093,3.0,0.0,0.0,9.0,1.0,49.0,17.0,2.0,0.0,4007.0999755859375,741.5200119018555,15618.320068359375,1854.5299682617188,15804.91943359375,85.0,124.0,10.0,6.0,4.0,2.0,0.0,0.0,0.0,0.0,0.0,0.0,0.0,0.0,0.0,0.0,0.0,0.0,0.0,0.0,0.0,68.0,4.0,7.0,27.0,21.0,16.0,16.0,48.0,5.0,1.0,0.0,1.0,0.0,36.0,26.0,21.0,25.0,48.0,1.0,4.0,0.0,30.0,4.0,370.0,153.0,7.0,25.0,13.0,16.0,14.0,40.0,54.0,0.0,0.0,173.0,141.0,0.0,0.0,24.0,23.0,5.0,7.0,86.0,70.0,93.0,0.0,339.0,142.0,0.0,2.0,1.0,0.4208530765026808,25.0,373.84076666666664,31.961666107177734,38026.388671875,0.0,0.0,DF,81.5028901734104
483966,Benjamin TAHIROVIC,44037,Bosnia and Herzegovina,BIH,Midfielder,0.0,1.0,0.0,0.0,0.0,0.0,0.0,0.0,0.0,1.0,0.0,0.0,0.0,0.0,0.0,1.0,0.0,1.0,0.0,1.0,1.0,6.9156142473220825,1.0,1.0,1.0,2.0,0.0,84.0,10.0,3.0,0.0,5226.6002197265625,408.49000549316406,12713.56005859375,1719.3400421142578,10548.64013671875,54.0,65.0,11.0,3.0,2.0,3.0,0.0,0.0,0.0,0.0,0.0,0.0,0.0,0.0,0.0,0.0,0.0,0.0,0.0,0.0,0.0,31.0,2.0,1.0,8.0,4.0,3.0,5.0,19.0,2.0,0.0,0.0,0.0,0.0,21.0,15.0,14.0,18.0,21.0,0.0,1.0,0.0,12.0,4.0,238.0,101.0,3.0,5.0,42.0,52.0,69.0,30.0,99.0,0.0,0.0,107.0,91.0,0.0,0.0,35.0,8.0,2.0,4.0,43.0,67.0,47.0,0.0,429.0,116.0,2.0,1.0,0.0,0.45592696964740753,0.0,266.59274999999997,30.908422470092773,30616.62939453125,0.014746456407010555,0.0,MF,85.04672897196261
482976,Amar DEDIC,44037,Bosnia and Herzegovina,BIH,Defender,0.0,2.0,0.0,1.0,0.0,0.0,0.0,0.0,0.0,0.0,2.0,0.0,0.0,0.0,0.0,0.0,1.0,2.0,1.0,15.0,3.0,4.438414931297302,11.0,3.0,0.0,0.0,0.0,95.0,11.0,1.0,0.0,3797.3700561523438,629.9399871826172,12934.839599609375,1598.31005859375,11643.840087890625,56.0,74.0,14.0,6.0,3.0,1.0,0.0,0.0,0.0,0.0,0.0,0.0,0.0,0.0,0.0,0.0,0.0,0.0,0.0,0.0,0.0,32.0,1.0,2.0,14.0,8.0,7.0,11.0,20.0,1.0,0.0,0.0,0.0,0.0,17.0,12.0,11.0,14.0,15.0,0.0,1.0,0.0,10.0,3.0,204.0,116.0,6.0,23.0,19.0,14.0,11.0,45.0,56.0,0.0,0.0,99.0,80.0,0.0,0.0,12.0,3.0,1.0,6.0,34.0,47.0,40.0,0.0,356.0,141.0,0.0,0.0,8.0,0.6110363677144051,28.0,310.4133,32.522708892822266,30604.2998046875,0.05582683905959129,1.0,DF,80.8080808080808
489523,Armin GIGOVIC,44037,Bosnia and Herzegovina,BIH,Midfielder,0.0,0.0,0.0,0.0,0.0,0.0,0.0,,0.0,0.0,0.0,0.0,0.0,0.0,0.0,0.0,0.0,0.0,0.0,1.0,1.0,3.432230591773987,0.0,0.0,0.0,0.0,0.0,33.0,4.0,1.0,0.0,1732.9200439453125,285.6600036621094,4520.7901611328125,806.3199768066406,3555.2799072265625,12.0,18.0,4.0,0.0,1.0,1.0,0.0,0.0,0.0,0.0,0.0,0.0,0.0,0.0,0.0,0.0,0.0,0.0,0.0,0.0,0.0,8.0,0.0,0.0,0.0,0.0,0.0,0.0,4.0,0.0,0.0,0.0,0.0,0.0,8.0,4.0,4.0,8.0,6.0,0.0,0.0,0.0,3.0,2.0,53.0,28.0,0.0,3.0,11.0,10.0,14.0,10.0,24.0,0.0,0.0,24.0,17.0,0.0,0.0,9.0,4.0,0.0,2.0,16.0,9.0,18.0,0.0,142.0,62.0,1.0,1.0,0.0,0.45067301392555237,0.0,95.52770000000001,30.698183059692383,10900.969970703125,0.0,0.0,MF,70.83333333333334
482974,Ivan BASIC,44037,Bosnia and Herzegovina,BIH,Midfielder,1.0,4.0,0.0,1.0,1.0,0.0,0.0,0.0,0.0,1.0,2.0,0.0,0.0,0.0,0.0,3.0,0.0,4.0,0.0,3.0,3.0,4.872406244277954,3.0,3.0,5.0,12.0,7.0,39.0,8.0,8.0,0.0,3281.39013671875,225.6200065612793,10731.0302734375,876.989990234375,6938.590393066406,54.0,67.0,5.0,2.0,3.0,8.0,0.0,0.0,0.0,0.0,0.0,0.0,0.0,0.0,0.0,0.0,0.0,0.0,0.0,0.0,0.0,35.0,1.0,2.0,8.0,8.0,5.0,5.0,29.0,2.0,1.0,0.0,0.0,1.0,25.0,20.0,17.0,21.0,17.0,1.0,2.0,0.0,14.0,3.0,234.0,90.0,14.0,2.0,22.0,53.0,58.0,19.0,77.0,0.0,0.0,104.0,96.0,0.0,0.0,41.0,7.0,0.0,1.0,36.0,71.0,37.0,0.0,270.0,63.0,1.0,1.0,2.0,0.15302974171936512,0.0,200.80776666666662,31.24757194519043,22053.620849609375,0.1466081440448761,0.0,MF,92.3076923076923
372436,Ivan SUNJIC,44037,Bosnia and Herzegovina,BIH,Midfielder,0.0,1.0,0.0,0.0,0.0,0.0,0.0,0.0,0.0,0.0,1.0,0.0,0.0,0.0,0.0,0.0,1.0,1.0,1.0,1.0,1.0,7.031004190444946,1.0,0.0,0.0,1.0,0.0,78.0,21.0,1.0,0.0,4505.919891357422,205.88000011444092,12092.290161132812,1527.1299209594727,7774.329833984375,51.0,64.0,20.0,7.0,0.0,1.0,0.0,0.0,0.0,0.0,0.0,0.0,0.0,0.0,0.0,0.0,0.0,0.0,0.0,0.0,0.0,33.0,1.0,2.0,13.0,10.0,9.0,10.0,22.0,2.0,0.0,0.0,0.0,1.0,18.0,12.0,11.0,14.0,25.0,0.0,1.0,0.0,17.0,4.0,221.0,83.0,6.0,0.0,13.0,44.0,41.0,16.0,57.0,0.0,0.0,102.0,88.0,0.0,0.0,19.0,5.0,0.0,1.0,40.0,64.0,41.0,0.0,401.0,113.0,1.0,3.0,0.0,0.16005779709666967,0.0,221.36881666666665,31.19464111328125,26105.550048828125,0.08704375475645065,0.0,MF,86.27450980392157
494640,Amar MEMIC,44037,Bosnia and Herzegovina,BIH,Midfielder,0.0,3.0,0.0,1.0,0.0,0.0,1.0,0.0,0.0,0.0,1.0,0.0,0.0,2.0,0.0,1.0,1.0,1.0,1.0,9.0,0.0,6.456149458885193,4.0,0.0,0.0,5.0,0.0,54.0,10.0,0.0,0.0,3718.2301330566406,1139.629981994629,10586.020141601562,1793.3400268554688,10225.269897460938,21.0,45.0,13.0,3.0,3.0,1.0,0.0,0.0,0.0,0.0,0.0,0.0,0.0,0.0,0.0,0.0,0.0,0.0,0.0,1.0,0.0,16.0,1.0,1.0,5.0,2.0,2.0,3.0,4.0,4.0,0.0,0.0,3.0,0.0,7.0,2.0,2.0,5.0,11.0,0.0,0.0,0.0,3.0,4.0,135.0,72.0,5.0,38.0,19.0,10.0,22.0,45.0,67.0,0.0,0.0,52.0,39.0,0.0,0.0,9.0,20.0,0.0,8.0,32.0,23.0,40.0,0.0,306.0,152.0,2.0,1.0,1.0,2.2483773827552795,5.0,254.35191666666665,33.93873596191406,27462.490478515625,0.18525573424994946,0.0,MF,75.0
489520,Nikola KATIC,44037,Bosnia and Herzegovina,BIH,Defender,0.0,2.0,0.0,0.0,0.0,0.0,0.0,0.0,0.0,0.0,2.0,0.0,0.0,1.0,0.0,2.0,0.0,1.0,0.0,1.0,0.0,6.165341138839722,1.0,0.0,0.0,0.0,0.0,43.0,18.0,5.0,0.0,4678.179870605469,532.0299835205078,15061.0302734375,1805.0700073242188,14158.079833984375,51.0,69.0,14.0,4.0,0.0,5.0,0.0,0.0,0.0,0.0,0.0,0.0,0.0,0.0,0.0,0.0,0.0,0.0,1.0,0.0,0.0,44.0,1.0,6.0,33.0,23.0,23.0,26.0,26.0,1.0,0.0,0.0,0.0,0.0,10.0,3.0,3.0,3.0,31.0,0.0,0.0,0.0,15.0,4.0,345.0,121.0,7.0,0.0,1.0,38.0,10.0,29.0,39.0,0.0,0.0,165.0,148.0,0.0,0.0,26.0,4.0,0.0,3.0,34.0,125.0,37.0,0.0,419.0,139.0,0.0,2.0,0.0,0.3068404980003834,1.0,353.46441666666664,31.47146987915039,36234.3896484375,0.08334025554358959,1.0,DF,89.6969696969697
489521,Stjepan RADELJIC,44037,Bosnia and Herzegovina,BIH,Defender,0.0,1.0,0.0,1.0,0.0,0.0,0.0,0.0,0.0,1.0,0.0,0.0,0.0,1.0,0.0,0.0,0.0,0.0,0.0,1.0,2.0,2.855592131614685,1.0,1.0,0.0,0.0,0.0,9.0,4.0,3.0,0.0,2080.5999755859375,160.37000274658203,8524.080078125,867.9199523925781,8478.13037109375,26.0,37.0,1.0,1.0,3.0,5.0,,,0.0,0.0,0.0,0.0,0.0,1.0,0.0,0.0,0.0,0.0,0.0,2.0,0.0,51.0,2.0,10.0,25.0,17.0,13.0,13.0,34.0,2.0,2.0,0.0,0.0,0.0,24.0,15.0,11.0,12.0,20.0,2.0,2.0,0.0,12.0,2.0,318.0,100.0,7.0,0.0,0.0,7.0,3.0,4.0,7.0,0.0,0.0,153.0,137.0,0.0,0.0,3.0,1.0,0.0,1.0,20.0,131.0,21.0,0.0,186.0,63.0,0.0,0.0,0.0,0.2837017923593521,0.0,211.59571666666665,29.098703384399414,20111.099609375,0.008627085015177727,1.0,DF,89.54248366013073
430601,GABRIEL MAGALHAES,43924,Brazil,BRA,Defender,1.0,1.0,0.0,1.0,0.0,1.0,0.0,0.0,0.0,0.0,0.0,0.0,0.0,1.0,0.0,0.0,0.0,0.0,0.0,2.0,2.0,5.858175468444824,2.0,2.0,0.0,0.0,0.0,23.0,8.0,9.0,0.0,5583.069763183594,669.8099975585938,21653.6201171875,1554.9299926757812,21375.14892578125,102.0,114.0,8.0,1.0,3.0,11.0,0.0,0.0,0.0,0.0,0.0,0.0,0.0,16.0,0.0,0.0,0.0,0.0,0.0,2.0,0.0,94.0,0.0,7.0,50.0,44.0,40.0,43.0,81.0,2.0,1.0,0.0,0.0,2.0,42.0,36.0,31.0,33.0,27.0,0.0,4.0,1.0,24.0,5.0,876.0,247.0,19.0,3.0,2.0,52.0,25.0,32.0,57.0,0.0,0.0,431.0,413.0,0.0,0.0,29.0,2.0,0.0,6.0,16.0,385.0,22.0,0.0,500.0,122.0,0.0,0.0,0.0,0.596228688955307,0.0,520.8456000000001,31.725143432617188,50836.5791015625,0.026707394048571587,0.0,DF,95.82366589327145
332946,MARQUINHOS,43924,Brazil,BRA,Defender,0.0,2.0,0.0,0.0,0.0,2.0,0.0,0.0,0.0,0.0,0.0,0.0,0.0,2.0,0.0,2.0,0.0,0.0,0.0,1.0,6.0,5.6822844505310055,1.0,6.0,0.0,1.0,1.0,45.0,12.0,6.0,0.0,5274.899963378906,841.3500137329102,20922.66015625,1908.4300231933594,20384.25,61.0,71.0,11.0,0.0,2.0,6.0,0.0,0.0,0.0,0.0,0.0,0.0,0.0,0.0,0.0,0.0,0.0,0.0,1.0,0.0,0.0,86.0,3.0,13.0,36.0,29.0,18.0,20.0,70.0,4.0,3.0,0.0,0.0,1.0,46.0,38.0,26.0,29.0,27.0,2.0,9.0,1.0,18.0,5.0,785.0,217.0,22.0,3.0,2.0,54.0,32.0,27.0,59.0,1.0,0.0,380.0,367.0,0.0,0.0,34.0,3.0,0.0,6.0,24.0,349.0,30.0,0.0,453.0,141.0,0.0,0.0,0.0,0.5449626222252846,0.0,520.8456,33.792877197265625,49331.58984375,0.20704445242881775,0.0,DF,96.57894736842105
308386,CASEMIRO,43924,Brazil,BRA,Midfielder,0.0,4.0,0.0,3.0,0.0,0.0,0.0,0.0,0.0,0.0,4.0,0.0,0.0,2.0,2.0,0.0,2.0,2.0,0.0,5.0,4.0,6.373406887054443,4.0,4.0,0.0,4.0,1.0,103.0,26.0,6.0,0.0,5243.079895019531,375.2700004577637,21921.99951171875,1618.1000213623047,15844.059326171875,98.0,117.0,20.0,6.0,6.0,6.0,0.0,0.0,0.0,0.0,0.0,0.0,0.0,0.0,1.0,0.0,1.0,0.0,2.0,0.0,0.0,59.0,5.0,1.0,13.0,8.0,6.0,7.0,40.0,8.0,4.0,0.0,1.0,2.0,38.0,28.0,24.0,30.0,25.0,2.0,0.0,2.0,17.0,5.0,487.0,177.0,18.0,6.0,37.0,71.0,85.0,29.0,114.0,0.0,0.0,224.0,200.0,0.0,0.0,62.0,15.0,2.0,8.0,71.0,155.0,79.0,0.0,449.0,116.0,0.0,3.0,1.0,0.9670099839568138,0.0,425.69913333333335,29.274982452392578,45002.50927734375,0.6638840772211552,2.0,MF,89.28571428571429
430605,BRUNO GUIMARAES,43924,Brazil,BRA,Midfielder,4.0,8.0,0.0,1.0,0.0,0.0,0.0,0.0,0.0,2.0,5.0,1.0,0.0,5.0,2.0,3.0,2.0,3.0,0.0,6.0,4.0,7.160576629638672,2.0,3.0,8.0,12.0,2.0,159.0,15.0,9.0,0.0,8919.59033203125,252.79000091552734,25567.6796875,2285.6400451660156,17718.42041015625,99.0,143.0,37.0,4.0,7.0,9.0,0.0,0.0,0.0,0.0,0.0,0.0,0.0,0.0,0.0,0.0,0.0,0.0,1.0,0.0,0.0,73.0,6.0,2.0,15.0,12.0,7.0,7.0,44.0,15.0,5.0,2.0,5.0,4.0,43.0,27.0,22.0,31.0,50.0,3.0,2.0,0.0,30.0,5.0,459.0,200.0,27.0,56.0,156.0,127.0,258.0,81.0,339.0,0.0,0.0,200.0,161.0,1.0,0.0,116.0,51.0,5.0,7.0,85.0,129.0,92.0,0.0,739.0,158.0,0.0,4.0,0.0,3.3093692660331726,0.0,458.66215,28.908437728881836,54744.119140625,1.0223325062543154,0.0,MF,80.5
335656,DANILO,43924,Brazil,BRA,Defender,0.0,1.0,0.0,0.0,0.0,0.0,0.0,0.0,0.0,0.0,1.0,0.0,0.0,1.0,0.0,0.0,0.0,0.0,0.0,3.0,1.0,5.679074954986572,3.0,1.0,0.0,7.0,2.0,50.0,8.0,3.0,0.0,5655.960266113281,1590.3400421142578,15987.159912109375,2885.990020751953,18569.639892578125,68.0,92.0,3.0,7.0,1.0,3.0,0.0,0.0,0.0,0.0,0.0,0.0,0.0,0.0,0.0,0.0,0.0,0.0,0.0,0.0,0.0,102.0,3.0,8.0,42.0,31.0,25.0,31.0,78.0,6.0,3.0,1.0,3.0,0.0,54.0,44.0,38.0,43.0,44.0,2.0,4.0,0.0,30.0,5.0,604.0,221.0,20.0,45.0,41.0,112.0,35.0,163.0,198.0,1.0,0.0,294.0,262.0,0.0,0.0,93.0,21.0,4.0,0.0,44.0,234.0,44.0,0.0,495.0,217.0,1.0,0.0,1.0,0.5590085834264755,27.0,471.82455,34.19873046875,44689.09033203125,0.04389975219964981,2.0,DF,89.1156462585034
367981,DOUGLAS SANTOS,43924,Brazil,BRA,Defender,0.0,2.0,0.0,0.0,0.0,0.0,0.0,0.0,0.0,1.0,1.0,0.0,0.0,2.0,0.0,2.0,0.0,0.0,0.0,1.0,0.0,6.22158203125,0.0,0.0,0.0,6.0,1.0,111.0,42.0,2.0,0.0,6994.750305175781,903.4999542236328,23360.400390625,2965.9100341796875,18238.35009765625,102.0,122.0,21.0,3.0,2.0,2.0,0.0,0.0,0.0,0.0,0.0,0.0,0.0,0.0,0.0,0.0,0.0,0.0,0.0,0.0,0.0,71.0,1.0,8.0,37.0,28.0,25.0,28.0,52.0,5.0,3.0,2.0,3.0,1.0,29.0,21.0,17.0,19.0,33.0,0.0,3.0,1.0,24.0,5.0,571.0,236.0,22.0,31.0,30.0,25.0,25.0,61.0,86.0,1.0,0.0,275.0,256.0,0.0,0.0,27.0,43.0,7.0,6.0,72.0,169.0,78.0,0.0,642.0,220.0,0.0,1.0,0.0,0.768758948892355,37.0,505.65366666666665,31.703170776367188,52462.91015625,0.20237344317138195,1.0,DF,93.0909090909091
394456,FABINHO,43924,Brazil,BRA,Midfielder,0.0,1.0,0.0,0.0,0.0,1.0,0.0,0.0,0.0,0.0,0.0,0.0,0.0,1.0,0.0,1.0,0.0,0.0,0.0,0.0,0.0,3.793992042541504,0.0,0.0,0.0,0.0,0.0,24.0,5.0,0.0,0.0,1288.1900024414062,83.92999649047852,4586.590087890625,526.1399917602539,3422.6600646972656,12.0,14.0,1.0,4.0,0.0,0.0,0.0,0.0,0.0,0.0,0.0,0.0,0.0,0.0,0.0,0.0,0.0,0.0,1.0,0.0,0.0,6.0,0.0,0.0,3.0,3.0,3.0,3.0,6.0,0.0,0.0,0.0,0.0,0.0,3.0,3.0,3.0,3.0,1.0,0.0,0.0,0.0,1.0,3.0,93.0,31.0,4.0,0.0,12.0,22.0,29.0,5.0,34.0,0.0,0.0,43.0,42.0,0.0,0.0,15.0,1.0,0.0,3.0,8.0,33.0,11.0,0.0,117.0,36.0,3.0,0.0,0.0,0.18140260502696037,0.0,95.14646666666667,28.102602005004883,9907.51025390625,0.0201497171074152,1.0,MF,97.67441860465115
411726,LUCAS PAQUETA,43924,Brazil,BRA,Midfielder,1.0,5.0,0.0,2.0,0.0,0.0,1.0,0.0,0.0,1.0,3.0,0.0,0.0,2.0,1.0,2.0,1.0,3.0,0.0,5.0,1.0,5.1650800704956055,2.0,1.0,1.0,5.0,0.0,104.0,17.0,4.0,0.0,3837.0401611328125,386.36000061035156,11154.709838867188,1582.3900299072266,10600.85986328125,76.0,106.0,9.0,3.0,6.0,4.0,0.0,0.0,0.0,0.0,0.0,0.0,0.0,0.0,0.0,0.0,0.0,0.0,1.0,0.0,0.0,74.0,6.0,3.0,16.0,13.0,7.0,7.0,54.0,8.0,5.0,0.0,0.0,2.0,50.0,36.0,29.0,39.0,43.0,4.0,2.0,1.0,26.0,4.0,412.0,150.0,20.0,22.0,89.0,81.0,110.0,82.0,192.0,0.0,0.0,190.0,162.0,0.0,0.0,84.0,20.0,1.0,9.0,69.0,124.0,78.0,0.0,335.0,123.0,0.0,4.0,2.0,1.6764369755983353,3.0,255.2108166666667,30.863201141357422,27561.36083984375,0.23935385793447495,0.0,MF,85.26315789473684
409241,DINEY BORGES,43850,Cabo Verde,CPV,Defender,0.0,4.0,0.0,0.0,1.0,1.0,1.0,0.0,0.0,0.0,0.0,0.0,0.0,3.0,2.0,0.0,2.0,1.0,0.0,4.0,9.0,5.875472068786621,3.0,4.0,0.0,0.0,0.0,29.0,16.0,15.0,0.0,4595.500183105469,468.3699951171875,18209.010498046875,1418.9900512695312,18646.10986328125,51.0,87.0,5.0,2.0,0.0,17.0,0.0,0.0,0.0,0.0,0.0,0.0,0.0,16.0,0.0,0.0,0.0,0.0,3.0,2.0,0.0,100.0,6.0,20.0,57.0,39.0,29.0,31.0,56.0,8.0,1.0,0.0,1.0,1.0,35.0,16.0,6.0,8.0,55.0,1.0,9.0,0.0,25.0,4.0,388.0,172.0,10.0,2.0,2.0,99.0,57.0,46.0,103.0,0.0,1.0,195.0,158.0,0.0,0.0,47.0,3.0,0.0,5.0,37.0,126.0,42.0,0.0,395.0,111.0,0.0,0.0,0.0,0.35185830295085907,1.0,445.4629666666667,31.828184127807617,43337.9794921875,0.18168485909700394,1.0,DF,81.02564102564102
477770,PICO LOPES,43850,Cabo Verde,CPV,Defender,0.0,2.0,0.0,0.0,0.0,2.0,0.0,0.0,0.0,0.0,0.0,0.0,0.0,2.0,0.0,2.0,0.0,0.0,0.0,6.0,5.0,5.655886173248291,6.0,3.0,0.0,0.0,0.0,36.0,9.0,7.0,0.0,3992.7701416015625,611.0700035095215,18720.31982421875,1111.4400024414062,17315.4599609375,52.0,80.0,6.0,0.0,3.0,7.0,0.0,0.0,0.0,0.0,0.0,0.0,0.0,0.0,0.0,0.0,0.0,0.0,2.0,0.0,0.0,102.0,7.0,12.0,70.0,53.0,44.0,51.0,68.0,7.0,1.0,0.0,0.0,0.0,25.0,14.0,5.0,6.0,51.0,1.0,8.0,0.0,27.0,4.0,384.0,149.0,9.0,2.0,6.0,58.0,24.0,42.0,66.0,0.0,0.0,182.0,153.0,0.0,0.0,32.0,3.0,0.0,2.0,36.0,143.0,38.0,0.0,366.0,99.0,0.0,0.0,0.0,0.3053521253168583,1.0,445.4629666666667,34.953948974609375,41751.0615234375,0.28675606846809387,0.0,DF,84.06593406593407
477852,KEVIN PINA,43850,Cabo Verde,CPV,Midfielder,0.0,5.0,0.0,0.0,0.0,0.0,0.0,2.0,2.0,1.0,2.0,0.0,0.0,0.0,0.0,4.0,1.0,5.0,1.0,6.0,3.0,6.071072697639465,4.0,2.0,0.0,1.0,0.0,93.0,23.0,9.0,0.0,4678.019836425781,376.3099822998047,19407.63037109375,1465.500015258789,13649.019287109375,75.0,97.0,22.0,5.0,3.0,10.0,0.0,0.0,0.0,0.0,0.0,0.0,0.0,0.0,1.0,1.0,0.0,1.0,0.0,1.0,0.0,51.0,1.0,7.0,23.0,16.0,12.0,15.0,36.0,1.0,0.0,0.0,0.0,0.0,27.0,20.0,16.0,19.0,29.0,0.0,4.0,0.0,18.0,4.0,359.0,167.0,8.0,1.0,26.0,44.0,53.0,18.0,71.0,0.0,0.0,156.0,134.0,0.0,0.0,37.0,5.0,0.0,3.0,63.0,103.0,66.0,0.0,388.0,116.0,0.0,2.0,3.0,0.21570379473268986,0.0,389.87508333333335,30.120616912841797,39576.4794921875,0.08825694676488638,1.0,MF,85.8974358974359
477856,JOVANE CABRAL,43850,Cabo Verde,CPV,Midfielder,0.0,2.0,0.0,0.0,0.0,0.0,0.0,0.0,0.0,1.0,0.0,0.0,0.0,0.0,0.0,2.0,0.0,2.0,0.0,4.0,0.0,2.9162557125091553,4.0,0.0,0.0,1.0,0.0,86.0,7.0,0.0,0.0,1938.7600708007812,170.9600067138672,4971.760009765625,802.4500122070312,6443.72998046875,19.0,28.0,14.0,1.0,2.0,0.0,0.0,0.0,0.0,0.0,0.0,0.0,0.0,0.0,0.0,0.0,0.0,0.0,0.0,0.0,0.0,11.0,1.0,0.0,1.0,1.0,0.0,0.0,8.0,2.0,1.0,0.0,1.0,0.0,8.0,6.0,5.0,7.0,9.0,1.0,0.0,0.0,7.0,2.0,84.0,45.0,3.0,21.0,32.0,4.0,29.0,28.0,57.0,0.0,0.0,34.0,27.0,0.0,0.0,16.0,21.0,0.0,5.0,19.0,19.0,24.0,0.0,190.0,61.0,0.0,2.0,3.0,0.8316742926836014,2.0,148.18591666666669,28.93398094177246,14327.6611328125,0.04784085229039192,0.0,MF,79.41176470588235
477855,JOAO PAULO,43850,Cabo Verde,CPV,Midfielder,0.0,2.0,0.0,1.0,0.0,1.0,0.0,0.0,0.0,0.0,1.0,0.0,0.0,1.0,0.0,1.0,0.0,1.0,0.0,7.0,0.0,3.1674885749816895,4.0,0.0,1.0,5.0,0.0,25.0,4.0,2.0,0.0,1479.5100402832031,330.5500011444092,4965.6099853515625,708.6199798583984,4937.400207519531,31.0,48.0,5.0,0.0,4.0,2.0,0.0,0.0,0.0,0.0,0.0,0.0,0.0,0.0,0.0,0.0,0.0,0.0,1.0,0.0,0.0,28.0,0.0,4.0,8.0,8.0,4.0,4.0,21.0,6.0,4.0,4.0,4.0,2.0,14.0,9.0,5.0,8.0,19.0,0.0,4.0,0.0,13.0,2.0,144.0,76.0,4.0,4.0,20.0,8.0,6.0,26.0,32.0,0.0,0.0,62.0,52.0,0.0,0.0,11.0,12.0,1.0,5.0,20.0,38.0,25.0,0.0,122.0,58.0,1.0,0.0,1.0,0.1038130410015583,11.0,121.18205,32.114044189453125,12421.6904296875,0.07801876962184906,0.0,MF,83.87096774193549
401894,JAMIRO MONTEIRO,43850,Cabo Verde,CPV,Midfielder,0.0,5.0,0.0,2.0,0.0,1.0,1.0,1.0,1.0,0.0,2.0,0.0,0.0,2.0,1.0,1.0,1.0,3.0,0.0,7.0,0.0,6.174851298332214,0.0,0.0,4.0,6.0,2.0,110.0,23.0,4.0,0.0,3714.9299926757812,389.32999420166016,14740.099609375,1479.5199890136719,12157.2705078125,52.0,80.0,12.0,4.0,2.0,4.0,0.0,0.0,0.0,0.0,0.0,0.0,0.0,0.0,0.0,0.0,0.0,0.0,0.0,0.0,0.0,21.0,0.0,2.0,4.0,2.0,2.0,2.0,8.0,3.0,1.0,1.0,3.0,0.0,14.0,5.0,5.0,12.0,13.0,0.0,0.0,0.0,2.0,4.0,259.0,117.0,11.0,12.0,73.0,20.0,69.0,36.0,105.0,0.0,0.0,106.0,87.0,0.0,0.0,40.0,17.0,0.0,12.0,53.0,60.0,65.0,0.0,339.0,109.0,1.0,3.0,0.0,0.803690928965807,1.0,314.9173166666667,30.840490341186523,32481.1494140625,0.1935720480978489,0.0,MF,82.0754716981132
477832,SIDNY LOPES CABRAL,43850,Cabo Verde,CPV,Defender,0.0,4.0,0.0,1.0,2.0,0.0,0.0,1.0,1.0,0.0,1.0,0.0,0.0,0.0,0.0,1.0,2.0,4.0,2.0,16.0,0.0,5.785996596018474,9.0,0.0,8.0,11.0,1.0,77.0,9.0,5.0,0.0,3081.4898681640625,648.3300323486328,13750.85986328125,1573.3999633789062,11900.240234375,57.0,85.0,22.0,2.0,9.0,5.0,0.0,0.0,0.0,0.0,0.0,0.0,0.0,0.0,1.0,0.0,0.0,1.0,0.0,0.0,0.0,50.0,3.0,5.0,22.0,16.0,11.0,14.0,33.0,3.0,1.0,0.0,0.0,0.0,25.0,16.0,11.0,17.0,29.0,1.0,4.0,0.0,19.0,3.0,234.0,120.0,10.0,18.0,48.0,17.0,12.0,71.0,83.0,0.0,0.0,105.0,87.0,0.0,0.0,29.0,16.0,2.0,1.0,53.0,50.0,54.0,0.0,257.0,117.0,0.0,1.0,3.0,0.19420457258820534,21.0,324.2809166666667,33.534427642822266,30954.3212890625,0.11194506287574768,2.0,DF,82.85714285714286
477827,DEROY DUARTE,43850,Cabo Verde,CPV,Midfielder,0.0,3.0,0.0,0.0,0.0,0.0,0.0,0.0,0.0,2.0,1.0,0.0,0.0,1.0,1.0,1.0,2.0,2.0,1.0,0.0,1.0,6.259343981742859,0.0,1.0,0.0,1.0,1.0,137.0,26.0,0.0,0.0,3795.0398559570312,338.63000106811523,14497.739990234375,894.5099945068359,11526.779541015625,63.0,79.0,13.0,4.0,1.0,0.0,0.0,0.0,0.0,0.0,0.0,0.0,0.0,0.0,1.0,0.0,1.0,0.0,0.0,0.0,0.0,27.0,2.0,2.0,9.0,6.0,3.0,5.0,20.0,2.0,1.0,0.0,0.0,0.0,16.0,13.0,10.0,12.0,18.0,1.0,2.0,0.0,11.0,4.0,228.0,96.0,8.0,11.0,29.0,16.0,41.0,15.0,56.0,0.0,0.0,101.0,87.0,0.0,0.0,19.0,14.0,1.0,6.0,45.0,58.0,51.0,0.0,323.0,73.0,2.0,1.0,0.0,0.3908942751586437,1.0,300.7483500000001,30.875518798828125,31052.700439453125,0.12062074802815914,0.0,MF,86.13861386138613
480966,LAROS DUARTE,43850,Cabo Verde,CPV,Midfielder,0.0,3.0,0.0,0.0,0.0,0.0,0.0,1.0,1.0,0.0,2.0,0.0,0.0,2.0,2.0,0.0,3.0,1.0,1.0,10.0,0.0,6.951534748077393,7.0,0.0,1.0,2.0,2.0,97.0,4.0,1.0,0.0,2696.499969482422,201.57000827789307,11099.70947265625,782.5899658203125,6749.849792480469,34.0,47.0,13.0,0.0,2.0,1.0,0.0,0.0,0.0,0.0,0.0,0.0,0.0,0.0,0.0,0.0,0.0,0.0,0.0,0.0,0.0,13.0,0.0,0.0,2.0,2.0,2.0,2.0,10.0,2.0,1.0,1.0,2.0,0.0,9.0,7.0,7.0,9.0,11.0,0.0,0.0,0.0,8.0,4.0,106.0,50.0,8.0,7.0,65.0,10.0,62.0,20.0,82.0,0.0,0.0,41.0,33.0,0.0,0.0,22.0,16.0,3.0,1.0,33.0,19.0,34.0,0.0,252.0,66.0,2.0,2.0,6.0,1.5177667140960693,0.0,187.66630000000004,31.841169357299805,21530.220703125,0.7005145996809006,0.0,MF,80.48780487804879
433724,WILLY SEMEDO,43850,Cabo Verde,CPV,Midfielder,0.0,3.0,0.0,1.0,0.0,0.0,0.0,0.0,0.0,1.0,2.0,0.0,0.0,2.0,0.0,2.0,0.0,1.0,0.0,9.0,0.0,5.150057911872864,1.0,0.0,0.0,2.0,0.0,57.0,6.0,0.0,0.0,2522.0001525878906,444.15999603271484,7570.3197021484375,1199.2100524902344,6066.7401123046875,21.0,34.0,6.0,4.0,2.0,0.0,0.0,0.0,0.0,0.0,0.0,0.0,0.0,0.0,0.0,0.0,0.0,0.0,0.0,0.0,0.0,5.0,0.0,0.0,0.0,0.0,0.0,0.0,1.0,1.0,0.0,0.0,1.0,0.0,4.0,1.0,1.0,4.0,3.0,0.0,0.0,0.0,0.0,3.0,105.0,65.0,6.0,29.0,28.0,4.0,23.0,38.0,61.0,0.0,0.0,33.0,30.0,0.0,0.0,19.0,28.0,1.0,5.0,28.0,26.0,33.0,0.0,207.0,90.0,2.0,1.0,1.0,2.5676233768463135,3.0,156.30538333333334,29.829980850219727,17802.4306640625,0.05679658427834511,0.0,MF,90.9090909090909
401893,NUNO DA COSTA,43850,Cabo Verde,CPV,Midfielder,0.0,1.0,0.0,0.0,1.0,0.0,0.0,0.0,0.0,0.0,0.0,0.0,0.0,1.0,0.0,0.0,0.0,0.0,0.0,6.0,0.0,5.988373756408691,2.0,0.0,0.0,1.0,0.0,61.0,3.0,0.0,0.0,2083.6600036621094,320.51001739501953,7901.2100830078125,1017.9199676513672,6782.6705322265625,13.0,21.0,6.0,0.0,3.0,0.0,0.0,0.0,0.0,0.0,0.0,0.0,0.0,0.0,0.0,0.0,0.0,0.0,0.0,0.0,0.0,9.0,1.0,0.0,1.0,0.0,0.0,0.0,4.0,5.0,2.0,2.0,4.0,0.0,3.0,2.0,2.0,2.0,7.0,0.0,0.0,0.0,2.0,4.0,71.0,44.0,4.0,32.0,16.0,1.0,32.0,17.0,49.0,0.0,0.0,23.0,18.0,0.0,0.0,13.0,31.0,4.0,11.0,22.0,9.0,33.0,0.0,185.0,86.0,3.0,1.0,2.0,8.362612903118134,0.0,180.46980000000002,31.30268096923828,18105.97021484375,0.06921795010566711,0.0,MF,78.26086956521739
477847,STEVEN MOREIRA,43850,Cabo Verde,CPV,Defender,0.0,2.0,0.0,2.0,1.0,0.0,0.0,0.0,0.0,0.0,1.0,0.0,0.0,1.0,0.0,0.0,0.0,1.0,0.0,4.0,0.0,6.632310152053833,4.0,0.0,0.0,4.0,3.0,77.0,7.0,0.0,0.0,3713.8298263549805,469.9800033569336,14510.23989868164,1367.499960899353,13846.569923400879,50.0,69.0,9.0,0.0,2.0,0.0,0.0,0.0,0.0,0.0,0.0,0.0,0.0,0.0,0.0,0.0,0.0,0.0,0.0,0.0,0.0,42.0,3.0,4.0,19.0,13.0,12.0,12.0,21.0,3.0,0.0,0.0,0.0,0.0,20.0,8.0,7.0,13.0,21.0,0.0,1.0,0.0,10.0,4.0,226.0,107.0,7.0,10.0,35.0,11.0,14.0,42.0,56.0,0.0,0.0,109.0,88.0,0.0,0.0,23.0,11.0,0.0,4.0,35.0,61.0,39.0,0.0,313.0,113.0,1.0,0.0,3.0,0.16292594373226166,20.0,346.0891333333334,32.30180358886719,33908.11993408203,0.06229914352297783,0.0,DF,80.73394495412845
482783,WAGNER PINA,43850,Cabo Verde,CPV,Defender,0.0,1.0,0.0,1.0,0.0,0.0,1.0,0.0,0.0,0.0,0.0,0.0,0.0,1.0,0.0,0.0,0.0,0.0,0.0,4.0,0.0,1.6824946403503418,3.0,0.0,0.0,3.0,1.0,19.0,2.0,0.0,0.0,1593.8699951171875,577.2899169921875,4332.8701171875,1013.4000244140625,3632.750244140625,20.0,29.0,4.0,1.0,3.0,0.0,,,0.0,0.0,0.0,0.0,0.0,0.0,0.0,0.0,0.0,0.0,0.0,0.0,0.0,17.0,2.0,1.0,7.0,4.0,4.0,4.0,9.0,2.0,0.0,0.0,0.0,0.0,8.0,5.0,5.0,5.0,10.0,0.0,0.0,0.0,7.0,1.0,87.0,43.0,3.0,18.0,22.0,6.0,14.0,32.0,46.0,0.0,0.0,38.0,30.0,0.0,0.0,12.0,10.0,2.0,2.0,11.0,28.0,13.0,0.0,134.0,74.0,0.0,1.0,1.0,0.23334264755249023,6.0,99.37383333333332,32.211063385009766,11150.1796875,0.18447189033031464,1.0,DF,78.94736842105263
477849,HELIO VARELA,43850,Cabo Verde,CPV,Midfielder,0.0,3.0,0.0,0.0,1.0,0.0,0.0,0.0,0.0,1.0,1.0,0.0,0.0,0.0,0.0,2.0,1.0,3.0,1.0,9.0,0.0,4.813289999961853,3.0,0.0,0.0,1.0,0.0,39.0,2.0,0.0,0.0,2035.1300048828125,479.29998779296875,5994.7999267578125,786.1600494384766,4551.9599609375,18.0,31.0,5.0,1.0,2.0,0.0,,,0.0,0.0,0.0,0.0,0.0,0.0,1.0,0.0,0.0,1.0,0.0,0.0,0.0,5.0,0.0,0.0,1.0,1.0,1.0,1.0,4.0,3.0,3.0,3.0,3.0,0.0,1.0,0.0,0.0,1.0,4.0,0.0,0.0,0.0,3.0,3.0,77.0,36.0,7.0,20.0,12.0,2.0,9.0,25.0,34.0,1.0,0.0,29.0,27.0,0.0,0.0,10.0,24.0,2.0,0.0,17.0,26.0,17.0,0.0,179.0,68.0,3.0,0.0,2.0,2.012486308813095,1.0,130.15711666666667,32.288429260253906,13847.349853515625,0.25566137582063675,0.0,MF,93.10344827586206
441252,Alistair JOHNSTON,43899,Canada,CAN,Defender,0.0,5.0,0.0,1.0,0.0,1.0,1.0,0.0,0.0,2.0,1.0,0.0,0.0,4.0,2.0,2.0,2.0,1.0,0.0,7.0,2.0,6.276806163787842,5.0,2.0,2.0,24.0,6.0,52.0,16.0,7.0,0.0,8209.390258789062,1670.0599822998047,20624.4697265625,3485.3998413085938,19468.81005859375,87.0,138.0,12.0,5.0,4.0,7.0,0.0,0.0,0.0,0.0,0.0,0.0,0.0,0.0,0.0,0.0,0.0,0.0,2.0,0.0,0.0,124.0,6.0,9.0,34.0,25.0,17.0,19.0,82.0,17.0,9.0,2.0,5.0,6.0,73.0,48.0,37.0,52.0,62.0,4.0,4.0,3.0,39.0,5.0,509.0,251.0,24.0,53.0,50.0,73.0,39.0,137.0,176.0,0.0,0.0,240.0,184.0,0.0,0.0,73.0,47.0,8.0,12.0,76.0,125.0,88.0,0.0,683.0,264.0,0.0,0.0,3.0,1.4755488336086273,57.0,511.18878333333333,35.07826614379883,53458.1298828125,0.18312240671366453,1.0,DF,76.66666666666667
480322,Luc DE FOUGEROLLES,43899,Canada,CAN,Defender,0.0,3.0,0.0,0.0,0.0,1.0,0.0,0.0,0.0,0.0,1.0,0.0,0.0,3.0,1.0,2.0,1.0,0.0,0.0,8.0,1.0,6.368801403045654,8.0,0.0,0.0,1.0,0.0,41.0,22.0,8.0,0.0,6028.200134277344,935.2000579833984,20577.610107421875,2410.4100036621094,14428.010131835938,37.0,57.0,17.0,8.0,8.0,10.0,0.0,0.0,0.0,0.0,0.0,0.0,0.0,3.0,0.0,0.0,0.0,0.0,1.0,2.0,0.0,64.0,2.0,3.0,24.0,18.0,15.0,19.0,49.0,6.0,4.0,1.0,2.0,2.0,34.0,27.0,22.0,27.0,24.0,1.0,2.0,2.0,15.0,5.0,404.0,175.0,16.0,6.0,4.0,33.0,25.0,18.0,43.0,0.0,0.0,191.0,170.0,0.0,0.0,22.0,7.0,2.0,6.0,26.0,157.0,32.0,0.0,528.0,174.0,1.0,1.0,0.0,1.5513509511947632,3.0,421.32191666666665,32.785037994384766,44379.43115234375,0.16935456916689873,2.0,DF,89.00523560209425
433635,Stephen EUSTAQUIO,43899,Canada,CAN,Midfielder,0.0,4.0,0.0,0.0,0.0,0.0,0.0,0.0,0.0,3.0,1.0,0.0,0.0,0.0,0.0,2.0,1.0,4.0,1.0,5.0,3.0,7.144162178039551,2.0,3.0,44.0,42.0,16.0,91.0,15.0,25.0,0.0,11989.190063476562,353.04000663757324,21066.829833984375,3460.080032348633,15627.769897460938,129.0,162.0,16.0,2.0,6.0,25.0,0.0,0.0,0.0,0.0,0.0,0.0,0.0,0.0,1.0,0.0,0.0,1.0,0.0,0.0,0.0,113.0,5.0,3.0,16.0,10.0,7.0,8.0,80.0,15.0,9.0,1.0,1.0,9.0,82.0,61.0,52.0,65.0,62.0,2.0,1.0,6.0,46.0,5.0,618.0,293.0,37.0,22.0,76.0,114.0,133.0,79.0,212.0,0.0,0.0,281.0,244.0,0.0,0.0,78.0,31.0,1.0,5.0,122.0,138.0,127.0,0.0,897.0,210.0,1.0,1.0,2.0,1.0640457272529602,1.0,444.18358333333333,29.755699157714844,52496.91064453125,0.09672367572784424,0.0,MF,86.83274021352312
441258,Ismael KONE,43899,Canada,CAN,Midfielder,0.0,2.0,0.0,2.0,0.0,0.0,0.0,1.0,0.0,0.0,1.0,0.0,0.0,1.0,0.0,0.0,0.0,1.0,0.0,4.0,0.0,2.514708232879639,3.0,0.0,0.0,2.0,0.0,25.0,5.0,4.0,0.0,2287.3698120117188,172.8999900817871,7759.319580078125,750.4200744628906,6005.02001953125,41.0,57.0,8.0,1.0,3.0,4.0,0.0,0.0,0.0,0.0,0.0,0.0,0.0,0.0,0.0,0.0,0.0,0.0,0.0,0.0,0.0,38.0,0.0,5.0,7.0,5.0,2.0,2.0,28.0,0.0,0.0,0.0,0.0,0.0,31.0,23.0,20.0,26.0,20.0,0.0,3.0,0.0,12.0,2.0,238.0,89.0,8.0,3.0,24.0,25.0,36.0,16.0,52.0,0.0,0.0,108.0,93.0,0.0,0.0,18.0,14.0,0.0,3.0,35.0,82.0,38.0,0.0,198.0,44.0,0.0,1.0,2.0,0.7782815545797348,0.0,160.94411666666667,28.48234748840332,16975.02978515625,0.037951541133224964,0.0,MF,86.11111111111111
441259,Liam MILLAR,43899,Canada,CAN,Midfielder,0.0,1.0,0.0,0.0,0.0,0.0,0.0,0.0,0.0,0.0,1.0,0.0,0.0,1.0,0.0,1.0,0.0,0.0,0.0,15.0,0.0,3.9338765144348145,5.0,0.0,0.0,10.0,2.0,44.0,12.0,0.0,0.0,2812.5899658203125,762.0300140380859,7513.27001953125,1306.179946899414,6782.5396728515625,40.0,65.0,3.0,3.0,1.0,0.0,0.0,0.0,0.0,0.0,0.0,0.0,0.0,0.0,0.0,0.0,0.0,0.0,1.0,0.0,0.0,27.0,1.0,1.0,3.0,1.0,1.0,1.0,14.0,8.0,4.0,3.0,6.0,1.0,16.0,9.0,8.0,13.0,15.0,0.0,0.0,1.0,10.0,3.0,166.0,80.0,7.0,36.0,35.0,4.0,19.0,56.0,75.0,0.0,0.0,67.0,50.0,0.0,0.0,31.0,33.0,4.0,1.0,25.0,56.0,26.0,0.0,243.0,114.0,1.0,2.0,4.0,1.8945232033729553,7.0,176.42931666666667,33.8045539855957,19176.6103515625,0.04414826259016991,1.0,MF,74.6268656716418
371958,Derek CORNELIUS,43899,Canada,CAN,Defender,0.0,5.0,0.0,0.0,0.0,1.0,2.0,2.0,0.0,0.0,0.0,0.0,0.0,5.0,1.0,4.0,1.0,0.0,0.0,0.0,1.0,4.580731678009033,0.0,0.0,0.0,1.0,0.0,29.0,6.0,2.0,0.0,4302.0201416015625,406.54998779296875,13862.820556640625,1544.4200286865234,13453.7998046875,61.0,80.0,4.0,4.0,3.0,3.0,0.0,0.0,0.0,0.0,0.0,0.0,0.0,2.0,0.0,0.0,0.0,0.0,4.0,1.0,0.0,59.0,0.0,11.0,32.0,23.0,18.0,21.0,41.0,2.0,1.0,0.0,1.0,1.0,25.0,17.0,11.0,13.0,45.0,0.0,5.0,1.0,31.0,4.0,379.0,151.0,17.0,2.0,2.0,10.0,6.0,8.0,14.0,0.0,0.0,170.0,151.0,0.0,0.0,9.0,8.0,1.0,5.0,30.0,138.0,35.0,0.0,368.0,106.0,0.0,1.0,0.0,0.996542789041996,2.0,351.42331666666666,30.742687225341797,33569.609375,0.7367264814674854,1.0,DF,88.8235294117647
448411,Jacob SHAFFELBURG,43899,Canada,CAN,Midfielder,0.0,3.0,0.0,0.0,0.0,0.0,0.0,0.0,0.0,3.0,0.0,0.0,0.0,2.0,0.0,3.0,0.0,1.0,0.0,4.0,0.0,7.629818153381348,1.0,0.0,0.0,19.0,3.0,22.0,6.0,0.0,0.0,2575.18994140625,625.2499847412109,6133.43017578125,1434.8000183105469,5057.8599853515625,18.0,41.0,5.0,2.0,1.0,0.0,0.0,0.0,0.0,0.0,0.0,0.0,0.0,0.0,0.0,0.0,0.0,0.0,0.0,0.0,0.0,23.0,1.0,1.0,2.0,1.0,0.0,0.0,14.0,6.0,3.0,1.0,2.0,3.0,15.0,10.0,7.0,10.0,18.0,0.0,1.0,2.0,10.0,5.0,137.0,70.0,13.0,30.0,23.0,9.0,12.0,50.0,62.0,0.0,0.0,41.0,37.0,0.0,0.0,23.0,25.0,6.0,1.0,24.0,44.0,25.0,0.0,202.0,106.0,5.0,0.0,0.0,3.8772242665290833,3.0,126.08015000000003,34.24699401855469,15826.530151367188,0.08965609222650528,0.0,MF,90.2439024390244
466585,Moise BOMBITO,43899,Canada,CAN,Defender,0.0,1.0,0.0,1.0,0.0,1.0,0.0,0.0,0.0,0.0,0.0,0.0,0.0,1.0,1.0,0.0,1.0,0.0,0.0,1.0,1.0,3.436944103240967,1.0,1.0,0.0,0.0,0.0,11.0,2.0,1.0,0.0,2573.3599853515625,467.59002685546875,9477.230712890625,887.2599487304688,7821.2701416015625,28.0,39.0,4.0,2.0,0.0,1.0,,,0.0,0.0,0.0,0.0,0.0,0.0,0.0,0.0,0.0,0.0,1.0,0.0,0.0,38.0,2.0,2.0,14.0,9.0,9.0,10.0,24.0,4.0,2.0,0.0,0.0,2.0,20.0,13.0,11.0,14.0,19.0,0.0,0.0,2.0,8.0,3.0,236.0,94.0,7.0,2.0,1.0,35.0,19.0,19.0,38.0,0.0,0.0,111.0,96.0,0.0,0.0,22.0,1.0,1.0,2.0,20.0,91.0,22.0,0.0,212.0,72.0,1.0,1.0,0.0,0.6100449748337269,0.0,221.12650000000002,32.48624801635742,21226.7099609375,0.19725586473941803,0.0,DF,86.48648648648648
431696,Richie LARYEA,43899,Canada,CAN,Defender,0.0,2.0,0.0,0.0,0.0,0.0,0.0,0.0,0.0,0.0,2.0,0.0,0.0,1.0,1.0,1.0,1.0,1.0,0.0,15.0,1.0,5.807873916625977,11.0,1.0,0.0,4.0,1.0,79.0,28.0,1.0,0.0,5408.60986328125,1605.9500274658203,17910.0,2817.5399169921875,18311.688720703125,88.0,123.0,22.0,8.0,13.0,2.0,0.0,0.0,0.0,0.0,0.0,0.0,0.0,0.0,0.0,0.0,0.0,0.0,0.0,1.0,0.0,92.0,8.0,1.0,19.0,15.0,10.0,10.0,69.0,15.0,9.0,1.0,2.0,5.0,58.0,45.0,37.0,44.0,35.0,5.0,0.0,3.0,30.0,5.0,428.0,212.0,15.0,42.0,39.0,29.0,48.0,62.0,110.0,1.0,0.0,202.0,167.0,0.0,0.0,34.0,28.0,6.0,8.0,68.0,117.0,76.0,0.0,464.0,231.0,0.0,2.0,2.0,1.1484683901071548,34.0,475.81683333333336,35.22618103027344,46053.791015625,0.3355216346681118,1.0,DF,82.67326732673267
485064,Niko SIGUR,43899,Canada,CAN,Defender,0.0,1.0,0.0,1.0,0.0,0.0,0.0,0.0,0.0,0.0,1.0,0.0,0.0,0.0,0.0,0.0,0.0,1.0,0.0,1.0,1.0,4.527934551239014,1.0,1.0,0.0,4.0,1.0,39.0,9.0,0.0,0.0,3221.4500732421875,315.379994392395,7898.5699462890625,1051.0699615478516,5437.539978027344,40.0,51.0,4.0,5.0,1.0,0.0,,,0.0,0.0,0.0,0.0,0.0,0.0,0.0,0.0,0.0,0.0,0.0,0.0,0.0,30.0,4.0,1.0,7.0,3.0,2.0,2.0,16.0,8.0,5.0,2.0,2.0,2.0,15.0,8.0,5.0,8.0,21.0,1.0,0.0,2.0,12.0,3.0,149.0,71.0,8.0,4.0,17.0,23.0,26.0,18.0,44.0,0.0,0.0,64.0,52.0,0.0,0.0,13.0,9.0,2.0,0.0,36.0,33.0,36.0,0.0,265.0,75.0,2.0,1.0,0.0,2.042184315621853,2.0,147.76720000000003,32.07524108886719,17924.009521484375,0.036997728049755096,1.0,DF,81.25
423941,Nathan SALIBA,43899,Canada,CAN,Midfielder,2.0,3.0,0.0,0.0,0.0,0.0,1.0,1.0,1.0,0.0,1.0,0.0,0.0,1.0,0.0,0.0,1.0,2.0,1.0,6.0,1.0,4.1238397598266605,5.0,1.0,0.0,4.0,1.0,43.0,12.0,1.0,0.0,4698.7501220703125,368.62998390197754,9828.3701171875,1716.7698974609375,7035.019775390625,49.0,68.0,11.0,5.0,2.0,1.0,,,0.0,0.0,0.0,0.0,0.0,0.0,1.0,1.0,0.0,1.0,1.0,0.0,0.0,42.0,2.0,2.0,7.0,4.0,2.0,3.0,33.0,4.0,3.0,1.0,1.0,1.0,31.0,26.0,23.0,26.0,30.0,1.0,1.0,1.0,23.0,3.0,206.0,90.0,12.0,4.0,13.0,34.0,32.0,19.0,51.0,0.0,0.0,93.0,79.0,0.0,0.0,23.0,8.0,2.0,4.0,36.0,56.0,40.0,0.0,386.0,122.0,1.0,1.0,1.0,1.1534997299313545,0.0,206.59373333333338,32.315528869628906,23647.54150390625,0.2973179817199707,1.0,MF,84.94623655913979
431200,Daniel MUNOZ,43926,Colombia,COL,Defender,0.0,3.0,0.0,0.0,0.0,0.0,0.0,0.0,0.0,0.0,2.0,0.0,1.0,3.0,2.0,1.0,2.0,0.0,0.0,2.0,0.0,6.529381942749024,1.0,0.0,0.0,9.0,2.0,64.0,20.0,2.0,0.0,7120.140289306641,957.8000106811523,20290.200592041016,2975.010009765625,16270.199584960938,80.0,100.0,11.0,9.0,1.0,2.0,0.0,0.0,0.0,0.0,0.0,0.0,0.0,0.0,2.0,0.0,2.0,0.0,0.0,0.0,0.0,37.0,3.0,1.0,21.0,15.0,14.0,17.0,24.0,5.0,1.0,1.0,2.0,0.0,11.0,8.0,7.0,7.0,24.0,0.0,1.0,0.0,13.0,5.0,461.0,201.0,19.0,135.0,109.0,94.0,53.0,285.0,338.0,3.0,0.0,213.0,194.0,0.0,0.0,75.0,38.0,8.0,5.0,47.0,153.0,52.0,0.0,598.0,221.0,1.0,0.0,0.0,1.7582772076129913,32.0,451.55219999999997,31.568317413330078,47613.349853515625,0.6426095217466354,0.0,DF,91.07981220657277
441622,Jhon LUCUMI,43926,Colombia,COL,Defender,0.0,2.0,0.0,0.0,0.0,2.0,0.0,0.0,0.0,0.0,0.0,0.0,0.0,2.0,0.0,2.0,0.0,0.0,0.0,4.0,12.0,4.873304653167724,4.0,12.0,0.0,0.0,0.0,29.0,12.0,9.0,0.0,3982.5101318359375,576.0900039672852,16339.560302734375,1333.3499298095703,21591.550537109375,65.0,82.0,11.0,5.0,0.0,9.0,0.0,0.0,0.0,0.0,0.0,0.0,0.0,0.0,0.0,0.0,0.0,0.0,2.0,0.0,0.0,81.0,6.0,16.0,42.0,29.0,19.0,20.0,48.0,6.0,1.0,0.0,0.0,0.0,33.0,18.0,8.0,11.0,45.0,1.0,9.0,0.0,22.0,5.0,605.0,211.0,15.0,0.0,1.0,23.0,5.0,19.0,24.0,0.0,0.0,285.0,262.0,0.0,0.0,13.0,4.0,0.0,8.0,32.0,240.0,40.0,0.0,350.0,115.0,0.0,1.0,1.0,0.3062337674200535,0.0,538.5115333333333,34.09806823730469,43823.0595703125,0.10776541754603386,1.0,DF,91.9298245614035
473050,Richard RIOS,43926,Colombia,COL,Midfielder,0.0,5.0,0.0,0.0,1.0,0.0,2.0,0.0,0.0,0.0,2.0,0.0,0.0,2.0,0.0,4.0,1.0,3.0,1.0,6.0,1.0,6.791753196716309,6.0,1.0,0.0,2.0,0.0,55.0,24.0,3.0,0.0,3484.1500549316406,426.37998962402344,7226.719970703125,1350.2099914550781,7308.790222167969,27.0,38.0,4.0,10.0,4.0,3.0,0.0,0.0,0.0,0.0,0.0,0.0,0.0,0.0,0.0,0.0,0.0,0.0,1.0,0.0,0.0,12.0,1.0,0.0,5.0,4.0,3.0,4.0,9.0,1.0,1.0,0.0,0.0,0.0,6.0,4.0,3.0,5.0,10.0,1.0,0.0,0.0,9.0,5.0,130.0,55.0,15.0,17.0,31.0,16.0,38.0,26.0,64.0,0.0,0.0,56.0,47.0,0.0,0.0,19.0,14.0,2.0,4.0,16.0,41.0,20.0,0.0,290.0,111.0,5.0,0.0,3.0,2.185987703502178,0.0,175.17346666666668,31.78512191772461,19796.25,0.368932600133121,1.0,MF,83.92857142857143
269058,James RODRIGUEZ,43926,Colombia,COL,Midfielder,0.0,6.0,0.0,2.0,0.0,0.0,1.0,0.0,0.0,2.0,3.0,0.0,0.0,2.0,0.0,1.0,3.0,4.0,3.0,3.0,9.0,5.953557109832763,2.0,6.0,11.0,17.0,5.0,146.0,8.0,16.0,0.0,3923.949951171875,38.54999923706055,14375.779541015625,702.7099761962891,14622.090087890625,106.0,142.0,7.0,0.0,5.0,16.0,0.0,0.0,0.0,0.0,0.0,0.0,0.0,0.0,0.0,0.0,0.0,0.0,0.0,0.0,0.0,97.0,7.0,3.0,19.0,14.0,9.0,9.0,69.0,14.0,7.0,1.0,1.0,6.0,64.0,48.0,41.0,48.0,41.0,4.0,1.0,2.0,28.0,5.0,509.0,179.0,23.0,24.0,84.0,49.0,75.0,82.0,157.0,0.0,0.0,237.0,199.0,0.0,0.0,76.0,52.0,3.0,2.0,74.0,168.0,76.0,0.0,357.0,56.0,0.0,5.0,2.0,4.271514296531677,3.0,338.71984999999995,26.813621520996094,33663.08056640625,0.24161341320723295,0.0,MF,83.96624472573839
470760,Jhon ARIAS,43926,Colombia,COL,Midfielder,0.0,9.0,0.0,2.0,0.0,0.0,2.0,0.0,0.0,0.0,6.0,0.0,1.0,7.0,3.0,2.0,4.0,2.0,1.0,21.0,3.0,5.934792518615723,16.0,3.0,4.0,6.0,1.0,107.0,27.0,8.0,0.0,4566.6800537109375,849.1800155639648,14945.630126953125,1985.1299438476562,17660.840087890625,150.0,184.0,33.0,5.0,2.0,8.0,0.0,0.0,0.0,0.0,0.0,0.0,0.0,0.0,1.0,0.0,1.0,0.0,0.0,0.0,0.0,57.0,2.0,1.0,13.0,13.0,10.0,10.0,50.0,7.0,5.0,2.0,3.0,2.0,37.0,32.0,28.0,32.0,34.0,2.0,1.0,1.0,29.0,5.0,530.0,198.0,27.0,35.0,80.0,52.0,92.0,75.0,167.0,0.0,0.0,240.0,227.0,0.0,0.0,71.0,54.0,2.0,10.0,105.0,142.0,115.0,0.0,410.0,159.0,0.0,5.0,6.0,2.6438617408275604,2.0,405.9166833333333,31.234655380249023,40007.45947265625,0.9378644875250757,1.0,MF,94.58333333333333
463902,Gustavo PUERTA,43926,Colombia,COL,Defender,1.0,14.0,0.0,3.0,0.0,1.0,0.0,0.0,0.0,4.0,9.0,0.0,0.0,3.0,2.0,4.0,5.0,11.0,3.0,9.0,3.0,6.631954002380371,9.0,2.0,0.0,2.0,0.0,147.0,30.0,2.0,0.0,8541.83984375,515.3999938964844,25330.5693359375,2626.9400939941406,20377.60009765625,156.0,185.0,22.0,9.0,8.0,2.0,0.0,0.0,0.0,0.0,0.0,0.0,0.0,0.0,0.0,0.0,0.0,0.0,0.0,0.0,0.0,70.0,1.0,2.0,27.0,25.0,23.0,24.0,57.0,4.0,2.0,2.0,3.0,0.0,39.0,30.0,28.0,36.0,36.0,0.0,2.0,0.0,29.0,5.0,643.0,233.0,40.0,48.0,108.0,104.0,145.0,115.0,260.0,0.0,0.0,290.0,264.0,0.0,0.0,99.0,44.0,3.0,8.0,108.0,199.0,116.0,0.0,742.0,195.0,0.0,1.0,4.0,2.101868286728859,5.0,520.12345,31.326065063476562,57392.349609375,0.5347441956400871,1.0,DF,91.0344827586207
395550,Jefferson LERMA,43926,Colombia,COL,Midfielder,0.0,5.0,0.0,0.0,0.0,0.0,0.0,0.0,0.0,3.0,2.0,0.0,0.0,2.0,0.0,2.0,1.0,3.0,1.0,6.0,1.0,6.5063042640686035,6.0,1.0,0.0,2.0,1.0,77.0,8.0,4.0,0.0,8326.989868164062,467.3699951171875,22340.430419921875,2263.5700073242188,16143.29052734375,100.0,135.0,13.0,6.0,5.0,4.0,0.0,0.0,0.0,0.0,0.0,0.0,0.0,0.0,0.0,0.0,0.0,0.0,0.0,0.0,0.0,65.0,2.0,4.0,28.0,24.0,22.0,22.0,51.0,2.0,0.0,0.0,0.0,0.0,35.0,27.0,25.0,29.0,36.0,0.0,2.0,0.0,23.0,5.0,592.0,211.0,23.0,3.0,44.0,124.0,145.0,26.0,171.0,0.0,0.0,274.0,242.0,0.0,0.0,71.0,14.0,1.0,10.0,80.0,196.0,90.0,0.0,713.0,170.0,0.0,2.0,1.0,0.3074062615633011,0.0,459.2047666666666,32.49641036987305,49541.6494140625,0.24133720993995667,1.0,MF,88.32116788321169
394500,Johan MOJICA,43926,Colombia,COL,Defender,0.0,3.0,0.0,0.0,0.0,0.0,1.0,0.0,0.0,0.0,2.0,0.0,0.0,1.0,1.0,1.0,2.0,2.0,1.0,1.0,1.0,4.698279285430909,0.0,1.0,0.0,12.0,2.0,45.0,3.0,4.0,0.0,5426.4898681640625,1101.8700103759766,14825.899658203125,2520.3101196289062,19421.8212890625,73.0,108.0,11.0,1.0,7.0,5.0,0.0,0.0,0.0,0.0,0.0,0.0,0.0,0.0,0.0,0.0,0.0,0.0,1.0,1.0,0.0,80.0,6.0,13.0,34.0,19.0,10.0,15.0,47.0,8.0,3.0,0.0,1.0,1.0,38.0,25.0,15.0,18.0,51.0,2.0,7.0,1.0,28.0,4.0,435.0,186.0,18.0,32.0,75.0,64.0,17.0,154.0,171.0,1.0,0.0,202.0,161.0,0.0,0.0,56.0,26.0,4.0,5.0,79.0,109.0,84.0,0.0,474.0,198.0,0.0,0.0,0.0,0.40974562987685204,25.0,442.13250000000005,33.790584564208984,43296.388671875,0.127188709564507,1.0,DF,79.70297029702971
356704,Juan QUINTERO,43926,Colombia,COL,Midfielder,1.0,4.0,0.0,0.0,0.0,0.0,0.0,2.0,2.0,0.0,2.0,0.0,0.0,0.0,0.0,4.0,0.0,4.0,0.0,1.0,8.0,5.253473091125488,1.0,7.0,6.0,12.0,4.0,45.0,0.0,7.0,0.0,2037.9800415039062,133.26000785827637,6411.389892578125,673.9600219726562,6533.660217285156,56.0,68.0,3.0,0.0,1.0,7.0,,,0.0,0.0,0.0,0.0,0.0,0.0,0.0,0.0,0.0,0.0,0.0,0.0,0.0,67.0,10.0,3.0,15.0,11.0,2.0,2.0,51.0,11.0,7.0,0.0,1.0,0.0,41.0,33.0,24.0,28.0,42.0,7.0,2.0,0.0,36.0,4.0,202.0,69.0,16.0,10.0,28.0,12.0,27.0,23.0,50.0,0.0,0.0,89.0,74.0,0.0,0.0,31.0,22.0,1.0,0.0,35.0,59.0,35.0,0.0,185.0,45.0,4.0,0.0,1.0,2.024461477994919,0.0,146.56571666666667,31.048961639404297,15790.25,0.13286222517490387,0.0,MF,83.14606741573034
394376,Deiver MACHADO,43926,Colombia,COL,Defender,0.0,0.0,0.0,0.0,0.0,0.0,0.0,0.0,0.0,0.0,0.0,0.0,0.0,0.0,0.0,0.0,0.0,0.0,0.0,1.0,0.0,1.2190876007080078,0.0,0.0,0.0,2.0,0.0,21.0,2.0,0.0,0.0,1347.4100341796875,277.2999572753906,3423.9501953125,698.7000122070312,4321.72998046875,11.0,14.0,4.0,1.0,2.0,0.0,,,0.0,0.0,0.0,0.0,0.0,0.0,0.0,0.0,0.0,0.0,0.0,0.0,0.0,5.0,0.0,0.0,2.0,2.0,2.0,2.0,4.0,1.0,1.0,1.0,1.0,0.0,2.0,1.0,1.0,2.0,2.0,0.0,0.0,0.0,2.0,1.0,52.0,21.0,5.0,16.0,17.0,3.0,7.0,29.0,36.0,0.0,0.0,23.0,22.0,0.0,0.0,9.0,9.0,1.0,2.0,5.0,18.0,7.0,0.0,117.0,56.0,0.0,0.0,0.0,0.3952467441558838,1.0,99.07828333333333,33.98242950439453,10069.08984375,0.0,0.0,DF,95.65217391304348
386013,Davinson SANCHEZ,43926,Colombia,COL,Defender,0.0,6.0,0.0,0.0,0.0,1.0,1.0,1.0,0.0,2.0,0.0,0.0,0.0,5.0,2.0,4.0,2.0,1.0,0.0,8.0,6.0,5.363491535186768,8.0,6.0,0.0,0.0,0.0,32.0,18.0,6.0,0.0,5064.349914550781,717.6999816894531,19405.08056640625,1766.5399475097656,21543.469970703125,106.0,134.0,20.0,6.0,5.0,7.0,0.0,0.0,0.0,0.0,0.0,0.0,0.0,9.0,0.0,0.0,0.0,0.0,4.0,1.0,0.0,149.0,8.0,27.0,78.0,55.0,42.0,43.0,93.0,10.0,2.0,0.0,0.0,2.0,61.0,36.0,21.0,24.0,73.0,0.0,13.0,2.0,47.0,5.0,755.0,261.0,28.0,0.0,1.0,58.0,22.0,37.0,59.0,1.0,0.0,361.0,324.0,0.0,0.0,37.0,8.0,0.0,7.0,46.0,303.0,53.0,0.0,441.0,145.0,0.0,0.0,1.0,0.3918796479701996,0.0,541.2107833333333,33.7578010559082,48497.138671875,0.5437432378530502,1.0,DF,89.75069252077562
426357,Aaron WAN-BISSAKA,20014,Congo DR,COD,Defender,0.0,0.0,0.0,0.0,0.0,0.0,0.0,0.0,0.0,0.0,0.0,0.0,0.0,0.0,0.0,0.0,0.0,0.0,0.0,10.0,0.0,6.069047331809998,4.0,0.0,0.0,7.0,2.0,104.0,14.0,0.0,0.0,5366.2298583984375,944.4900054931641,15667.77001953125,2433.889892578125,15988.850341796875,42.0,64.0,12.0,1.0,1.0,0.0,0.0,0.0,0.0,0.0,0.0,0.0,0.0,0.0,0.0,0.0,0.0,0.0,0.0,0.0,0.0,74.0,3.0,7.0,31.0,21.0,16.0,21.0,48.0,5.0,3.0,1.0,2.0,0.0,38.0,24.0,19.0,28.0,31.0,2.0,3.0,0.0,22.0,4.0,287.0,152.0,7.0,58.0,48.0,35.0,39.0,102.0,141.0,1.0,0.0,137.0,109.0,0.0,0.0,39.0,19.0,5.0,7.0,47.0,66.0,54.0,0.0,460.0,194.0,0.0,1.0,2.0,0.5698039308190346,38.0,399.45593333333335,33.67913055419922,40401.23046875,0.0,0.0,DF,79.56204379562044
504329,Steve KAPUADI,20014,Congo DR,COD,Defender,0.0,1.0,0.0,0.0,0.0,0.0,0.0,0.0,0.0,0.0,1.0,0.0,0.0,1.0,0.0,1.0,0.0,0.0,0.0,1.0,1.0,2.8965567350387573,1.0,0.0,0.0,0.0,0.0,18.0,6.0,2.0,0.0,2442.900146484375,303.5299987792969,7804.2607421875,778.3500061035156,8167.7900390625,14.0,20.0,6.0,2.0,0.0,2.0,0.0,0.0,0.0,0.0,0.0,0.0,0.0,7.0,0.0,0.0,0.0,0.0,1.0,0.0,0.0,22.0,0.0,6.0,11.0,6.0,3.0,5.0,12.0,0.0,0.0,0.0,0.0,0.0,11.0,6.0,3.0,5.0,11.0,0.0,3.0,0.0,6.0,2.0,114.0,53.0,4.0,3.0,1.0,18.0,7.0,15.0,22.0,0.0,0.0,55.0,46.0,0.0,0.0,10.0,2.0,0.0,3.0,8.0,37.0,11.0,0.0,211.0,60.0,0.0,0.0,0.0,0.2538822218775749,0.0,201.61121666666668,32.84415054321289,19496.830078125,0.07886915653944016,0.0,DF,83.63636363636363
403063,Axel Tuanzebe,20014,Congo DR,COD,Defender,0.0,0.0,0.0,0.0,0.0,0.0,0.0,,0.0,0.0,0.0,0.0,0.0,0.0,0.0,0.0,0.0,0.0,0.0,5.0,2.0,5.588626265525818,5.0,2.0,0.0,0.0,0.0,20.0,10.0,4.0,0.0,3563.7098999023438,566.1800003051758,15714.08984375,1492.4299926757812,16867.19970703125,52.0,66.0,6.0,3.0,3.0,4.0,0.0,0.0,0.0,0.0,0.0,0.0,0.0,12.0,0.0,0.0,0.0,0.0,0.0,0.0,0.0,43.0,0.0,11.0,31.0,21.0,20.0,20.0,23.0,0.0,0.0,0.0,0.0,0.0,12.0,2.0,1.0,1.0,31.0,0.0,1.0,0.0,17.0,4.0,314.0,125.0,3.0,2.0,5.0,41.0,30.0,18.0,48.0,0.0,0.0,155.0,140.0,0.0,0.0,24.0,0.0,0.0,3.0,46.0,94.0,49.0,0.0,311.0,128.0,0.0,0.0,0.0,0.2703892458230257,1.0,409.64515,31.36798095703125,38203.6103515625,0.0,0.0,DF,90.32258064516128
494458,Ngalayel MUKAU,20014,Congo DR,COD,Midfielder,0.0,1.0,0.0,0.0,0.0,0.0,0.0,0.0,0.0,0.0,1.0,0.0,0.0,0.0,0.0,1.0,0.0,1.0,0.0,4.0,0.0,7.248765826225281,1.0,0.0,0.0,0.0,0.0,125.0,9.0,0.0,0.0,4371.1099853515625,376.9600067138672,12820.960083007812,1290.889991760254,7759.510070800781,46.0,59.0,10.0,3.0,4.0,0.0,0.0,0.0,0.0,0.0,0.0,0.0,0.0,0.0,0.0,0.0,0.0,0.0,0.0,0.0,0.0,14.0,0.0,1.0,4.0,4.0,3.0,3.0,13.0,1.0,1.0,1.0,1.0,0.0,9.0,8.0,7.0,8.0,11.0,0.0,1.0,0.0,10.0,4.0,164.0,75.0,9.0,11.0,35.0,16.0,39.0,23.0,62.0,1.0,0.0,69.0,60.0,0.0,0.0,13.0,19.0,0.0,5.0,36.0,39.0,41.0,0.0,383.0,105.0,1.0,3.0,1.0,0.3994888812303543,1.0,220.64888333333334,34.351844787597656,26619.430419921875,0.057309214025735855,0.0,MF,86.95652173913044
424119,Nathanael MBUKU,20014,Congo DR,COD,Midfielder,0.0,3.0,0.0,0.0,0.0,0.0,0.0,0.0,0.0,1.0,2.0,0.0,0.0,0.0,0.0,1.0,2.0,3.0,2.0,12.0,0.0,5.330179214477539,6.0,0.0,5.0,14.0,3.0,67.0,8.0,3.0,0.0,2773.000030517578,349.69001388549805,8952.550109863281,1080.0800323486328,5683.170135498047,34.0,61.0,6.0,4.0,8.0,3.0,,,0.0,0.0,0.0,0.0,0.0,0.0,0.0,0.0,0.0,0.0,0.0,0.0,0.0,21.0,0.0,0.0,0.0,0.0,0.0,0.0,15.0,6.0,5.0,4.0,4.0,2.0,15.0,10.0,9.0,13.0,17.0,0.0,0.0,1.0,13.0,3.0,134.0,71.0,8.0,12.0,26.0,7.0,11.0,34.0,45.0,0.0,0.0,45.0,35.0,0.0,0.0,16.0,27.0,0.0,1.0,35.0,33.0,36.0,0.0,243.0,74.0,1.0,2.0,4.0,1.7431719303131104,0.0,163.2437,32.36287307739258,18838.48974609375,0.1311430037021637,1.0,MF,77.77777777777779
433076,Samuel Moutoussamy,20014,Congo DR,COD,Midfielder,0.0,3.0,0.0,0.0,0.0,0.0,0.0,0.0,0.0,0.0,3.0,0.0,0.0,0.0,0.0,2.0,0.0,3.0,0.0,4.0,4.0,7.173365831375122,2.0,4.0,0.0,1.0,1.0,114.0,31.0,3.0,0.0,7895.9403076171875,539.8299942016602,20526.3701171875,2355.679931640625,11674.899658203125,69.0,91.0,39.0,8.0,1.0,3.0,0.0,0.0,0.0,0.0,0.0,0.0,0.0,0.0,0.0,0.0,0.0,0.0,0.0,0.0,0.0,59.0,5.0,4.0,16.0,9.0,6.0,7.0,35.0,6.0,1.0,0.0,1.0,0.0,37.0,25.0,22.0,28.0,41.0,1.0,2.0,0.0,22.0,4.0,320.0,133.0,11.0,8.0,79.0,59.0,109.0,37.0,146.0,0.0,0.0,147.0,122.0,0.0,0.0,53.0,14.0,1.0,3.0,59.0,91.0,62.0,0.0,613.0,169.0,0.0,3.0,0.0,0.2963726073503494,1.0,360.19883333333337,31.891984939575195,42992.720703125,0.1261865496635437,1.0,MF,82.99319727891157
486147,Noah SADIKI,20014,Congo DR,COD,Midfielder,0.0,0.0,0.0,0.0,0.0,0.0,0.0,0.0,0.0,0.0,0.0,0.0,0.0,0.0,0.0,0.0,0.0,0.0,0.0,10.0,0.0,6.862760901451111,9.0,0.0,0.0,1.0,1.0,135.0,17.0,3.0,0.0,4948.090026855469,563.7700042724609,15876.900146484375,1830.759994506836,10711.9296875,54.0,69.0,12.0,2.0,3.0,3.0,0.0,0.0,0.0,0.0,0.0,0.0,0.0,0.0,0.0,0.0,0.0,0.0,0.0,0.0,0.0,35.0,2.0,1.0,8.0,6.0,4.0,5.0,28.0,3.0,1.0,0.0,1.0,0.0,24.0,21.0,19.0,21.0,22.0,1.0,1.0,0.0,18.0,4.0,242.0,111.0,12.0,9.0,96.0,43.0,109.0,39.0,148.0,0.0,0.0,116.0,103.0,0.0,0.0,60.0,20.0,0.0,5.0,42.0,70.0,47.0,0.0,420.0,141.0,2.0,0.0,3.0,1.0611255466938019,1.0,297.14445,31.565584182739258,33931.44970703125,0.0,2.0,MF,88.79310344827587
356532,Chancel MBEMBA,20014,Congo DR,COD,Defender,1.0,1.0,0.0,0.0,0.0,0.0,0.0,0.0,0.0,1.0,0.0,0.0,0.0,1.0,0.0,1.0,0.0,0.0,0.0,5.0,3.0,5.400306701660156,4.0,3.0,0.0,4.0,0.0,23.0,12.0,11.0,0.0,4060.0399169921875,511.78002166748047,13862.2998046875,1584.419921875,16885.9697265625,46.0,74.0,9.0,1.0,2.0,16.0,0.0,0.0,0.0,0.0,0.0,0.0,0.0,0.0,0.0,0.0,0.0,0.0,0.0,5.0,0.0,92.0,2.0,22.0,48.0,31.0,20.0,24.0,56.0,7.0,3.0,1.0,1.0,4.0,37.0,22.0,9.0,9.0,46.0,0.0,11.0,2.0,27.0,4.0,340.0,156.0,6.0,2.0,1.0,32.0,12.0,23.0,35.0,0.0,0.0,162.0,130.0,0.0,0.0,25.0,11.0,0.0,4.0,31.0,119.0,35.0,0.0,347.0,135.0,0.0,0.0,2.0,0.3210132010281086,2.0,409.64515,32.24974822998047,36904.5107421875,0.046135224401950836,1.0,DF,80.24691358024691
433161,Edo Kayembe,20014,Congo DR,COD,Midfielder,0.0,2.0,0.0,0.0,1.0,0.0,0.0,0.0,0.0,0.0,1.0,0.0,0.0,0.0,0.0,1.0,1.0,2.0,1.0,4.0,0.0,5.338480830192566,2.0,0.0,0.0,2.0,0.0,116.0,20.0,0.0,0.0,3254.790008544922,239.7899932861328,9557.319946289062,1162.540054321289,6365.000061035156,32.0,44.0,20.0,5.0,3.0,0.0,0.0,0.0,0.0,0.0,0.0,0.0,0.0,0.0,0.0,0.0,0.0,0.0,0.0,0.0,0.0,11.0,1.0,1.0,2.0,1.0,0.0,0.0,7.0,1.0,0.0,0.0,0.0,0.0,8.0,6.0,5.0,6.0,11.0,0.0,1.0,0.0,7.0,3.0,108.0,52.0,3.0,7.0,37.0,20.0,42.0,22.0,64.0,0.0,0.0,41.0,35.0,0.0,0.0,22.0,18.0,1.0,6.0,31.0,19.0,37.0,0.0,297.0,86.0,1.0,2.0,2.0,0.5828538686037064,0.0,177.22288333333336,31.297046661376953,20579.4404296875,0.1008844543248415,0.0,MF,85.36585365853658
436572,Arthur MASUAKU,20014,Congo DR,COD,Defender,1.0,0.0,0.0,0.0,0.0,0.0,0.0,0.0,0.0,0.0,0.0,0.0,0.0,0.0,0.0,0.0,0.0,0.0,0.0,10.0,5.0,5.79437780380249,5.0,4.0,6.0,14.0,3.0,102.0,10.0,4.0,0.0,3758.7000732421875,357.1900177001953,13364.770263671875,1329.0299987792969,13991.159912109375,64.0,93.0,9.0,0.0,4.0,4.0,0.0,0.0,0.0,0.0,0.0,0.0,0.0,0.0,0.0,0.0,0.0,0.0,0.0,0.0,0.0,96.0,4.0,10.0,43.0,30.0,25.0,29.0,65.0,6.0,4.0,1.0,1.0,1.0,47.0,31.0,26.0,32.0,56.0,3.0,2.0,0.0,37.0,4.0,363.0,179.0,12.0,6.0,31.0,23.0,11.0,49.0,60.0,0.0,0.0,169.0,141.0,0.0,0.0,33.0,12.0,0.0,1.0,37.0,120.0,38.0,0.0,343.0,114.0,0.0,4.0,2.0,0.18424642086029053,30.0,340.13873333333333,33.30042266845703,32800.85009765625,0.0,0.0,DF,83.4319526627219
477802,Ousmane DIOMANDE,43854,Côte d'Ivoire,CIV,Defender,0.0,0.0,0.0,0.0,0.0,0.0,0.0,,0.0,0.0,0.0,0.0,0.0,0.0,0.0,0.0,0.0,0.0,0.0,1.0,0.0,1.3450357913970947,1.0,0.0,0.0,0.0,0.0,3.0,1.0,1.0,0.0,770.8399658203125,79.75,3867.870361328125,279.0299987792969,3981.91015625,6.0,8.0,1.0,0.0,0.0,1.0,,,0.0,0.0,0.0,0.0,0.0,4.0,0.0,0.0,0.0,0.0,0.0,0.0,0.0,15.0,0.0,1.0,13.0,13.0,12.0,12.0,15.0,0.0,0.0,0.0,0.0,0.0,2.0,2.0,1.0,1.0,3.0,0.0,1.0,0.0,3.0,1.0,148.0,43.0,2.0,0.0,0.0,9.0,2.0,7.0,9.0,0.0,0.0,74.0,72.0,0.0,0.0,3.0,0.0,0.0,0.0,1.0,70.0,1.0,0.0,75.0,24.0,0.0,0.0,0.0,0.03193257749080658,0.0,100.30330000000001,29.945314407348633,8979.400390625,0.0,0.0,DF,97.2972972972973
407343,Ghislain KONAN,43854,Côte d'Ivoire,CIV,Defender,0.0,4.0,0.0,2.0,1.0,0.0,0.0,0.0,0.0,1.0,2.0,0.0,0.0,3.0,0.0,2.0,0.0,1.0,0.0,13.0,2.0,4.389027237892151,11.0,2.0,0.0,9.0,2.0,67.0,12.0,1.0,0.0,3782.97998046875,529.1700134277344,10918.739501953125,1458.5799560546875,12934.06982421875,74.0,104.0,14.0,0.0,1.0,1.0,0.0,0.0,0.0,0.0,0.0,0.0,0.0,0.0,0.0,0.0,0.0,0.0,0.0,0.0,0.0,76.0,4.0,5.0,33.0,26.0,21.0,24.0,50.0,9.0,4.0,1.0,3.0,2.0,34.0,20.0,14.0,23.0,52.0,2.0,3.0,1.0,33.0,3.0,313.0,141.0,8.0,19.0,25.0,18.0,14.0,48.0,62.0,0.0,0.0,149.0,124.0,0.0,0.0,30.0,13.0,5.0,4.0,56.0,80.0,60.0,0.0,323.0,120.0,0.0,1.0,9.0,0.23569895699620247,28.0,303.6422166666667,31.371469497680664,29623.541015625,0.27547323517501354,0.0,DF,83.22147651006712
430854,Wilfried SINGO,43854,Côte d'Ivoire,CIV,Defender,1.0,2.0,0.0,1.0,0.0,0.0,1.0,0.0,0.0,1.0,0.0,0.0,0.0,2.0,0.0,1.0,0.0,0.0,0.0,14.0,0.0,2.883124351501465,13.0,0.0,0.0,1.0,0.0,24.0,12.0,1.0,0.0,2098.1100463867188,406.65000915527344,7499.6904296875,765.5500183105469,7460.22998046875,40.0,61.0,13.0,3.0,1.0,1.0,0.0,0.0,0.0,0.0,0.0,0.0,0.0,0.0,0.0,0.0,0.0,0.0,0.0,0.0,0.0,45.0,0.0,7.0,26.0,22.0,18.0,19.0,33.0,0.0,0.0,0.0,0.0,0.0,19.0,11.0,7.0,12.0,22.0,0.0,4.0,0.0,15.0,2.0,203.0,92.0,5.0,4.0,7.0,18.0,6.0,23.0,29.0,0.0,0.0,92.0,79.0,0.0,0.0,12.0,5.0,1.0,2.0,41.0,48.0,43.0,0.0,173.0,65.0,0.0,1.0,3.0,0.1024787463247776,9.0,190.212,34.3645133972168,18230.23046875,0.1379372663795948,0.0,DF,85.86956521739131
405175,Seko Fofana,43854,Côte d'Ivoire,CIV,Midfielder,0.0,5.0,0.0,1.0,0.0,1.0,0.0,0.0,0.0,0.0,4.0,0.0,0.0,0.0,0.0,2.0,1.0,5.0,1.0,0.0,0.0,3.37320339679718,0.0,0.0,0.0,0.0,0.0,28.0,1.0,1.0,0.0,2095.560089111328,271.2000045776367,4742.4798583984375,773.7899932861328,3744.679931640625,25.0,35.0,3.0,1.0,0.0,1.0,0.0,0.0,0.0,0.0,0.0,0.0,0.0,0.0,0.0,0.0,0.0,0.0,0.0,0.0,0.0,8.0,0.0,1.0,4.0,3.0,2.0,3.0,5.0,2.0,0.0,0.0,2.0,0.0,2.0,2.0,1.0,1.0,6.0,0.0,1.0,0.0,4.0,2.0,106.0,41.0,8.0,4.0,16.0,4.0,18.0,6.0,24.0,0.0,0.0,45.0,38.0,0.0,0.0,9.0,6.0,1.0,1.0,28.0,23.0,29.0,0.0,168.0,54.0,1.0,1.0,0.0,0.6813928484916687,0.0,103.66388333333335,31.836753845214844,11627.70947265625,0.3966021444648504,1.0,MF,84.44444444444444
477825,Odilon KOSSOUNOU,43854,Côte d'Ivoire,CIV,Defender,0.0,0.0,0.0,0.0,0.0,0.0,0.0,,0.0,0.0,0.0,0.0,0.0,0.0,0.0,0.0,0.0,0.0,0.0,1.0,0.0,5.863831400871277,1.0,0.0,0.0,0.0,0.0,15.0,6.0,0.0,0.0,3177.229965209961,361.4600067138672,12652.800201416016,1042.229965209961,12668.070556640625,49.0,55.0,2.0,0.0,1.0,0.0,0.0,0.0,0.0,0.0,0.0,0.0,0.0,0.0,0.0,0.0,0.0,0.0,0.0,0.0,0.0,32.0,1.0,2.0,21.0,19.0,17.0,18.0,27.0,1.0,1.0,0.0,0.0,0.0,10.0,7.0,5.0,7.0,15.0,1.0,1.0,0.0,13.0,4.0,323.0,112.0,3.0,1.0,0.0,7.0,3.0,5.0,8.0,0.0,0.0,149.0,141.0,0.0,0.0,1.0,0.0,0.0,2.0,20.0,129.0,22.0,0.0,287.0,79.0,1.0,0.0,0.0,0.29244723357260227,0.0,316.45065,32.28572463989258,29901.790771484375,0.0,0.0,DF,94.63087248322147
371609,Franck KESSIE,43854,Côte d'Ivoire,CIV,Midfielder,0.0,4.0,0.0,0.0,0.0,0.0,0.0,0.0,0.0,1.0,3.0,0.0,0.0,4.0,2.0,1.0,2.0,0.0,0.0,5.0,2.0,6.796778559684753,4.0,1.0,1.0,4.0,0.0,135.0,13.0,2.0,0.0,6353.570068359375,821.9299774169922,19833.259765625,2657.0699462890625,14479.119140625,88.0,115.0,13.0,7.0,2.0,2.0,0.0,0.0,0.0,0.0,0.0,0.0,0.0,0.0,1.0,0.0,1.0,0.0,0.0,0.0,0.0,67.0,9.0,2.0,22.0,17.0,10.0,11.0,47.0,13.0,6.0,0.0,3.0,1.0,32.0,24.0,16.0,20.0,35.0,5.0,2.0,1.0,20.0,4.0,413.0,167.0,15.0,27.0,59.0,44.0,101.0,29.0,130.0,1.0,0.0,188.0,165.0,0.0,0.0,35.0,31.0,4.0,13.0,70.0,118.0,83.0,0.0,553.0,184.0,0.0,1.0,2.0,1.8188006430864334,1.0,389.5302333333334,32.13224411010742,44144.9501953125,0.7118004113435745,1.0,MF,87.7659574468085
486260,Christopher OPERI,43854,Côte d'Ivoire,CIV,Defender,0.0,0.0,0.0,0.0,0.0,0.0,0.0,,0.0,0.0,0.0,0.0,0.0,0.0,0.0,0.0,0.0,0.0,0.0,1.0,0.0,1.6024752855300903,1.0,0.0,0.0,1.0,0.0,20.0,3.0,2.0,0.0,1469.0,188.5500030517578,4588.099609375,657.02001953125,3795.749755859375,39.0,45.0,4.0,2.0,0.0,2.0,,,0.0,0.0,0.0,0.0,0.0,0.0,0.0,0.0,0.0,0.0,0.0,0.0,0.0,37.0,2.0,3.0,13.0,10.0,8.0,8.0,27.0,3.0,1.0,0.0,1.0,0.0,21.0,16.0,14.0,16.0,20.0,1.0,1.0,0.0,16.0,1.0,157.0,56.0,2.0,10.0,2.0,3.0,10.0,5.0,15.0,0.0,0.0,78.0,70.0,0.0,0.0,5.0,10.0,0.0,0.0,29.0,43.0,29.0,0.0,142.0,55.0,0.0,0.0,1.0,0.15439891815185547,7.0,100.30330000000001,30.84474754333496,10698.419921875,0.0,0.0,DF,89.74358974358975
486317,Guela DOUE,43854,Côte d'Ivoire,CIV,Defender,0.0,1.0,0.0,1.0,0.0,0.0,0.0,0.0,0.0,0.0,1.0,0.0,0.0,1.0,0.0,0.0,0.0,0.0,0.0,5.0,2.0,6.194453716278076,2.0,2.0,0.0,11.0,5.0,78.0,19.0,2.0,0.0,4065.1098022460938,793.690013885498,12769.569580078125,1731.4700393676758,11971.239929199219,80.0,101.0,12.0,6.0,5.0,2.0,0.0,0.0,0.0,0.0,0.0,0.0,0.0,0.0,0.0,0.0,0.0,0.0,0.0,0.0,0.0,66.0,3.0,5.0,24.0,20.0,14.0,16.0,50.0,9.0,5.0,1.0,4.0,2.0,33.0,25.0,18.0,23.0,39.0,3.0,3.0,1.0,31.0,4.0,343.0,144.0,10.0,29.0,38.0,18.0,26.0,59.0,85.0,0.0,0.0,163.0,143.0,0.0,0.0,25.0,28.0,3.0,5.0,68.0,82.0,73.0,0.0,353.0,132.0,1.0,1.0,0.0,0.58006327226758,27.0,311.1920166666667,33.79646682739258,31331.07958984375,0.012967835180461407,1.0,DF,87.73006134969326
430831,Ibrahim SANGARE,43854,Côte d'Ivoire,CIV,Midfielder,1.0,1.0,0.0,0.0,0.0,0.0,0.0,0.0,0.0,1.0,0.0,0.0,0.0,0.0,0.0,1.0,0.0,1.0,0.0,5.0,1.0,6.6336528062820435,4.0,1.0,0.0,1.0,0.0,114.0,29.0,10.0,0.0,4351.220031738281,347.8700141906738,14753.2890625,1483.7599487304688,12745.820373535156,77.0,97.0,23.0,2.0,4.0,10.0,0.0,0.0,0.0,0.0,0.0,0.0,0.0,0.0,0.0,0.0,0.0,0.0,0.0,0.0,0.0,55.0,2.0,0.0,15.0,10.0,9.0,13.0,42.0,4.0,2.0,1.0,1.0,1.0,36.0,30.0,29.0,33.0,35.0,1.0,0.0,0.0,27.0,4.0,391.0,134.0,8.0,2.0,20.0,32.0,38.0,16.0,54.0,0.0,0.0,190.0,172.0,0.0,0.0,26.0,9.0,0.0,5.0,73.0,107.0,78.0,0.0,387.0,110.0,1.0,1.0,0.0,0.48753183893859386,1.0,305.26345000000003,31.884506225585938,33681.9609375,0.004771494306623936,0.0,MF,90.52631578947368
486268,Emmanuel AGBADOU,43854,Côte d'Ivoire,CIV,Defender,0.0,3.0,0.0,0.0,0.0,0.0,0.0,0.0,0.0,1.0,1.0,0.0,0.0,1.0,0.0,2.0,1.0,2.0,1.0,2.0,0.0,4.157363653182983,2.0,0.0,0.0,0.0,0.0,28.0,8.0,3.0,0.0,2635.5099487304688,241.04999542236328,12637.219482421875,1000.7000122070312,12002.309814453125,42.0,55.0,4.0,0.0,0.0,4.0,0.0,0.0,0.0,0.0,0.0,0.0,0.0,14.0,0.0,0.0,0.0,0.0,1.0,1.0,0.0,39.0,1.0,6.0,29.0,24.0,20.0,22.0,29.0,1.0,0.0,0.0,0.0,0.0,9.0,5.0,1.0,2.0,22.0,0.0,4.0,0.0,13.0,3.0,323.0,125.0,7.0,0.0,6.0,25.0,17.0,14.0,31.0,0.0,0.0,154.0,142.0,0.0,0.0,14.0,5.0,0.0,6.0,25.0,112.0,31.0,0.0,250.0,72.0,0.0,0.0,0.0,0.21453998424112797,0.0,308.62403333333333,34.35000991821289,28516.7900390625,0.0479549802839756,0.0,DF,92.20779220779221
514208,Christ Inao OULAI,43854,Côte d'Ivoire,CIV,Midfielder,0.0,2.0,0.0,0.0,0.0,0.0,0.0,0.0,0.0,0.0,2.0,0.0,0.0,1.0,0.0,2.0,0.0,1.0,0.0,15.0,3.0,6.058885812759399,9.0,3.0,0.0,0.0,0.0,82.0,20.0,2.0,0.0,3000.129913330078,248.55999946594238,11469.920288085938,896.3000030517578,8631.450256347656,63.0,83.0,21.0,3.0,5.0,2.0,0.0,0.0,0.0,0.0,0.0,0.0,0.0,0.0,0.0,0.0,0.0,0.0,0.0,0.0,0.0,39.0,0.0,2.0,4.0,4.0,2.0,2.0,35.0,4.0,4.0,2.0,2.0,2.0,31.0,27.0,23.0,27.0,24.0,0.0,2.0,2.0,21.0,4.0,286.0,105.0,6.0,1.0,36.0,39.0,37.0,39.0,76.0,0.0,0.0,125.0,115.0,0.0,0.0,38.0,22.0,0.0,8.0,50.0,86.0,58.0,0.0,261.0,70.0,2.0,1.0,4.0,0.4072661083191633,0.0,240.67673333333335,32.071834564208984,24246.361083984375,0.13342728465795517,0.0,MF,92.0
433667,Josip STANISIC,43938,Croatia,CRO,Defender,1.0,0.0,0.0,0.0,0.0,0.0,0.0,0.0,0.0,0.0,0.0,0.0,0.0,0.0,0.0,0.0,0.0,0.0,0.0,3.0,3.0,6.187986493110657,3.0,3.0,0.0,5.0,1.0,75.0,17.0,4.0,0.0,4849.0400390625,1248.429931640625,17540.35986328125,2336.260009765625,16606.8095703125,78.0,95.0,19.0,0.0,3.0,4.0,0.0,0.0,0.0,0.0,0.0,0.0,0.0,0.0,0.0,0.0,0.0,0.0,0.0,0.0,0.0,60.0,4.0,4.0,25.0,19.0,17.0,17.0,36.0,9.0,6.0,4.0,4.0,1.0,26.0,11.0,8.0,17.0,42.0,1.0,1.0,1.0,26.0,4.0,322.0,155.0,7.0,41.0,56.0,66.0,30.0,133.0,163.0,0.0,0.0,162.0,140.0,0.0,0.0,51.0,22.0,3.0,1.0,50.0,85.0,51.0,0.0,418.0,196.0,0.0,0.0,2.0,0.568401999771595,35.0,413.65509999999995,33.678733825683594,42580.900390625,0.0,0.0,DF,86.41975308641975
448174,Marin PONGRACIC,43938,Croatia,CRO,Defender,0.0,1.0,0.0,0.0,0.0,0.0,0.0,1.0,0.0,0.0,0.0,0.0,0.0,1.0,0.0,1.0,0.0,0.0,0.0,9.0,1.0,4.190498948097229,9.0,1.0,0.0,0.0,0.0,13.0,7.0,3.0,0.0,3237.6399536132812,424.21002197265625,11658.410400390625,1325.010009765625,12337.909912109375,45.0,65.0,6.0,3.0,0.0,3.0,,,0.0,0.0,0.0,0.0,0.0,3.0,0.0,0.0,0.0,0.0,1.0,0.0,0.0,48.0,0.0,11.0,31.0,23.0,18.0,20.0,32.0,1.0,0.0,0.0,0.0,1.0,16.0,9.0,4.0,4.0,29.0,0.0,5.0,0.0,16.0,3.0,423.0,139.0,8.0,2.0,1.0,14.0,11.0,6.0,17.0,0.0,0.0,200.0,182.0,0.0,0.0,10.0,2.0,0.0,4.0,24.0,168.0,28.0,0.0,280.0,102.0,0.0,0.0,0.0,0.14781519398093224,1.0,311.63829999999996,32.403717041015625,28983.1796875,0.04904364421963692,0.0,DF,91.0
448180,Josko GVARDIOL,43938,Croatia,CRO,Defender,0.0,1.0,0.0,1.0,0.0,0.0,0.0,0.0,0.0,1.0,0.0,0.0,0.0,1.0,0.0,0.0,0.0,0.0,0.0,4.0,2.0,6.856129169464111,3.0,1.0,0.0,0.0,0.0,24.0,6.0,0.0,0.0,2954.569854736328,529.2199821472168,6435.7900390625,1252.7999725341797,7623.630218505859,47.0,59.0,2.0,2.0,3.0,0.0,0.0,0.0,0.0,0.0,0.0,0.0,0.0,0.0,0.0,0.0,0.0,0.0,0.0,0.0,0.0,45.0,3.0,3.0,13.0,10.0,7.0,7.0,30.0,7.0,4.0,1.0,1.0,3.0,25.0,16.0,11.0,16.0,26.0,1.0,2.0,2.0,19.0,4.0,187.0,79.0,3.0,2.0,3.0,5.0,2.0,8.0,10.0,0.0,0.0,89.0,77.0,0.0,0.0,4.0,8.0,0.0,4.0,24.0,60.0,28.0,0.0,238.0,88.0,2.0,1.0,0.0,1.2992435917258263,5.0,177.70013333333333,34.094669342041016,18796.009643554688,0.1849607229232788,0.0,DF,86.51685393258427
448171,Josip SUTALO,43938,Croatia,CRO,Defender,0.0,1.0,0.0,0.0,0.0,1.0,0.0,0.0,0.0,0.0,0.0,0.0,0.0,1.0,0.0,1.0,0.0,0.0,0.0,7.0,7.0,5.955537557601929,7.0,5.0,0.0,0.0,0.0,17.0,9.0,3.0,0.0,4525.530029296875,513.6400165557861,19146.779296875,1463.5299682617188,15305.3896484375,92.0,113.0,4.0,2.0,1.0,4.0,0.0,0.0,0.0,0.0,0.0,0.0,0.0,3.0,0.0,0.0,0.0,0.0,0.0,1.0,0.0,67.0,2.0,11.0,26.0,16.0,13.0,13.0,31.0,4.0,0.0,0.0,0.0,2.0,37.0,15.0,12.0,22.0,37.0,0.0,3.0,0.0,16.0,4.0,570.0,191.0,8.0,0.0,2.0,39.0,22.0,19.0,41.0,0.0,0.0,267.0,241.0,0.0,0.0,27.0,2.0,0.0,7.0,36.0,220.0,43.0,0.0,410.0,118.0,0.0,0.0,3.0,0.1905125267803669,2.0,413.65509999999995,32.30984115600586,40954.8701171875,0.05708557367324829,0.0,DF,90.2621722846442
339987,Mateo KOVACIC,43938,Croatia,CRO,Midfielder,1.0,5.0,0.0,1.0,2.0,0.0,0.0,0.0,0.0,1.0,2.0,0.0,0.0,1.0,1.0,0.0,4.0,4.0,3.0,9.0,2.0,6.726018786430359,8.0,2.0,0.0,0.0,0.0,95.0,16.0,7.0,0.0,4401.75,519.7400016784668,15169.16064453125,1445.5499725341797,10966.8798828125,105.0,126.0,7.0,3.0,3.0,7.0,0.0,0.0,0.0,0.0,0.0,0.0,0.0,0.0,0.0,0.0,0.0,0.0,0.0,0.0,0.0,47.0,2.0,0.0,18.0,16.0,15.0,16.0,41.0,3.0,2.0,1.0,1.0,0.0,26.0,23.0,22.0,24.0,30.0,1.0,0.0,0.0,24.0,4.0,442.0,143.0,12.0,4.0,27.0,57.0,60.0,28.0,88.0,0.0,0.0,208.0,198.0,0.0,0.0,48.0,15.0,1.0,4.0,82.0,130.0,86.0,0.0,354.0,108.0,1.0,3.0,2.0,0.28778357058763504,1.0,293.71925,32.16201400756836,32503.07958984375,0.4644425418227911,0.0,MF,95.1923076923077
241559,Luka MODRIC,43938,Croatia,CRO,Midfielder,1.0,1.0,0.0,0.0,0.0,0.0,1.0,1.0,0.0,0.0,0.0,0.0,0.0,1.0,0.0,1.0,0.0,0.0,0.0,5.0,2.0,6.083644509315491,4.0,2.0,7.0,9.0,4.0,48.0,12.0,21.0,0.0,4675.049987792969,560.6200141906738,15752.319580078125,1676.9600524902344,13876.60986328125,107.0,127.0,16.0,4.0,3.0,23.0,0.0,0.0,0.0,0.0,0.0,0.0,0.0,0.0,0.0,0.0,0.0,0.0,1.0,2.0,0.0,89.0,6.0,6.0,23.0,18.0,10.0,11.0,68.0,9.0,4.0,1.0,1.0,2.0,57.0,46.0,37.0,43.0,48.0,2.0,6.0,1.0,36.0,4.0,509.0,180.0,16.0,14.0,47.0,80.0,114.0,27.0,141.0,0.0,0.0,248.0,225.0,0.0,0.0,74.0,13.0,1.0,3.0,47.0,180.0,50.0,0.0,401.0,122.0,0.0,2.0,2.0,0.4982418529689312,0.0,360.5137833333333,32.09465408325195,36541.5595703125,0.052629511803388596,1.0,MF,90.7258064516129
409191,Nikola VLASIC,43938,Croatia,CRO,Midfielder,0.0,3.0,0.0,0.0,0.0,1.0,0.0,0.0,0.0,1.0,1.0,0.0,0.0,2.0,1.0,2.0,1.0,1.0,0.0,2.0,0.0,5.149752855300903,2.0,0.0,0.0,3.0,2.0,82.0,9.0,0.0,0.0,2961.209930419922,538.0400085449219,8909.070129394531,1350.5900421142578,8252.50048828125,35.0,46.0,14.0,5.0,0.0,0.0,0.0,0.0,0.0,0.0,0.0,0.0,0.0,0.0,1.0,0.0,1.0,0.0,1.0,0.0,0.0,12.0,1.0,0.0,1.0,0.0,0.0,0.0,6.0,3.0,2.0,2.0,2.0,0.0,8.0,4.0,4.0,7.0,12.0,0.0,0.0,0.0,6.0,3.0,105.0,48.0,8.0,30.0,28.0,9.0,38.0,29.0,67.0,2.0,0.0,40.0,33.0,0.0,0.0,20.0,22.0,1.0,5.0,40.0,8.0,45.0,0.0,263.0,96.0,1.0,2.0,2.0,2.8349363803863525,0.0,204.13228333333333,32.608787536621094,22011.41015625,0.1971585862338543,0.0,MF,82.5
380005,Mario PASALIC,43938,Croatia,CRO,Midfielder,0.0,4.0,0.0,1.0,0.0,0.0,1.0,0.0,0.0,0.0,3.0,0.0,0.0,1.0,0.0,2.0,1.0,3.0,1.0,1.0,0.0,6.432070374488831,0.0,0.0,0.0,0.0,0.0,23.0,8.0,1.0,0.0,2381.5000610351562,332.3800129890442,6305.669860839844,1163.3400039672852,6134.350189208984,26.0,35.0,7.0,2.0,0.0,1.0,0.0,0.0,0.0,0.0,0.0,0.0,0.0,0.0,0.0,0.0,0.0,0.0,1.0,0.0,0.0,11.0,0.0,1.0,3.0,3.0,2.0,2.0,11.0,1.0,1.0,0.0,0.0,1.0,7.0,7.0,5.0,5.0,4.0,0.0,1.0,1.0,4.0,4.0,119.0,51.0,6.0,3.0,17.0,11.0,23.0,8.0,31.0,1.0,0.0,50.0,45.0,0.0,0.0,10.0,9.0,0.0,4.0,18.0,33.0,22.0,0.0,218.0,78.0,3.0,1.0,0.0,1.9928991794586182,0.0,158.91989999999998,31.888023376464844,16317.239868164062,0.35576955415308475,0.0,MF,90.0
482774,Martin BATURINA,43938,Croatia,CRO,Midfielder,0.0,3.0,0.0,1.0,0.0,0.0,0.0,0.0,0.0,0.0,3.0,0.0,0.0,0.0,0.0,1.0,1.0,3.0,1.0,16.0,1.0,6.583574056625366,10.0,1.0,2.0,10.0,2.0,119.0,8.0,1.0,0.0,5665.070068359375,693.7899475097656,16578.85986328125,2335.9500732421875,12532.0,63.0,90.0,17.0,1.0,14.0,1.0,0.0,0.0,0.0,0.0,0.0,0.0,0.0,0.0,1.0,0.0,0.0,1.0,0.0,0.0,0.0,28.0,3.0,1.0,4.0,0.0,0.0,0.0,12.0,8.0,4.0,3.0,4.0,1.0,16.0,8.0,7.0,11.0,18.0,0.0,0.0,1.0,8.0,4.0,240.0,113.0,10.0,40.0,62.0,17.0,59.0,60.0,119.0,0.0,0.0,93.0,80.0,0.0,0.0,43.0,53.0,3.0,9.0,65.0,57.0,74.0,0.0,489.0,175.0,0.0,3.0,8.0,2.9426292777061462,2.0,344.2972500000001,33.58800506591797,37805.6708984375,0.09824090264737606,0.0,MF,86.02150537634408
485066,Petar SUCIC,43938,Croatia,CRO,Midfielder,1.0,3.0,0.0,0.0,0.0,0.0,0.0,0.0,0.0,1.0,2.0,0.0,0.0,1.0,1.0,1.0,2.0,2.0,1.0,11.0,1.0,7.000210881233215,7.0,1.0,0.0,6.0,1.0,152.0,25.0,1.0,0.0,6174.3502197265625,670.2799987792969,18598.810302734375,2391.4100494384766,11609.850158691406,71.0,100.0,11.0,7.0,6.0,1.0,0.0,0.0,0.0,0.0,0.0,0.0,0.0,0.0,1.0,0.0,0.0,1.0,0.0,0.0,0.0,33.0,1.0,1.0,9.0,7.0,6.0,7.0,20.0,5.0,1.0,1.0,3.0,1.0,19.0,12.0,11.0,16.0,20.0,0.0,1.0,0.0,13.0,4.0,294.0,124.0,12.0,44.0,73.0,47.0,98.0,66.0,164.0,1.0,0.0,127.0,110.0,0.0,0.0,57.0,43.0,6.0,7.0,55.0,88.0,62.0,0.0,548.0,158.0,1.0,0.0,2.0,2.090537156909704,0.0,338.9916666666667,31.829389572143555,39444.69970703125,0.14143357053399086,1.0,MF,86.61417322834646
431698,Jurien GAARI,1895293,Curaçao,CUW,Defender,0.0,2.0,0.0,0.0,0.0,1.0,0.0,0.0,0.0,0.0,1.0,0.0,0.0,1.0,0.0,2.0,0.0,1.0,0.0,1.0,0.0,3.834509531656901,1.0,0.0,0.0,0.0,0.0,30.0,14.0,3.0,0.0,1759.4199829101562,443.32000732421875,7065.570068359375,739.1900024414062,7242.75,23.0,37.0,8.0,4.0,1.0,3.0,,,0.0,0.0,0.0,0.0,0.0,0.0,0.0,0.0,0.0,0.0,1.0,0.0,0.0,27.0,1.0,6.0,15.0,10.0,7.0,8.0,15.0,1.0,0.0,0.0,0.0,0.0,11.0,5.0,2.0,4.0,20.0,0.0,3.0,0.0,12.0,2.0,114.0,48.0,5.0,0.0,2.0,19.0,11.0,10.0,21.0,0.0,0.0,54.0,41.0,0.0,0.0,8.0,3.0,0.0,2.0,22.0,30.0,24.0,0.0,151.0,71.0,0.0,1.0,0.0,0.051060935482382774,1.0,180.07026666666667,32.522865295410156,17250.24951171875,0.10778623819351196,1.0,DF,75.92592592592592
466350,Sherel FLORANUS,1895293,Curaçao,CUW,Defender,0.0,2.0,0.0,0.0,0.0,0.0,0.0,0.0,0.0,0.0,2.0,0.0,0.0,1.0,0.0,2.0,0.0,1.0,0.0,2.0,1.0,5.970255374908447,2.0,1.0,0.0,0.0,0.0,95.0,25.0,2.0,0.0,3719.1199951171875,796.2100067138672,12556.080322265625,1487.5200500488281,11334.7998046875,57.0,66.0,16.0,2.0,0.0,3.0,0.0,0.0,0.0,0.0,0.0,0.0,0.0,0.0,0.0,0.0,0.0,0.0,0.0,1.0,0.0,52.0,3.0,3.0,22.0,17.0,15.0,16.0,34.0,3.0,1.0,0.0,0.0,0.0,27.0,16.0,14.0,21.0,28.0,1.0,1.0,0.0,22.0,3.0,232.0,105.0,9.0,10.0,11.0,12.0,14.0,19.0,33.0,1.0,0.0,112.0,95.0,0.0,0.0,7.0,8.0,0.0,3.0,39.0,59.0,42.0,0.0,320.0,116.0,0.0,0.0,1.0,0.2766946256160736,12.0,300.2891666666667,33.3381462097168,29893.73046875,0.17338263243436813,0.0,DF,84.82142857142857
466317,Juninho BACUNA,1895293,Curaçao,CUW,Midfielder,0.0,5.0,0.0,0.0,0.0,0.0,0.0,0.0,0.0,0.0,4.0,0.0,0.0,2.0,0.0,3.0,1.0,3.0,1.0,20.0,1.0,6.170010566711426,9.0,1.0,2.0,5.0,1.0,148.0,21.0,2.0,0.0,3861.90966796875,804.9200134277344,10980.170166015625,1727.4800415039062,11370.469970703125,55.0,87.0,16.0,6.0,3.0,2.0,0.0,0.0,0.0,0.0,0.0,0.0,0.0,0.0,0.0,0.0,0.0,0.0,1.0,0.0,0.0,31.0,1.0,2.0,8.0,6.0,5.0,5.0,19.0,4.0,1.0,1.0,3.0,0.0,19.0,12.0,11.0,16.0,25.0,0.0,1.0,0.0,16.0,3.0,201.0,101.0,13.0,13.0,27.0,5.0,25.0,20.0,45.0,0.0,0.0,75.0,60.0,0.0,0.0,17.0,36.0,4.0,5.0,66.0,37.0,71.0,0.0,305.0,142.0,0.0,1.0,7.0,1.2976018339395523,1.0,280.02955,32.07666778564453,28744.94921875,0.3316208943724632,2.0,MF,80.0
494989,Livano COMENENCIA,1895293,Curaçao,CUW,Midfielder,0.0,5.0,0.0,1.0,1.0,0.0,0.0,0.0,0.0,2.0,2.0,0.0,0.0,2.0,2.0,1.0,2.0,3.0,0.0,8.0,0.0,6.8844858805338545,5.0,0.0,0.0,1.0,1.0,102.0,19.0,1.0,0.0,3932.0,546.7400054931641,12905.770263671875,1594.47998046875,9829.070068359375,41.0,62.0,13.0,4.0,1.0,1.0,0.0,0.0,0.0,0.0,0.0,0.0,0.0,0.0,1.0,0.0,1.0,0.0,0.0,0.0,0.0,23.0,3.0,0.0,7.0,3.0,2.0,4.0,14.0,4.0,2.0,1.0,1.0,0.0,12.0,9.0,8.0,9.0,23.0,1.0,0.0,0.0,14.0,3.0,160.0,82.0,12.0,6.0,42.0,21.0,50.0,19.0,69.0,0.0,0.0,62.0,50.0,0.0,0.0,19.0,11.0,1.0,3.0,41.0,35.0,44.0,0.0,342.0,117.0,0.0,2.0,2.0,0.43141064047813416,0.0,253.00663333333333,32.029964447021484,28808.060546875,0.3072870075702667,1.0,MF,80.64516129032258
466340,Leandro BACUNA,1895293,Curaçao,CUW,Midfielder,0.0,6.0,0.0,0.0,1.0,0.0,0.0,2.0,0.0,1.0,2.0,0.0,0.0,3.0,0.0,4.0,1.0,3.0,1.0,11.0,1.0,5.883925755818685,6.0,1.0,1.0,4.0,0.0,110.0,17.0,12.0,0.0,3399.9898681640625,454.6899871826172,12948.1201171875,1235.4599914550781,11417.550048828125,69.0,88.0,18.0,3.0,3.0,12.0,0.0,0.0,0.0,0.0,0.0,0.0,0.0,0.0,0.0,0.0,0.0,0.0,2.0,0.0,0.0,44.0,2.0,3.0,18.0,14.0,13.0,13.0,27.0,4.0,1.0,0.0,0.0,2.0,22.0,12.0,10.0,15.0,18.0,0.0,1.0,1.0,16.0,3.0,291.0,123.0,11.0,5.0,33.0,24.0,41.0,21.0,62.0,0.0,0.0,125.0,108.0,0.0,0.0,28.0,24.0,0.0,6.0,54.0,74.0,60.0,0.0,315.0,88.0,0.0,0.0,4.0,0.20827167853713036,1.0,300.2891666666667,31.84943389892578,29455.810546875,0.32688649371266365,1.0,MF,86.4
511141,Armando OBISPO,1895293,Curaçao,CUW,Defender,0.0,0.0,0.0,0.0,0.0,0.0,0.0,,0.0,0.0,0.0,0.0,0.0,0.0,0.0,0.0,0.0,0.0,0.0,2.0,1.0,5.335681120554606,2.0,1.0,0.0,0.0,0.0,24.0,9.0,1.0,0.0,2222.5399780273438,331.0600051879883,10472.159912109375,760.2200317382812,12927.80029296875,27.0,32.0,4.0,1.0,0.0,1.0,0.0,0.0,0.0,0.0,0.0,0.0,0.0,13.0,0.0,0.0,0.0,0.0,0.0,0.0,0.0,37.0,1.0,6.0,26.0,21.0,18.0,19.0,27.0,1.0,1.0,0.0,0.0,0.0,10.0,5.0,2.0,3.0,20.0,1.0,2.0,0.0,15.0,3.0,214.0,97.0,4.0,0.0,4.0,12.0,8.0,8.0,16.0,1.0,0.0,97.0,87.0,0.0,0.0,4.0,1.0,0.0,1.0,20.0,66.0,21.0,0.0,189.0,65.0,0.0,0.0,1.0,0.19801856204867363,0.0,300.2891666666667,33.177371978759766,26713.779296875,0.0,0.0,DF,89.69072164948454
401023,Joshua BRENET,1895293,Curaçao,CUW,Defender,0.0,0.0,0.0,0.0,0.0,0.0,0.0,0.0,0.0,0.0,0.0,0.0,0.0,0.0,0.0,0.0,0.0,0.0,0.0,7.0,0.0,3.9599108695983887,3.0,0.0,0.0,1.0,0.0,65.0,6.0,1.0,0.0,2250.5601806640625,405.6899871826172,7400.76025390625,1199.2900390625,7897.990234375,30.0,43.0,17.0,0.0,1.0,1.0,,,0.0,0.0,0.0,0.0,0.0,0.0,0.0,0.0,0.0,0.0,0.0,0.0,0.0,35.0,1.0,3.0,16.0,9.0,7.0,12.0,21.0,3.0,1.0,1.0,2.0,0.0,16.0,11.0,9.0,12.0,24.0,0.0,2.0,0.0,17.0,2.0,121.0,62.0,4.0,18.0,20.0,6.0,8.0,36.0,44.0,1.0,0.0,63.0,49.0,0.0,0.0,14.0,10.0,1.0,1.0,31.0,18.0,32.0,0.0,191.0,97.0,0.0,1.0,2.0,0.3337968736886978,19.0,193.20503333333335,32.533477783203125,19154.2900390625,0.0,0.0,DF,77.77777777777779
485347,Tahith CHONG,1895293,Curaçao,CUW,Midfielder,0.0,4.0,0.0,0.0,1.0,0.0,0.0,0.0,0.0,1.0,2.0,0.0,0.0,2.0,1.0,2.0,2.0,2.0,1.0,20.0,0.0,6.136241912841797,11.0,0.0,0.0,0.0,0.0,113.0,9.0,1.0,0.0,3368.16015625,790.7799987792969,8895.459716796875,1477.2400512695312,12786.439453125,51.0,73.0,5.0,3.0,13.0,1.0,0.0,0.0,0.0,0.0,0.0,0.0,0.0,0.0,0.0,0.0,0.0,0.0,0.0,0.0,0.0,29.0,2.0,0.0,4.0,3.0,2.0,2.0,20.0,11.0,7.0,3.0,6.0,3.0,14.0,10.0,6.0,9.0,18.0,1.0,0.0,3.0,13.0,3.0,169.0,97.0,9.0,31.0,78.0,7.0,73.0,43.0,116.0,0.0,0.0,61.0,51.0,0.0,0.0,43.0,38.0,4.0,10.0,68.0,16.0,78.0,0.0,293.0,107.0,0.0,2.0,9.0,1.49905326962471,0.0,267.53009999999995,33.973506927490234,27318.078125,0.19616780430078506,0.0,MF,83.60655737704919
398569,Riechedly Bazoer,1895293,Curaçao,CUW,Defender,0.0,0.0,0.0,0.0,0.0,0.0,0.0,,0.0,0.0,0.0,0.0,0.0,0.0,0.0,0.0,0.0,0.0,0.0,0.0,1.0,1.6944890022277832,0.0,1.0,0.0,0.0,0.0,11.0,3.0,1.0,0.0,724.9199829101562,85.33000183105469,3211.0498046875,220.55999755859375,4264.9599609375,16.0,20.0,1.0,2.0,0.0,1.0,0.0,0.0,0.0,0.0,0.0,0.0,0.0,0.0,0.0,0.0,0.0,0.0,0.0,0.0,0.0,17.0,0.0,6.0,9.0,7.0,3.0,3.0,13.0,0.0,0.0,0.0,0.0,0.0,8.0,6.0,2.0,2.0,11.0,0.0,4.0,0.0,9.0,1.0,71.0,27.0,1.0,0.0,3.0,15.0,9.0,9.0,18.0,0.0,0.0,36.0,31.0,0.0,0.0,10.0,1.0,0.0,0.0,4.0,31.0,4.0,0.0,60.0,15.0,0.0,0.0,0.0,0.016597352921962738,0.0,100.35128333333333,27.827388763427734,8506.8203125,0.0,0.0,DF,86.11111111111111
506471,Deveron FONVILLE,1895293,Curaçao,CUW,Defender,0.0,0.0,0.0,0.0,0.0,0.0,0.0,0.0,0.0,0.0,0.0,0.0,0.0,0.0,0.0,0.0,0.0,0.0,0.0,13.0,0.0,5.887185732523601,9.0,0.0,0.0,0.0,0.0,73.0,19.0,1.0,0.0,2915.9601440429688,838.7300109863281,9812.300048828125,1453.6799926757812,10496.079833984375,44.0,61.0,9.0,2.0,3.0,1.0,0.0,0.0,0.0,0.0,0.0,0.0,0.0,0.0,0.0,0.0,0.0,0.0,0.0,0.0,0.0,27.0,2.0,3.0,9.0,7.0,4.0,4.0,19.0,3.0,1.0,1.0,1.0,0.0,15.0,11.0,8.0,10.0,24.0,0.0,3.0,0.0,17.0,3.0,151.0,82.0,5.0,5.0,8.0,4.0,3.0,14.0,17.0,0.0,0.0,66.0,55.0,0.0,0.0,6.0,9.0,0.0,4.0,49.0,19.0,53.0,0.0,239.0,132.0,0.0,2.0,4.0,0.29734300449490547,6.0,260.45285,34.65265655517578,25516.75048828125,0.0,0.0,DF,83.33333333333334
441167,Tomas HOLES,43995,Czechia,CZE,Defender,0.0,0.0,0.0,0.0,0.0,0.0,0.0,,0.0,0.0,0.0,0.0,0.0,0.0,0.0,0.0,0.0,0.0,0.0,2.0,3.0,4.109429677327474,1.0,3.0,0.0,0.0,0.0,37.0,7.0,2.0,0.0,2429.0399780273438,267.57999420166016,7686.63037109375,744.0199890136719,6355.870361328125,34.0,41.0,8.0,2.0,2.0,2.0,,,0.0,0.0,0.0,0.0,0.0,0.0,0.0,0.0,0.0,0.0,0.0,0.0,0.0,32.0,1.0,8.0,15.0,11.0,6.0,6.0,21.0,1.0,0.0,0.0,0.0,0.0,16.0,10.0,5.0,7.0,14.0,0.0,5.0,0.0,10.0,2.0,146.0,64.0,3.0,2.0,0.0,10.0,3.0,9.0,12.0,0.0,0.0,66.0,55.0,0.0,0.0,5.0,2.0,0.0,1.0,14.0,50.0,15.0,0.0,203.0,58.0,0.0,1.0,1.0,0.209339439868927,0.0,169.3678,32.493499755859375,17483.1396484375,0.0,0.0,DF,83.33333333333334
486080,Robin HRANAC,43995,Czechia,CZE,Defender,0.0,0.0,0.0,0.0,0.0,0.0,0.0,,0.0,0.0,0.0,0.0,0.0,0.0,0.0,0.0,0.0,0.0,0.0,0.0,0.0,5.861004670461019,0.0,0.0,0.0,1.0,0.0,37.0,15.0,3.0,0.0,3635.380126953125,281.6399955749512,12686.519775390625,1141.6799926757812,11673.229736328125,30.0,35.0,15.0,6.0,0.0,3.0,0.0,0.0,0.0,0.0,0.0,0.0,0.0,0.0,0.0,0.0,0.0,0.0,0.0,0.0,0.0,38.0,2.0,11.0,21.0,11.0,6.0,8.0,17.0,2.0,0.0,0.0,0.0,0.0,15.0,6.0,1.0,2.0,15.0,0.0,5.0,0.0,9.0,3.0,249.0,97.0,5.0,2.0,1.0,8.0,6.0,5.0,11.0,0.0,0.0,116.0,104.0,0.0,0.0,6.0,1.0,0.0,0.0,13.0,102.0,13.0,0.0,311.0,94.0,0.0,0.0,0.0,0.37495456635951996,0.0,301.0626833333333,32.003807067871094,29418.4501953125,0.0,0.0,DF,89.65517241379311
472908,Vladimir COUFAL,43995,Czechia,CZE,Defender,1.0,1.0,0.0,1.0,0.0,0.0,1.0,0.0,0.0,0.0,0.0,0.0,0.0,1.0,0.0,0.0,0.0,0.0,0.0,3.0,1.0,6.818635781606038,1.0,0.0,9.0,20.0,6.0,49.0,10.0,5.0,0.0,5458.590087890625,662.8700103759766,14500.22021484375,1957.5499877929688,11645.62939453125,45.0,70.0,5.0,4.0,3.0,5.0,0.0,0.0,0.0,0.0,0.0,0.0,0.0,0.0,0.0,0.0,0.0,0.0,1.0,0.0,0.0,64.0,5.0,6.0,19.0,11.0,5.0,8.0,33.0,10.0,6.0,2.0,3.0,2.0,35.0,16.0,9.0,22.0,32.0,3.0,3.0,1.0,18.0,3.0,252.0,133.0,13.0,42.0,29.0,15.0,11.0,75.0,86.0,1.0,0.0,110.0,79.0,0.0,0.0,23.0,27.0,3.0,3.0,41.0,61.0,44.0,0.0,443.0,154.0,0.0,0.0,1.0,0.7112753689289093,24.0,301.0626833333333,30.5787410736084,34224.861328125,0.01705164834856987,0.0,DF,71.81818181818181
514334,Stepan CHALOUPEK,43995,Czechia,CZE,Defender,0.0,0.0,0.0,0.0,0.0,0.0,0.0,,0.0,0.0,0.0,0.0,0.0,0.0,0.0,0.0,0.0,0.0,0.0,0.0,1.0,2.182393709818522,0.0,1.0,0.0,0.0,0.0,22.0,15.0,0.0,0.0,1553.6600341796875,210.0500030517578,4497.6396484375,535.9599609375,4076.349853515625,4.0,9.0,1.0,1.0,0.0,0.0,0.0,0.0,0.0,0.0,0.0,0.0,0.0,0.0,0.0,0.0,0.0,0.0,0.0,0.0,0.0,13.0,1.0,1.0,4.0,2.0,2.0,2.0,6.0,1.0,0.0,0.0,0.0,0.0,8.0,4.0,4.0,6.0,7.0,0.0,0.0,0.0,3.0,1.0,54.0,26.0,0.0,0.0,0.0,4.0,0.0,4.0,4.0,0.0,0.0,22.0,15.0,0.0,0.0,3.0,1.0,0.0,0.0,9.0,17.0,9.0,0.0,141.0,46.0,0.0,0.0,0.0,0.1674260050058365,0.0,99.60738333333333,33.99915313720703,10873.66015625,0.0,0.0,DF,68.18181818181817
441170,Ladislav KREJCI,43995,Czechia,CZE,Defender,0.0,5.0,0.0,1.0,0.0,2.0,1.0,0.0,0.0,0.0,2.0,0.0,0.0,5.0,1.0,1.0,1.0,0.0,0.0,1.0,1.0,6.45753812789917,1.0,1.0,0.0,2.0,1.0,30.0,10.0,5.0,0.0,4501.789794921875,143.48000144958496,14535.1904296875,1216.68994140625,12010.59912109375,69.0,88.0,2.0,6.0,2.0,7.0,0.0,0.0,0.0,0.0,0.0,0.0,0.0,9.0,1.0,0.0,1.0,0.0,5.0,2.0,0.0,71.0,2.0,7.0,39.0,32.0,28.0,30.0,50.0,2.0,1.0,0.0,0.0,0.0,30.0,17.0,13.0,21.0,50.0,1.0,3.0,0.0,38.0,3.0,333.0,137.0,9.0,4.0,3.0,37.0,18.0,26.0,44.0,0.0,0.0,160.0,135.0,0.0,0.0,24.0,9.0,1.0,8.0,35.0,104.0,43.0,0.0,373.0,81.0,0.0,0.0,0.0,0.7742796018719673,7.0,301.0626833333333,29.779701232910156,32407.7490234375,0.5402602404356003,1.0,DF,84.375
486081,Lukas CERV,43995,Czechia,CZE,Midfielder,0.0,3.0,0.0,0.0,0.0,0.0,0.0,0.0,0.0,3.0,0.0,0.0,0.0,1.0,1.0,0.0,2.0,2.0,1.0,5.0,1.0,4.243162473042806,3.0,1.0,0.0,1.0,0.0,27.0,11.0,0.0,0.0,2561.1199951171875,89.80999946594238,8678.509765625,767.1199951171875,6129.68994140625,20.0,27.0,6.0,3.0,3.0,0.0,,,0.0,0.0,0.0,0.0,0.0,0.0,0.0,0.0,0.0,0.0,0.0,0.0,0.0,19.0,2.0,3.0,6.0,2.0,1.0,1.0,9.0,2.0,0.0,0.0,0.0,0.0,11.0,7.0,6.0,6.0,9.0,0.0,1.0,0.0,7.0,2.0,97.0,45.0,4.0,2.0,28.0,37.0,54.0,13.0,67.0,0.0,0.0,42.0,36.0,0.0,0.0,23.0,4.0,0.0,0.0,18.0,31.0,18.0,0.0,204.0,53.0,0.0,2.0,1.0,0.19350719451904297,0.0,172.187,28.67286491394043,18226.25,0.06248646043241024,0.0,MF,85.71428571428571
484011,Lukas PROVOD,43995,Czechia,CZE,Midfielder,0.0,1.0,0.0,0.0,0.0,0.0,0.0,0.0,0.0,1.0,0.0,0.0,0.0,0.0,0.0,1.0,0.0,1.0,0.0,4.0,0.0,6.943658192952474,2.0,0.0,0.0,2.0,1.0,49.0,5.0,0.0,0.0,2914.4800415039062,412.11000061035156,6749.2601318359375,1102.6200256347656,4832.750244140625,20.0,30.0,9.0,2.0,1.0,0.0,0.0,0.0,0.0,0.0,0.0,0.0,0.0,0.0,0.0,0.0,0.0,0.0,0.0,0.0,0.0,16.0,1.0,2.0,4.0,4.0,1.0,1.0,14.0,3.0,3.0,2.0,2.0,0.0,9.0,7.0,4.0,6.0,8.0,1.0,2.0,0.0,7.0,3.0,109.0,47.0,3.0,31.0,15.0,4.0,24.0,26.0,50.0,1.0,0.0,48.0,37.0,0.0,0.0,15.0,24.0,2.0,4.0,16.0,34.0,20.0,0.0,228.0,88.0,2.0,1.0,1.0,1.8122997283935547,2.0,137.64870000000002,33.302330017089844,16011.219970703125,0.04558223858475685,0.0,MF,77.08333333333334
433668,Michal SADILEK,43995,Czechia,CZE,Midfielder,0.0,7.0,0.0,1.0,0.0,0.0,0.0,0.0,0.0,2.0,4.0,0.0,0.0,5.0,2.0,2.0,3.0,2.0,1.0,0.0,2.0,7.161083221435547,0.0,2.0,5.0,11.0,2.0,75.0,4.0,11.0,0.0,4412.23974609375,477.73998260498047,11258.480224609375,1527.4501037597656,6536.6397705078125,28.0,43.0,10.0,0.0,3.0,11.0,0.0,0.0,0.0,0.0,0.0,0.0,0.0,0.0,1.0,0.0,1.0,0.0,1.0,0.0,0.0,35.0,3.0,2.0,9.0,6.0,4.0,4.0,21.0,4.0,2.0,0.0,0.0,1.0,22.0,13.0,10.0,16.0,18.0,1.0,1.0,1.0,11.0,3.0,201.0,94.0,12.0,15.0,26.0,26.0,35.0,32.0,67.0,0.0,0.0,84.0,69.0,0.0,0.0,23.0,16.0,2.0,3.0,33.0,50.0,36.0,0.0,385.0,125.0,1.0,1.0,0.0,0.6401607915759087,0.0,204.00071666666668,29.79463005065918,24212.549560546875,0.7041301503777504,0.0,MF,82.14285714285714
441166,Jaroslav ZELENY,43995,Czechia,CZE,Defender,0.0,1.0,0.0,0.0,0.0,0.0,0.0,1.0,0.0,0.0,0.0,0.0,0.0,1.0,0.0,0.0,0.0,0.0,0.0,4.0,0.0,4.334322929382324,3.0,0.0,0.0,2.0,1.0,36.0,3.0,0.0,0.0,1956.2799682617188,269.7200012207031,6645.4801025390625,943.739990234375,5666.329833984375,24.0,37.0,6.0,0.0,2.0,0.0,0.0,0.0,0.0,0.0,0.0,0.0,0.0,0.0,0.0,0.0,0.0,0.0,1.0,0.0,0.0,16.0,0.0,4.0,7.0,5.0,3.0,3.0,11.0,1.0,0.0,0.0,1.0,0.0,8.0,6.0,4.0,4.0,13.0,0.0,2.0,0.0,8.0,2.0,105.0,54.0,3.0,8.0,11.0,2.0,6.0,15.0,21.0,0.0,0.0,47.0,35.0,0.0,0.0,6.0,15.0,2.0,3.0,8.0,35.0,11.0,0.0,162.0,69.0,1.0,0.0,1.0,0.5190969854593277,7.0,142.47899999999998,30.370893478393555,15481.54931640625,0.015176655724644661,0.0,DF,74.46808510638297
483936,David DOUDERA,43995,Czechia,CZE,Defender,0.0,4.0,0.0,0.0,0.0,0.0,1.0,0.0,0.0,3.0,0.0,0.0,0.0,1.0,0.0,4.0,0.0,3.0,0.0,2.0,0.0,2.0948400497436523,1.0,0.0,0.0,4.0,1.0,23.0,0.0,0.0,0.0,1309.3399658203125,88.33999633789062,4606.64990234375,428.2499694824219,4053.999755859375,20.0,35.0,1.0,0.0,1.0,0.0,,,0.0,0.0,0.0,0.0,0.0,0.0,0.0,0.0,0.0,0.0,0.0,0.0,0.0,25.0,2.0,3.0,8.0,5.0,3.0,3.0,13.0,3.0,0.0,0.0,0.0,1.0,14.0,8.0,6.0,8.0,18.0,0.0,2.0,0.0,11.0,1.0,107.0,51.0,5.0,10.0,10.0,3.0,7.0,16.0,23.0,0.0,0.0,47.0,34.0,0.0,0.0,6.0,10.0,0.0,0.0,20.0,28.0,20.0,0.0,114.0,34.0,0.0,0.0,1.0,0.21684549748897552,8.0,100.11358333333334,29.211578369140625,10486.580078125,0.045317597687244415,0.0,DF,72.3404255319149
404885,Tomas SOUCEK,43995,Czechia,CZE,Midfielder,0.0,1.0,0.0,0.0,0.0,1.0,0.0,1.0,0.0,0.0,0.0,0.0,0.0,1.0,0.0,1.0,0.0,0.0,0.0,0.0,0.0,7.016007741292317,0.0,0.0,0.0,0.0,0.0,42.0,5.0,1.0,0.0,3169.829833984375,196.94001007080078,8710.490356445312,941.7199859619141,4919.839782714844,13.0,21.0,4.0,3.0,1.0,1.0,0.0,0.0,0.0,0.0,0.0,0.0,0.0,0.0,0.0,0.0,0.0,0.0,0.0,0.0,0.0,16.0,1.0,1.0,4.0,3.0,2.0,2.0,12.0,2.0,1.0,0.0,0.0,1.0,10.0,8.0,6.0,7.0,6.0,0.0,1.0,1.0,3.0,3.0,99.0,45.0,2.0,3.0,16.0,8.0,20.0,7.0,27.0,2.0,0.0,44.0,35.0,0.0,0.0,10.0,5.0,0.0,2.0,15.0,30.0,17.0,0.0,264.0,57.0,2.0,1.0,0.0,3.079863101243973,0.0,152.65538333333333,28.511974334716797,17938.819580078125,0.1244342029094696,0.0,MF,79.54545454545455
523097,Alexandr SOJKA,43995,Czechia,CZE,Midfielder,1.0,0.0,0.0,0.0,0.0,0.0,0.0,0.0,0.0,0.0,0.0,0.0,0.0,0.0,0.0,0.0,0.0,0.0,0.0,4.0,3.0,8.036978721618652,4.0,1.0,1.0,5.0,2.0,84.0,9.0,2.0,0.0,3755.18994140625,334.85000801086426,8333.149963378906,1528.3700561523438,5676.510223388672,41.0,53.0,18.0,0.0,2.0,2.0,0.0,0.0,0.0,0.0,0.0,0.0,0.0,0.0,0.0,0.0,0.0,0.0,0.0,0.0,0.0,24.0,1.0,1.0,7.0,4.0,4.0,5.0,14.0,1.0,0.0,0.0,0.0,0.0,16.0,10.0,10.0,14.0,16.0,0.0,0.0,0.0,11.0,3.0,155.0,71.0,5.0,10.0,36.0,20.0,26.0,40.0,66.0,0.0,0.0,65.0,52.0,0.0,0.0,23.0,24.0,0.0,4.0,40.0,32.0,44.0,0.0,321.0,108.0,1.0,2.0,3.0,0.44045115634799004,2.0,155.35448333333335,29.88286590576172,19628.069580078125,0.0,0.0,MF,80.0
424031,Piero HINCAPIE,43927,Ecuador,ECU,Defender,0.0,3.0,0.0,0.0,0.0,3.0,0.0,0.0,0.0,0.0,0.0,0.0,0.0,3.0,0.0,2.0,0.0,0.0,0.0,7.0,0.0,6.350379228591919,3.0,0.0,1.0,15.0,2.0,80.0,29.0,4.0,1.0,5290.830078125,1432.6299743652344,15856.8095703125,2506.1300048828125,14744.5693359375,58.0,98.0,11.0,5.0,4.0,4.0,0.0,0.0,0.0,0.0,0.0,0.0,0.0,4.0,0.0,0.0,0.0,0.0,3.0,0.0,0.0,70.0,5.0,5.0,17.0,11.0,6.0,7.0,38.0,13.0,4.0,1.0,7.0,1.0,40.0,23.0,18.0,29.0,40.0,3.0,2.0,0.0,21.0,4.0,419.0,182.0,13.0,39.0,35.0,37.0,30.0,81.0,111.0,0.0,0.0,189.0,160.0,0.0,0.0,42.0,33.0,7.0,10.0,47.0,134.0,57.0,1.0,420.0,192.0,0.0,1.0,2.0,0.9821664988994598,20.0,376.90566666666666,33.646183013916016,39830.9697265625,0.39592552185058594,1.0,DF,84.65608465608466
463465,Joel ORDONEZ,43927,Ecuador,ECU,Defender,0.0,2.0,0.0,1.0,0.0,1.0,0.0,0.0,0.0,0.0,0.0,0.0,0.0,2.0,0.0,1.0,0.0,0.0,0.0,2.0,1.0,4.182374715805054,1.0,1.0,0.0,0.0,0.0,18.0,5.0,1.0,0.0,2571.8099365234375,254.68000411987305,9342.219970703125,1118.2699737548828,10289.809326171875,36.0,50.0,7.0,1.0,1.0,1.0,0.0,0.0,0.0,0.0,0.0,0.0,0.0,0.0,0.0,0.0,0.0,0.0,1.0,0.0,0.0,36.0,2.0,10.0,16.0,9.0,3.0,4.0,20.0,2.0,1.0,0.0,0.0,0.0,18.0,10.0,4.0,6.0,30.0,1.0,5.0,0.0,16.0,3.0,239.0,87.0,5.0,0.0,1.0,10.0,6.0,5.0,11.0,0.0,0.0,113.0,101.0,0.0,0.0,7.0,1.0,0.0,3.0,16.0,97.0,19.0,0.0,227.0,82.0,0.0,1.0,1.0,0.3043251261115074,1.0,253.95265,30.93953514099121,23576.7900390625,0.25707918405532837,0.0,DF,89.38053097345133
448290,Willian PACHO,43927,Ecuador,ECU,Defender,0.0,1.0,0.0,0.0,0.0,0.0,0.0,0.0,0.0,1.0,0.0,0.0,0.0,1.0,1.0,0.0,1.0,0.0,0.0,6.0,0.0,5.2037882804870605,6.0,0.0,0.0,0.0,0.0,51.0,12.0,4.0,0.0,3288.2999877929688,704.4099884033203,12247.0302734375,1424.8999328613281,17682.38037109375,56.0,79.0,10.0,3.0,2.0,5.0,0.0,0.0,0.0,0.0,0.0,0.0,0.0,15.0,0.0,0.0,0.0,0.0,1.0,1.0,0.0,56.0,2.0,8.0,34.0,22.0,21.0,24.0,31.0,2.0,0.0,0.0,0.0,0.0,20.0,9.0,8.0,10.0,38.0,0.0,1.0,0.0,18.0,4.0,488.0,172.0,8.0,0.0,0.0,45.0,29.0,16.0,45.0,0.0,0.0,238.0,217.0,0.0,0.0,27.0,1.0,0.0,1.0,36.0,187.0,37.0,0.0,284.0,119.0,0.0,0.0,1.0,0.34602148830890656,0.0,407.5486833333333,32.889015197753906,35347.0205078125,0.10813898593187332,0.0,DF,91.17647058823529
389782,Pervis ESTUPINAN,43927,Ecuador,ECU,Defender,0.0,0.0,0.0,0.0,0.0,0.0,0.0,0.0,0.0,0.0,0.0,0.0,0.0,0.0,0.0,0.0,0.0,0.0,0.0,0.0,0.0,3.3059582710266113,0.0,0.0,0.0,3.0,0.0,25.0,3.0,0.0,0.0,1722.4100952148438,406.47004318237305,4044.4300537109375,913.9900360107422,3929.929931640625,33.0,37.0,2.0,3.0,0.0,0.0,,,0.0,0.0,0.0,0.0,0.0,0.0,0.0,0.0,0.0,0.0,0.0,0.0,0.0,24.0,2.0,2.0,5.0,1.0,0.0,1.0,12.0,3.0,0.0,0.0,1.0,0.0,16.0,11.0,10.0,12.0,9.0,0.0,1.0,0.0,6.0,2.0,130.0,54.0,5.0,24.0,13.0,11.0,22.0,26.0,48.0,0.0,0.0,61.0,55.0,0.0,0.0,11.0,23.0,3.0,1.0,18.0,41.0,19.0,0.0,144.0,70.0,1.0,1.0,0.0,0.5117276683449745,7.0,100.64024999999998,30.849700927734375,11017.23046875,0.0,0.0,DF,90.1639344262295
424036,Pedro VITE,43927,Ecuador,ECU,Midfielder,1.0,4.0,0.0,0.0,1.0,0.0,0.0,0.0,0.0,0.0,3.0,0.0,0.0,1.0,0.0,3.0,1.0,3.0,1.0,5.0,2.0,6.381994724273682,3.0,2.0,2.0,7.0,3.0,119.0,29.0,10.0,0.0,7556.500244140625,324.4300079345703,17603.62158203125,2599.3300170898438,15290.72021484375,115.0,139.0,34.0,2.0,5.0,10.0,0.0,0.0,0.0,0.0,0.0,0.0,0.0,0.0,0.0,0.0,0.0,0.0,0.0,0.0,0.0,106.0,6.0,7.0,34.0,29.0,20.0,21.0,88.0,9.0,5.0,1.0,1.0,2.0,63.0,54.0,44.0,48.0,44.0,3.0,6.0,1.0,39.0,4.0,640.0,214.0,20.0,11.0,108.0,142.0,153.0,108.0,261.0,0.0,0.0,297.0,269.0,0.0,0.0,110.0,27.0,1.0,8.0,75.0,227.0,83.0,0.0,648.0,177.0,0.0,0.0,1.0,0.6004096381366253,0.0,407.5486833333333,30.89681625366211,43374.6015625,0.22573496028780937,0.0,MF,90.57239057239057
402974,Angelo PRECIADO,43927,Ecuador,ECU,Defender,0.0,0.0,0.0,0.0,0.0,0.0,0.0,0.0,0.0,0.0,0.0,0.0,0.0,0.0,0.0,0.0,0.0,0.0,0.0,2.0,1.0,6.307805776596069,2.0,1.0,0.0,8.0,1.0,29.0,3.0,0.0,0.0,1707.8600769042969,586.8499984741211,5702.800048828125,677.1299896240234,5366.2200927734375,22.0,39.0,4.0,0.0,1.0,0.0,0.0,0.0,0.0,0.0,0.0,0.0,0.0,0.0,0.0,0.0,0.0,0.0,0.0,0.0,0.0,17.0,2.0,0.0,3.0,1.0,1.0,1.0,7.0,5.0,1.0,1.0,3.0,0.0,9.0,5.0,5.0,7.0,11.0,0.0,0.0,0.0,3.0,4.0,106.0,51.0,2.0,11.0,10.0,8.0,4.0,25.0,29.0,0.0,0.0,47.0,32.0,0.0,0.0,12.0,16.0,3.0,3.0,19.0,25.0,22.0,0.0,144.0,61.0,4.0,0.0,1.0,1.1948095709085464,9.0,137.03359999999998,33.236568450927734,14040.8603515625,0.0,0.0,DF,68.08510638297872
389784,Alan FRANCO,43927,Ecuador,ECU,Midfielder,0.0,0.0,0.0,0.0,0.0,0.0,0.0,0.0,0.0,0.0,0.0,0.0,0.0,0.0,0.0,0.0,0.0,0.0,0.0,6.0,0.0,6.099344491958618,6.0,0.0,0.0,4.0,0.0,40.0,14.0,2.0,0.0,3362.8900146484375,606.1399993896484,10647.119873046875,1648.800048828125,11203.8798828125,55.0,66.0,9.0,7.0,0.0,3.0,0.0,0.0,0.0,0.0,0.0,0.0,0.0,0.0,0.0,0.0,0.0,0.0,0.0,1.0,0.0,53.0,2.0,3.0,24.0,21.0,18.0,19.0,43.0,3.0,1.0,0.0,0.0,1.0,26.0,21.0,18.0,20.0,27.0,1.0,2.0,0.0,21.0,4.0,300.0,124.0,7.0,11.0,11.0,26.0,14.0,34.0,48.0,0.0,0.0,148.0,140.0,0.0,0.0,25.0,7.0,2.0,2.0,29.0,98.0,31.0,0.0,307.0,134.0,0.0,4.0,0.0,0.6808822937309742,24.0,270.5445833333333,32.206119537353516,27468.830078125,0.0,2.0,MF,94.5945945945946
428885,Moises CAICEDO,43927,Ecuador,ECU,Midfielder,0.0,4.0,0.0,0.0,0.0,1.0,0.0,0.0,0.0,1.0,2.0,0.0,0.0,1.0,0.0,3.0,1.0,3.0,1.0,4.0,3.0,6.23280668258667,1.0,3.0,8.0,16.0,7.0,83.0,28.0,13.0,0.0,6032.77001953125,554.8499908447266,18144.7197265625,1910.1298522949219,15710.930419921875,112.0,130.0,16.0,5.0,4.0,13.0,0.0,0.0,0.0,0.0,0.0,0.0,0.0,0.0,0.0,0.0,0.0,0.0,1.0,0.0,0.0,105.0,9.0,9.0,30.0,22.0,11.0,12.0,74.0,13.0,7.0,0.0,1.0,3.0,62.0,45.0,32.0,41.0,27.0,5.0,6.0,2.0,20.0,4.0,640.0,236.0,24.0,7.0,58.0,83.0,110.0,38.0,148.0,0.0,0.0,295.0,264.0,0.0,0.0,73.0,24.0,0.0,5.0,59.0,238.0,64.0,0.0,505.0,134.0,0.0,0.0,0.0,0.39599914103746414,1.0,407.5486833333333,34.485877990722656,42353.4013671875,0.1861892780289054,1.0,MF,89.49152542372882
369267,YASSER IBRAHIM,43855,Egypt,EGY,Defender,0.0,1.0,0.0,0.0,0.0,0.0,0.0,,0.0,0.0,1.0,0.0,0.0,1.0,1.0,0.0,1.0,0.0,0.0,3.0,1.0,5.791628456115722,2.0,1.0,0.0,0.0,0.0,46.0,24.0,8.0,0.0,6095.989990234375,712.890007019043,22069.419677734375,2347.2599487304688,20263.80078125,34.0,51.0,21.0,6.0,3.0,9.0,0.0,0.0,0.0,0.0,0.0,0.0,0.0,0.0,1.0,0.0,1.0,0.0,1.0,1.0,0.0,54.0,1.0,11.0,37.0,25.0,21.0,25.0,31.0,1.0,0.0,0.0,0.0,0.0,16.0,6.0,2.0,4.0,27.0,0.0,4.0,0.0,12.0,5.0,533.0,184.0,8.0,0.0,3.0,86.0,50.0,39.0,89.0,0.0,0.0,260.0,239.0,0.0,0.0,55.0,3.0,0.0,3.0,22.0,230.0,25.0,0.0,514.0,181.0,1.0,0.0,2.0,0.6880469173192978,1.0,533.0749166666666,33.44163513183594,51489.359375,0.11879509687423706,2.0,DF,91.92307692307692
408950,MOHAMED HANY,43855,Egypt,EGY,Defender,1.0,4.0,0.0,1.0,1.0,0.0,0.0,0.0,0.0,1.0,2.0,0.0,0.0,0.0,0.0,3.0,0.0,4.0,0.0,8.0,1.0,5.712720775604248,5.0,1.0,0.0,17.0,4.0,90.0,11.0,7.0,0.0,5733.570007324219,886.4200134277344,21627.760009765625,2478.350067138672,21414.450439453125,108.0,144.0,10.0,2.0,1.0,7.0,0.0,0.0,0.0,0.0,0.0,0.0,0.0,0.0,0.0,0.0,0.0,0.0,0.0,0.0,0.0,96.0,6.0,7.0,37.0,26.0,22.0,24.0,62.0,9.0,5.0,2.0,3.0,0.0,50.0,31.0,27.0,37.0,55.0,3.0,1.0,0.0,35.0,5.0,601.0,251.0,18.0,46.0,80.0,40.0,33.0,133.0,166.0,0.0,2.0,282.0,245.0,0.0,0.0,72.0,40.0,9.0,5.0,80.0,183.0,85.0,0.0,516.0,201.0,0.0,0.0,4.0,0.4304785802960396,41.0,546.8373,31.187646865844727,52140.5498046875,0.08837345149368048,0.0,DF,86.87943262411348
344661,RAMY RABIA,43855,Egypt,EGY,Defender,0.0,1.0,0.0,0.0,0.0,0.0,1.0,,0.0,0.0,0.0,0.0,0.0,1.0,1.0,0.0,1.0,0.0,0.0,8.0,8.0,5.815145111083984,7.0,4.0,0.0,0.0,0.0,31.0,11.0,4.0,0.0,5106.440155029297,501.3800163269043,17363.05029296875,1568.7500228881836,16392.539184570312,50.0,69.0,12.0,3.0,2.0,4.0,0.0,0.0,0.0,0.0,0.0,0.0,0.0,0.0,0.0,0.0,0.0,0.0,1.0,0.0,0.0,70.0,2.0,15.0,46.0,34.0,27.0,29.0,44.0,2.0,1.0,0.0,0.0,0.0,22.0,9.0,2.0,5.0,44.0,1.0,6.0,0.0,26.0,5.0,525.0,190.0,7.0,4.0,4.0,77.0,48.0,37.0,85.0,0.0,0.0,244.0,224.0,0.0,0.0,44.0,1.0,1.0,8.0,15.0,221.0,23.0,0.0,435.0,128.0,2.0,0.0,0.0,1.2343793287873268,0.0,431.3935333333333,31.390840530395508,40932.16064453125,0.10491883009672165,0.0,DF,91.80327868852459
430482,EMAM ASHOUR,43855,Egypt,EGY,Midfielder,0.0,10.0,0.0,1.0,0.0,0.0,1.0,1.0,0.0,3.0,5.0,0.0,0.0,5.0,1.0,6.0,2.0,5.0,1.0,18.0,3.0,6.4780675888061525,6.0,3.0,4.0,3.0,0.0,72.0,12.0,2.0,0.0,6050.619873046875,755.2099952697754,18351.3505859375,2493.770034790039,15189.569946289062,98.0,142.0,19.0,2.0,13.0,2.0,0.0,0.0,0.0,0.0,0.0,0.0,0.0,0.0,2.0,0.0,1.0,1.0,1.0,0.0,0.0,54.0,4.0,2.0,13.0,5.0,3.0,7.0,31.0,7.0,4.0,2.0,3.0,0.0,34.0,22.0,20.0,28.0,32.0,2.0,0.0,0.0,18.0,5.0,471.0,191.0,27.0,49.0,128.0,64.0,114.0,127.0,241.0,0.0,0.0,207.0,176.0,0.0,0.0,101.0,50.0,5.0,7.0,78.0,153.0,85.0,0.0,522.0,185.0,0.0,4.0,3.0,3.034841626882553,3.0,395.8297,33.45850372314453,42840.52197265625,1.0569224655628204,0.0,MF,85.02415458937197
483161,MOSTAFA ZICO,43855,Egypt,EGY,Midfielder,1.0,8.0,0.0,3.0,0.0,0.0,5.0,0.0,0.0,0.0,3.0,0.0,0.0,7.0,3.0,2.0,3.0,1.0,0.0,4.0,1.0,7.405750274658203,1.0,1.0,0.0,2.0,1.0,192.0,31.0,2.0,0.0,8625.230102539062,953.7599868774414,22693.02001953125,2933.7300415039062,13948.729736328125,30.0,59.0,15.0,6.0,5.0,2.0,0.0,0.0,0.0,0.0,0.0,0.0,0.0,0.0,2.0,0.0,2.0,0.0,2.0,0.0,0.0,30.0,4.0,0.0,7.0,4.0,2.0,3.0,17.0,7.0,3.0,1.0,2.0,1.0,16.0,10.0,8.0,11.0,19.0,2.0,0.0,0.0,7.0,5.0,215.0,112.0,17.0,83.0,68.0,15.0,99.0,67.0,166.0,2.0,0.0,83.0,57.0,0.0,0.0,34.0,61.0,6.0,20.0,36.0,52.0,56.0,0.0,726.0,225.0,0.0,5.0,0.0,10.087070107460022,2.0,398.27098333333333,32.44748306274414,49154.4697265625,1.099982164800167,0.0,MF,68.67469879518072
430477,AHMED FATOUH,43855,Egypt,EGY,Defender,0.0,1.0,0.0,0.0,0.0,0.0,0.0,0.0,0.0,1.0,0.0,0.0,0.0,1.0,1.0,0.0,1.0,0.0,0.0,4.0,0.0,3.9298141479492186,1.0,0.0,0.0,7.0,1.0,49.0,9.0,5.0,0.0,4754.77001953125,538.6900024414062,14309.27978515625,2242.0999145507812,11011.429931640625,85.0,107.0,24.0,2.0,3.0,5.0,0.0,0.0,0.0,0.0,0.0,0.0,0.0,0.0,0.0,0.0,0.0,0.0,0.0,0.0,0.0,86.0,6.0,13.0,35.0,24.0,14.0,16.0,60.0,11.0,7.0,4.0,4.0,1.0,40.0,29.0,18.0,20.0,56.0,2.0,8.0,1.0,39.0,3.0,370.0,150.0,11.0,19.0,25.0,33.0,21.0,56.0,77.0,0.0,0.0,182.0,163.0,0.0,0.0,29.0,23.0,2.0,1.0,56.0,114.0,57.0,0.0,408.0,166.0,0.0,1.0,1.0,0.2788571007549763,22.0,301.154,30.711078643798828,32856.26953125,0.12706682085990906,1.0,DF,89.56043956043956
429095,HAMDY FATHY,43855,Egypt,EGY,Midfielder,0.0,0.0,0.0,0.0,0.0,0.0,0.0,0.0,0.0,0.0,0.0,0.0,0.0,0.0,0.0,0.0,0.0,0.0,0.0,1.0,3.0,4.9563220024108885,0.0,3.0,0.0,1.0,0.0,82.0,18.0,4.0,0.0,3967.1299438476562,381.94996643066406,11856.469848632812,1203.9800262451172,9668.449829101562,39.0,47.0,6.0,3.0,2.0,4.0,0.0,0.0,0.0,0.0,0.0,0.0,0.0,0.0,0.0,0.0,0.0,0.0,0.0,0.0,0.0,28.0,2.0,2.0,16.0,12.0,10.0,12.0,17.0,3.0,0.0,0.0,1.0,0.0,9.0,5.0,3.0,5.0,12.0,0.0,2.0,0.0,9.0,4.0,274.0,92.0,5.0,5.0,10.0,40.0,22.0,33.0,55.0,1.0,0.0,130.0,119.0,0.0,0.0,27.0,9.0,0.0,1.0,32.0,96.0,33.0,0.0,328.0,96.0,1.0,3.0,0.0,0.973599448800087,0.0,260.76005,31.421247482299805,27077.979736328125,0.0,1.0,MF,91.53846153846153
407022,KARIM HAFEZ,43855,Egypt,EGY,Defender,1.0,1.0,0.0,0.0,0.0,0.0,0.0,,0.0,1.0,0.0,0.0,0.0,0.0,0.0,1.0,0.0,1.0,0.0,3.0,1.0,4.131655597686768,3.0,1.0,0.0,2.0,0.0,36.0,13.0,1.0,0.0,2711.2500762939453,340.3099899291992,8904.50991821289,1099.530044555664,7371.620452880859,62.0,77.0,4.0,1.0,2.0,1.0,0.0,0.0,0.0,0.0,0.0,0.0,0.0,0.0,0.0,0.0,0.0,0.0,0.0,0.0,0.0,33.0,1.0,4.0,13.0,9.0,8.0,8.0,20.0,2.0,1.0,0.0,0.0,1.0,18.0,10.0,8.0,12.0,20.0,0.0,1.0,1.0,10.0,3.0,232.0,94.0,4.0,7.0,21.0,21.0,10.0,39.0,49.0,0.0,0.0,113.0,99.0,0.0,0.0,23.0,5.0,3.0,0.0,44.0,59.0,44.0,0.0,252.0,76.0,1.0,1.0,1.0,0.3179076239466667,16.0,198.56878333333333,31.1950740814209,20427.220092773438,0.013886111788451672,0.0,DF,87.61061946902655
433469,MOHANAD LASHIN,43855,Egypt,EGY,Midfielder,0.0,2.0,0.0,0.0,0.0,1.0,0.0,0.0,0.0,1.0,0.0,0.0,0.0,1.0,0.0,2.0,0.0,1.0,0.0,4.0,6.0,6.48473846912384,3.0,6.0,0.0,2.0,0.0,156.0,42.0,2.0,0.0,6351.1199951171875,686.130012512207,18726.06982421875,2124.6298828125,16400.94970703125,77.0,100.0,23.0,5.0,3.0,3.0,0.0,0.0,0.0,0.0,0.0,0.0,0.0,0.0,0.0,0.0,0.0,0.0,1.0,1.0,0.0,74.0,6.0,10.0,30.0,22.0,13.0,14.0,47.0,7.0,2.0,0.0,0.0,1.0,37.0,23.0,14.0,20.0,43.0,2.0,7.0,0.0,22.0,4.0,406.0,151.0,11.0,2.0,25.0,92.0,61.0,58.0,119.0,0.0,0.0,191.0,169.0,0.0,0.0,70.0,11.0,1.0,4.0,60.0,134.0,64.0,0.0,538.0,161.0,0.0,1.0,2.0,0.33126170188188553,0.0,409.74681666666663,31.555009841918945,44288.900390625,0.11879502981901169,2.0,MF,88.48167539267016
461788,MARAWAN ATTIA,43855,Egypt,EGY,Midfielder,1.0,4.0,0.0,3.0,0.0,0.0,0.0,0.0,0.0,2.0,2.0,0.0,0.0,1.0,0.0,0.0,1.0,3.0,1.0,4.0,8.0,6.852517700195312,3.0,8.0,0.0,8.0,3.0,182.0,29.0,11.0,0.0,9897.7001953125,1065.3100051879883,24071.999755859375,3215.93017578125,18329.330200195312,139.0,184.0,18.0,8.0,1.0,12.0,0.0,0.0,0.0,0.0,0.0,0.0,0.0,0.0,0.0,0.0,0.0,0.0,0.0,1.0,0.0,159.0,10.0,7.0,52.0,34.0,29.0,35.0,103.0,15.0,7.0,0.0,0.0,5.0,92.0,62.0,52.0,70.0,99.0,2.0,3.0,5.0,54.0,5.0,749.0,253.0,27.0,8.0,79.0,158.0,140.0,105.0,245.0,0.0,0.0,357.0,313.0,0.0,0.0,120.0,22.0,0.0,1.0,118.0,244.0,119.0,0.0,829.0,260.0,1.0,1.0,0.0,0.29724455066025257,4.0,495.5316333333334,33.03301239013672,56580.27001953125,0.05039655417203903,2.0,MF,87.6750700280112
403049,Ezri KONSA,43942,England,ENG,Defender,0.0,3.0,0.0,0.0,0.0,1.0,0.0,1.0,0.0,1.0,0.0,0.0,0.0,3.0,2.0,0.0,2.0,0.0,0.0,8.0,3.0,5.648632824420929,7.0,2.0,0.0,3.0,0.0,77.0,22.0,11.0,0.0,7577.9400634765625,839.3400039672852,26477.519775390625,2474.4200134277344,32479.920166015625,129.0,151.0,15.0,8.0,11.0,13.0,0.0,0.0,0.0,0.0,0.0,0.0,0.0,20.0,1.0,0.0,1.0,0.0,2.0,2.0,0.0,102.0,2.0,7.0,61.0,52.0,47.0,52.0,87.0,3.0,3.0,1.0,1.0,0.0,38.0,32.0,27.0,29.0,40.0,2.0,3.0,0.0,32.0,8.0,979.0,319.0,20.0,4.0,12.0,128.0,76.0,68.0,144.0,0.0,0.0,488.0,469.0,0.0,0.0,74.0,7.0,3.0,10.0,57.0,386.0,67.0,0.0,666.0,195.0,1.0,1.0,1.0,0.6085104262456298,17.0,739.9730333333333,32.507606506347656,69849.13989257812,0.322732899338007,0.0,DF,96.10655737704919
463780,Nico OREILLY,43942,England,ENG,Defender,0.0,7.0,0.0,0.0,0.0,3.0,1.0,0.0,0.0,1.0,2.0,0.0,0.0,6.0,1.0,3.0,1.0,1.0,0.0,11.0,2.0,5.42912620306015,8.0,2.0,0.0,6.0,3.0,119.0,25.0,4.0,0.0,6958.380035400391,1277.9600238800049,22056.900024414062,3093.959915161133,21112.000244140625,97.0,120.0,19.0,6.0,4.0,4.0,0.0,0.0,0.0,0.0,0.0,0.0,0.0,0.0,0.0,0.0,0.0,0.0,5.0,0.0,0.0,53.0,2.0,2.0,13.0,11.0,8.0,9.0,46.0,6.0,4.0,2.0,3.0,1.0,34.0,31.0,27.0,29.0,25.0,1.0,2.0,1.0,23.0,7.0,473.0,199.0,19.0,46.0,73.0,87.0,88.0,118.0,206.0,0.0,0.0,216.0,200.0,0.0,0.0,81.0,33.0,6.0,12.0,63.0,147.0,75.0,0.0,596.0,236.0,2.0,2.0,4.0,3.344142436981201,21.0,523.8012333333332,34.23920440673828,54499.19958496094,0.876635929569602,1.0,DF,92.5925925925926
433097,Declan RICE,43942,England,ENG,Midfielder,2.0,6.0,0.0,0.0,1.0,0.0,1.0,0.0,0.0,1.0,2.0,0.0,0.0,3.0,1.0,3.0,3.0,3.0,2.0,9.0,4.0,5.6366007924079895,9.0,3.0,30.0,40.0,15.0,120.0,18.0,20.0,0.0,8534.810180664062,1313.7599906921387,29732.96923828125,3106.179962158203,24066.899658203125,150.0,181.0,11.0,4.0,0.0,20.0,0.0,0.0,0.0,0.0,0.0,0.0,0.0,0.0,1.0,0.0,0.0,1.0,1.0,0.0,0.0,113.0,5.0,3.0,32.0,28.0,24.0,24.0,88.0,12.0,6.0,2.0,5.0,2.0,69.0,54.0,49.0,59.0,49.0,3.0,1.0,1.0,36.0,7.0,742.0,310.0,37.0,31.0,88.0,155.0,175.0,99.0,274.0,1.0,0.0,340.0,312.0,0.0,0.0,112.0,28.0,3.0,10.0,102.0,213.0,112.0,0.0,709.0,233.0,0.0,4.0,2.0,1.9544944949448109,2.0,622.0375333333334,33.055171966552734,66754.6201171875,0.3091347273439169,2.0,MF,91.76470588235294
369434,John STONES,43942,England,ENG,Defender,0.0,1.0,0.0,0.0,0.0,0.0,0.0,1.0,0.0,0.0,0.0,0.0,0.0,1.0,0.0,1.0,0.0,0.0,0.0,3.0,3.0,3.317480504512787,3.0,3.0,0.0,0.0,0.0,17.0,3.0,2.0,0.0,3876.1798515319824,247.0,13959.309707641602,1198.0300178527832,14931.180084228516,59.0,65.0,5.0,1.0,1.0,2.0,0.0,0.0,0.0,0.0,0.0,0.0,0.0,0.0,0.0,0.0,0.0,0.0,1.0,0.0,0.0,35.0,0.0,4.0,16.0,14.0,12.0,12.0,31.0,1.0,1.0,0.0,0.0,1.0,18.0,16.0,13.0,13.0,9.0,0.0,2.0,1.0,5.0,5.0,382.0,115.0,3.0,2.0,1.0,47.0,31.0,19.0,50.0,0.0,0.0,184.0,178.0,0.0,0.0,33.0,3.0,0.0,1.0,16.0,169.0,17.0,0.0,345.0,93.0,2.0,2.0,0.0,0.27609492279589176,0.0,380.0392,29.97796058654785,34211.70056152344,0.06631381809711456,0.0,DF,96.73913043478261
405841,Marc GUEHI,43942,England,ENG,Defender,0.0,1.0,0.0,0.0,0.0,0.0,1.0,0.0,0.0,0.0,0.0,0.0,0.0,1.0,0.0,0.0,0.0,0.0,0.0,13.0,4.0,5.823341727256775,13.0,3.0,0.0,0.0,0.0,32.0,7.0,18.0,0.0,7420.060089111328,957.2100133895874,31544.19842529297,2583.5699615478516,28476.53057861328,86.0,105.0,8.0,4.0,13.0,25.0,0.0,0.0,0.0,0.0,0.0,0.0,0.0,12.0,0.0,0.0,0.0,0.0,1.0,7.0,0.0,125.0,8.0,7.0,67.0,60.0,49.0,52.0,107.0,10.0,7.0,0.0,0.0,2.0,48.0,40.0,27.0,31.0,31.0,5.0,6.0,2.0,24.0,8.0,1077.0,333.0,14.0,2.0,2.0,99.0,50.0,53.0,103.0,0.0,0.0,532.0,514.0,0.0,0.0,55.0,3.0,0.0,5.0,40.0,462.0,45.0,0.0,660.0,203.0,1.0,1.0,2.0,0.5826711123809218,1.0,761.0425166666666,32.90412902832031,70981.5703125,0.15028518438339233,1.0,DF,96.61654135338345
481610,Elliot ANDERSON,43942,England,ENG,Midfielder,1.0,7.0,0.0,2.0,0.0,1.0,0.0,1.0,0.0,2.0,3.0,0.0,0.0,3.0,0.0,4.0,1.0,4.0,1.0,9.0,10.0,6.5973018407821655,8.0,9.0,3.0,6.0,3.0,191.0,60.0,13.0,0.0,11896.210144042969,784.140007019043,36039.58947753906,3870.0399475097656,26107.989685058594,221.0,267.0,34.0,9.0,13.0,14.0,0.0,0.0,0.0,0.0,0.0,0.0,0.0,0.0,0.0,0.0,0.0,0.0,2.0,1.0,0.0,151.0,7.0,17.0,51.0,41.0,26.0,27.0,114.0,17.0,12.0,1.0,1.0,9.0,83.0,61.0,39.0,50.0,67.0,4.0,11.0,7.0,50.0,8.0,975.0,354.0,20.0,21.0,84.0,269.0,271.0,103.0,374.0,0.0,0.0,445.0,396.0,0.0,0.0,160.0,15.0,2.0,18.0,170.0,280.0,188.0,0.0,1006.0,282.0,1.0,3.0,1.0,0.6355702355504036,3.0,713.3772166666666,29.875505447387695,78697.9716796875,0.37513546273112297,1.0,MF,88.98876404494382
448202,Jude BELLINGHAM,43942,England,ENG,Midfielder,1.0,19.0,0.0,2.0,3.0,2.0,4.0,0.0,0.0,3.0,6.0,0.0,1.0,16.0,12.0,3.0,13.0,3.0,1.0,31.0,6.0,6.371411859989166,21.0,6.0,0.0,9.0,1.0,234.0,31.0,4.0,0.0,11589.820190429688,1803.8099899291992,24808.97998046875,5170.980041503906,29881.160522460938,135.0,210.0,22.0,9.0,17.0,4.0,0.0,0.0,0.0,0.0,0.0,0.0,0.0,0.0,7.0,0.0,7.0,0.0,4.0,0.0,0.0,89.0,12.0,0.0,13.0,7.0,1.0,1.0,56.0,21.0,10.0,3.0,7.0,2.0,55.0,39.0,32.0,41.0,68.0,6.0,0.0,1.0,37.0,8.0,580.0,260.0,35.0,130.0,258.0,97.0,367.0,118.0,485.0,1.0,0.0,231.0,191.0,0.0,0.0,141.0,93.0,12.0,24.0,159.0,116.0,183.0,0.0,947.0,403.0,1.0,4.0,14.0,8.081122905015945,0.0,698.7366166666665,32.38360595703125,73254.74829101562,3.919474735856056,1.0,MF,82.68398268398268
492716,Morgan ROGERS,43942,England,ENG,Midfielder,1.0,3.0,0.0,2.0,0.0,0.0,0.0,0.0,0.0,1.0,1.0,0.0,1.0,1.0,0.0,0.0,1.0,2.0,1.0,13.0,3.0,6.394670307636261,9.0,3.0,0.0,6.0,1.0,162.0,24.0,1.0,0.0,7387.040008544922,1162.7900276184082,19488.080139160156,2887.9899673461914,16120.480163574219,75.0,107.0,20.0,5.0,5.0,1.0,0.0,0.0,0.0,0.0,0.0,0.0,0.0,0.0,0.0,0.0,0.0,0.0,0.0,0.0,0.0,35.0,3.0,0.0,5.0,3.0,2.0,2.0,27.0,13.0,10.0,7.0,8.0,2.0,17.0,14.0,11.0,12.0,26.0,1.0,0.0,2.0,19.0,7.0,284.0,131.0,18.0,72.0,81.0,34.0,138.0,49.0,187.0,2.0,0.0,121.0,102.0,0.0,0.0,53.0,59.0,6.0,18.0,62.0,65.0,80.0,0.0,608.0,227.0,4.0,0.0,5.0,6.593590900301933,0.0,411.6862666666666,33.63362121582031,47046.37805175781,0.1332038678228855,0.0,MF,84.29752066115702
473113,Eberechi EZE,43942,England,ENG,Midfielder,1.0,5.0,0.0,2.0,1.0,0.0,0.0,1.0,1.0,0.0,3.0,0.0,0.0,2.0,0.0,2.0,0.0,3.0,0.0,10.0,1.0,3.936962604522705,7.0,1.0,1.0,3.0,1.0,59.0,0.0,2.0,0.0,3797.5200958251953,351.40001106262207,10762.429626464844,1423.9199905395508,9239.990417480469,61.0,78.0,6.0,2.0,4.0,2.0,,,0.0,0.0,0.0,0.0,0.0,0.0,0.0,0.0,0.0,0.0,0.0,0.0,0.0,28.0,3.0,1.0,6.0,6.0,2.0,2.0,26.0,7.0,7.0,3.0,3.0,1.0,15.0,13.0,8.0,10.0,12.0,3.0,1.0,1.0,10.0,5.0,222.0,92.0,13.0,22.0,31.0,18.0,57.0,14.0,71.0,1.0,0.0,97.0,89.0,0.0,0.0,28.0,32.0,2.0,10.0,47.0,56.0,57.0,0.0,325.0,106.0,4.0,1.0,5.0,5.6819025576114655,1.0,247.7011333333333,32.27011489868164,25575.259033203125,0.2810502052307129,0.0,MF,91.75257731958763
439641,Reece JAMES,43942,England,ENG,Defender,0.0,1.0,0.0,1.0,0.0,0.0,0.0,3.0,1.0,0.0,0.0,0.0,0.0,0.0,0.0,0.0,0.0,1.0,0.0,3.0,3.0,3.746020793914795,3.0,1.0,0.0,11.0,3.0,66.0,18.0,6.0,0.0,4193.96989440918,631.0099906921387,14568.010131835938,1643.0400390625,15356.749816894531,84.0,100.0,5.0,3.0,1.0,6.0,0.0,0.0,0.0,0.0,0.0,0.0,0.0,0.0,0.0,0.0,0.0,0.0,0.0,0.0,0.0,61.0,4.0,4.0,16.0,11.0,8.0,8.0,36.0,8.0,3.0,2.0,2.0,2.0,37.0,22.0,19.0,27.0,36.0,1.0,2.0,0.0,20.0,5.0,400.0,161.0,9.0,25.0,52.0,84.0,61.0,100.0,161.0,0.0,0.0,188.0,173.0,0.0,0.0,66.0,25.0,4.0,2.0,41.0,131.0,43.0,0.0,333.0,131.0,2.0,1.0,3.0,0.35702321119606495,25.0,368.5178166666666,33.5867919921875,36392.780517578125,0.04384375363588333,0.0,DF,92.02127659574468
506329,Djed SPENCE,43942,England,ENG,Defender,0.0,2.0,0.0,0.0,0.0,0.0,0.0,0.0,0.0,1.0,1.0,0.0,0.0,1.0,1.0,0.0,2.0,1.0,1.0,18.0,0.0,5.990734100341797,13.0,0.0,0.0,9.0,0.0,135.0,28.0,3.0,0.0,4839.470077514648,1799.679973602295,16595.450073242188,2317.529983520508,20078.509643554688,89.0,130.0,25.0,3.0,5.0,3.0,0.0,0.0,0.0,0.0,0.0,0.0,0.0,0.0,0.0,0.0,0.0,0.0,0.0,0.0,0.0,82.0,4.0,5.0,20.0,13.0,8.0,11.0,59.0,17.0,11.0,9.0,13.0,0.0,45.0,35.0,30.0,36.0,45.0,2.0,3.0,0.0,27.0,8.0,439.0,196.0,13.0,44.0,61.0,64.0,36.0,133.0,169.0,0.0,0.0,201.0,177.0,0.0,0.0,66.0,25.0,10.0,15.0,55.0,131.0,70.0,0.0,417.0,214.0,4.0,3.0,5.0,1.2959415465593338,31.0,476.1069333333333,36.22447204589844,45630.63916015625,0.7105324640870094,0.0,DF,88.05970149253731
463809,Jarell QUANSAH,43942,England,ENG,Defender,0.0,0.0,0.0,0.0,0.0,0.0,0.0,,0.0,0.0,0.0,0.0,0.0,0.0,0.0,0.0,0.0,0.0,0.0,1.0,1.0,2.964383284250895,1.0,0.0,0.0,1.0,0.0,38.0,18.0,4.0,1.0,2427.5,327.69000244140625,8361.10986328125,1094.6199951171875,8461.489990234375,32.0,40.0,30.0,2.0,2.0,4.0,,,0.0,0.0,0.0,0.0,0.0,0.0,0.0,0.0,0.0,0.0,0.0,0.0,0.0,32.0,2.0,1.0,11.0,5.0,4.0,8.0,21.0,2.0,1.0,0.0,0.0,0.0,19.0,15.0,14.0,16.0,15.0,1.0,0.0,0.0,8.0,3.0,217.0,93.0,3.0,9.0,12.0,10.0,7.0,24.0,31.0,0.0,0.0,106.0,92.0,0.0,0.0,13.0,3.0,1.0,5.0,10.0,82.0,15.0,1.0,220.0,86.0,0.0,2.0,0.0,0.2736745625734329,9.0,208.85296666666667,34.09280014038086,20672.41015625,0.0,1.0,DF,86.79245283018868
464055,Malo GUSTO,43946,France,FRA,Defender,0.0,0.0,0.0,0.0,0.0,0.0,0.0,0.0,0.0,0.0,0.0,0.0,0.0,0.0,0.0,0.0,0.0,0.0,0.0,2.0,1.0,4.173427760601044,1.0,1.0,0.0,3.0,1.0,31.0,13.0,3.0,0.0,1915.550048828125,513.3299775123596,6324.210021972656,1018.2499485015869,5266.630035400391,17.0,22.0,4.0,4.0,2.0,3.0,,,0.0,0.0,0.0,0.0,0.0,0.0,0.0,0.0,0.0,0.0,0.0,0.0,0.0,21.0,0.0,1.0,6.0,5.0,5.0,5.0,17.0,0.0,0.0,0.0,0.0,0.0,15.0,12.0,12.0,14.0,5.0,0.0,0.0,0.0,3.0,5.0,165.0,65.0,9.0,24.0,15.0,10.0,10.0,39.0,49.0,0.0,0.0,76.0,69.0,0.0,0.0,23.0,18.0,1.0,3.0,10.0,65.0,13.0,0.0,166.0,78.0,4.0,1.0,0.0,0.44633523747324944,2.0,143.18519999999995,33.504188537597656,15037.970397949219,0.0,0.0,DF,90.78947368421053
368860,Lucas Digne,43946,France,FRA,Defender,0.0,2.0,0.0,0.0,0.0,0.0,0.0,0.0,0.0,2.0,0.0,0.0,0.0,0.0,0.0,1.0,1.0,2.0,1.0,5.0,1.0,4.603317975997925,4.0,1.0,0.0,17.0,1.0,59.0,10.0,2.0,0.0,6828.040222167969,828.1299819946289,17935.400146484375,2617.020050048828,24419.150146484375,90.0,122.0,27.0,7.0,2.0,2.0,,,0.0,0.0,0.0,0.0,0.0,0.0,0.0,0.0,0.0,0.0,0.0,0.0,0.0,92.0,1.0,7.0,36.0,28.0,24.0,28.0,72.0,8.0,4.0,1.0,3.0,4.0,48.0,40.0,33.0,36.0,35.0,0.0,4.0,3.0,28.0,6.0,601.0,251.0,25.0,53.0,34.0,28.0,32.0,83.0,115.0,0.0,0.0,283.0,252.0,0.0,0.0,34.0,38.0,6.0,2.0,49.0,216.0,51.0,0.0,588.0,211.0,1.0,2.0,0.0,0.5085967183113098,40.0,513.2927333333332,31.209365844726562,52627.73974609375,0.027725310064852238,0.0,DF,89.04593639575971
389876,Dayot UPAMECANO,43946,France,FRA,Defender,1.0,4.0,0.0,0.0,0.0,0.0,1.0,1.0,0.0,0.0,2.0,0.0,0.0,3.0,1.0,0.0,2.0,1.0,1.0,4.0,4.0,5.946922659873962,4.0,4.0,0.0,0.0,0.0,73.0,32.0,5.0,0.0,7105.340087890625,1422.2399673461914,30935.58056640625,2889.7000122070312,31258.5185546875,167.0,194.0,17.0,7.0,4.0,5.0,0.0,0.0,0.0,0.0,0.0,0.0,0.0,0.0,0.0,0.0,0.0,0.0,2.0,0.0,0.0,157.0,3.0,23.0,91.0,80.0,59.0,65.0,136.0,6.0,4.0,0.0,0.0,3.0,60.0,52.0,29.0,31.0,71.0,2.0,19.0,2.0,57.0,8.0,977.0,359.0,34.0,3.0,7.0,104.0,57.0,57.0,114.0,0.0,0.0,443.0,409.0,0.0,0.0,61.0,6.0,0.0,14.0,78.0,360.0,92.0,0.0,598.0,228.0,1.0,1.0,2.0,0.8844916820526123,0.0,740.7061,35.3914794921875,73611.37890625,0.5444596130400896,0.0,DF,92.32505643340858
430707,Jules KOUNDE,43946,France,FRA,Defender,0.0,2.0,0.0,0.0,0.0,1.0,0.0,0.0,0.0,1.0,0.0,0.0,0.0,2.0,0.0,1.0,0.0,0.0,0.0,10.0,0.0,6.461994469165802,6.0,0.0,0.0,15.0,2.0,132.0,25.0,5.0,0.0,9381.040237426758,1542.7799758911133,28285.330017089844,4360.909912109375,26411.190307617188,97.0,135.0,33.0,6.0,5.0,5.0,0.0,0.0,0.0,0.0,0.0,0.0,0.0,0.0,0.0,0.0,0.0,0.0,1.0,0.0,0.0,122.0,3.0,7.0,32.0,21.0,15.0,22.0,90.0,7.0,3.0,1.0,2.0,2.0,83.0,66.0,59.0,71.0,37.0,1.0,5.0,1.0,27.0,8.0,750.0,323.0,32.0,108.0,54.0,83.0,101.0,144.0,245.0,1.0,0.0,353.0,314.0,0.0,0.0,88.0,62.0,9.0,7.0,64.0,265.0,71.0,0.0,834.0,323.0,1.0,4.0,0.0,2.5475010126829147,42.0,666.8922333333333,32.75897216796875,69981.24987792969,0.05632311478257179,0.0,DF,88.95184135977338
485677,Manu KONE,43946,France,FRA,Midfielder,0.0,6.0,0.0,1.0,0.0,0.0,0.0,0.0,0.0,2.0,4.0,0.0,0.0,1.0,1.0,3.0,2.0,5.0,1.0,14.0,2.0,4.025782942771912,9.0,1.0,0.0,1.0,0.0,91.0,23.0,1.0,0.0,7491.2901611328125,357.97999572753906,19970.889892578125,1599.8599548339844,15917.030151367188,103.0,134.0,24.0,6.0,7.0,1.0,,,0.0,0.0,0.0,0.0,0.0,0.0,0.0,0.0,0.0,0.0,0.0,0.0,0.0,58.0,2.0,4.0,16.0,13.0,9.0,10.0,50.0,3.0,3.0,0.0,0.0,1.0,39.0,34.0,29.0,32.0,22.0,2.0,2.0,1.0,17.0,5.0,586.0,225.0,26.0,3.0,24.0,63.0,63.0,27.0,90.0,0.0,0.0,263.0,242.0,0.0,0.0,42.0,12.0,1.0,10.0,86.0,191.0,96.0,0.0,590.0,110.0,1.0,1.0,2.0,0.9289012849330902,0.0,426.23925,30.279003143310547,45337.05078125,0.18647444806993008,1.0,MF,92.01520912547528
405893,Aurelien TCHOUAMENI,43946,France,FRA,Midfielder,1.0,3.0,0.0,0.0,0.0,1.0,0.0,0.0,0.0,0.0,2.0,0.0,0.0,1.0,0.0,3.0,0.0,2.0,0.0,1.0,2.0,3.316187262535095,1.0,2.0,0.0,2.0,0.0,68.0,20.0,8.0,0.0,7620.260009765625,477.1299934387207,18125.159912109375,2070.6099243164062,16789.66015625,93.0,107.0,23.0,4.0,3.0,12.0,0.0,0.0,0.0,0.0,0.0,0.0,0.0,0.0,0.0,0.0,0.0,0.0,0.0,4.0,0.0,52.0,0.0,5.0,27.0,26.0,22.0,22.0,46.0,1.0,1.0,0.0,0.0,1.0,24.0,19.0,14.0,18.0,27.0,0.0,4.0,1.0,22.0,4.0,537.0,191.0,21.0,2.0,35.0,141.0,137.0,41.0,178.0,0.0,0.0,254.0,239.0,0.0,0.0,83.0,8.0,1.0,7.0,57.0,185.0,64.0,0.0,637.0,155.0,0.0,0.0,0.0,0.4442046284675598,1.0,407.2889666666666,31.407251358032227,45082.818359375,0.10632163845002651,1.0,MF,94.09448818897637
402047,Adrien RABIOT,43946,France,FRA,Midfielder,1.0,9.0,0.0,0.0,0.0,0.0,1.0,0.0,0.0,2.0,5.0,0.0,1.0,4.0,1.0,8.0,1.0,5.0,0.0,17.0,1.0,5.669568061828613,15.0,1.0,0.0,2.0,0.0,143.0,38.0,10.0,0.0,9515.799865722656,728.619987487793,29071.88037109375,3485.2899475097656,28461.4677734375,149.0,190.0,14.0,13.0,4.0,11.0,0.0,0.0,0.0,0.0,0.0,0.0,0.0,0.0,0.0,0.0,0.0,0.0,2.0,1.0,0.0,117.0,6.0,3.0,28.0,26.0,18.0,19.0,104.0,13.0,10.0,2.0,3.0,4.0,76.0,68.0,57.0,63.0,51.0,5.0,3.0,3.0,44.0,7.0,769.0,297.0,35.0,65.0,58.0,112.0,160.0,75.0,235.0,1.0,0.0,351.0,323.0,0.0,0.0,69.0,36.0,8.0,20.0,101.0,244.0,121.0,0.0,816.0,248.0,0.0,1.0,2.0,3.6440359354019165,0.0,657.8955333333333,30.836036682128906,71263.05810546875,0.961873484775424,1.0,MF,92.02279202279202
419177,William SALIBA,43946,France,FRA,Defender,0.0,1.0,0.0,0.0,0.0,0.0,1.0,0.0,0.0,0.0,0.0,0.0,0.0,1.0,0.0,1.0,0.0,0.0,0.0,3.0,2.0,4.118219494819641,3.0,2.0,0.0,0.0,0.0,28.0,14.0,2.0,0.0,4707.27001953125,882.3300013542175,19196.499755859375,1991.489990234375,22747.290161132812,47.0,54.0,14.0,4.0,0.0,4.0,0.0,0.0,0.0,0.0,0.0,0.0,0.0,8.0,0.0,0.0,0.0,0.0,1.0,2.0,0.0,35.0,0.0,3.0,21.0,20.0,17.0,18.0,30.0,1.0,0.0,0.0,0.0,1.0,13.0,10.0,7.0,9.0,13.0,0.0,3.0,0.0,11.0,6.0,659.0,237.0,15.0,1.0,0.0,58.0,29.0,30.0,59.0,0.0,0.0,315.0,307.0,0.0,0.0,35.0,2.0,1.0,4.0,23.0,281.0,27.0,0.0,407.0,157.0,0.0,1.0,1.0,0.49071038514375687,1.0,533.55995,34.12277603149414,49524.88134765625,0.0626426488161087,0.0,DF,97.46031746031746
483549,Warren ZAIRE-EMERY,43946,France,FRA,Midfielder,0.0,1.0,0.0,0.0,0.0,0.0,0.0,0.0,0.0,1.0,0.0,0.0,0.0,0.0,0.0,1.0,0.0,1.0,0.0,0.0,0.0,1.6868099570274353,0.0,0.0,0.0,1.0,0.0,49.0,14.0,0.0,0.0,2287.5399169921875,218.3499984741211,5957.4000244140625,780.2699890136719,4797.780334472656,24.0,27.0,2.0,1.0,0.0,0.0,,,0.0,0.0,0.0,0.0,0.0,0.0,0.0,0.0,0.0,0.0,0.0,0.0,0.0,16.0,0.0,0.0,4.0,4.0,4.0,4.0,14.0,1.0,0.0,0.0,0.0,1.0,11.0,10.0,10.0,10.0,7.0,0.0,0.0,0.0,7.0,2.0,155.0,56.0,10.0,5.0,15.0,21.0,28.0,13.0,41.0,0.0,0.0,70.0,66.0,0.0,0.0,20.0,6.0,0.0,1.0,14.0,58.0,15.0,0.0,182.0,63.0,1.0,0.0,0.0,0.18030712753534317,0.0,128.73111666666665,32.96992492675781,14041.34033203125,0.03660938888788223,0.0,MF,94.28571428571428
408042,Theo HERNANDEZ,43946,France,FRA,Defender,0.0,3.0,0.0,1.0,0.0,0.0,0.0,0.0,0.0,0.0,3.0,0.0,0.0,1.0,0.0,2.0,0.0,2.0,0.0,6.0,1.0,3.876823127269745,5.0,1.0,0.0,5.0,1.0,57.0,11.0,2.0,0.0,3386.4098510742188,929.2699737548828,11659.440002441406,1740.2799606323242,12004.849914550781,55.0,70.0,26.0,2.0,4.0,2.0,0.0,0.0,0.0,0.0,0.0,0.0,0.0,0.0,0.0,0.0,0.0,0.0,0.0,0.0,0.0,57.0,3.0,3.0,26.0,23.0,20.0,20.0,46.0,3.0,1.0,0.0,0.0,0.0,28.0,22.0,19.0,22.0,29.0,1.0,2.0,0.0,24.0,5.0,326.0,144.0,13.0,28.0,24.0,15.0,29.0,38.0,67.0,0.0,0.0,149.0,139.0,0.0,0.0,23.0,13.0,5.0,3.0,33.0,112.0,36.0,0.0,288.0,134.0,2.0,1.0,1.0,1.0065854340791702,12.0,296.7847,36.1678352355957,29720.25048828125,0.12125702202320099,0.0,DF,93.28859060402685
431861,Rayan CHERKI,43946,France,FRA,Midfielder,0.0,1.0,0.0,0.0,0.0,0.0,0.0,0.0,0.0,1.0,0.0,0.0,0.0,0.0,0.0,0.0,1.0,1.0,1.0,6.0,1.0,6.553208529949188,2.0,1.0,2.0,3.0,0.0,119.0,10.0,0.0,0.0,3520.0000610351562,560.1300010681152,8917.369934082031,1444.7699813842773,6309.129943847656,54.0,74.0,11.0,2.0,2.0,0.0,0.0,0.0,0.0,0.0,0.0,0.0,0.0,0.0,0.0,0.0,0.0,0.0,0.0,0.0,0.0,32.0,3.0,0.0,3.0,1.0,0.0,0.0,21.0,10.0,6.0,3.0,4.0,3.0,19.0,14.0,11.0,13.0,23.0,1.0,0.0,2.0,12.0,7.0,227.0,78.0,8.0,10.0,36.0,12.0,45.0,13.0,58.0,0.0,0.0,104.0,89.0,0.0,0.0,18.0,29.0,3.0,3.0,47.0,64.0,50.0,0.0,300.0,105.0,6.0,1.0,1.0,4.148755133152008,0.0,169.16446666666667,30.754690170288086,20751.399536132812,0.08212576806545258,0.0,MF,85.57692307692307
405881,Maxence Lacroix,43946,France,FRA,Defender,0.0,0.0,0.0,0.0,0.0,0.0,0.0,,0.0,0.0,0.0,0.0,0.0,0.0,0.0,0.0,0.0,0.0,0.0,4.0,1.0,2.180777072906494,4.0,1.0,0.0,0.0,0.0,31.0,13.0,2.0,0.0,3109.5899658203125,453.1599807739258,10595.080078125,1117.6000061035156,11230.30029296875,24.0,28.0,1.0,5.0,0.0,2.0,,,0.0,0.0,0.0,0.0,0.0,8.0,0.0,0.0,0.0,0.0,0.0,0.0,0.0,32.0,0.0,4.0,22.0,18.0,15.0,18.0,27.0,0.0,0.0,0.0,0.0,0.0,10.0,9.0,6.0,6.0,8.0,0.0,3.0,0.0,5.0,3.0,262.0,106.0,12.0,1.0,2.0,20.0,11.0,12.0,23.0,1.0,0.0,130.0,125.0,0.0,0.0,14.0,0.0,0.0,0.0,10.0,112.0,10.0,0.0,280.0,93.0,1.0,0.0,2.0,0.44746918231248856,0.0,276.5174833333333,33.731632232666016,26505.73046875,0.0,0.0,DF,96.15384615384616
379955,Antonio RUEDIGER,43948,Germany,GER,Defender,0.0,1.0,0.0,0.0,0.0,0.0,0.0,0.0,0.0,0.0,1.0,0.0,0.0,0.0,0.0,1.0,0.0,1.0,0.0,1.0,0.0,5.866386413574219,1.0,0.0,0.0,1.0,0.0,14.0,4.0,1.0,0.0,2829.670120239258,446.98000717163086,11644.199584960938,1040.9100189208984,12840.379821777344,44.0,50.0,5.0,1.0,0.0,1.0,0.0,0.0,0.0,0.0,0.0,0.0,0.0,1.0,0.0,0.0,0.0,0.0,0.0,0.0,0.0,62.0,4.0,3.0,30.0,26.0,23.0,23.0,46.0,4.0,1.0,0.0,0.0,0.0,28.0,19.0,16.0,21.0,13.0,1.0,2.0,0.0,10.0,4.0,514.0,170.0,8.0,0.0,1.0,10.0,5.0,6.0,11.0,0.0,0.0,246.0,230.0,0.0,0.0,6.0,2.0,0.0,3.0,16.0,225.0,19.0,0.0,258.0,72.0,2.0,1.0,0.0,0.4869658499956131,4.0,300.8625833333333,33.13992691040039,28802.140625,0.035872865468263626,0.0,DF,93.4959349593496
401378,Jonathan TAH,43948,Germany,GER,Defender,0.0,1.0,0.0,0.0,0.0,1.0,0.0,0.0,0.0,0.0,0.0,0.0,0.0,1.0,1.0,0.0,1.0,0.0,0.0,4.0,1.0,6.096811652183533,1.0,1.0,0.0,1.0,0.0,27.0,9.0,0.0,0.0,4639.8900146484375,716.8299713134766,19712.490234375,1527.7199401855469,16013.23974609375,88.0,97.0,5.0,5.0,1.0,0.0,0.0,0.0,0.0,0.0,0.0,0.0,0.0,0.0,0.0,0.0,0.0,0.0,1.0,0.0,0.0,82.0,3.0,6.0,46.0,42.0,35.0,37.0,74.0,3.0,3.0,0.0,0.0,0.0,33.0,29.0,22.0,24.0,25.0,3.0,4.0,0.0,23.0,4.0,794.0,242.0,15.0,2.0,1.0,49.0,37.0,15.0,52.0,0.0,0.0,375.0,364.0,0.0,0.0,35.0,4.0,0.0,4.0,55.0,323.0,59.0,0.0,392.0,119.0,0.0,1.0,1.0,0.5035112053155899,1.0,419.80853333333334,32.900245666503906,42610.1689453125,0.0261000357568264,0.0,DF,97.06666666666666
484849,Aleksandar PAVLOVIC,43948,Germany,GER,Midfielder,0.0,4.0,0.0,2.0,0.0,0.0,0.0,0.0,0.0,1.0,3.0,0.0,0.0,1.0,1.0,2.0,1.0,3.0,0.0,5.0,1.0,7.638623356819153,4.0,1.0,0.0,1.0,0.0,76.0,20.0,3.0,0.0,7095.75,573.2300033569336,18120.639892578125,2406.8099975585938,9821.670043945312,95.0,115.0,27.0,13.0,4.0,4.0,0.0,0.0,0.0,0.0,0.0,0.0,0.0,0.0,0.0,0.0,0.0,0.0,0.0,1.0,0.0,67.0,1.0,3.0,27.0,24.0,22.0,23.0,58.0,1.0,0.0,0.0,0.0,0.0,39.0,34.0,32.0,35.0,27.0,0.0,2.0,0.0,21.0,4.0,548.0,181.0,19.0,4.0,54.0,100.0,119.0,39.0,158.0,0.0,0.0,260.0,240.0,0.0,0.0,78.0,20.0,0.0,2.0,65.0,202.0,67.0,0.0,597.0,165.0,0.0,3.0,1.0,0.6643166244029999,1.0,300.04376666666667,31.392236709594727,38018.099609375,0.37491461634635925,1.0,MF,92.3076923076923
386413,Joshua KIMMICH,43948,Germany,GER,Defender,2.0,5.0,0.0,1.0,0.0,1.0,1.0,0.0,0.0,2.0,1.0,0.0,0.0,1.0,0.0,3.0,1.0,4.0,1.0,3.0,2.0,6.790001273155212,3.0,2.0,15.0,25.0,5.0,55.0,9.0,18.0,0.0,5999.400085449219,838.2300186157227,21033.090087890625,2020.3099365234375,14747.520263671875,162.0,186.0,26.0,0.0,7.0,18.0,0.0,0.0,0.0,0.0,0.0,0.0,0.0,0.0,0.0,0.0,0.0,0.0,0.0,0.0,0.0,162.0,4.0,17.0,73.0,68.0,52.0,52.0,127.0,9.0,5.0,1.0,1.0,4.0,80.0,54.0,36.0,55.0,62.0,2.0,14.0,2.0,51.0,4.0,778.0,292.0,25.0,6.0,21.0,73.0,45.0,55.0,100.0,0.0,0.0,368.0,336.0,0.0,0.0,50.0,10.0,1.0,6.0,67.0,268.0,73.0,0.0,518.0,157.0,0.0,2.0,1.0,0.2883995585143566,29.0,392.5518666666667,31.43808364868164,44638.5498046875,0.14879769086837769,0.0,DF,91.30434782608695
379953,Leon GORETZKA,43948,Germany,GER,Midfielder,0.0,2.0,0.0,1.0,0.0,1.0,0.0,0.0,0.0,1.0,0.0,0.0,0.0,2.0,0.0,0.0,0.0,0.0,0.0,3.0,1.0,5.060625791549683,2.0,0.0,0.0,1.0,0.0,20.0,2.0,0.0,0.0,1766.6899719238281,440.74998474121094,4456.789794921875,613.4700088500977,5217.2598876953125,13.0,25.0,3.0,0.0,0.0,0.0,0.0,0.0,0.0,0.0,0.0,0.0,0.0,0.0,0.0,0.0,0.0,0.0,1.0,0.0,0.0,10.0,1.0,1.0,2.0,1.0,0.0,0.0,8.0,1.0,1.0,0.0,0.0,0.0,7.0,6.0,5.0,5.0,9.0,1.0,0.0,0.0,7.0,3.0,80.0,39.0,4.0,12.0,9.0,6.0,19.0,8.0,27.0,0.0,0.0,30.0,23.0,0.0,0.0,9.0,11.0,2.0,5.0,14.0,19.0,19.0,0.0,140.0,49.0,3.0,0.0,0.0,4.337605118751526,0.0,122.22653333333336,33.6779670715332,12494.960327148438,0.18837112188339233,0.0,MF,76.66666666666667
429642,Jamal MUSIALA,43948,Germany,GER,Midfielder,0.0,6.0,0.0,2.0,1.0,0.0,0.0,0.0,0.0,1.0,4.0,0.0,0.0,4.0,1.0,2.0,1.0,2.0,0.0,24.0,0.0,6.605733275413513,13.0,0.0,0.0,8.0,0.0,107.0,19.0,0.0,0.0,4875.219970703125,631.4400024414062,14592.239990234375,1818.9499816894531,11628.66064453125,87.0,131.0,13.0,5.0,11.0,0.0,0.0,0.0,0.0,0.0,0.0,0.0,0.0,0.0,1.0,0.0,1.0,0.0,0.0,0.0,0.0,29.0,3.0,0.0,3.0,2.0,0.0,0.0,23.0,9.0,6.0,4.0,6.0,0.0,17.0,15.0,13.0,14.0,28.0,2.0,0.0,0.0,22.0,4.0,288.0,147.0,15.0,32.0,113.0,35.0,121.0,59.0,180.0,0.0,0.0,104.0,86.0,0.0,0.0,73.0,65.0,6.0,15.0,116.0,29.0,131.0,0.0,412.0,140.0,1.0,2.0,10.0,5.284891963005066,2.0,305.8442,32.34675979614258,33546.51025390625,0.34200455620884895,1.0,MF,82.6923076923077
430667,Nico SCHLOTTERBECK,43948,Germany,GER,Defender,0.0,2.0,0.0,0.0,0.0,1.0,0.0,1.0,0.0,0.0,0.0,0.0,0.0,2.0,2.0,0.0,2.0,0.0,0.0,3.0,4.0,3.069160223007202,3.0,3.0,0.0,0.0,0.0,7.0,6.0,3.0,0.0,1821.010009765625,209.44998931884766,7158.739501953125,477.22999572753906,5777.030029296875,56.0,65.0,18.0,2.0,1.0,4.0,0.0,0.0,0.0,0.0,0.0,0.0,0.0,0.0,1.0,0.0,1.0,0.0,2.0,1.0,0.0,43.0,2.0,4.0,18.0,14.0,11.0,12.0,35.0,3.0,2.0,0.0,0.0,1.0,22.0,19.0,15.0,15.0,26.0,1.0,2.0,1.0,26.0,2.0,272.0,103.0,12.0,0.0,1.0,21.0,5.0,17.0,22.0,0.0,0.0,123.0,110.0,0.0,0.0,7.0,6.0,0.0,3.0,30.0,91.0,33.0,0.0,158.0,40.0,0.0,1.0,1.0,0.16776537150144577,0.0,152.47841666666667,31.90532684326172,15443.4599609375,0.24903862178325653,0.0,DF,89.43089430894308
430669,Florian WIRTZ,43948,Germany,GER,Midfielder,3.0,10.0,0.0,5.0,3.0,0.0,1.0,1.0,1.0,2.0,3.0,0.0,0.0,5.0,1.0,4.0,1.0,5.0,0.0,25.0,2.0,6.852266788482666,18.0,2.0,5.0,12.0,5.0,123.0,18.0,2.0,0.0,7143.9698486328125,954.0199890136719,20910.25048828125,3165.3900756835938,14242.249267578125,134.0,182.0,17.0,1.0,3.0,2.0,0.0,0.0,0.0,0.0,0.0,0.0,0.0,0.0,0.0,0.0,0.0,0.0,0.0,0.0,0.0,82.0,5.0,1.0,10.0,5.0,2.0,4.0,54.0,15.0,10.0,8.0,9.0,1.0,57.0,39.0,36.0,50.0,47.0,2.0,1.0,0.0,33.0,4.0,599.0,243.0,34.0,71.0,100.0,47.0,96.0,122.0,218.0,1.0,0.0,271.0,223.0,0.0,0.0,73.0,117.0,4.0,8.0,91.0,191.0,99.0,0.0,653.0,229.0,0.0,2.0,14.0,3.4748141765594482,14.0,405.9256833333334,33.027687072753906,46415.8798828125,0.9657626114785671,0.0,MF,82.28782287822878
511015,Nathaniel BROWN,43948,Germany,GER,Defender,1.0,3.0,0.0,1.0,0.0,0.0,0.0,0.0,0.0,1.0,2.0,0.0,0.0,3.0,2.0,0.0,2.0,0.0,0.0,7.0,0.0,4.932007789611816,5.0,0.0,11.0,19.0,6.0,64.0,21.0,0.0,0.0,4239.6796875,823.2000579833984,15598.220703125,1743.3600158691406,12390.2294921875,58.0,86.0,3.0,4.0,1.0,0.0,0.0,0.0,0.0,0.0,0.0,0.0,0.0,0.0,1.0,0.0,1.0,0.0,0.0,0.0,0.0,32.0,2.0,1.0,8.0,5.0,4.0,5.0,24.0,6.0,4.0,2.0,3.0,1.0,18.0,15.0,13.0,14.0,19.0,1.0,0.0,1.0,11.0,3.0,304.0,139.0,14.0,60.0,55.0,37.0,62.0,90.0,152.0,0.0,0.0,131.0,115.0,0.0,0.0,52.0,41.0,8.0,7.0,58.0,73.0,65.0,0.0,354.0,129.0,0.0,1.0,2.0,1.9986510872840881,10.0,319.2588166666667,33.81826400756836,34794.6904296875,0.20554723590612411,0.0,DF,87.78625954198473
404353,Leroy SANE,43948,Germany,GER,Midfielder,0.0,6.0,0.0,1.0,2.0,0.0,0.0,1.0,1.0,0.0,3.0,0.0,0.0,5.0,2.0,3.0,2.0,1.0,0.0,24.0,0.0,6.380283713340759,12.0,0.0,1.0,11.0,2.0,84.0,15.0,1.0,0.0,6099.059814453125,1733.8399658203125,13004.98095703125,2896.3700561523438,14325.77978515625,113.0,167.0,10.0,3.0,2.0,1.0,0.0,0.0,0.0,0.0,0.0,0.0,0.0,0.0,1.0,0.0,1.0,0.0,0.0,0.0,0.0,41.0,2.0,0.0,5.0,4.0,3.0,3.0,22.0,9.0,4.0,2.0,6.0,1.0,27.0,14.0,12.0,24.0,28.0,1.0,0.0,1.0,10.0,4.0,439.0,176.0,16.0,55.0,73.0,20.0,36.0,112.0,148.0,1.0,0.0,189.0,161.0,0.0,0.0,63.0,94.0,2.0,8.0,114.0,99.0,122.0,0.0,477.0,221.0,0.0,2.0,7.0,4.060631513595581,2.0,360.78805000000006,34.41828536987305,38060.0302734375,1.5747145526111126,0.0,MF,85.18518518518519
430657,David RAUM,43948,Germany,GER,Defender,0.0,1.0,0.0,0.0,0.0,0.0,0.0,0.0,0.0,0.0,1.0,0.0,0.0,1.0,1.0,0.0,1.0,0.0,0.0,2.0,1.0,3.5307726860046387,1.0,0.0,2.0,14.0,3.0,29.0,8.0,4.0,0.0,2370.7701416015625,583.0999908447266,4736.599914550781,1084.5400085449219,4922.620544433594,27.0,41.0,18.0,2.0,0.0,4.0,0.0,0.0,0.0,0.0,0.0,0.0,0.0,0.0,0.0,0.0,0.0,0.0,0.0,0.0,0.0,24.0,1.0,3.0,8.0,5.0,4.0,4.0,12.0,4.0,2.0,1.0,2.0,1.0,12.0,5.0,3.0,7.0,15.0,0.0,1.0,1.0,8.0,2.0,134.0,65.0,7.0,27.0,14.0,13.0,18.0,36.0,54.0,0.0,0.0,52.0,44.0,0.0,0.0,17.0,13.0,4.0,1.0,14.0,41.0,15.0,0.0,198.0,85.0,1.0,0.0,1.0,1.1147454380989075,8.0,123.68744999999998,33.683467864990234,13697.629638671875,0.04114826023578644,0.0,DF,84.61538461538461
492363,Felix NMECHA,43948,Germany,GER,Midfielder,1.0,8.0,0.0,1.0,1.0,0.0,0.0,1.0,0.0,1.0,5.0,0.0,0.0,3.0,3.0,4.0,3.0,5.0,0.0,14.0,1.0,6.643768668174744,9.0,0.0,0.0,2.0,0.0,74.0,21.0,1.0,0.0,4995.7398681640625,659.6700286865234,13835.95947265625,1878.0599975585938,11955.709594726562,68.0,97.0,9.0,3.0,3.0,1.0,0.0,0.0,0.0,0.0,0.0,0.0,0.0,0.0,1.0,0.0,1.0,0.0,0.0,0.0,0.0,34.0,0.0,1.0,7.0,6.0,6.0,6.0,29.0,4.0,3.0,2.0,2.0,2.0,23.0,20.0,19.0,20.0,20.0,0.0,0.0,1.0,17.0,4.0,313.0,132.0,15.0,38.0,47.0,28.0,73.0,40.0,113.0,0.0,0.0,131.0,120.0,0.0,0.0,37.0,26.0,3.0,5.0,61.0,94.0,66.0,0.0,442.0,141.0,0.0,3.0,5.0,2.0116825699806213,0.0,299.98248333333333,34.966773986816406,33325.14013671875,0.49138012900948524,0.0,MF,91.6030534351145
448522,Alidu SEIDU,43860,Ghana,GHA,Defender,0.0,0.0,0.0,0.0,0.0,0.0,0.0,0.0,0.0,0.0,0.0,0.0,0.0,0.0,0.0,0.0,0.0,0.0,0.0,3.0,0.0,1.362494707107544,3.0,0.0,0.0,1.0,0.0,16.0,6.0,2.0,0.0,858.8299560546875,189.13999938964844,3118.66015625,380.77001953125,3831.56982421875,15.0,19.0,0.0,1.0,0.0,2.0,,,0.0,0.0,0.0,0.0,0.0,0.0,0.0,0.0,0.0,0.0,0.0,0.0,0.0,6.0,0.0,0.0,4.0,4.0,4.0,4.0,5.0,0.0,0.0,0.0,0.0,0.0,2.0,1.0,1.0,2.0,4.0,0.0,0.0,0.0,3.0,1.0,65.0,35.0,0.0,2.0,2.0,0.0,0.0,4.0,4.0,0.0,0.0,27.0,25.0,0.0,0.0,0.0,2.0,0.0,2.0,13.0,14.0,15.0,0.0,73.0,34.0,1.0,0.0,1.0,0.02967197448015213,1.0,92.28446666666667,33.83384704589844,8378.970703125,0.0,1.0,DF,92.5925925925926
506279,Caleb YIRENKYI,43860,Ghana,GHA,Midfielder,0.0,2.0,0.0,0.0,0.0,0.0,1.0,0.0,0.0,0.0,1.0,0.0,0.0,2.0,1.0,1.0,1.0,0.0,0.0,2.0,0.0,6.840330004692078,2.0,0.0,0.0,1.0,0.0,128.0,14.0,0.0,0.0,5219.339996337891,718.3399963378906,15480.750305175781,1825.0899505615234,10977.019805908203,54.0,65.0,12.0,7.0,3.0,0.0,0.0,0.0,0.0,0.0,0.0,0.0,0.0,0.0,1.0,0.0,1.0,0.0,0.0,0.0,0.0,17.0,2.0,0.0,3.0,1.0,1.0,1.0,8.0,4.0,1.0,0.0,1.0,1.0,10.0,6.0,5.0,7.0,17.0,0.0,0.0,1.0,8.0,4.0,165.0,86.0,6.0,29.0,18.0,17.0,44.0,20.0,64.0,0.0,0.0,70.0,62.0,0.0,0.0,16.0,20.0,2.0,6.0,55.0,20.0,61.0,0.0,460.0,136.0,1.0,1.0,2.0,1.8799860626459122,1.0,307.58543333333336,31.754638671875,34220.54187011719,0.7537825107574463,2.0,MF,88.57142857142857
494351,Jonas ADJETEY,43860,Ghana,GHA,Defender,0.0,2.0,0.0,0.0,0.0,0.0,1.0,1.0,0.0,0.0,0.0,0.0,0.0,2.0,1.0,1.0,1.0,0.0,0.0,2.0,4.0,4.587926745414734,2.0,3.0,0.0,0.0,0.0,19.0,6.0,1.0,0.0,2973.800079345703,284.90999031066895,11379.02001953125,987.2499618530273,10633.64990234375,20.0,33.0,3.0,1.0,0.0,1.0,0.0,0.0,0.0,0.0,0.0,0.0,0.0,1.0,0.0,0.0,0.0,0.0,2.0,0.0,0.0,33.0,0.0,10.0,14.0,6.0,3.0,4.0,17.0,0.0,0.0,0.0,0.0,0.0,19.0,11.0,8.0,9.0,18.0,0.0,3.0,0.0,7.0,3.0,251.0,82.0,5.0,0.0,0.0,33.0,18.0,15.0,33.0,0.0,0.0,120.0,105.0,0.0,0.0,17.0,2.0,0.0,3.0,8.0,111.0,11.0,0.0,260.0,87.0,0.0,1.0,0.0,0.1069777924567461,0.0,257.2873166666667,30.983562469482422,26258.6298828125,0.09667320549488068,0.0,DF,87.5
369089,Thomas PARTEY,43860,Ghana,GHA,Midfielder,0.0,2.0,0.0,0.0,0.0,0.0,0.0,0.0,0.0,2.0,0.0,0.0,0.0,0.0,0.0,2.0,0.0,2.0,0.0,10.0,0.0,4.540986180305481,7.0,0.0,0.0,0.0,0.0,52.0,14.0,4.0,0.0,3945.820068359375,138.84999465942383,14205.10986328125,1107.1999816894531,11631.87939453125,67.0,83.0,5.0,2.0,5.0,4.0,,,0.0,0.0,0.0,0.0,0.0,1.0,0.0,0.0,0.0,0.0,0.0,0.0,0.0,55.0,2.0,7.0,21.0,14.0,11.0,12.0,35.0,4.0,2.0,0.0,1.0,1.0,30.0,19.0,15.0,20.0,30.0,1.0,2.0,1.0,19.0,3.0,324.0,122.0,7.0,0.0,8.0,32.0,33.0,7.0,40.0,0.0,0.0,152.0,134.0,0.0,0.0,18.0,8.0,0.0,1.0,30.0,127.0,31.0,0.0,359.0,77.0,0.0,0.0,1.0,0.18350883945822716,0.0,307.5749166666667,28.501543045043945,31028.861328125,0.09012676775455475,0.0,MF,88.1578947368421
507253,Kwasi SIBO,43860,Ghana,GHA,Midfielder,0.0,0.0,0.0,0.0,0.0,0.0,0.0,,0.0,0.0,0.0,0.0,0.0,0.0,0.0,0.0,0.0,0.0,0.0,2.0,2.0,6.62781298160553,2.0,2.0,0.0,0.0,0.0,114.0,15.0,1.0,0.0,5053.000030517578,251.61999607086182,14970.4091796875,1379.72998046875,9468.059631347656,35.0,39.0,5.0,7.0,1.0,1.0,0.0,0.0,0.0,0.0,0.0,0.0,0.0,0.0,0.0,0.0,0.0,0.0,0.0,0.0,0.0,17.0,0.0,0.0,2.0,1.0,1.0,2.0,15.0,1.0,1.0,0.0,0.0,1.0,14.0,13.0,12.0,13.0,6.0,0.0,0.0,1.0,5.0,4.0,204.0,87.0,2.0,2.0,12.0,32.0,42.0,4.0,46.0,0.0,0.0,93.0,88.0,0.0,0.0,16.0,7.0,0.0,1.0,27.0,68.0,28.0,0.0,447.0,96.0,1.0,2.0,1.0,0.28825520165264606,0.0,282.54819999999995,30.031415939331055,31122.818603515625,0.0,0.0,MF,94.6236559139785
448531,Antoine SEMENYO,43860,Ghana,GHA,Midfielder,0.0,6.0,0.0,3.0,2.0,0.0,0.0,0.0,0.0,1.0,2.0,0.0,0.0,3.0,0.0,2.0,0.0,3.0,0.0,18.0,0.0,5.779487133026123,12.0,0.0,0.0,5.0,0.0,123.0,20.0,0.0,0.0,3455.969970703125,1450.3300170898438,13653.8798828125,1929.4499206542969,19444.21044921875,42.0,76.0,26.0,6.0,4.0,0.0,0.0,0.0,0.0,0.0,0.0,0.0,0.0,0.0,0.0,0.0,0.0,0.0,1.0,0.0,0.0,19.0,1.0,1.0,3.0,3.0,1.0,1.0,15.0,5.0,3.0,2.0,4.0,0.0,11.0,9.0,7.0,9.0,18.0,1.0,1.0,0.0,14.0,4.0,176.0,91.0,7.0,45.0,33.0,14.0,54.0,38.0,92.0,4.0,0.0,68.0,52.0,0.0,0.0,32.0,44.0,3.0,15.0,35.0,44.0,50.0,0.0,285.0,167.0,0.0,0.0,5.0,4.3084876537323,8.0,414.31466666666665,35.1153678894043,39933.83984375,0.26289152354002,0.0,MF,76.47058823529412
441333,Gideon MENSAH,43860,Ghana,GHA,Defender,0.0,0.0,0.0,0.0,0.0,0.0,0.0,0.0,0.0,0.0,0.0,0.0,0.0,0.0,0.0,0.0,0.0,0.0,0.0,3.0,2.0,5.743001580238342,1.0,2.0,0.0,3.0,0.0,63.0,18.0,9.0,0.0,4165.22998046875,727.6100006103516,16024.909423828125,1946.3300476074219,16833.89990234375,59.0,77.0,10.0,2.0,2.0,9.0,0.0,0.0,0.0,0.0,0.0,0.0,0.0,0.0,0.0,0.0,0.0,0.0,0.0,0.0,0.0,80.0,4.0,13.0,34.0,22.0,15.0,17.0,50.0,6.0,2.0,0.0,0.0,2.0,40.0,26.0,18.0,21.0,32.0,1.0,6.0,1.0,19.0,4.0,378.0,171.0,5.0,15.0,23.0,23.0,4.0,57.0,61.0,0.0,0.0,182.0,156.0,0.0,0.0,23.0,7.0,2.0,4.0,31.0,128.0,35.0,0.0,365.0,158.0,0.0,0.0,1.0,0.10990534909069538,20.0,414.31466666666665,33.226585388183594,39697.98046875,0.0,0.0,DF,85.71428571428571
441341,Elisha OWUSU,43860,Ghana,GHA,Midfielder,0.0,0.0,0.0,0.0,0.0,0.0,0.0,,0.0,0.0,0.0,0.0,0.0,0.0,0.0,0.0,0.0,0.0,0.0,3.0,0.0,5.072413325309753,3.0,0.0,0.0,4.0,1.0,55.0,10.0,1.0,0.0,3028.179931640625,213.95000457763672,8671.609985351562,1062.97998046875,5852.3497314453125,32.0,43.0,5.0,2.0,0.0,2.0,0.0,0.0,0.0,0.0,0.0,0.0,0.0,0.0,0.0,0.0,0.0,0.0,0.0,1.0,0.0,12.0,1.0,1.0,5.0,3.0,3.0,3.0,6.0,1.0,0.0,0.0,0.0,0.0,6.0,3.0,3.0,4.0,6.0,0.0,0.0,0.0,3.0,3.0,134.0,62.0,1.0,8.0,9.0,19.0,23.0,13.0,36.0,0.0,0.0,58.0,50.0,0.0,0.0,14.0,7.0,2.0,9.0,32.0,24.0,41.0,0.0,262.0,74.0,1.0,2.0,2.0,0.40600888058543205,1.0,166.80685,29.170513153076172,18829.0703125,0.0,0.0,MF,86.20689655172413
486150,Jerome OPOKU,43860,Ghana,GHA,Defender,0.0,0.0,0.0,0.0,0.0,0.0,0.0,0.0,0.0,0.0,0.0,0.0,0.0,0.0,0.0,0.0,0.0,0.0,0.0,2.0,7.0,4.205961227416992,2.0,4.0,0.0,0.0,0.0,10.0,7.0,4.0,0.0,2859.4099731445312,187.35000610351562,12267.960205078125,859.7199859619141,13191.37890625,17.0,30.0,8.0,2.0,4.0,4.0,0.0,0.0,0.0,0.0,0.0,0.0,0.0,0.0,0.0,0.0,0.0,0.0,0.0,0.0,0.0,50.0,7.0,8.0,23.0,12.0,6.0,8.0,23.0,7.0,3.0,0.0,0.0,0.0,20.0,8.0,2.0,5.0,19.0,3.0,3.0,0.0,6.0,3.0,246.0,95.0,3.0,0.0,2.0,14.0,9.0,7.0,16.0,0.0,0.0,115.0,95.0,0.0,0.0,9.0,0.0,0.0,0.0,14.0,100.0,14.0,0.0,230.0,74.0,0.0,0.0,1.0,0.1572710331529379,0.0,313.8529,32.704280853271484,29365.818359375,0.0,0.0,DF,82.6086956521739
520037,Derrick LUCKASSEN,43860,Ghana,GHA,Defender,0.0,1.0,0.0,0.0,0.0,0.0,0.0,1.0,0.0,0.0,0.0,0.0,0.0,1.0,1.0,0.0,1.0,0.0,0.0,0.0,1.0,2.6429566144943237,0.0,1.0,0.0,0.0,0.0,8.0,4.0,3.0,0.0,1655.6299438476562,153.74000549316406,7267.06005859375,499.88999938964844,8483.419677734375,18.0,26.0,2.0,1.0,2.0,4.0,,,0.0,0.0,0.0,0.0,0.0,0.0,1.0,0.0,1.0,0.0,0.0,1.0,0.0,38.0,3.0,5.0,16.0,10.0,8.0,8.0,20.0,3.0,0.0,0.0,0.0,0.0,19.0,10.0,8.0,11.0,12.0,0.0,2.0,0.0,6.0,2.0,256.0,87.0,3.0,0.0,0.0,4.0,1.0,3.0,4.0,0.0,0.0,125.0,109.0,0.0,0.0,3.0,1.0,1.0,2.0,10.0,111.0,12.0,0.0,147.0,39.0,0.0,0.0,0.0,0.08680273219943047,0.0,205.15231666666665,31.763458251953125,18059.740234375,0.6174935102462769,0.0,DF,87.2
520039,Marvin SENAYA,43860,Ghana,GHA,Defender,0.0,2.0,0.0,2.0,0.0,0.0,0.0,0.0,0.0,1.0,1.0,0.0,0.0,1.0,0.0,0.0,0.0,1.0,0.0,5.0,1.0,5.766685485839844,1.0,1.0,0.0,8.0,2.0,89.0,24.0,1.0,0.0,3360.7900314331055,690.7400054931641,13386.460388183594,1843.7499923706055,11826.790222167969,27.0,45.0,34.0,6.0,4.0,1.0,0.0,0.0,0.0,0.0,0.0,0.0,0.0,0.0,0.0,0.0,0.0,0.0,0.0,0.0,0.0,36.0,1.0,3.0,13.0,8.0,6.0,9.0,23.0,4.0,3.0,2.0,3.0,0.0,19.0,12.0,10.0,15.0,20.0,1.0,1.0,0.0,15.0,4.0,201.0,100.0,3.0,17.0,11.0,27.0,12.0,43.0,55.0,0.0,0.0,91.0,75.0,0.0,0.0,19.0,10.0,3.0,5.0,20.0,65.0,25.0,0.0,285.0,171.0,0.0,2.0,1.0,0.3532632403075695,21.0,312.75865,31.645282745361328,31108.530517578125,0.09797165915369987,0.0,DF,82.41758241758241
397775,Carlens ARCUS,43908,Haiti,HAI,Defender,0.0,0.0,0.0,0.0,0.0,0.0,0.0,0.0,0.0,0.0,0.0,0.0,0.0,0.0,0.0,0.0,0.0,0.0,0.0,1.0,0.0,6.069989522298177,0.0,0.0,0.0,2.0,1.0,34.0,11.0,0.0,0.0,2673.579833984375,350.71998596191406,7234.160217285156,1253.7599334716797,6494.340026855469,23.0,29.0,12.0,5.0,3.0,0.0,0.0,0.0,0.0,0.0,0.0,0.0,0.0,0.0,0.0,0.0,0.0,0.0,0.0,0.0,0.0,13.0,0.0,0.0,1.0,1.0,1.0,1.0,9.0,1.0,0.0,0.0,1.0,0.0,11.0,8.0,8.0,11.0,8.0,0.0,0.0,0.0,6.0,3.0,124.0,54.0,3.0,11.0,25.0,5.0,10.0,31.0,41.0,2.0,0.0,61.0,54.0,0.0,0.0,10.0,11.0,0.0,2.0,8.0,46.0,10.0,0.0,247.0,86.0,1.0,1.0,0.0,0.3363642655313015,10.0,171.92673333333335,30.1812801361084,18006.560302734375,0.0,1.0,DF,88.52459016393442
275917,Ricardo Ade,43908,Haiti,HAI,Defender,0.0,4.0,0.0,0.0,0.0,1.0,0.0,0.0,0.0,0.0,2.0,0.0,0.0,2.0,1.0,2.0,1.0,2.0,0.0,3.0,1.0,5.635070164998372,2.0,1.0,0.0,0.0,0.0,24.0,5.0,2.0,0.0,3731.650146484375,378.20000076293945,11908.54052734375,1160.5700073242188,11647.98046875,26.0,39.0,3.0,6.0,4.0,2.0,0.0,0.0,0.0,0.0,0.0,0.0,0.0,0.0,0.0,0.0,0.0,0.0,2.0,0.0,0.0,60.0,5.0,9.0,31.0,22.0,13.0,17.0,42.0,5.0,2.0,0.0,0.0,0.0,24.0,18.0,9.0,10.0,23.0,2.0,7.0,0.0,15.0,3.0,293.0,115.0,6.0,1.0,0.0,12.0,10.0,3.0,13.0,0.0,0.0,136.0,121.0,0.0,0.0,6.0,2.0,0.0,3.0,19.0,119.0,22.0,0.0,310.0,95.0,0.0,0.0,0.0,0.20959768444299698,0.0,306.90215,30.66342544555664,28826.9404296875,0.16835251078009605,0.0,DF,88.97058823529412
448363,Hannes DELCROIX,43908,Haiti,HAI,Defender,0.0,0.0,0.0,0.0,0.0,0.0,0.0,,0.0,0.0,0.0,0.0,0.0,0.0,0.0,0.0,0.0,0.0,0.0,1.0,1.0,5.865223407745361,1.0,1.0,0.0,1.0,0.0,21.0,9.0,4.0,0.0,3404.9100341796875,480.2899856567383,13647.3701171875,1049.2200317382812,11424.449951171875,28.0,32.0,9.0,1.0,2.0,6.0,0.0,0.0,0.0,0.0,0.0,0.0,0.0,9.0,0.0,0.0,0.0,0.0,0.0,2.0,0.0,51.0,2.0,7.0,33.0,30.0,23.0,24.0,45.0,2.0,1.0,0.0,0.0,0.0,16.0,14.0,7.0,7.0,16.0,1.0,6.0,0.0,13.0,3.0,302.0,120.0,3.0,0.0,2.0,9.0,3.0,8.0,11.0,0.0,0.0,151.0,146.0,0.0,0.0,6.0,0.0,0.0,4.0,12.0,121.0,16.0,0.0,298.0,89.0,0.0,0.0,0.0,0.2462206780910492,1.0,306.90215,32.22296142578125,30006.2412109375,0.0,0.0,DF,96.68874172185431
489300,Martin EXPERIENCE,43908,Haiti,HAI,Defender,0.0,1.0,0.0,0.0,0.0,0.0,0.0,0.0,0.0,0.0,1.0,0.0,0.0,0.0,0.0,1.0,0.0,1.0,0.0,8.0,3.0,6.646244208017985,4.0,3.0,0.0,6.0,0.0,91.0,26.0,3.0,0.0,5235.2501220703125,939.3300323486328,14860.4599609375,2295.1799926757812,10666.7998046875,48.0,75.0,26.0,7.0,6.0,3.0,0.0,0.0,0.0,0.0,0.0,0.0,0.0,0.0,0.0,0.0,0.0,0.0,0.0,0.0,0.0,36.0,1.0,3.0,17.0,12.0,11.0,13.0,20.0,6.0,2.0,2.0,3.0,2.0,13.0,6.0,5.0,7.0,24.0,0.0,1.0,0.0,12.0,3.0,243.0,119.0,8.0,41.0,45.0,30.0,32.0,84.0,116.0,0.0,0.0,111.0,93.0,0.0,0.0,36.0,25.0,1.0,3.0,44.0,61.0,47.0,0.0,447.0,187.0,0.0,0.0,1.0,0.7699595913290977,17.0,306.90215,32.86417770385742,33997.0205078125,0.014067264273762703,0.0,DF,83.78378378378379
430697,Jean-Ricner Bellegarde,43908,Haiti,HAI,Midfielder,0.0,6.0,0.0,3.0,0.0,1.0,0.0,2.0,2.0,0.0,3.0,0.0,0.0,1.0,0.0,3.0,0.0,5.0,0.0,9.0,4.0,6.6360249519348145,6.0,4.0,5.0,12.0,3.0,89.0,17.0,15.0,0.0,5145.4600830078125,276.74999237060547,14815.9501953125,1332.9899597167969,10798.8701171875,54.0,79.0,13.0,4.0,5.0,17.0,0.0,0.0,0.0,0.0,0.0,0.0,0.0,0.0,0.0,0.0,0.0,0.0,1.0,2.0,0.0,58.0,4.0,4.0,13.0,10.0,5.0,5.0,38.0,5.0,3.0,0.0,0.0,1.0,40.0,25.0,20.0,31.0,37.0,3.0,2.0,0.0,27.0,3.0,299.0,135.0,14.0,8.0,53.0,48.0,82.0,27.0,109.0,0.0,0.0,130.0,112.0,0.0,0.0,45.0,17.0,0.0,5.0,53.0,83.0,58.0,0.0,431.0,112.0,0.0,1.0,1.0,0.36849648505449295,0.0,292.5059666666667,34.21611404418945,32370.0205078125,0.2871517390012741,1.0,MF,86.15384615384616
466838,Danley JEAN JACQUES,43908,Haiti,HAI,Midfielder,0.0,0.0,0.0,0.0,0.0,0.0,0.0,0.0,0.0,0.0,0.0,0.0,0.0,0.0,0.0,0.0,0.0,0.0,0.0,4.0,3.0,6.871011098225911,2.0,3.0,0.0,2.0,0.0,78.0,25.0,4.0,0.0,5811.0001220703125,550.5700073242188,14311.35986328125,1868.2600708007812,10608.609619140625,34.0,47.0,11.0,5.0,3.0,4.0,0.0,0.0,0.0,0.0,0.0,0.0,0.0,0.0,0.0,0.0,0.0,0.0,0.0,0.0,0.0,33.0,0.0,3.0,13.0,13.0,10.0,10.0,30.0,1.0,0.0,0.0,0.0,1.0,19.0,17.0,14.0,15.0,14.0,0.0,3.0,0.0,12.0,3.0,243.0,90.0,3.0,2.0,27.0,44.0,36.0,37.0,73.0,0.0,0.0,116.0,102.0,0.0,0.0,37.0,11.0,0.0,4.0,26.0,87.0,30.0,0.0,470.0,138.0,0.0,1.0,1.0,0.36254381388425827,1.0,288.64438333333334,33.321014404296875,33149.7998046875,0.0,1.0,MF,87.93103448275862
431781,Jean-Kevin DUVERNE,43908,Haiti,HAI,Defender,1.0,1.0,0.0,0.0,0.0,0.0,0.0,0.0,0.0,1.0,0.0,0.0,0.0,1.0,0.0,1.0,0.0,0.0,0.0,7.0,0.0,4.12330945332845,5.0,0.0,0.0,2.0,1.0,56.0,9.0,0.0,0.0,2221.52001953125,506.7100067138672,7763.609375,1074.989990234375,7607.570068359375,21.0,30.0,3.0,2.0,1.0,1.0,,,0.0,0.0,0.0,0.0,0.0,0.0,0.0,0.0,0.0,0.0,0.0,1.0,0.0,21.0,0.0,2.0,10.0,9.0,7.0,8.0,17.0,1.0,1.0,1.0,1.0,0.0,10.0,7.0,5.0,8.0,7.0,0.0,2.0,0.0,7.0,2.0,154.0,74.0,3.0,5.0,20.0,28.0,10.0,43.0,53.0,1.0,0.0,69.0,59.0,0.0,0.0,24.0,6.0,0.0,1.0,20.0,48.0,21.0,0.0,209.0,82.0,0.0,1.0,2.0,0.18584728240966797,8.0,186.09703333333334,33.52260208129883,19174.400390625,0.03159517049789429,0.0,DF,85.5072463768116
448505,Saleh HARDANI,43817,IR Iran,IRN,Defender,0.0,0.0,0.0,0.0,0.0,0.0,0.0,,0.0,0.0,0.0,0.0,0.0,0.0,0.0,0.0,0.0,0.0,0.0,1.0,0.0,3.775876045227051,0.0,0.0,0.0,1.0,0.0,46.0,6.0,0.0,0.0,1086.320068359375,184.77999114990234,3998.699951171875,408.6699981689453,4423.169921875,10.0,16.0,5.0,0.0,2.0,0.0,,,0.0,0.0,0.0,0.0,0.0,0.0,0.0,0.0,0.0,0.0,0.0,0.0,0.0,18.0,0.0,1.0,5.0,1.0,1.0,4.0,9.0,0.0,0.0,0.0,0.0,0.0,13.0,8.0,8.0,12.0,11.0,0.0,0.0,0.0,6.0,2.0,70.0,31.0,2.0,3.0,4.0,10.0,1.0,16.0,17.0,0.0,0.0,29.0,21.0,0.0,0.0,10.0,3.0,0.0,0.0,12.0,17.0,12.0,0.0,105.0,37.0,1.0,1.0,0.0,0.03331845160573721,4.0,107.24193333333335,31.73377799987793,10101.64013671875,0.0,0.0,DF,72.41379310344827
288961,Ehsan HAJISAFI,43817,IR Iran,IRN,Defender,0.0,1.0,0.0,1.0,0.0,0.0,0.0,1.0,0.0,0.0,1.0,0.0,0.0,0.0,0.0,0.0,0.0,1.0,0.0,4.0,1.0,4.41318925221761,3.0,1.0,0.0,2.0,0.0,27.0,2.0,2.0,0.0,1563.7099914550781,129.1500015258789,5065.1798095703125,606.7400207519531,4099.4599609375,8.0,19.0,1.0,2.0,1.0,2.0,0.0,0.0,0.0,0.0,0.0,0.0,0.0,0.0,0.0,0.0,0.0,0.0,0.0,0.0,0.0,12.0,1.0,2.0,5.0,1.0,1.0,2.0,2.0,2.0,0.0,0.0,1.0,0.0,5.0,1.0,1.0,2.0,9.0,0.0,0.0,0.0,2.0,2.0,47.0,25.0,2.0,1.0,8.0,6.0,3.0,12.0,15.0,0.0,0.0,20.0,11.0,0.0,0.0,4.0,2.0,1.0,1.0,6.0,14.0,7.0,0.0,134.0,48.0,1.0,1.0,1.0,0.18038762360811234,2.0,104.6295,28.19083023071289,11464.240478515625,0.07560689747333527,1.0,DF,55.00000000000001
346743,Shoja KHALILZADEH,43817,IR Iran,IRN,Defender,0.0,2.0,0.0,0.0,0.0,1.0,1.0,0.0,0.0,0.0,0.0,0.0,0.0,2.0,0.0,2.0,0.0,0.0,0.0,1.0,2.0,5.592333157857259,1.0,2.0,0.0,0.0,0.0,26.0,12.0,6.0,0.0,2865.2799682617188,262.6299858093262,11019.3203125,917.8299102783203,13749.48974609375,21.0,36.0,8.0,4.0,0.0,6.0,0.0,0.0,0.0,0.0,0.0,0.0,0.0,8.0,0.0,0.0,0.0,0.0,2.0,0.0,0.0,43.0,1.0,8.0,25.0,13.0,11.0,16.0,19.0,1.0,0.0,0.0,0.0,0.0,17.0,6.0,4.0,8.0,23.0,0.0,2.0,0.0,9.0,3.0,297.0,113.0,4.0,0.0,1.0,31.0,22.0,10.0,32.0,1.0,0.0,141.0,118.0,0.0,0.0,18.0,3.0,0.0,3.0,14.0,112.0,17.0,0.0,255.0,78.0,0.0,0.0,0.0,0.11062326654791832,0.0,309.48558333333335,31.988224029541016,28814.5498046875,0.1815406084060669,1.0,DF,83.68794326241135
390537,Milad MOHAMMADI,43817,IR Iran,IRN,Defender,0.0,1.0,0.0,0.0,1.0,0.0,0.0,0.0,0.0,0.0,0.0,0.0,0.0,1.0,1.0,0.0,1.0,0.0,0.0,11.0,0.0,6.702778498331706,8.0,0.0,0.0,4.0,0.0,62.0,22.0,0.0,0.0,3581.7698974609375,641.829963684082,10445.849853515625,1958.9500732421875,9372.220092773438,29.0,46.0,23.0,1.0,1.0,0.0,0.0,0.0,0.0,0.0,0.0,0.0,0.0,0.0,0.0,0.0,0.0,0.0,0.0,0.0,0.0,39.0,3.0,5.0,14.0,7.0,4.0,6.0,22.0,4.0,3.0,1.0,1.0,0.0,21.0,12.0,9.0,13.0,16.0,2.0,1.0,0.0,7.0,3.0,174.0,84.0,7.0,31.0,18.0,8.0,20.0,37.0,57.0,2.0,0.0,80.0,66.0,0.0,0.0,12.0,12.0,4.0,2.0,24.0,50.0,26.0,0.0,299.0,142.0,1.0,0.0,6.0,0.5106022581458092,20.0,235.64893333333333,30.743518829345703,26000.62060546875,0.0551643930375576,0.0,DF,82.5
371736,Saeid EZATOLAHI,43817,IR Iran,IRN,Midfielder,0.0,6.0,0.0,0.0,0.0,1.0,1.0,0.0,0.0,2.0,2.0,0.0,0.0,2.0,0.0,4.0,2.0,4.0,2.0,4.0,0.0,6.596081256866455,3.0,0.0,0.0,0.0,0.0,96.0,22.0,3.0,0.0,4763.080078125,64.03000164031982,15067.4599609375,988.8599548339844,11952.96923828125,43.0,60.0,22.0,7.0,4.0,3.0,0.0,0.0,0.0,0.0,0.0,0.0,0.0,0.0,0.0,0.0,0.0,0.0,2.0,0.0,0.0,43.0,2.0,2.0,15.0,12.0,9.0,11.0,29.0,4.0,2.0,0.0,0.0,2.0,24.0,15.0,11.0,18.0,20.0,1.0,2.0,1.0,15.0,3.0,227.0,105.0,8.0,1.0,22.0,37.0,50.0,10.0,60.0,0.0,0.0,99.0,78.0,0.0,0.0,19.0,6.0,0.0,6.0,34.0,64.0,40.0,0.0,406.0,65.0,0.0,1.0,1.0,0.27945346385240555,1.0,298.6881666666667,26.68060874938965,32836.3984375,0.49396052211523056,2.0,MF,78.78787878787878
448497,Mohammad MOHEBBI,43817,IR Iran,IRN,Midfielder,0.0,2.0,0.0,1.0,0.0,0.0,1.0,0.0,0.0,0.0,1.0,0.0,0.0,2.0,1.0,0.0,1.0,0.0,0.0,3.0,1.0,6.8318173090616865,1.0,0.0,0.0,1.0,0.0,133.0,15.0,0.0,0.0,6036.8597412109375,862.8500366210938,10345.81005859375,2424.7899780273438,11105.500244140625,43.0,65.0,8.0,1.0,1.0,0.0,0.0,0.0,0.0,0.0,0.0,0.0,0.0,0.0,1.0,0.0,1.0,0.0,1.0,0.0,0.0,16.0,0.0,2.0,2.0,0.0,0.0,0.0,6.0,3.0,1.0,1.0,3.0,0.0,11.0,5.0,5.0,9.0,12.0,0.0,0.0,0.0,5.0,3.0,159.0,77.0,5.0,41.0,41.0,13.0,36.0,59.0,95.0,0.0,0.0,69.0,49.0,0.0,0.0,27.0,43.0,3.0,11.0,50.0,20.0,61.0,0.0,470.0,170.0,0.0,2.0,0.0,2.393956273794174,1.0,271.5443333333333,32.2670783996582,30775.80859375,0.2408740520477295,0.0,MF,71.01449275362319
390534,Hossein KANANI,43817,IR Iran,IRN,Defender,0.0,1.0,0.0,0.0,0.0,0.0,0.0,0.0,0.0,0.0,1.0,0.0,0.0,1.0,1.0,0.0,1.0,0.0,0.0,2.0,3.0,3.939448515574137,2.0,2.0,0.0,0.0,0.0,17.0,5.0,0.0,0.0,1384.1099853515625,79.56000137329102,6383.27001953125,383.57000732421875,6518.6904296875,12.0,16.0,2.0,1.0,0.0,0.0,,,0.0,0.0,0.0,0.0,0.0,0.0,0.0,0.0,0.0,0.0,0.0,0.0,0.0,13.0,0.0,3.0,7.0,6.0,4.0,4.0,11.0,0.0,0.0,0.0,0.0,0.0,6.0,5.0,3.0,3.0,10.0,0.0,2.0,0.0,8.0,2.0,75.0,29.0,2.0,0.0,0.0,4.0,1.0,3.0,4.0,0.0,0.0,34.0,33.0,0.0,0.0,1.0,2.0,0.0,1.0,7.0,28.0,8.0,0.0,123.0,27.0,0.0,1.0,0.0,0.15628735721111298,0.0,154.11788333333334,28.07319450378418,14749.19970703125,0.015023822896182537,1.0,DF,97.05882352941177
411644,Saman GHODDOS,43817,IR Iran,IRN,Midfielder,0.0,4.0,0.0,1.0,0.0,0.0,0.0,0.0,0.0,4.0,0.0,0.0,0.0,2.0,0.0,2.0,0.0,2.0,0.0,5.0,2.0,6.898701985677083,4.0,2.0,0.0,1.0,1.0,102.0,18.0,0.0,0.0,4151.5599365234375,223.27998733520508,12870.449951171875,1311.5900573730469,7649.90966796875,36.0,51.0,9.0,3.0,0.0,0.0,0.0,0.0,0.0,0.0,0.0,0.0,0.0,0.0,0.0,0.0,0.0,0.0,0.0,0.0,0.0,31.0,2.0,5.0,8.0,4.0,1.0,1.0,17.0,6.0,3.0,1.0,3.0,1.0,17.0,10.0,6.0,9.0,19.0,1.0,2.0,1.0,13.0,3.0,162.0,84.0,7.0,7.0,15.0,19.0,30.0,11.0,41.0,1.0,0.0,64.0,45.0,0.0,0.0,15.0,20.0,1.0,5.0,33.0,39.0,38.0,0.0,338.0,99.0,0.0,3.0,3.0,0.9422297403216362,0.0,228.77519999999998,29.378747940063477,26206.7900390625,0.16017034277319908,0.0,MF,70.3125
489603,Ali NEMATI,43817,IR Iran,IRN,Defender,0.0,1.0,0.0,0.0,0.0,0.0,0.0,0.0,0.0,1.0,0.0,0.0,0.0,1.0,0.0,0.0,0.0,0.0,0.0,3.0,2.0,6.135492483774821,2.0,2.0,0.0,3.0,1.0,24.0,10.0,2.0,0.0,4032.179931640625,606.6900177001953,12632.100341796875,1326.6000061035156,13016.349609375,19.0,33.0,5.0,3.0,0.0,2.0,0.0,0.0,0.0,0.0,0.0,0.0,0.0,11.0,0.0,0.0,0.0,0.0,0.0,0.0,0.0,45.0,3.0,11.0,21.0,11.0,7.0,7.0,19.0,3.0,0.0,0.0,0.0,0.0,21.0,8.0,4.0,7.0,33.0,0.0,4.0,0.0,12.0,3.0,265.0,93.0,8.0,3.0,1.0,24.0,12.0,16.0,28.0,1.0,0.0,129.0,114.0,0.0,0.0,13.0,4.0,1.0,1.0,21.0,99.0,22.0,0.0,369.0,108.0,0.0,0.0,0.0,0.2243092879652977,3.0,309.48558333333335,32.901615142822266,31613.9189453125,0.062201306223869324,1.0,DF,88.37209302325581
384797,Ramin REZAEIAN,43817,IR Iran,IRN,Defender,1.0,4.0,0.0,0.0,0.0,0.0,0.0,0.0,0.0,2.0,1.0,0.0,1.0,4.0,2.0,2.0,2.0,0.0,0.0,5.0,0.0,6.792239665985107,5.0,0.0,7.0,17.0,5.0,82.0,10.0,7.0,0.0,5429.8602294921875,575.0900039672852,14875.2705078125,2263.9899291992188,11850.630126953125,50.0,84.0,9.0,2.0,3.0,7.0,0.0,0.0,0.0,0.0,0.0,0.0,0.0,0.0,2.0,0.0,2.0,0.0,0.0,0.0,0.0,71.0,6.0,6.0,23.0,12.0,9.0,11.0,38.0,12.0,6.0,2.0,3.0,3.0,36.0,20.0,14.0,21.0,50.0,1.0,2.0,3.0,28.0,3.0,223.0,116.0,15.0,29.0,67.0,55.0,19.0,132.0,151.0,1.0,0.0,98.0,68.0,0.0,0.0,46.0,19.0,3.0,1.0,42.0,55.0,43.0,0.0,458.0,170.0,0.0,0.0,1.0,0.6588948369026184,12.0,309.48558333333335,31.562597274780273,34994.8388671875,0.96854567527771,0.0,DF,69.38775510204081
479553,Hussein Ali,43818,Iraq,IRQ,Defender,0.0,1.0,0.0,0.0,0.0,0.0,0.0,0.0,0.0,0.0,1.0,0.0,0.0,1.0,0.0,1.0,0.0,0.0,0.0,3.0,0.0,4.182817300160726,2.0,0.0,0.0,2.0,0.0,20.0,3.0,0.0,0.0,2126.820068359375,499.1099853515625,7472.620361328125,840.6300048828125,7272.139892578125,15.0,24.0,9.0,1.0,0.0,0.0,0.0,0.0,0.0,0.0,0.0,0.0,0.0,0.0,0.0,0.0,0.0,0.0,0.0,0.0,0.0,16.0,0.0,2.0,3.0,1.0,0.0,1.0,10.0,2.0,2.0,2.0,2.0,0.0,11.0,7.0,6.0,9.0,10.0,0.0,1.0,0.0,7.0,2.0,82.0,39.0,3.0,24.0,18.0,2.0,3.0,41.0,44.0,1.0,0.0,40.0,32.0,0.0,0.0,6.0,10.0,2.0,0.0,8.0,29.0,8.0,0.0,179.0,71.0,0.0,1.0,0.0,0.24394700676202774,8.0,174.00081666666665,32.112205505371094,18211.32080078125,0.013842901214957237,0.0,DF,80.0
434025,ZAID TAHSEEN,43818,Iraq,IRQ,Defender,0.0,2.0,0.0,0.0,0.0,0.0,1.0,0.0,0.0,1.0,0.0,0.0,0.0,1.0,0.0,2.0,0.0,1.0,0.0,1.0,1.0,4.124052365620931,1.0,1.0,0.0,0.0,0.0,6.0,2.0,4.0,0.0,2074.1700439453125,275.4399948120117,7566.309814453125,516.1900024414062,6375.899658203125,21.0,29.0,1.0,3.0,2.0,4.0,0.0,0.0,0.0,0.0,0.0,0.0,0.0,2.0,0.0,0.0,0.0,0.0,1.0,0.0,0.0,38.0,3.0,11.0,21.0,13.0,5.0,7.0,21.0,3.0,0.0,0.0,0.0,0.0,14.0,8.0,0.0,0.0,21.0,0.0,8.0,0.0,17.0,2.0,134.0,61.0,3.0,0.0,1.0,14.0,4.0,11.0,15.0,0.0,0.0,64.0,53.0,0.0,0.0,6.0,2.0,0.0,1.0,17.0,45.0,18.0,0.0,179.0,49.0,0.0,1.0,0.0,0.061677360907197,0.0,165.5404,31.88812828063965,16808.009765625,0.2122379094362259,1.0,DF,82.8125
481183,AKAM HASHIM,43818,Iraq,IRQ,Defender,0.0,1.0,0.0,0.0,0.0,0.0,0.0,0.0,0.0,1.0,0.0,0.0,0.0,0.0,0.0,1.0,0.0,1.0,0.0,10.0,1.0,5.557536760965983,7.0,1.0,0.0,0.0,0.0,16.0,7.0,5.0,0.0,3314.940185546875,375.36000061035156,11615.280029296875,911.219970703125,11881.070556640625,38.0,60.0,3.0,0.0,3.0,5.0,0.0,0.0,0.0,0.0,0.0,0.0,0.0,0.0,0.0,0.0,0.0,0.0,0.0,0.0,0.0,49.0,3.0,9.0,26.0,16.0,12.0,14.0,25.0,3.0,1.0,0.0,0.0,0.0,20.0,8.0,4.0,8.0,25.0,1.0,3.0,0.0,12.0,3.0,313.0,118.0,3.0,1.0,2.0,17.0,6.0,14.0,20.0,0.0,0.0,148.0,126.0,0.0,0.0,10.0,1.0,1.0,2.0,23.0,123.0,25.0,0.0,270.0,79.0,0.0,0.0,4.0,0.10075904801487923,0.0,303.8828666666667,33.651912689208984,28097.87109375,0.03009321540594101,0.0,DF,85.13513513513513
433585,IBRAHIM BAYESH,43818,Iraq,IRQ,Midfielder,0.0,1.0,0.0,0.0,0.0,0.0,0.0,0.0,0.0,1.0,0.0,0.0,0.0,1.0,0.0,1.0,0.0,0.0,0.0,14.0,0.0,6.373985290527344,8.0,0.0,0.0,1.0,0.0,120.0,14.0,0.0,0.0,3930.429931640625,492.3899841308594,11082.51953125,1351.0400695800781,10729.68994140625,32.0,47.0,14.0,3.0,5.0,0.0,0.0,0.0,0.0,0.0,0.0,0.0,0.0,0.0,0.0,0.0,0.0,0.0,0.0,0.0,0.0,17.0,1.0,1.0,4.0,1.0,1.0,2.0,7.0,3.0,1.0,1.0,2.0,0.0,10.0,5.0,5.0,8.0,13.0,0.0,0.0,0.0,4.0,3.0,128.0,65.0,3.0,50.0,35.0,5.0,42.0,48.0,90.0,0.0,0.0,48.0,40.0,0.0,0.0,16.0,24.0,2.0,11.0,31.0,25.0,42.0,0.0,331.0,112.0,0.0,2.0,6.0,1.8523691296577454,1.0,259.6850166666667,31.88771629333496,27586.06982421875,0.4489513337612152,0.0,MF,83.33333333333334
434026,ZIDANE IQBAL,43818,Iraq,IRQ,Midfielder,0.0,0.0,0.0,0.0,0.0,0.0,0.0,,0.0,0.0,0.0,0.0,0.0,0.0,0.0,0.0,0.0,0.0,0.0,8.0,5.0,6.847604592641194,8.0,5.0,1.0,1.0,1.0,59.0,10.0,3.0,0.0,4254.970275878906,194.6500015258789,11539.72998046875,881.9899749755859,7356.6500244140625,67.0,76.0,6.0,1.0,2.0,3.0,0.0,0.0,0.0,0.0,0.0,0.0,0.0,0.0,0.0,0.0,0.0,0.0,0.0,0.0,0.0,35.0,1.0,1.0,14.0,14.0,12.0,12.0,29.0,2.0,1.0,0.0,1.0,0.0,19.0,14.0,12.0,17.0,22.0,1.0,1.0,0.0,19.0,3.0,268.0,88.0,4.0,0.0,61.0,53.0,92.0,22.0,114.0,0.0,0.0,128.0,118.0,0.0,0.0,60.0,8.0,0.0,4.0,24.0,103.0,28.0,0.0,352.0,61.0,1.0,1.0,5.0,0.07370612397789955,1.0,210.04845,30.22223472595215,24227.990234375,0.0,0.0,MF,92.1875
433074,AMIR ALAMMARI,43818,Iraq,IRQ,Midfielder,1.0,0.0,0.0,0.0,0.0,0.0,0.0,0.0,0.0,0.0,0.0,0.0,0.0,0.0,0.0,0.0,0.0,0.0,0.0,1.0,0.0,6.598674933115642,1.0,0.0,3.0,7.0,3.0,64.0,19.0,8.0,0.0,4513.97021484375,534.9700164794922,13145.97021484375,1421.780029296875,10958.320068359375,42.0,55.0,19.0,3.0,0.0,8.0,0.0,0.0,0.0,0.0,0.0,0.0,0.0,0.0,0.0,0.0,0.0,0.0,0.0,0.0,0.0,56.0,4.0,3.0,19.0,14.0,12.0,12.0,34.0,7.0,4.0,0.0,1.0,2.0,30.0,16.0,12.0,21.0,19.0,2.0,0.0,2.0,12.0,3.0,261.0,111.0,9.0,5.0,35.0,40.0,49.0,31.0,80.0,0.0,0.0,125.0,99.0,0.0,0.0,32.0,6.0,1.0,1.0,39.0,76.0,40.0,0.0,383.0,104.0,0.0,1.0,1.0,0.08995509520173073,0.0,279.24181666666664,31.441585540771484,30575.0107421875,0.0,2.0,MF,79.2
479072,MERCHAS DOSKI,43818,Iraq,IRQ,Defender,0.0,1.0,0.0,1.0,0.0,0.0,0.0,0.0,0.0,0.0,1.0,0.0,0.0,0.0,0.0,0.0,0.0,1.0,0.0,9.0,1.0,6.2133809725443525,3.0,1.0,0.0,3.0,2.0,65.0,25.0,3.0,0.0,3452.2098999023438,708.6899948120117,14234.23974609375,1723.4100646972656,11322.679931640625,57.0,87.0,4.0,3.0,8.0,3.0,0.0,0.0,0.0,0.0,0.0,0.0,0.0,0.0,0.0,0.0,0.0,0.0,0.0,0.0,0.0,72.0,9.0,2.0,32.0,21.0,19.0,21.0,36.0,13.0,3.0,2.0,4.0,0.0,27.0,12.0,10.0,16.0,49.0,1.0,1.0,0.0,20.0,3.0,298.0,132.0,4.0,15.0,45.0,28.0,22.0,66.0,88.0,0.0,0.0,141.0,115.0,0.0,0.0,29.0,11.0,1.0,2.0,56.0,75.0,58.0,0.0,307.0,128.0,0.0,0.0,0.0,0.3670913800597191,26.0,303.8828666666667,32.11442947387695,31441.2314453125,0.023405414074659348,1.0,DF,81.56028368794325
484270,ZAID ISMAEL,43818,Iraq,IRQ,Midfielder,0.0,0.0,0.0,0.0,0.0,0.0,0.0,,0.0,0.0,0.0,0.0,0.0,0.0,0.0,0.0,0.0,0.0,0.0,1.0,1.0,5.128743330637614,1.0,0.0,0.0,0.0,0.0,52.0,17.0,1.0,0.0,2966.25,302.29998779296875,7898.019775390625,779.8699645996094,4294.050048828125,38.0,44.0,3.0,2.0,0.0,1.0,0.0,0.0,0.0,0.0,0.0,0.0,0.0,0.0,0.0,0.0,0.0,0.0,0.0,0.0,0.0,16.0,0.0,1.0,4.0,4.0,3.0,3.0,10.0,0.0,0.0,0.0,0.0,0.0,12.0,6.0,5.0,11.0,12.0,0.0,1.0,0.0,8.0,2.0,150.0,56.0,5.0,2.0,28.0,43.0,60.0,13.0,73.0,0.0,0.0,71.0,63.0,0.0,0.0,36.0,7.0,0.0,1.0,31.0,41.0,32.0,0.0,243.0,58.0,0.0,2.0,1.0,0.04044634848833084,0.0,126.83063333333334,30.823530197143555,16240.48974609375,0.0,0.0,MF,88.73239436619718
436863,FRANS PUTROS,43818,Iraq,IRQ,Defender,0.0,0.0,0.0,0.0,0.0,0.0,0.0,,0.0,0.0,0.0,0.0,0.0,0.0,0.0,0.0,0.0,0.0,0.0,0.0,1.0,1.9546488126118977,0.0,1.0,0.0,1.0,0.0,26.0,5.0,2.0,0.0,1154.7100830078125,134.6999969482422,4212.67041015625,495.03997802734375,4286.10009765625,11.0,12.0,1.0,2.0,0.0,2.0,,,0.0,0.0,0.0,0.0,0.0,0.0,0.0,0.0,0.0,0.0,0.0,0.0,0.0,17.0,1.0,0.0,9.0,7.0,6.0,8.0,15.0,2.0,2.0,1.0,1.0,0.0,6.0,6.0,5.0,5.0,7.0,1.0,0.0,0.0,6.0,1.0,55.0,28.0,0.0,5.0,2.0,1.0,1.0,7.0,8.0,0.0,0.0,28.0,26.0,0.0,0.0,2.0,6.0,0.0,0.0,9.0,11.0,9.0,0.0,106.0,32.0,0.0,0.0,0.0,0.08328108489513397,7.0,105.23488333333333,28.61515235900879,10283.2197265625,0.0,0.0,DF,92.85714285714286
405528,Yukinari Sugawara,43819,Japan,JPN,Defender,0.0,2.0,0.0,0.0,0.0,0.0,1.0,0.0,0.0,0.0,1.0,0.0,0.0,1.0,1.0,0.0,2.0,1.0,1.0,1.0,2.0,6.276147842407227,1.0,1.0,0.0,5.0,1.0,36.0,4.0,2.0,0.0,2227.550033569336,266.11000061035156,7866.96044921875,968.8400344848633,7438.149475097656,29.0,43.0,5.0,3.0,1.0,2.0,0.0,0.0,0.0,0.0,0.0,0.0,0.0,0.0,0.0,0.0,0.0,0.0,0.0,0.0,0.0,36.0,3.0,4.0,13.0,4.0,2.0,6.0,14.0,4.0,1.0,0.0,1.0,0.0,19.0,9.0,7.0,12.0,21.0,1.0,1.0,0.0,8.0,4.0,153.0,72.0,4.0,13.0,20.0,7.0,12.0,28.0,40.0,0.0,0.0,73.0,52.0,0.0,0.0,11.0,18.0,4.0,0.0,32.0,37.0,32.0,0.0,195.0,72.0,3.0,0.0,1.0,0.9191334247589111,12.0,181.66254999999998,32.627925872802734,18767.610107421875,0.09128325060009956,0.0,DF,71.23287671232876
390541,Shogo TANIGUCHI,43819,Japan,JPN,Defender,0.0,0.0,0.0,0.0,0.0,0.0,0.0,0.0,0.0,0.0,0.0,0.0,0.0,0.0,0.0,0.0,0.0,0.0,0.0,2.0,0.0,4.148563504219055,2.0,0.0,0.0,1.0,0.0,11.0,4.0,2.0,0.0,2265.35986328125,153.76000595092773,11410.8408203125,638.0099639892578,10289.010498046875,33.0,38.0,3.0,2.0,1.0,3.0,0.0,0.0,0.0,0.0,0.0,0.0,0.0,15.0,0.0,0.0,0.0,0.0,0.0,1.0,0.0,26.0,1.0,3.0,9.0,6.0,4.0,5.0,19.0,1.0,0.0,0.0,0.0,0.0,16.0,13.0,11.0,12.0,14.0,0.0,2.0,0.0,8.0,3.0,245.0,95.0,6.0,1.0,2.0,25.0,17.0,11.0,28.0,0.0,0.0,127.0,122.0,0.0,0.0,14.0,0.0,1.0,1.0,19.0,90.0,20.0,0.0,189.0,56.0,1.0,0.0,0.0,0.1541088130325079,0.0,267.5332333333333,30.788318634033203,24756.97998046875,0.0,1.0,DF,96.06299212598425
400511,Kou ITAKURA,43819,Japan,JPN,Defender,1.0,0.0,0.0,0.0,0.0,0.0,0.0,0.0,0.0,0.0,0.0,0.0,0.0,0.0,0.0,0.0,0.0,0.0,0.0,0.0,0.0,2.859702706336975,0.0,0.0,0.0,0.0,0.0,4.0,2.0,1.0,0.0,1410.0399780273438,151.8700065612793,5970.789794921875,389.4000015258789,5460.1201171875,10.0,11.0,4.0,1.0,0.0,1.0,,,0.0,0.0,0.0,0.0,0.0,6.0,0.0,0.0,0.0,0.0,0.0,0.0,0.0,13.0,1.0,2.0,5.0,3.0,2.0,2.0,9.0,1.0,1.0,0.0,0.0,0.0,7.0,5.0,4.0,4.0,3.0,1.0,0.0,0.0,3.0,2.0,222.0,65.0,6.0,0.0,0.0,29.0,24.0,5.0,29.0,0.0,0.0,110.0,107.0,0.0,0.0,20.0,0.0,0.0,0.0,3.0,103.0,3.0,0.0,116.0,34.0,0.0,1.0,0.0,0.08956608548760414,0.0,138.28586666666666,30.937406539916992,13382.219970703125,0.0,0.0,DF,97.27272727272728
400514,Ao TANAKA,43819,Japan,JPN,Midfielder,0.0,2.0,0.0,0.0,1.0,0.0,0.0,0.0,0.0,0.0,1.0,0.0,0.0,0.0,0.0,2.0,0.0,2.0,0.0,5.0,0.0,4.565402388572693,5.0,0.0,0.0,0.0,0.0,89.0,34.0,1.0,0.0,3131.47998046875,230.9099941253662,10801.129943847656,853.3800430297852,8475.189270019531,42.0,53.0,12.0,6.0,2.0,1.0,,,0.0,0.0,0.0,0.0,0.0,0.0,0.0,0.0,0.0,0.0,0.0,0.0,0.0,37.0,1.0,2.0,14.0,11.0,9.0,11.0,29.0,1.0,0.0,0.0,0.0,0.0,22.0,18.0,16.0,19.0,15.0,0.0,2.0,0.0,10.0,3.0,331.0,105.0,8.0,2.0,33.0,84.0,103.0,16.0,119.0,0.0,0.0,160.0,145.0,0.0,0.0,53.0,7.0,0.0,4.0,34.0,124.0,38.0,0.0,285.0,67.0,1.0,0.0,3.0,0.24352614395320415,0.0,225.29958333333332,31.95017433166504,23492.09033203125,0.1564222387969494,0.0,MF,90.625
391646,Ritsu DOAN,43819,Japan,JPN,Midfielder,1.0,1.0,0.0,1.0,0.0,0.0,0.0,0.0,0.0,0.0,1.0,0.0,0.0,0.0,0.0,0.0,0.0,1.0,0.0,4.0,0.0,6.633782505989075,2.0,0.0,1.0,5.0,0.0,114.0,19.0,1.0,0.0,4344.1697998046875,645.8999938964844,13701.580322265625,2075.0199584960938,11809.62060546875,55.0,76.0,9.0,6.0,5.0,1.0,0.0,0.0,0.0,0.0,0.0,0.0,0.0,0.0,0.0,0.0,0.0,0.0,0.0,0.0,0.0,28.0,2.0,0.0,4.0,2.0,1.0,2.0,17.0,5.0,4.0,3.0,3.0,0.0,19.0,11.0,10.0,17.0,20.0,1.0,0.0,0.0,9.0,4.0,222.0,105.0,7.0,42.0,41.0,14.0,45.0,52.0,97.0,0.0,0.0,105.0,89.0,0.0,0.0,23.0,44.0,2.0,7.0,58.0,35.0,65.0,0.0,346.0,152.0,0.0,4.0,1.0,1.9646062552928925,21.0,295.09656666666666,31.337574005126953,32576.2900390625,0.019831858575344086,0.0,MF,84.76190476190476
430407,Daizen MAEDA,43819,Japan,JPN,Midfielder,0.0,2.0,0.0,0.0,0.0,0.0,1.0,0.0,0.0,0.0,1.0,0.0,0.0,2.0,1.0,1.0,1.0,0.0,0.0,7.0,0.0,5.362093567848206,3.0,0.0,0.0,3.0,0.0,125.0,22.0,0.0,0.0,5143.7904052734375,1343.3198852539062,12043.81982421875,2750.599853515625,11044.47998046875,23.0,37.0,18.0,2.0,1.0,0.0,0.0,0.0,0.0,0.0,0.0,0.0,0.0,0.0,1.0,0.0,1.0,0.0,1.0,0.0,0.0,6.0,0.0,0.0,0.0,0.0,0.0,0.0,5.0,1.0,1.0,1.0,1.0,0.0,5.0,4.0,4.0,5.0,6.0,0.0,0.0,0.0,5.0,3.0,92.0,53.0,7.0,73.0,25.0,4.0,71.0,31.0,102.0,1.0,0.0,30.0,28.0,0.0,0.0,21.0,31.0,8.0,5.0,28.0,14.0,33.0,0.0,432.0,239.0,0.0,2.0,0.0,4.137845277786255,0.0,271.51321666666666,35.00226974487305,32326.009765625,0.7855825424194336,0.0,MF,93.33333333333333
405522,Keito Nakamura,43819,Japan,JPN,Midfielder,1.0,5.0,0.0,1.0,0.0,1.0,1.0,0.0,0.0,0.0,3.0,0.0,0.0,2.0,1.0,2.0,2.0,3.0,1.0,10.0,0.0,6.716113924980164,6.0,0.0,0.0,9.0,3.0,80.0,11.0,0.0,0.0,5967.809814453125,612.7399826049805,15321.570068359375,2205.409942626953,12838.48974609375,69.0,99.0,9.0,3.0,1.0,0.0,0.0,0.0,0.0,0.0,0.0,0.0,0.0,0.0,1.0,0.0,0.0,1.0,0.0,0.0,0.0,35.0,3.0,0.0,7.0,6.0,3.0,4.0,29.0,10.0,8.0,4.0,6.0,1.0,18.0,15.0,11.0,14.0,18.0,3.0,0.0,1.0,13.0,4.0,272.0,119.0,15.0,52.0,85.0,18.0,32.0,123.0,155.0,1.0,0.0,117.0,100.0,0.0,0.0,57.0,56.0,4.0,5.0,67.0,60.0,72.0,0.0,497.0,180.0,0.0,3.0,5.0,1.1910546720027924,8.0,330.25921666666665,33.14606475830078,36946.01953125,0.16725378576666117,0.0,MF,85.47008547008546
395321,Junya ITO,43819,Japan,JPN,Midfielder,0.0,3.0,0.0,2.0,1.0,0.0,0.0,0.0,0.0,0.0,2.0,0.0,0.0,2.0,1.0,0.0,1.0,1.0,0.0,15.0,1.0,5.87670361995697,7.0,1.0,11.0,17.0,6.0,77.0,5.0,2.0,0.0,2879.119903564453,611.4700241088867,10399.979370117188,1333.4800262451172,9197.880126953125,41.0,74.0,6.0,2.0,5.0,2.0,0.0,0.0,0.0,0.0,0.0,0.0,0.0,0.0,1.0,0.0,1.0,0.0,0.0,0.0,0.0,33.0,3.0,0.0,5.0,1.0,0.0,2.0,17.0,10.0,6.0,5.0,6.0,1.0,18.0,10.0,9.0,14.0,22.0,1.0,0.0,0.0,11.0,4.0,215.0,104.0,10.0,36.0,86.0,21.0,80.0,63.0,143.0,0.0,0.0,85.0,65.0,0.0,0.0,48.0,45.0,4.0,1.0,53.0,52.0,54.0,0.0,233.0,108.0,2.0,1.0,3.0,2.8914762437343597,3.0,242.72113333333328,33.3001594543457,24421.929931640625,0.6722526885569096,0.0,MF,76.47058823529412
448557,Daichi KAMADA,43819,Japan,JPN,Midfielder,0.0,1.0,0.0,0.0,0.0,0.0,0.0,1.0,1.0,0.0,0.0,0.0,0.0,0.0,0.0,1.0,0.0,1.0,0.0,3.0,3.0,6.487667918205261,3.0,3.0,1.0,4.0,2.0,116.0,22.0,5.0,0.0,5044.5,333.96999740600586,17452.76025390625,1792.469970703125,14165.509765625,70.0,92.0,13.0,2.0,4.0,5.0,0.0,0.0,0.0,0.0,0.0,0.0,0.0,0.0,2.0,0.0,2.0,0.0,0.0,0.0,0.0,63.0,4.0,5.0,15.0,10.0,6.0,6.0,43.0,6.0,3.0,1.0,1.0,1.0,42.0,30.0,25.0,32.0,20.0,1.0,3.0,1.0,11.0,4.0,436.0,161.0,16.0,19.0,92.0,101.0,134.0,78.0,212.0,1.0,0.0,200.0,170.0,0.0,0.0,89.0,34.0,0.0,3.0,49.0,159.0,52.0,0.0,423.0,128.0,0.0,2.0,1.0,1.518797766417265,0.0,359.58275,31.443506240844727,38789.2099609375,0.0866178497672081,1.0,MF,85.0
430401,Tsuyoshi Watanabe,43819,Japan,JPN,Defender,0.0,0.0,0.0,0.0,0.0,0.0,0.0,0.0,0.0,0.0,0.0,0.0,0.0,0.0,0.0,0.0,0.0,0.0,0.0,1.0,0.0,2.851880192756653,0.0,0.0,0.0,2.0,1.0,8.0,3.0,0.0,0.0,1138.0099792480469,142.6099853515625,4018.5400390625,335.0199890136719,3909.659912109375,6.0,10.0,4.0,0.0,1.0,0.0,0.0,0.0,0.0,0.0,0.0,0.0,0.0,0.0,0.0,0.0,0.0,0.0,0.0,0.0,0.0,11.0,0.0,2.0,3.0,2.0,0.0,1.0,9.0,0.0,0.0,0.0,0.0,0.0,8.0,7.0,5.0,6.0,4.0,0.0,2.0,0.0,3.0,2.0,74.0,29.0,1.0,6.0,0.0,7.0,5.0,8.0,13.0,0.0,0.0,34.0,31.0,0.0,0.0,6.0,3.0,2.0,0.0,4.0,30.0,4.0,0.0,100.0,28.0,1.0,1.0,0.0,0.1046889629215002,4.0,99.72338333333333,32.9287109375,9543.840087890625,0.0,0.0,DF,91.17647058823529
405527,Ayumu SEKO,43819,Japan,JPN,Defender,0.0,0.0,0.0,0.0,0.0,0.0,0.0,,0.0,0.0,0.0,0.0,0.0,0.0,0.0,0.0,0.0,0.0,0.0,0.0,0.0,3.0452593564987183,0.0,0.0,0.0,0.0,0.0,3.0,2.0,0.0,0.0,1257.4600524902344,109.19000339508057,4188.439758300781,326.86000061035156,3830.9599609375,7.0,14.0,1.0,1.0,0.0,0.0,,,0.0,0.0,0.0,0.0,0.0,0.0,0.0,0.0,0.0,0.0,0.0,0.0,0.0,22.0,2.0,4.0,9.0,4.0,2.0,3.0,10.0,2.0,0.0,0.0,0.0,0.0,11.0,6.0,4.0,5.0,15.0,0.0,2.0,0.0,6.0,2.0,107.0,35.0,1.0,1.0,0.0,6.0,4.0,3.0,7.0,0.0,0.0,50.0,42.0,0.0,0.0,3.0,2.0,0.0,1.0,8.0,43.0,9.0,0.0,105.0,26.0,1.0,1.0,0.0,0.0920830462127924,0.0,97.65581666666665,29.204425811767578,9712.909912109375,0.0,0.0,DF,84.0
403274,Hiroki ITO,43819,Japan,JPN,Defender,0.0,1.0,0.0,0.0,0.0,0.0,0.0,0.0,0.0,0.0,1.0,0.0,0.0,0.0,0.0,1.0,0.0,1.0,0.0,2.0,2.0,5.8470762968063354,1.0,1.0,0.0,10.0,2.0,34.0,14.0,4.0,0.0,4033.6900634765625,610.2400131225586,16298.150390625,1450.9400024414062,17140.599609375,50.0,64.0,23.0,7.0,0.0,4.0,0.0,0.0,0.0,0.0,0.0,0.0,0.0,0.0,0.0,0.0,0.0,0.0,0.0,0.0,0.0,86.0,8.0,5.0,35.0,29.0,21.0,22.0,60.0,11.0,3.0,0.0,2.0,1.0,40.0,28.0,20.0,26.0,37.0,3.0,5.0,0.0,25.0,4.0,417.0,154.0,11.0,9.0,19.0,53.0,16.0,65.0,81.0,0.0,0.0,199.0,178.0,0.0,0.0,35.0,11.0,1.0,0.0,46.0,144.0,46.0,0.0,358.0,119.0,0.0,0.0,0.0,0.251358138397336,19.0,405.81909999999993,32.878456115722656,39533.6201171875,0.039300620555877686,0.0,DF,89.44723618090453
403289,Takehiro TOMIYASU,43819,Japan,JPN,Defender,0.0,1.0,0.0,0.0,0.0,0.0,0.0,0.0,0.0,0.0,0.0,0.0,1.0,1.0,0.0,1.0,0.0,0.0,0.0,2.0,2.0,4.810913562774658,1.0,0.0,0.0,1.0,0.0,24.0,11.0,5.0,0.0,2466.0499572753906,149.57999420166016,9841.960571289062,639.2500152587891,7932.3800048828125,30.0,44.0,4.0,5.0,2.0,5.0,0.0,0.0,0.0,0.0,0.0,0.0,0.0,0.0,0.0,0.0,0.0,0.0,0.0,0.0,0.0,62.0,4.0,7.0,21.0,15.0,8.0,10.0,39.0,6.0,2.0,0.0,0.0,2.0,35.0,22.0,15.0,22.0,31.0,2.0,5.0,0.0,22.0,3.0,258.0,85.0,6.0,0.0,7.0,30.0,8.0,29.0,37.0,0.0,0.0,127.0,109.0,0.0,0.0,27.0,0.0,1.0,2.0,8.0,113.0,10.0,0.0,202.0,53.0,1.0,1.0,1.0,0.2223726622760296,4.0,208.4399,30.1994686126709,21029.220458984375,0.20353268086910248,0.0,DF,85.8267716535433
479294,Kaishu SANO,43819,Japan,JPN,Midfielder,1.0,1.0,0.0,0.0,1.0,0.0,0.0,,0.0,0.0,0.0,0.0,0.0,0.0,0.0,0.0,1.0,1.0,1.0,5.0,1.0,5.10880434513092,5.0,1.0,0.0,1.0,1.0,108.0,14.0,3.0,0.0,4827.77001953125,455.1400146484375,16064.580078125,1513.2500305175781,11640.939697265625,46.0,55.0,10.0,4.0,1.0,3.0,0.0,0.0,0.0,0.0,0.0,0.0,0.0,0.0,1.0,0.0,0.0,1.0,0.0,0.0,0.0,24.0,0.0,0.0,8.0,7.0,7.0,8.0,22.0,1.0,1.0,1.0,1.0,0.0,15.0,14.0,14.0,15.0,12.0,0.0,0.0,0.0,10.0,3.0,287.0,102.0,10.0,6.0,39.0,79.0,93.0,31.0,124.0,0.0,0.0,131.0,124.0,0.0,0.0,29.0,6.0,2.0,3.0,39.0,95.0,42.0,0.0,411.0,114.0,0.0,0.0,2.0,0.19437207654118538,0.0,303.75545,31.09988784790039,34501.6787109375,0.08677364140748978,1.0,MF,94.65648854961832
433527,ABDALLAH NASIB,43820,Jordan,JOR,Defender,0.0,0.0,0.0,0.0,0.0,0.0,0.0,,0.0,0.0,0.0,0.0,0.0,0.0,0.0,0.0,0.0,0.0,0.0,1.0,0.0,5.622141679128011,1.0,0.0,0.0,0.0,0.0,38.0,6.0,4.0,0.0,3112.2001342773438,318.5400085449219,11454.84033203125,1098.6199645996094,10885.6904296875,16.0,31.0,12.0,1.0,1.0,4.0,0.0,0.0,0.0,0.0,0.0,0.0,0.0,0.0,0.0,0.0,0.0,0.0,0.0,0.0,0.0,61.0,1.0,9.0,36.0,23.0,20.0,26.0,36.0,1.0,0.0,0.0,0.0,0.0,24.0,13.0,10.0,14.0,32.0,0.0,3.0,0.0,17.0,3.0,190.0,94.0,4.0,0.0,2.0,27.0,1.0,28.0,29.0,0.0,0.0,97.0,70.0,0.0,0.0,11.0,1.0,0.0,2.0,11.0,64.0,13.0,0.0,269.0,86.0,0.0,1.0,0.0,0.15284430608153343,19.0,287.09605,32.39413070678711,26869.8896484375,0.0,0.0,DF,72.16494845360825
489550,HUSAM ABUDAHAB,43820,Jordan,JOR,Defender,0.0,0.0,0.0,0.0,0.0,0.0,0.0,,0.0,0.0,0.0,0.0,0.0,0.0,0.0,0.0,0.0,0.0,0.0,0.0,0.0,4.15792449315389,0.0,0.0,0.0,0.0,0.0,42.0,14.0,0.0,0.0,2143.4600830078125,372.9599914550781,8791.6298828125,845.4100036621094,7695.130126953125,21.0,31.0,4.0,2.0,1.0,0.0,,,0.0,0.0,0.0,0.0,0.0,0.0,0.0,0.0,0.0,0.0,0.0,0.0,0.0,36.0,0.0,6.0,17.0,9.0,9.0,11.0,18.0,1.0,1.0,0.0,0.0,1.0,18.0,8.0,7.0,11.0,25.0,0.0,0.0,1.0,10.0,2.0,112.0,57.0,4.0,1.0,4.0,17.0,8.0,14.0,22.0,0.0,0.0,58.0,43.0,0.0,0.0,6.0,0.0,0.0,1.0,14.0,34.0,15.0,0.0,206.0,75.0,0.0,2.0,0.0,0.05062577500939369,11.0,190.9975,32.369712829589844,19848.5908203125,0.0,1.0,DF,74.13793103448276
431225,YAZAN ALARAB,43820,Jordan,JOR,Defender,0.0,0.0,0.0,0.0,0.0,0.0,0.0,,0.0,0.0,0.0,0.0,0.0,0.0,0.0,0.0,0.0,0.0,0.0,8.0,0.0,5.486241817474365,7.0,0.0,0.0,0.0,0.0,28.0,16.0,3.0,0.0,2805.31982421875,325.3000030517578,12403.9609375,925.8899841308594,11810.31982421875,36.0,49.0,10.0,4.0,0.0,5.0,0.0,0.0,0.0,0.0,0.0,0.0,0.0,17.0,0.0,0.0,0.0,0.0,0.0,2.0,0.0,38.0,1.0,7.0,22.0,17.0,13.0,14.0,25.0,1.0,0.0,0.0,0.0,0.0,15.0,8.0,4.0,7.0,25.0,0.0,4.0,0.0,15.0,3.0,212.0,106.0,2.0,1.0,5.0,11.0,9.0,8.0,17.0,0.0,1.0,106.0,94.0,0.0,0.0,6.0,0.0,0.0,1.0,23.0,66.0,24.0,0.0,258.0,78.0,0.0,0.0,2.0,0.42230934649705887,0.0,309.44849999999997,32.396121978759766,28270.7900390625,0.0,1.0,DF,88.67924528301887
431230,NOOR ALRAWABDEH,43820,Jordan,JOR,Midfielder,1.0,1.0,0.0,0.0,0.0,0.0,0.0,0.0,0.0,1.0,0.0,0.0,0.0,0.0,0.0,1.0,0.0,1.0,0.0,8.0,5.0,7.460911591847737,5.0,4.0,0.0,0.0,0.0,182.0,22.0,4.0,0.0,7282.1898193359375,360.4300003051758,18840.92919921875,1905.639892578125,10032.810546875,63.0,92.0,20.0,1.0,0.0,4.0,0.0,0.0,0.0,0.0,0.0,0.0,0.0,0.0,0.0,0.0,0.0,0.0,0.0,0.0,0.0,62.0,8.0,6.0,24.0,12.0,7.0,10.0,31.0,10.0,4.0,1.0,1.0,1.0,28.0,15.0,9.0,13.0,45.0,2.0,3.0,1.0,20.0,3.0,253.0,118.0,6.0,4.0,35.0,46.0,63.0,22.0,85.0,0.0,0.0,111.0,84.0,0.0,0.0,32.0,10.0,0.0,8.0,61.0,49.0,69.0,0.0,635.0,142.0,0.0,0.0,4.0,0.09249778091907501,0.0,309.44849999999997,32.34135437011719,38422.0,0.02743629366159439,0.0,MF,75.67567567567568
479389,MOHANNAD ABUTAHA,43820,Jordan,JOR,Midfielder,0.0,1.0,0.0,1.0,0.0,0.0,0.0,0.0,0.0,1.0,0.0,0.0,0.0,0.0,0.0,0.0,0.0,1.0,0.0,9.0,2.0,6.46498982111613,7.0,0.0,2.0,6.0,3.0,98.0,21.0,0.0,0.0,4683.4600830078125,520.3600158691406,13269.791015625,2200.0099487304688,11187.780029296875,46.0,76.0,21.0,2.0,2.0,0.0,0.0,0.0,0.0,0.0,0.0,0.0,0.0,0.0,0.0,0.0,0.0,0.0,0.0,0.0,0.0,37.0,2.0,2.0,16.0,9.0,8.0,12.0,17.0,6.0,3.0,1.0,2.0,2.0,15.0,5.0,3.0,9.0,24.0,1.0,0.0,1.0,10.0,3.0,213.0,106.0,6.0,25.0,36.0,15.0,19.0,57.0,76.0,0.0,0.0,87.0,59.0,0.0,0.0,25.0,25.0,2.0,7.0,57.0,36.0,64.0,0.0,423.0,170.0,0.0,1.0,6.0,0.4020295515656471,6.0,296.2049166666667,31.80205726623535,31861.4013671875,0.040217071771621704,1.0,MF,67.81609195402298
433534,NIZAR ALRASHDAN,43820,Jordan,JOR,Midfielder,0.0,2.0,0.0,0.0,0.0,0.0,0.0,1.0,0.0,1.0,0.0,0.0,0.0,2.0,1.0,1.0,1.0,0.0,0.0,10.0,2.0,6.621109167734782,8.0,2.0,0.0,0.0,0.0,149.0,17.0,3.0,0.0,4577.7802734375,383.8000030517578,16087.1201171875,1346.3100280761719,9549.14013671875,40.0,61.0,15.0,5.0,4.0,3.0,0.0,0.0,0.0,0.0,0.0,0.0,0.0,0.0,1.0,0.0,1.0,0.0,1.0,0.0,0.0,33.0,5.0,1.0,9.0,6.0,3.0,3.0,19.0,7.0,3.0,1.0,2.0,0.0,17.0,10.0,7.0,11.0,21.0,2.0,1.0,0.0,12.0,3.0,204.0,103.0,7.0,7.0,41.0,15.0,36.0,27.0,63.0,0.0,0.0,80.0,62.0,0.0,0.0,17.0,12.0,0.0,6.0,36.0,54.0,42.0,0.0,407.0,103.0,0.0,1.0,5.0,0.2956378310918808,1.0,289.9522833333333,31.06444549560547,31944.1494140625,0.23220808804035187,0.0,MF,77.5
389437,EHSAN HADDAD,43820,Jordan,JOR,Defender,1.0,1.0,0.0,0.0,0.0,0.0,0.0,0.0,0.0,0.0,1.0,0.0,0.0,1.0,0.0,1.0,0.0,0.0,0.0,4.0,0.0,6.444214979807536,3.0,0.0,0.0,7.0,2.0,80.0,18.0,1.0,0.0,4317.3099365234375,413.4299850463867,13103.030517578125,1631.1400146484375,11453.800048828125,40.0,63.0,13.0,3.0,1.0,1.0,0.0,0.0,0.0,0.0,0.0,0.0,0.0,0.0,0.0,0.0,0.0,0.0,0.0,0.0,0.0,40.0,4.0,3.0,9.0,6.0,1.0,2.0,26.0,9.0,7.0,3.0,4.0,1.0,22.0,13.0,7.0,14.0,34.0,3.0,2.0,1.0,21.0,3.0,167.0,81.0,4.0,11.0,30.0,16.0,3.0,54.0,57.0,0.0,0.0,73.0,54.0,0.0,0.0,26.0,23.0,0.0,1.0,47.0,32.0,48.0,0.0,384.0,118.0,0.0,1.0,1.0,0.2323157861828804,7.0,287.62228333333337,30.890525817871094,30918.7099609375,0.03483698144555092,0.0,DF,73.97260273972603
423874,LEE Hanbeom,43822,Korea Republic,KOR,Defender,0.0,2.0,0.0,0.0,0.0,1.0,1.0,0.0,0.0,0.0,0.0,0.0,0.0,2.0,0.0,2.0,0.0,0.0,0.0,3.0,1.0,6.227701346079509,3.0,1.0,0.0,2.0,1.0,41.0,22.0,6.0,0.0,4146.77001953125,445.49998474121094,13278.42041015625,1298.7900390625,11982.460205078125,62.0,76.0,5.0,7.0,3.0,8.0,0.0,0.0,0.0,0.0,0.0,0.0,0.0,0.0,0.0,0.0,0.0,0.0,2.0,2.0,0.0,55.0,3.0,9.0,28.0,21.0,15.0,16.0,37.0,3.0,1.0,0.0,0.0,0.0,24.0,15.0,9.0,12.0,27.0,1.0,5.0,0.0,17.0,3.0,403.0,129.0,11.0,6.0,8.0,39.0,3.0,50.0,53.0,0.0,0.0,200.0,183.0,0.0,0.0,23.0,10.0,1.0,4.0,29.0,156.0,33.0,0.0,365.0,107.0,0.0,0.0,0.0,0.34372279793024063,10.0,300.0228,32.279178619384766,31151.9404296875,0.22412940114736557,0.0,DF,91.5
492315,LEE Gihyuk,43822,Korea Republic,KOR,Midfielder,0.0,0.0,0.0,0.0,0.0,0.0,0.0,,0.0,0.0,0.0,0.0,0.0,0.0,0.0,0.0,0.0,0.0,0.0,4.0,4.0,6.177628835042317,4.0,4.0,0.0,4.0,0.0,19.0,4.0,5.0,0.0,4424.14013671875,514.4300079345703,13246.789794921875,1510.6500549316406,11202.4697265625,87.0,105.0,6.0,2.0,2.0,6.0,0.0,0.0,0.0,0.0,0.0,0.0,0.0,2.0,0.0,0.0,0.0,0.0,0.0,1.0,0.0,74.0,3.0,13.0,37.0,27.0,20.0,21.0,47.0,3.0,0.0,0.0,0.0,0.0,34.0,20.0,13.0,18.0,49.0,0.0,7.0,0.0,28.0,3.0,500.0,150.0,12.0,0.0,7.0,63.0,21.0,49.0,70.0,0.0,0.0,236.0,217.0,0.0,0.0,33.0,2.0,0.0,5.0,66.0,165.0,71.0,0.0,388.0,125.0,0.0,0.0,1.0,0.1348959170281887,0.0,300.0228,32.76362991333008,30898.4814453125,0.0,1.0,MF,91.94915254237289
395088,KIM Minjae,43822,Korea Republic,KOR,Defender,0.0,1.0,0.0,1.0,0.0,1.0,0.0,0.0,0.0,0.0,0.0,0.0,0.0,1.0,1.0,0.0,1.0,0.0,0.0,3.0,0.0,5.966485023498535,3.0,0.0,0.0,0.0,0.0,13.0,4.0,4.0,0.0,3043.8800048828125,642.2099456787109,11333.67919921875,1073.9199829101562,10721.450439453125,67.0,74.0,3.0,2.0,0.0,4.0,0.0,0.0,0.0,0.0,0.0,0.0,0.0,1.0,0.0,0.0,0.0,0.0,1.0,0.0,0.0,31.0,0.0,3.0,19.0,15.0,13.0,16.0,26.0,0.0,0.0,0.0,0.0,0.0,12.0,11.0,9.0,9.0,16.0,0.0,2.0,0.0,12.0,3.0,459.0,131.0,15.0,0.0,0.0,33.0,20.0,13.0,33.0,0.0,0.0,226.0,221.0,0.0,0.0,21.0,2.0,0.0,2.0,41.0,180.0,43.0,0.0,264.0,91.0,0.0,1.0,1.0,0.13868464715778828,0.0,268.94835,34.4344482421875,26815.140625,0.09771724045276642,0.0,DF,97.78761061946902
395084,HWANG Inbeom,43822,Korea Republic,KOR,Midfielder,1.0,4.0,0.0,1.0,0.0,0.0,0.0,0.0,0.0,1.0,3.0,0.0,0.0,2.0,2.0,1.0,2.0,2.0,0.0,3.0,2.0,6.781483809153239,1.0,2.0,0.0,3.0,2.0,62.0,10.0,6.0,0.0,4235.31005859375,308.88999938964844,16509.47021484375,1271.93994140625,10162.430419921875,88.0,114.0,20.0,1.0,1.0,6.0,0.0,0.0,0.0,0.0,0.0,0.0,0.0,0.0,1.0,0.0,1.0,0.0,0.0,0.0,0.0,57.0,2.0,3.0,15.0,10.0,9.0,10.0,43.0,5.0,4.0,0.0,0.0,3.0,37.0,29.0,25.0,29.0,37.0,1.0,0.0,3.0,24.0,3.0,459.0,145.0,14.0,12.0,64.0,101.0,135.0,42.0,177.0,0.0,0.0,218.0,193.0,0.0,0.0,89.0,11.0,3.0,2.0,66.0,152.0,68.0,0.0,372.0,97.0,0.0,1.0,1.0,0.5171063467860222,2.0,286.9562166666667,30.604387283325195,32488.0400390625,0.3653166303411126,0.0,MF,88.53211009174312
402817,PAIK Seungho,43822,Korea Republic,KOR,Midfielder,0.0,0.0,0.0,0.0,0.0,0.0,0.0,,0.0,0.0,0.0,0.0,0.0,0.0,0.0,0.0,0.0,0.0,0.0,1.0,1.0,6.664417107899983,1.0,1.0,0.0,1.0,0.0,31.0,5.0,1.0,0.0,3062.669921875,100.15999984741211,11694.480224609375,785.3700103759766,8266.9296875,70.0,88.0,2.0,1.0,2.0,1.0,0.0,0.0,0.0,0.0,0.0,0.0,0.0,0.0,0.0,0.0,0.0,0.0,0.0,0.0,0.0,46.0,6.0,1.0,14.0,9.0,5.0,7.0,32.0,7.0,3.0,0.0,1.0,0.0,25.0,20.0,16.0,18.0,28.0,3.0,1.0,0.0,14.0,3.0,317.0,97.0,9.0,4.0,43.0,87.0,92.0,42.0,134.0,0.0,0.0,152.0,135.0,0.0,0.0,71.0,10.0,1.0,3.0,64.0,90.0,67.0,0.0,269.0,63.0,0.0,3.0,0.0,0.3888881281018257,0.0,216.4526666666667,29.267236709594727,23909.6103515625,0.0,1.0,MF,88.81578947368422
390525,LEE Jaesung,43822,Korea Republic,KOR,Midfielder,0.0,2.0,0.0,0.0,0.0,0.0,1.0,0.0,0.0,0.0,0.0,0.0,1.0,2.0,1.0,1.0,1.0,0.0,0.0,0.0,1.0,4.628820260365804,0.0,0.0,0.0,1.0,0.0,46.0,6.0,0.0,0.0,2327.6500244140625,285.4800033569336,5971.679931640625,1058.1799926757812,4899.7099609375,34.0,47.0,10.0,1.0,4.0,0.0,0.0,0.0,0.0,0.0,0.0,0.0,0.0,0.0,0.0,0.0,0.0,0.0,1.0,0.0,0.0,10.0,1.0,0.0,1.0,1.0,0.0,0.0,7.0,2.0,2.0,1.0,1.0,0.0,7.0,4.0,3.0,6.0,8.0,1.0,0.0,0.0,7.0,2.0,137.0,54.0,8.0,18.0,38.0,10.0,43.0,23.0,66.0,1.0,0.0,59.0,46.0,0.0,0.0,30.0,28.0,4.0,4.0,36.0,30.0,40.0,0.0,205.0,85.0,0.0,2.0,0.0,2.8004369735717773,0.0,125.75956666666667,29.366069793701172,14542.69970703125,0.14481022953987122,0.0,MF,77.96610169491525
395083,HWANG Heechan,43822,Korea Republic,KOR,Midfielder,0.0,1.0,0.0,0.0,0.0,0.0,0.0,0.0,0.0,0.0,1.0,0.0,0.0,0.0,0.0,1.0,0.0,1.0,0.0,7.0,1.0,6.271720250447591,3.0,1.0,0.0,1.0,0.0,25.0,3.0,0.0,0.0,1647.030029296875,288.79998779296875,5323.4400634765625,742.7899780273438,4923.5699462890625,31.0,44.0,3.0,1.0,2.0,0.0,0.0,0.0,0.0,0.0,0.0,0.0,0.0,0.0,0.0,0.0,0.0,0.0,0.0,0.0,0.0,10.0,0.0,0.0,0.0,0.0,0.0,0.0,7.0,3.0,3.0,3.0,3.0,0.0,7.0,4.0,4.0,7.0,6.0,0.0,0.0,0.0,4.0,3.0,105.0,44.0,7.0,15.0,28.0,14.0,28.0,29.0,57.0,0.0,0.0,47.0,40.0,0.0,0.0,27.0,18.0,1.0,1.0,28.0,26.0,29.0,0.0,144.0,62.0,2.0,1.0,2.0,2.437230348587036,1.0,123.23641666666668,30.05178451538086,12925.6298828125,0.01082488801330328,0.0,MF,85.1063829787234
423880,LEE Taeseok,43822,Korea Republic,KOR,Defender,0.0,0.0,0.0,0.0,0.0,0.0,0.0,0.0,0.0,0.0,0.0,0.0,0.0,0.0,0.0,0.0,0.0,0.0,0.0,2.0,1.0,4.437939167022705,1.0,1.0,0.0,9.0,3.0,25.0,5.0,0.0,0.0,1862.2299194335938,444.219970703125,5667.10986328125,914.9300231933594,4414.1099853515625,19.0,27.0,4.0,3.0,1.0,0.0,0.0,0.0,0.0,0.0,0.0,0.0,0.0,0.0,0.0,0.0,0.0,0.0,0.0,0.0,0.0,14.0,1.0,0.0,2.0,1.0,1.0,1.0,10.0,4.0,3.0,3.0,3.0,0.0,8.0,6.0,6.0,7.0,8.0,0.0,0.0,0.0,5.0,2.0,103.0,46.0,7.0,32.0,20.0,4.0,18.0,38.0,56.0,0.0,0.0,45.0,39.0,0.0,0.0,16.0,14.0,3.0,2.0,18.0,25.0,20.0,0.0,151.0,68.0,0.0,2.0,1.0,1.183829128742218,12.0,120.47548333333333,32.42163848876953,13302.599609375,0.0,0.0,DF,86.66666666666667
418490,LEE Kangin,43822,Korea Republic,KOR,Midfielder,1.0,4.0,0.0,1.0,0.0,0.0,1.0,0.0,0.0,0.0,3.0,0.0,0.0,1.0,0.0,2.0,1.0,3.0,1.0,15.0,7.0,5.68454122543335,9.0,6.0,9.0,20.0,5.0,81.0,4.0,3.0,0.0,3064.1099243164062,128.0300006866455,12236.97021484375,884.7500305175781,12119.66943359375,123.0,154.0,11.0,1.0,7.0,3.0,0.0,0.0,0.0,0.0,0.0,0.0,0.0,0.0,0.0,0.0,0.0,0.0,0.0,0.0,0.0,68.0,6.0,7.0,16.0,13.0,2.0,3.0,51.0,12.0,9.0,2.0,2.0,4.0,40.0,29.0,16.0,23.0,45.0,5.0,6.0,2.0,35.0,3.0,376.0,139.0,18.0,12.0,71.0,78.0,62.0,99.0,161.0,0.0,0.0,159.0,140.0,0.0,0.0,83.0,42.0,0.0,7.0,101.0,77.0,108.0,0.0,264.0,69.0,0.0,0.0,9.0,1.7249850630760193,4.0,300.0228,28.777650833129883,28433.529296875,0.1500717345625162,1.0,MF,88.0503144654088
429608,SEOL Youngwoo,43822,Korea Republic,KOR,Defender,0.0,2.0,0.0,0.0,0.0,0.0,0.0,0.0,0.0,1.0,1.0,0.0,0.0,1.0,0.0,2.0,0.0,1.0,0.0,3.0,0.0,6.657441298166911,2.0,0.0,0.0,11.0,3.0,41.0,6.0,0.0,0.0,3973.9298095703125,899.0400390625,12288.72021484375,1979.4299621582031,11437.020263671875,57.0,76.0,6.0,1.0,2.0,0.0,0.0,0.0,0.0,0.0,0.0,0.0,0.0,0.0,0.0,0.0,0.0,0.0,0.0,0.0,0.0,25.0,2.0,1.0,9.0,7.0,5.0,6.0,20.0,6.0,5.0,3.0,4.0,0.0,10.0,8.0,6.0,7.0,12.0,2.0,0.0,0.0,7.0,3.0,258.0,104.0,10.0,42.0,38.0,6.0,42.0,44.0,86.0,4.0,0.0,123.0,113.0,0.0,0.0,28.0,40.0,9.0,1.0,57.0,54.0,58.0,0.0,309.0,155.0,0.0,1.0,0.0,2.564587712287903,28.0,274.67033333333336,34.06005096435547,30578.1396484375,0.032514228485524654,0.0,DF,91.869918699187
403596,Jorge SANCHEZ,43911,Mexico,MEX,Defender,1.0,1.0,0.0,0.0,0.0,0.0,0.0,0.0,0.0,0.0,1.0,0.0,0.0,1.0,1.0,0.0,1.0,0.0,0.0,8.0,0.0,5.2569023132324215,3.0,0.0,0.0,5.0,1.0,87.0,21.0,1.0,0.0,5791.369873046875,1373.7399597167969,17779.98046875,2609.39013671875,15065.479736328125,57.0,72.0,16.0,5.0,1.0,1.0,,,0.0,0.0,0.0,0.0,0.0,0.0,0.0,0.0,0.0,0.0,0.0,0.0,0.0,39.0,0.0,5.0,15.0,14.0,10.0,10.0,34.0,1.0,0.0,0.0,1.0,0.0,23.0,20.0,16.0,18.0,19.0,0.0,4.0,0.0,17.0,4.0,270.0,121.0,12.0,54.0,43.0,39.0,31.0,105.0,136.0,1.0,0.0,131.0,121.0,0.0,0.0,28.0,25.0,3.0,2.0,36.0,81.0,38.0,0.0,485.0,223.0,0.0,1.0,0.0,1.2672579288482666,26.0,388.0640000000001,32.645294189453125,42619.9609375,0.039362870156764984,1.0,DF,92.36641221374046
395516,Cesar MONTES,43911,Mexico,MEX,Defender,0.0,1.0,0.0,0.0,0.0,1.0,0.0,0.0,0.0,0.0,0.0,0.0,0.0,1.0,1.0,0.0,1.0,0.0,0.0,1.0,2.0,5.296249866485596,1.0,2.0,0.0,2.0,0.0,14.0,4.0,3.0,1.0,3131.730194091797,261.8400020599365,13456.829833984375,977.9700088500977,13284.81982421875,47.0,60.0,9.0,4.0,4.0,3.0,0.0,0.0,0.0,0.0,0.0,0.0,0.0,0.0,0.0,0.0,0.0,0.0,1.0,0.0,0.0,60.0,5.0,9.0,35.0,27.0,20.0,21.0,40.0,5.0,2.0,0.0,0.0,0.0,20.0,11.0,4.0,6.0,31.0,2.0,5.0,0.0,15.0,4.0,361.0,125.0,12.0,2.0,1.0,23.0,13.0,13.0,26.0,0.0,0.0,170.0,156.0,0.0,0.0,17.0,3.0,1.0,1.0,22.0,148.0,23.0,1.0,267.0,84.0,0.0,1.0,0.0,0.2101429309695959,0.0,349.6178666666666,30.788541793823242,31113.19091796875,0.0582013800740242,0.0,DF,91.76470588235294
400634,Edson ALVAREZ,43911,Mexico,MEX,Defender,0.0,2.0,0.0,1.0,0.0,1.0,0.0,0.0,0.0,0.0,1.0,0.0,0.0,1.0,0.0,0.0,0.0,1.0,0.0,2.0,4.0,4.799951362609863,2.0,3.0,0.0,2.0,1.0,37.0,13.0,1.0,0.0,3962.89990234375,515.3499755859375,12136.4599609375,1115.5200805664062,10797.66064453125,50.0,66.0,3.0,5.0,2.0,5.0,0.0,0.0,0.0,0.0,0.0,0.0,0.0,0.0,0.0,0.0,0.0,0.0,1.0,4.0,0.0,57.0,3.0,8.0,31.0,20.0,18.0,20.0,31.0,3.0,0.0,0.0,0.0,0.0,23.0,11.0,9.0,12.0,30.0,0.0,2.0,0.0,10.0,4.0,324.0,122.0,9.0,3.0,29.0,71.0,69.0,34.0,103.0,0.0,0.0,153.0,138.0,0.0,0.0,40.0,3.0,0.0,3.0,33.0,116.0,36.0,0.0,342.0,104.0,2.0,0.0,1.0,1.04283731803298,1.0,278.97153333333335,31.457359313964844,28527.889892578125,0.18741197884082794,1.0,DF,90.19607843137256
425701,Johan VASQUEZ,43911,Mexico,MEX,Defender,0.0,1.0,0.0,0.0,0.0,1.0,0.0,0.0,0.0,0.0,0.0,0.0,0.0,1.0,0.0,1.0,0.0,0.0,0.0,6.0,1.0,4.878947925567627,6.0,1.0,0.0,0.0,0.0,14.0,6.0,6.0,0.0,5421.7498779296875,313.3700180053711,18194.5400390625,1678.3899841308594,16347.31982421875,66.0,80.0,7.0,0.0,2.0,7.0,0.0,0.0,0.0,0.0,0.0,0.0,0.0,8.0,0.0,0.0,0.0,0.0,1.0,1.0,0.0,51.0,4.0,4.0,28.0,22.0,20.0,20.0,36.0,4.0,2.0,0.0,0.0,0.0,19.0,12.0,10.0,11.0,23.0,2.0,0.0,0.0,13.0,4.0,485.0,177.0,20.0,3.0,8.0,39.0,21.0,29.0,50.0,0.0,0.0,237.0,221.0,0.0,0.0,26.0,5.0,0.0,1.0,28.0,193.0,29.0,0.0,449.0,132.0,0.0,0.0,0.0,0.4603164941072464,2.0,412.8016,30.7481746673584,41955.3701171875,0.2209215760231018,1.0,DF,93.24894514767934
419518,Erik LIRA,43911,Mexico,MEX,Midfielder,1.0,0.0,0.0,0.0,0.0,0.0,0.0,0.0,0.0,0.0,0.0,0.0,0.0,0.0,0.0,0.0,0.0,0.0,0.0,4.0,5.0,5.340701580047607,3.0,5.0,0.0,2.0,2.0,81.0,26.0,7.0,0.0,5873.989990234375,369.7300109863281,19956.2001953125,1778.3899536132812,15524.209228515625,56.0,68.0,17.0,3.0,4.0,7.0,0.0,0.0,0.0,0.0,0.0,0.0,0.0,0.0,0.0,0.0,0.0,0.0,0.0,0.0,0.0,58.0,2.0,4.0,18.0,13.0,12.0,12.0,41.0,2.0,0.0,0.0,0.0,0.0,38.0,28.0,27.0,32.0,22.0,0.0,1.0,0.0,10.0,4.0,425.0,171.0,25.0,4.0,59.0,76.0,105.0,34.0,139.0,0.0,0.0,199.0,182.0,0.0,0.0,65.0,11.0,1.0,4.0,42.0,157.0,46.0,0.0,497.0,137.0,0.0,1.0,2.0,0.16882041282951832,1.0,391.34568333333334,32.9950065612793,43502.51953125,0.0,0.0,MF,91.4572864321608
430763,Luis ROMO,43911,Mexico,MEX,Midfielder,1.0,3.0,0.0,0.0,0.0,0.0,0.0,0.0,0.0,1.0,2.0,0.0,0.0,1.0,1.0,2.0,1.0,2.0,0.0,0.0,0.0,5.5260009765625,0.0,0.0,0.0,2.0,1.0,71.0,12.0,2.0,0.0,5732.0902099609375,568.5099945068359,13684.990234375,1896.2699890136719,10933.150146484375,49.0,59.0,14.0,1.0,3.0,2.0,,,0.0,0.0,0.0,0.0,0.0,0.0,1.0,0.0,1.0,0.0,0.0,0.0,0.0,41.0,3.0,3.0,13.0,9.0,6.0,7.0,27.0,5.0,2.0,1.0,1.0,1.0,23.0,16.0,13.0,16.0,17.0,1.0,2.0,0.0,12.0,4.0,242.0,104.0,14.0,41.0,70.0,42.0,119.0,34.0,153.0,0.0,0.0,106.0,93.0,0.0,0.0,53.0,21.0,2.0,9.0,53.0,58.0,62.0,0.0,483.0,143.0,0.0,4.0,0.0,2.263055592775345,0.0,284.68021666666664,32.1667594909668,32815.009765625,0.09950391575694084,0.0,MF,87.73584905660378
416576,Alvaro FIDALGO,43911,Mexico,MEX,Midfielder,0.0,3.0,0.0,0.0,0.0,0.0,0.0,0.0,0.0,1.0,2.0,0.0,0.0,2.0,1.0,1.0,2.0,1.0,1.0,6.0,2.0,4.718162536621094,4.0,2.0,0.0,3.0,0.0,35.0,4.0,1.0,0.0,2892.6500244140625,446.3000183105469,6175.7698974609375,1051.7899780273438,4489.819885253906,31.0,44.0,6.0,0.0,2.0,1.0,0.0,0.0,0.0,0.0,0.0,0.0,0.0,0.0,1.0,0.0,1.0,0.0,0.0,0.0,0.0,30.0,3.0,0.0,4.0,1.0,1.0,1.0,19.0,3.0,0.0,0.0,0.0,0.0,23.0,18.0,18.0,20.0,14.0,0.0,0.0,0.0,8.0,3.0,172.0,61.0,12.0,9.0,40.0,41.0,39.0,51.0,90.0,0.0,0.0,77.0,72.0,0.0,0.0,36.0,16.0,0.0,3.0,12.0,70.0,15.0,0.0,232.0,87.0,2.0,1.0,0.0,0.8242112398147583,1.0,117.45150000000001,31.448652267456055,15056.330078125,0.35098468884825706,0.0,MF,93.5064935064935
441261,Israel REYES,43911,Mexico,MEX,Defender,0.0,2.0,0.0,0.0,0.0,0.0,0.0,0.0,0.0,1.0,0.0,0.0,0.0,2.0,0.0,1.0,0.0,0.0,0.0,0.0,6.0,5.158715915679932,0.0,4.0,0.0,2.0,1.0,11.0,2.0,6.0,0.0,3083.640121459961,311.40000915527344,10819.410400390625,935.0299758911133,9674.149780273438,49.0,58.0,3.0,1.0,0.0,6.0,0.0,0.0,0.0,0.0,0.0,0.0,0.0,3.0,0.0,0.0,0.0,0.0,1.0,0.0,0.0,40.0,2.0,8.0,22.0,16.0,10.0,12.0,27.0,2.0,0.0,0.0,0.0,0.0,16.0,11.0,5.0,6.0,23.0,0.0,6.0,0.0,16.0,4.0,206.0,89.0,8.0,7.0,12.0,32.0,9.0,42.0,51.0,0.0,0.0,102.0,93.0,0.0,0.0,22.0,2.0,1.0,2.0,26.0,63.0,28.0,0.0,272.0,65.0,2.0,0.0,0.0,0.17174365418031812,7.0,237.23881666666668,30.176332473754883,24823.62939453125,0.05870960280299187,0.0,DF,91.17647058823529
500037,Gilberto MORA,43911,Mexico,MEX,Midfielder,0.0,5.0,0.0,3.0,0.0,0.0,0.0,0.0,0.0,1.0,4.0,0.0,0.0,3.0,0.0,2.0,0.0,2.0,0.0,11.0,1.0,5.164795017242431,4.0,1.0,2.0,5.0,1.0,96.0,9.0,1.0,0.0,4152.009765625,304.4099998474121,10688.030029296875,1527.020004272461,9128.780151367188,62.0,85.0,15.0,3.0,3.0,1.0,0.0,0.0,0.0,0.0,0.0,0.0,0.0,0.0,0.0,0.0,0.0,0.0,0.0,0.0,0.0,27.0,1.0,2.0,5.0,4.0,2.0,2.0,23.0,5.0,4.0,1.0,2.0,2.0,17.0,15.0,11.0,12.0,21.0,1.0,1.0,2.0,17.0,4.0,209.0,89.0,16.0,34.0,83.0,31.0,96.0,52.0,148.0,0.0,0.0,87.0,79.0,0.0,0.0,48.0,37.0,2.0,6.0,46.0,54.0,52.0,0.0,370.0,125.0,1.0,3.0,2.0,4.25630247592926,1.0,236.43435000000002,29.54281234741211,25800.250732421875,0.12730319052934647,0.0,MF,90.80459770114942
402772,Jesus GALLARDO,43911,Mexico,MEX,Defender,0.0,4.0,0.0,0.0,0.0,0.0,0.0,0.0,0.0,0.0,4.0,0.0,0.0,2.0,0.0,4.0,0.0,2.0,0.0,9.0,2.0,6.160334968566895,5.0,2.0,0.0,19.0,4.0,69.0,19.0,0.0,0.0,4776.6700439453125,678.5600070953369,18402.620239257812,1617.8099670410156,17810.730102539062,72.0,113.0,7.0,7.0,3.0,0.0,0.0,0.0,0.0,0.0,0.0,0.0,0.0,0.0,0.0,0.0,0.0,0.0,0.0,0.0,0.0,74.0,5.0,8.0,25.0,15.0,11.0,12.0,39.0,11.0,2.0,2.0,6.0,0.0,38.0,22.0,18.0,25.0,45.0,0.0,4.0,0.0,22.0,5.0,366.0,170.0,17.0,36.0,56.0,44.0,20.0,116.0,136.0,0.0,0.0,167.0,140.0,0.0,0.0,45.0,46.0,6.0,3.0,55.0,100.0,58.0,0.0,395.0,136.0,1.0,0.0,3.0,1.0788758024573326,42.0,431.4214333333333,33.782142639160156,43286.38916015625,0.12232496868818998,0.0,DF,83.8323353293413
464533,Brian GUTIERREZ,43911,Mexico,MEX,Midfielder,0.0,6.0,0.0,3.0,0.0,0.0,0.0,1.0,1.0,1.0,4.0,0.0,0.0,3.0,0.0,3.0,0.0,3.0,0.0,5.0,1.0,5.153861236572266,3.0,1.0,3.0,6.0,0.0,69.0,9.0,2.0,0.0,3755.6700439453125,496.35998916625977,9762.77978515625,1255.1299438476562,9183.630249023438,35.0,48.0,16.0,5.0,3.0,2.0,0.0,0.0,0.0,0.0,0.0,0.0,0.0,0.0,0.0,0.0,0.0,0.0,0.0,0.0,0.0,17.0,0.0,0.0,0.0,0.0,0.0,0.0,13.0,2.0,1.0,1.0,2.0,0.0,15.0,12.0,12.0,15.0,7.0,0.0,0.0,0.0,5.0,4.0,153.0,78.0,12.0,33.0,63.0,29.0,82.0,43.0,125.0,0.0,0.0,60.0,53.0,0.0,0.0,40.0,29.0,4.0,6.0,32.0,40.0,38.0,0.0,334.0,112.0,2.0,2.0,1.0,2.821799635887146,0.0,226.1673166666667,34.84904098510742,24453.57080078125,0.35372670367360115,1.0,MF,88.33333333333333
400721,Achraf HAKIMI,43872,Morocco,MAR,Defender,2.0,14.0,0.0,3.0,1.0,0.0,1.0,3.0,3.0,3.0,6.0,0.0,0.0,6.0,2.0,6.0,4.0,8.0,2.0,34.0,6.0,5.889792839686076,21.0,5.0,21.0,38.0,12.0,93.0,30.0,25.0,0.0,7196.779968261719,2273.510040283203,23730.809814453125,3492.469970703125,27057.10986328125,218.0,299.0,19.0,7.0,16.0,25.0,0.0,0.0,0.0,0.0,0.0,0.0,0.0,0.0,1.0,0.0,1.0,0.0,0.0,0.0,0.0,115.0,3.0,9.0,48.0,37.0,29.0,36.0,87.0,7.0,6.0,1.0,1.0,3.0,60.0,44.0,34.0,45.0,72.0,3.0,5.0,2.0,50.0,6.0,971.0,374.0,34.0,79.0,114.0,60.0,102.0,151.0,253.0,0.0,0.0,449.0,402.0,0.0,0.0,103.0,92.0,12.0,13.0,154.0,277.0,167.0,0.0,624.0,296.0,0.0,0.0,11.0,1.9122212380170822,52.0,650.4326666666667,35.475669860839844,63750.6806640625,0.9574794843792915,1.0,DF,89.53229398663697
411680,Noussair MAZRAOUI,43872,Morocco,MAR,Defender,0.0,0.0,0.0,0.0,0.0,0.0,0.0,,0.0,0.0,0.0,0.0,0.0,0.0,0.0,0.0,0.0,0.0,0.0,12.0,0.0,5.297323862711589,10.0,0.0,0.0,4.0,0.0,59.0,20.0,4.0,0.0,4334.590103149414,611.3499870300293,20121.140747070312,1763.7499618530273,21203.509887695312,101.0,131.0,29.0,4.0,6.0,4.0,0.0,0.0,0.0,0.0,0.0,0.0,0.0,1.0,0.0,0.0,0.0,0.0,0.0,0.0,0.0,75.0,3.0,6.0,35.0,25.0,19.0,26.0,57.0,5.0,2.0,1.0,1.0,1.0,35.0,30.0,24.0,25.0,50.0,1.0,5.0,0.0,36.0,6.0,560.0,201.0,10.0,7.0,12.0,17.0,15.0,21.0,36.0,0.0,0.0,275.0,251.0,0.0,0.0,17.0,7.0,3.0,5.0,39.0,211.0,44.0,0.0,396.0,146.0,1.0,1.0,5.0,0.25186697021126747,22.0,542.1143,33.86540985107422,48034.33947753906,0.0,0.0,DF,91.27272727272727
372266,Sofyan AMRABAT,43872,Morocco,MAR,Midfielder,0.0,0.0,0.0,0.0,0.0,0.0,0.0,0.0,0.0,0.0,0.0,0.0,0.0,0.0,0.0,0.0,0.0,0.0,0.0,1.0,2.0,3.243748188018799,0.0,2.0,0.0,0.0,0.0,49.0,16.0,3.0,0.0,3005.6600341796875,290.53997802734375,8138.5802001953125,1036.2600402832031,6389.79052734375,21.0,27.0,10.0,4.0,2.0,3.0,,,0.0,0.0,0.0,0.0,0.0,0.0,0.0,0.0,0.0,0.0,0.0,0.0,0.0,35.0,3.0,5.0,16.0,15.0,8.0,8.0,31.0,3.0,2.0,0.0,0.0,0.0,16.0,14.0,7.0,8.0,11.0,2.0,5.0,0.0,7.0,3.0,217.0,73.0,5.0,2.0,10.0,50.0,50.0,12.0,62.0,0.0,0.0,106.0,98.0,0.0,0.0,30.0,3.0,0.0,2.0,18.0,85.0,20.0,0.0,263.0,81.0,2.0,0.0,0.0,0.14463555999100208,0.0,175.12661666666668,32.4354133605957,18860.829833984375,0.0,0.0,MF,92.45283018867924
485760,Ayyoub BOUADDI,43872,Morocco,MAR,Midfielder,0.0,3.0,0.0,1.0,0.0,0.0,0.0,0.0,0.0,1.0,2.0,0.0,0.0,0.0,0.0,2.0,0.0,3.0,0.0,14.0,1.0,5.574183305104573,10.0,1.0,0.0,0.0,0.0,113.0,36.0,8.0,0.0,6818.4300537109375,834.910026550293,23305.330810546875,2189.1500244140625,14339.83984375,104.0,136.0,23.0,3.0,6.0,9.0,0.0,0.0,0.0,0.0,0.0,0.0,0.0,0.0,0.0,0.0,0.0,0.0,0.0,1.0,0.0,41.0,1.0,1.0,14.0,12.0,10.0,12.0,31.0,1.0,1.0,0.0,0.0,0.0,26.0,18.0,16.0,24.0,25.0,1.0,1.0,0.0,16.0,5.0,578.0,200.0,10.0,19.0,51.0,104.0,117.0,57.0,174.0,0.0,0.0,264.0,237.0,0.0,0.0,70.0,19.0,0.0,7.0,104.0,166.0,111.0,0.0,586.0,166.0,0.0,3.0,6.0,0.34943499602377415,2.0,425.1304,31.55461883544922,47487.6591796875,0.1367120984941721,0.0,MF,89.77272727272727
494293,Chemsdine TALBI,43872,Morocco,MAR,Midfielder,1.0,2.0,0.0,1.0,0.0,0.0,0.0,0.0,0.0,0.0,2.0,0.0,0.0,1.0,0.0,1.0,0.0,1.0,0.0,9.0,0.0,5.75261656443278,5.0,0.0,0.0,9.0,1.0,59.0,7.0,0.0,0.0,3582.4099731445312,958.5300369262695,8966.580200195312,1564.9400024414062,8744.679992675781,39.0,60.0,6.0,0.0,0.0,0.0,0.0,0.0,0.0,0.0,0.0,0.0,0.0,0.0,0.0,0.0,0.0,0.0,0.0,0.0,0.0,12.0,0.0,0.0,0.0,0.0,0.0,0.0,6.0,3.0,1.0,1.0,3.0,0.0,9.0,5.0,5.0,9.0,10.0,0.0,0.0,0.0,5.0,5.0,144.0,67.0,5.0,42.0,31.0,11.0,25.0,59.0,84.0,0.0,0.0,54.0,47.0,0.0,0.0,27.0,25.0,3.0,2.0,32.0,40.0,34.0,0.0,280.0,128.0,4.0,1.0,1.0,4.497646510601044,1.0,217.78018333333335,35.327842712402344,23817.140014648438,0.05248217284679413,0.0,MF,87.03703703703704
441307,Azzedine OUNAHI,43872,Morocco,MAR,Midfielder,0.0,5.0,0.0,1.0,0.0,0.0,0.0,2.0,0.0,2.0,1.0,0.0,0.0,1.0,1.0,1.0,3.0,4.0,2.0,29.0,3.0,6.592764377593994,17.0,3.0,2.0,6.0,2.0,199.0,17.0,1.0,0.0,7799.789794921875,1171.2499694824219,23436.41015625,3698.5800018310547,17347.160217285156,184.0,235.0,26.0,3.0,7.0,1.0,0.0,0.0,0.0,0.0,0.0,0.0,0.0,0.0,2.0,0.0,1.0,1.0,0.0,0.0,0.0,104.0,10.0,1.0,25.0,19.0,13.0,14.0,80.0,17.0,11.0,2.0,4.0,3.0,62.0,50.0,41.0,48.0,62.0,6.0,0.0,3.0,45.0,6.0,683.0,216.0,18.0,51.0,144.0,121.0,177.0,139.0,316.0,0.0,0.0,315.0,281.0,0.0,0.0,157.0,81.0,2.0,9.0,117.0,217.0,126.0,0.0,654.0,266.0,1.0,4.0,8.0,3.4892125725746155,1.0,477.21636666666666,33.265472412109375,53453.191162109375,0.3262738659977913,1.0,MF,89.20634920634922
448598,Ismael SAIBARI,43872,Morocco,MAR,Midfielder,0.0,10.0,0.0,3.0,0.0,0.0,4.0,0.0,0.0,0.0,6.0,0.0,0.0,7.0,2.0,4.0,3.0,3.0,1.0,11.0,1.0,5.535517930984497,6.0,1.0,0.0,7.0,2.0,181.0,17.0,0.0,0.0,7164.600128173828,1808.1798706054688,18488.460083007812,3977.629898071289,13777.989868164062,74.0,110.0,32.0,8.0,3.0,0.0,0.0,0.0,0.0,0.0,0.0,0.0,0.0,0.0,3.0,0.0,2.0,1.0,1.0,0.0,0.0,19.0,3.0,0.0,3.0,2.0,0.0,0.0,15.0,8.0,6.0,4.0,5.0,0.0,8.0,7.0,5.0,5.0,16.0,2.0,0.0,0.0,12.0,5.0,246.0,109.0,15.0,151.0,117.0,30.0,182.0,116.0,298.0,3.0,0.0,95.0,80.0,0.0,0.0,65.0,67.0,9.0,13.0,81.0,35.0,94.0,0.0,615.0,315.0,0.0,4.0,4.0,9.693505048751831,0.0,411.81245,33.66965103149414,45216.861328125,1.0104803293943405,0.0,MF,84.21052631578947
403083,Issa Diop,43872,Morocco,MAR,Defender,0.0,1.0,0.0,0.0,0.0,0.0,1.0,,0.0,0.0,0.0,0.0,0.0,1.0,1.0,0.0,1.0,0.0,0.0,2.0,1.0,4.502402385075887,2.0,1.0,0.0,0.0,0.0,22.0,3.0,5.0,0.0,4758.020324707031,335.4699935913086,18153.139892578125,1259.1900024414062,23530.270263671875,43.0,59.0,4.0,4.0,1.0,5.0,0.0,0.0,0.0,0.0,0.0,0.0,0.0,1.0,1.0,0.0,1.0,0.0,1.0,0.0,0.0,89.0,2.0,16.0,57.0,39.0,34.0,39.0,50.0,3.0,0.0,0.0,0.0,1.0,29.0,11.0,6.0,10.0,32.0,0.0,5.0,0.0,13.0,5.0,676.0,209.0,9.0,1.0,1.0,32.0,9.0,25.0,34.0,0.0,0.0,326.0,299.0,0.0,0.0,24.0,4.0,0.0,5.0,22.0,296.0,27.0,0.0,413.0,102.0,0.0,1.0,0.0,0.5785608440637589,0.0,534.4722666666667,32.661930084228516,48036.091796875,0.12475769221782684,3.0,DF,91.71779141104295
505097,Samir EL MOURABET,43872,Morocco,MAR,Midfielder,0.0,0.0,0.0,0.0,0.0,0.0,0.0,0.0,0.0,0.0,0.0,0.0,0.0,0.0,0.0,0.0,0.0,0.0,0.0,3.0,1.0,6.313120047251384,3.0,1.0,1.0,1.0,0.0,33.0,5.0,4.0,0.0,2642.300033569336,296.17000436782837,6653.3800048828125,1132.2699661254883,3879.899917602539,41.0,49.0,6.0,0.0,1.0,4.0,0.0,0.0,0.0,0.0,0.0,0.0,0.0,0.0,0.0,0.0,0.0,0.0,0.0,0.0,0.0,20.0,2.0,1.0,8.0,7.0,5.0,5.0,14.0,4.0,2.0,1.0,1.0,1.0,8.0,5.0,3.0,4.0,13.0,1.0,1.0,0.0,10.0,5.0,231.0,71.0,7.0,10.0,21.0,19.0,34.0,16.0,50.0,0.0,0.0,110.0,100.0,0.0,0.0,18.0,13.0,0.0,2.0,33.0,74.0,35.0,0.0,216.0,85.0,5.0,0.0,1.0,1.7458168789744377,0.0,121.32186666666668,33.128868103027344,14604.020385742188,0.0,0.0,MF,90.9090909090909
505112,Gessime YASSINE,43872,Morocco,MAR,Midfielder,0.0,2.0,0.0,0.0,0.0,0.0,1.0,,0.0,0.0,1.0,0.0,0.0,1.0,1.0,1.0,1.0,1.0,0.0,3.0,3.0,3.325674057006836,2.0,2.0,1.0,1.0,0.0,22.0,6.0,1.0,0.0,1691.4100646972656,173.24000549316406,4578.3798828125,642.6399993896484,4195.659973144531,25.0,33.0,1.0,2.0,3.0,1.0,,,0.0,0.0,0.0,0.0,0.0,0.0,1.0,0.0,1.0,0.0,0.0,0.0,0.0,11.0,0.0,2.0,2.0,1.0,0.0,0.0,6.0,2.0,1.0,1.0,2.0,0.0,7.0,4.0,3.0,5.0,6.0,0.0,1.0,0.0,2.0,3.0,91.0,42.0,3.0,21.0,15.0,9.0,21.0,24.0,45.0,0.0,0.0,39.0,34.0,0.0,0.0,12.0,17.0,0.0,1.0,30.0,15.0,31.0,0.0,121.0,43.0,3.0,0.0,2.0,3.8388073444366455,0.0,101.50488333333334,28.6009521484375,11281.330078125,0.4526835214346647,0.0,MF,87.17948717948718
448607,Chadi RIAD,43872,Morocco,MAR,Defender,1.0,1.0,0.0,0.0,0.0,1.0,0.0,0.0,0.0,0.0,0.0,0.0,0.0,1.0,0.0,0.0,0.0,0.0,0.0,7.0,1.0,3.940246820449829,6.0,1.0,0.0,0.0,0.0,30.0,12.0,1.0,0.0,4159.269958496094,315.5400085449219,17145.110107421875,1341.3299865722656,15634.0703125,54.0,70.0,7.0,0.0,1.0,2.0,0.0,0.0,0.0,0.0,0.0,0.0,0.0,0.0,0.0,0.0,0.0,0.0,1.0,1.0,0.0,39.0,1.0,10.0,25.0,18.0,13.0,14.0,25.0,1.0,0.0,0.0,0.0,0.0,13.0,7.0,2.0,2.0,25.0,0.0,5.0,0.0,11.0,4.0,464.0,135.0,6.0,0.0,3.0,74.0,48.0,29.0,77.0,0.0,0.0,226.0,212.0,0.0,0.0,40.0,2.0,0.0,1.0,21.0,204.0,22.0,0.0,393.0,99.0,0.0,1.0,1.0,0.4644577130675316,1.0,390.04965000000004,32.883235931396484,38595.3203125,0.11638835817575455,0.0,DF,93.80530973451327
448612,Bilal EL KHANNOUSS,43872,Morocco,MAR,Midfielder,0.0,6.0,0.0,1.0,0.0,1.0,0.0,0.0,0.0,2.0,3.0,0.0,0.0,2.0,1.0,1.0,4.0,4.0,3.0,18.0,2.0,6.1079747676849365,9.0,2.0,2.0,14.0,2.0,127.0,19.0,4.0,0.0,6064.2203369140625,1300.7600326538086,16980.620849609375,2936.7000122070312,23651.04052734375,135.0,200.0,15.0,5.0,5.0,4.0,0.0,0.0,0.0,0.0,0.0,0.0,0.0,0.0,0.0,0.0,0.0,0.0,1.0,0.0,0.0,93.0,12.0,2.0,16.0,11.0,2.0,2.0,63.0,23.0,15.0,6.0,8.0,3.0,54.0,37.0,26.0,37.0,63.0,7.0,2.0,2.0,46.0,6.0,543.0,231.0,20.0,49.0,88.0,20.0,61.0,96.0,157.0,0.0,0.0,238.0,186.0,0.0,0.0,53.0,80.0,8.0,15.0,104.0,142.0,119.0,0.0,554.0,226.0,0.0,5.0,6.0,2.9001502990722656,10.0,501.40958333333333,34.61970901489258,50933.34033203125,0.28266880102455616,1.0,MF,78.15126050420169
485740,Neil EL AYNAOUI,43872,Morocco,MAR,Midfielder,0.0,7.0,0.0,0.0,0.0,2.0,0.0,2.0,0.0,2.0,1.0,0.0,0.0,5.0,2.0,3.0,2.0,2.0,0.0,8.0,3.0,6.688276847203572,2.0,2.0,1.0,0.0,0.0,132.0,48.0,15.0,0.0,10702.849609375,1781.1699981689453,31778.50048828125,3630.8900146484375,22581.28955078125,165.0,196.0,51.0,15.0,7.0,15.0,0.0,0.0,0.0,0.0,0.0,0.0,0.0,0.0,0.0,0.0,0.0,0.0,4.0,0.0,0.0,82.0,2.0,6.0,27.0,23.0,18.0,19.0,63.0,3.0,0.0,0.0,1.0,0.0,52.0,40.0,35.0,44.0,50.0,0.0,5.0,0.0,36.0,6.0,918.0,282.0,19.0,37.0,99.0,198.0,250.0,84.0,334.0,0.0,0.0,433.0,405.0,0.0,0.0,128.0,25.0,1.0,7.0,147.0,294.0,154.0,0.0,836.0,276.0,0.0,1.0,1.0,1.5980797559022903,1.0,634.7040666666667,34.11550521850586,70474.7001953125,0.5974395982921124,0.0,MF,93.53348729792148
485767,Redouane HALHAL,43872,Morocco,MAR,Defender,0.0,0.0,0.0,0.0,0.0,0.0,0.0,,0.0,0.0,0.0,0.0,0.0,0.0,0.0,0.0,0.0,0.0,0.0,3.0,1.0,1.858039140701294,3.0,1.0,0.0,0.0,0.0,12.0,9.0,3.0,0.0,1906.9700317382812,347.12998962402344,8168.39013671875,708.0599670410156,8246.949951171875,55.0,62.0,4.0,3.0,5.0,4.0,,,0.0,0.0,0.0,0.0,0.0,0.0,0.0,0.0,0.0,0.0,0.0,1.0,0.0,28.0,0.0,2.0,24.0,20.0,19.0,22.0,23.0,0.0,0.0,0.0,0.0,0.0,4.0,3.0,2.0,2.0,18.0,0.0,1.0,0.0,13.0,2.0,260.0,87.0,2.0,0.0,0.0,13.0,1.0,12.0,13.0,1.0,0.0,119.0,113.0,0.0,0.0,7.0,0.0,0.0,5.0,32.0,83.0,37.0,0.0,154.0,62.0,0.0,0.0,0.0,0.22093131765723228,0.0,208.51815,32.78277587890625,19377.5,0.0,1.0,DF,94.9579831932773
424071,Anass SALAH EDDINE,43872,Morocco,MAR,Defender,0.0,1.0,0.0,1.0,0.0,0.0,0.0,0.0,0.0,1.0,0.0,0.0,0.0,0.0,0.0,0.0,0.0,1.0,0.0,1.0,0.0,3.782223622004191,1.0,0.0,0.0,3.0,0.0,35.0,10.0,3.0,0.0,2301.8200073242188,411.9499816894531,9044.159606933594,1011.4200057983398,9797.750244140625,72.0,81.0,3.0,3.0,2.0,3.0,0.0,0.0,0.0,0.0,0.0,0.0,0.0,0.0,0.0,0.0,0.0,0.0,0.0,0.0,0.0,34.0,0.0,4.0,21.0,16.0,15.0,17.0,24.0,1.0,1.0,1.0,1.0,0.0,12.0,7.0,6.0,8.0,18.0,0.0,1.0,0.0,16.0,4.0,338.0,119.0,6.0,11.0,8.0,24.0,11.0,32.0,43.0,0.0,0.0,166.0,152.0,0.0,0.0,19.0,10.0,3.0,3.0,52.0,99.0,55.0,0.0,201.0,77.0,2.0,2.0,0.0,0.24908561259508133,17.0,240.65803333333332,32.430782318115234,22567.099609375,0.014687354676425457,0.0,DF,91.56626506024097
397786,Virgil VAN DIJK,43960,Netherlands,NED,Defender,1.0,2.0,0.0,0.0,0.0,0.0,1.0,1.0,0.0,0.0,0.0,0.0,0.0,2.0,2.0,0.0,2.0,0.0,0.0,3.0,1.0,5.303688287734985,3.0,1.0,0.0,0.0,0.0,11.0,4.0,9.0,0.0,3728.1200561523438,546.6599884033203,13313.56005859375,1275.6399841308594,19333.14990234375,67.0,76.0,10.0,2.0,2.0,10.0,0.0,0.0,0.0,0.0,0.0,0.0,0.0,17.0,1.0,0.0,1.0,0.0,2.0,1.0,0.0,67.0,1.0,8.0,28.0,24.0,17.0,19.0,58.0,1.0,1.0,0.0,0.0,0.0,38.0,33.0,26.0,29.0,28.0,1.0,6.0,0.0,25.0,4.0,718.0,209.0,13.0,0.0,1.0,34.0,17.0,18.0,35.0,0.0,0.0,347.0,330.0,0.0,0.0,19.0,4.0,1.0,10.0,30.0,286.0,40.0,0.0,292.0,100.0,0.0,0.0,1.0,0.33665262162685394,0.0,432.60131666666666,35.14060974121094,38197.12890625,0.13768925424665213,0.0,DF,95.10086455331412
336088,Nathan AKE,43960,Netherlands,NED,Defender,0.0,1.0,0.0,0.0,0.0,0.0,0.0,0.0,0.0,0.0,1.0,0.0,0.0,1.0,0.0,1.0,0.0,0.0,0.0,1.0,0.0,4.505813360214233,1.0,0.0,0.0,1.0,0.0,19.0,4.0,2.0,0.0,1583.0900039672852,354.6299571990967,8661.080322265625,600.7400169372559,7380.809997558594,27.0,36.0,8.0,2.0,2.0,3.0,0.0,0.0,0.0,0.0,0.0,0.0,0.0,0.0,0.0,0.0,0.0,0.0,1.0,1.0,0.0,39.0,1.0,3.0,18.0,12.0,12.0,14.0,23.0,3.0,0.0,0.0,0.0,2.0,18.0,11.0,11.0,12.0,15.0,0.0,0.0,0.0,8.0,3.0,253.0,86.0,7.0,1.0,5.0,22.0,5.0,23.0,28.0,0.0,0.0,123.0,112.0,0.0,0.0,11.0,3.0,0.0,3.0,14.0,101.0,17.0,0.0,136.0,49.0,1.0,1.0,0.0,0.22708294354379177,4.0,189.96725000000004,33.357486724853516,18580.349853515625,0.13845448195934296,0.0,DF,91.05691056910568
489517,Jan Paul VAN HECKE,43960,Netherlands,NED,Defender,0.0,3.0,0.0,0.0,0.0,2.0,0.0,1.0,0.0,0.0,0.0,0.0,0.0,3.0,2.0,1.0,2.0,0.0,0.0,3.0,4.0,5.923632025718689,3.0,3.0,0.0,1.0,0.0,56.0,17.0,10.0,0.0,4304.110107421875,497.1499938964844,18604.37890625,1480.4200439453125,17765.329833984375,90.0,115.0,11.0,4.0,2.0,12.0,0.0,0.0,0.0,0.0,0.0,0.0,0.0,0.0,1.0,0.0,1.0,0.0,3.0,2.0,0.0,105.0,3.0,11.0,32.0,25.0,16.0,18.0,84.0,5.0,3.0,0.0,0.0,2.0,68.0,56.0,46.0,52.0,54.0,2.0,7.0,1.0,39.0,4.0,739.0,189.0,15.0,2.0,3.0,38.0,13.0,30.0,43.0,0.0,0.0,360.0,335.0,0.0,0.0,34.0,5.0,0.0,5.0,43.0,305.0,48.0,0.0,374.0,114.0,0.0,0.0,1.0,0.3469502329826355,0.0,432.60131666666666,31.48904037475586,42651.390625,0.14577358216047287,0.0,DF,93.05555555555556
430176,Ryan GRAVENBERCH,43960,Netherlands,NED,Midfielder,2.0,5.0,0.0,2.0,0.0,0.0,0.0,0.0,0.0,2.0,3.0,0.0,0.0,2.0,0.0,3.0,0.0,3.0,0.0,12.0,0.0,5.992980360984802,8.0,0.0,0.0,5.0,1.0,54.0,15.0,0.0,0.0,4996.510009765625,453.47999572753906,15233.839599609375,1737.4700317382812,15011.5693359375,78.0,106.0,11.0,5.0,3.0,0.0,0.0,0.0,0.0,0.0,0.0,0.0,0.0,0.0,0.0,0.0,0.0,0.0,0.0,0.0,0.0,47.0,2.0,3.0,13.0,9.0,6.0,8.0,33.0,3.0,2.0,0.0,0.0,1.0,31.0,22.0,18.0,25.0,42.0,1.0,2.0,1.0,29.0,4.0,308.0,140.0,16.0,29.0,62.0,39.0,89.0,41.0,130.0,0.0,0.0,126.0,111.0,0.0,0.0,38.0,32.0,3.0,15.0,72.0,69.0,87.0,0.0,443.0,129.0,0.0,2.0,5.0,1.2993140518665314,0.0,374.26675,35.61319351196289,37432.87109375,0.25094314850866795,0.0,MF,88.09523809523809
483526,Tijjani REIJNDERS,43960,Netherlands,NED,Midfielder,1.0,4.0,0.0,0.0,0.0,0.0,0.0,0.0,0.0,4.0,0.0,0.0,0.0,3.0,1.0,2.0,2.0,1.0,1.0,2.0,0.0,4.970436334609985,1.0,0.0,10.0,15.0,6.0,34.0,5.0,5.0,0.0,3287.7900390625,423.2099914550781,9918.860107421875,1332.2899780273438,8338.229736328125,23.0,39.0,7.0,0.0,3.0,5.0,0.0,0.0,0.0,0.0,0.0,0.0,0.0,0.0,0.0,0.0,0.0,0.0,0.0,0.0,0.0,22.0,0.0,0.0,2.0,0.0,0.0,2.0,13.0,4.0,2.0,1.0,3.0,1.0,16.0,11.0,10.0,15.0,9.0,0.0,0.0,1.0,5.0,3.0,166.0,85.0,14.0,51.0,68.0,46.0,118.0,47.0,165.0,1.0,0.0,67.0,53.0,0.0,0.0,28.0,26.0,3.0,7.0,28.0,38.0,35.0,0.0,286.0,95.0,0.0,3.0,0.0,3.5176697969436646,2.0,211.23113333333333,30.11248016357422,23300.37939453125,0.4791620820760727,0.0,MF,79.1044776119403
448140,Micky VAN DE VEN,43960,Netherlands,NED,Defender,0.0,3.0,0.0,0.0,0.0,0.0,1.0,0.0,0.0,0.0,1.0,0.0,0.0,2.0,1.0,2.0,1.0,1.0,0.0,4.0,0.0,4.21551787853241,2.0,0.0,0.0,3.0,0.0,87.0,13.0,0.0,0.0,2865.5200805664062,736.8899993896484,9134.6494140625,1097.260009765625,13507.7099609375,42.0,58.0,8.0,5.0,1.0,0.0,0.0,0.0,0.0,0.0,0.0,0.0,0.0,0.0,0.0,0.0,0.0,0.0,2.0,0.0,0.0,34.0,2.0,3.0,8.0,6.0,3.0,3.0,24.0,3.0,2.0,0.0,1.0,0.0,23.0,16.0,13.0,18.0,13.0,2.0,1.0,0.0,6.0,3.0,242.0,99.0,12.0,8.0,2.0,8.0,5.0,13.0,18.0,0.0,0.0,117.0,105.0,0.0,0.0,10.0,11.0,3.0,5.0,19.0,85.0,24.0,0.0,245.0,92.0,0.0,1.0,1.0,0.44718148559331894,20.0,291.4253,36.770286560058594,27342.0302734375,0.12744374573230743,1.0,DF,89.74358974358975
448149,Teun KOOPMEINERS,43960,Netherlands,NED,Midfielder,0.0,2.0,0.0,0.0,0.0,0.0,1.0,0.0,0.0,0.0,1.0,0.0,0.0,2.0,0.0,2.0,0.0,0.0,0.0,0.0,2.0,7.144046783447266,0.0,2.0,3.0,4.0,2.0,44.0,9.0,7.0,0.0,2725.530029296875,166.15999794006348,8233.619995117188,736.5,4912.830078125,14.0,19.0,8.0,3.0,0.0,7.0,0.0,0.0,0.0,0.0,0.0,0.0,0.0,0.0,0.0,0.0,0.0,0.0,1.0,0.0,0.0,29.0,1.0,3.0,9.0,7.0,5.0,5.0,21.0,2.0,1.0,0.0,0.0,1.0,18.0,13.0,10.0,13.0,8.0,0.0,2.0,1.0,4.0,4.0,127.0,47.0,6.0,8.0,13.0,23.0,29.0,15.0,44.0,0.0,0.0,63.0,54.0,0.0,0.0,20.0,4.0,0.0,2.0,5.0,50.0,7.0,0.0,228.0,57.0,4.0,0.0,0.0,0.8258989881724119,2.0,145.34430000000003,29.650564193725586,16774.6396484375,0.10721899569034576,0.0,MF,85.71428571428571
422657,Frenkie DE JONG,43960,Netherlands,NED,Midfielder,0.0,1.0,0.0,1.0,0.0,0.0,0.0,0.0,0.0,1.0,0.0,0.0,0.0,1.0,0.0,0.0,0.0,0.0,0.0,7.0,2.0,6.502542972564697,7.0,2.0,0.0,0.0,0.0,85.0,22.0,4.0,0.0,5147.1597900390625,292.75000762939453,18114.31005859375,1418.4199829101562,13679.9599609375,151.0,167.0,7.0,6.0,6.0,4.0,0.0,0.0,0.0,0.0,0.0,0.0,0.0,0.0,0.0,0.0,0.0,0.0,0.0,0.0,0.0,64.0,2.0,2.0,17.0,15.0,13.0,13.0,51.0,5.0,4.0,0.0,0.0,3.0,42.0,32.0,28.0,35.0,44.0,2.0,0.0,2.0,37.0,4.0,519.0,177.0,12.0,2.0,32.0,109.0,106.0,37.0,143.0,0.0,0.0,243.0,224.0,0.0,0.0,78.0,8.0,0.0,4.0,65.0,174.0,69.0,0.0,424.0,109.0,0.0,3.0,1.0,0.22072169370949268,4.0,360.22103333333337,30.380409240722656,38652.59912109375,0.03707534819841385,0.0,MF,92.18106995884774
436612,Denzel DUMFRIES,43960,Netherlands,NED,Defender,2.0,5.0,0.0,1.0,1.0,1.0,0.0,0.0,0.0,2.0,1.0,0.0,0.0,4.0,2.0,2.0,2.0,1.0,0.0,7.0,0.0,6.054742336273193,4.0,0.0,0.0,17.0,5.0,74.0,8.0,1.0,0.0,5527.7900390625,985.7200317382812,15973.970703125,2596.2198486328125,18368.3603515625,67.0,100.0,24.0,6.0,3.0,1.0,0.0,0.0,0.0,0.0,0.0,0.0,0.0,0.0,0.0,0.0,0.0,0.0,2.0,0.0,0.0,61.0,4.0,5.0,10.0,5.0,0.0,1.0,33.0,13.0,7.0,2.0,6.0,3.0,38.0,21.0,14.0,26.0,24.0,3.0,2.0,2.0,11.0,4.0,379.0,158.0,14.0,40.0,29.0,13.0,18.0,64.0,82.0,1.0,0.0,179.0,147.0,0.0,0.0,38.0,44.0,13.0,3.0,53.0,112.0,56.0,0.0,470.0,183.0,0.0,0.0,1.0,1.1796844750642776,40.0,432.60131666666666,34.34630584716797,43452.060546875,0.4427557736635208,0.0,DF,82.12290502793296
331463,Tim PAYNE,43978,New Zealand,NZL,Defender,1.0,1.0,0.0,1.0,0.0,0.0,0.0,0.0,0.0,0.0,0.0,0.0,1.0,0.0,0.0,0.0,0.0,1.0,0.0,2.0,0.0,6.225132306416829,2.0,0.0,3.0,9.0,1.0,57.0,9.0,2.0,0.0,3555.3898315429688,501.2199935913086,9984.3203125,1450.5399780273438,9549.3798828125,40.0,55.0,5.0,2.0,2.0,2.0,0.0,0.0,0.0,0.0,0.0,0.0,0.0,0.0,0.0,0.0,0.0,0.0,0.0,0.0,0.0,45.0,2.0,5.0,16.0,12.0,8.0,9.0,28.0,3.0,0.0,0.0,0.0,1.0,26.0,16.0,12.0,18.0,26.0,0.0,4.0,0.0,17.0,3.0,191.0,91.0,2.0,10.0,12.0,9.0,5.0,26.0,31.0,0.0,0.0,87.0,72.0,0.0,0.0,14.0,11.0,2.0,1.0,40.0,44.0,41.0,0.0,309.0,105.0,0.0,3.0,1.0,0.18715354800224304,13.0,241.8867,33.73603439331055,25040.849609375,0.022638630121946335,0.0,DF,82.75862068965517
482775,Tyler BINDON,43978,New Zealand,NZL,Defender,0.0,2.0,0.0,0.0,0.0,1.0,0.0,0.0,0.0,1.0,0.0,0.0,0.0,2.0,1.0,1.0,1.0,0.0,0.0,3.0,2.0,7.104770660400391,1.0,1.0,0.0,0.0,0.0,13.0,4.0,0.0,0.0,1746.2800216674805,318.80000734329224,6155.439880371094,788.6600112915039,4150.719940185547,25.0,40.0,4.0,2.0,1.0,0.0,0.0,0.0,0.0,0.0,0.0,0.0,0.0,0.0,0.0,0.0,0.0,0.0,1.0,0.0,0.0,32.0,2.0,3.0,15.0,9.0,7.0,10.0,18.0,6.0,2.0,0.0,3.0,1.0,11.0,7.0,4.0,5.0,21.0,1.0,1.0,1.0,13.0,3.0,147.0,60.0,2.0,11.0,7.0,4.0,6.0,16.0,22.0,0.0,0.0,68.0,49.0,0.0,0.0,7.0,6.0,1.0,2.0,24.0,40.0,26.0,0.0,152.0,48.0,2.0,0.0,1.0,1.0810731202363968,6.0,120.39001666666667,31.6646671295166,13159.899932861328,0.3254843056201935,0.0,DF,72.05882352941177
261367,Michael BOXALL,43978,New Zealand,NZL,Defender,0.0,0.0,0.0,0.0,0.0,0.0,0.0,,0.0,0.0,0.0,0.0,0.0,0.0,0.0,0.0,0.0,0.0,0.0,5.0,0.0,5.590577761332194,5.0,0.0,0.0,1.0,1.0,21.0,12.0,4.0,0.0,2330.4801025390625,517.77001953125,9343.9208984375,1049.7599334716797,8938.850708007812,30.0,39.0,4.0,2.0,2.0,4.0,0.0,0.0,0.0,0.0,0.0,0.0,0.0,7.0,0.0,0.0,0.0,0.0,0.0,0.0,0.0,26.0,0.0,3.0,17.0,15.0,13.0,14.0,21.0,0.0,0.0,0.0,0.0,0.0,9.0,6.0,4.0,6.0,9.0,0.0,2.0,0.0,8.0,3.0,240.0,97.0,3.0,0.0,0.0,26.0,9.0,17.0,26.0,0.0,0.0,115.0,104.0,0.0,0.0,14.0,3.0,0.0,3.0,15.0,87.0,18.0,0.0,181.0,75.0,1.0,0.0,0.0,0.20137813314795494,4.0,237.04723333333334,32.92463302612305,22180.779296875,0.0,0.0,DF,90.43478260869566
390181,Joe BELL,43978,New Zealand,NZL,Midfielder,0.0,1.0,0.0,1.0,0.0,0.0,0.0,0.0,0.0,0.0,1.0,0.0,0.0,0.0,0.0,0.0,0.0,1.0,0.0,2.0,1.0,7.041548252105713,2.0,1.0,0.0,0.0,0.0,98.0,22.0,4.0,0.0,5629.0899658203125,388.1899948120117,14996.93994140625,1605.8300170898438,9534.230224609375,58.0,75.0,27.0,3.0,0.0,4.0,0.0,0.0,0.0,0.0,0.0,0.0,0.0,0.0,0.0,0.0,0.0,0.0,0.0,0.0,0.0,31.0,0.0,2.0,13.0,8.0,8.0,11.0,22.0,0.0,0.0,0.0,0.0,0.0,18.0,14.0,14.0,16.0,18.0,0.0,0.0,0.0,11.0,3.0,309.0,125.0,9.0,0.0,49.0,45.0,69.0,25.0,94.0,0.0,0.0,143.0,120.0,0.0,0.0,47.0,8.0,0.0,5.0,42.0,99.0,47.0,0.0,472.0,112.0,0.0,1.0,2.0,0.17061324790120125,1.0,275.5247333333333,28.716005325317383,32154.2802734375,0.007474482525140047,0.0,MF,83.91608391608392
423595,Marko STAMENIC,43978,New Zealand,NZL,Midfielder,0.0,3.0,0.0,1.0,1.0,0.0,0.0,0.0,0.0,1.0,1.0,0.0,0.0,1.0,0.0,1.0,0.0,2.0,0.0,5.0,1.0,6.520412604014079,5.0,1.0,0.0,2.0,1.0,67.0,18.0,0.0,0.0,4931.360107421875,653.1100006103516,14093.83984375,1905.949951171875,11314.030517578125,67.0,84.0,10.0,4.0,0.0,0.0,0.0,0.0,0.0,0.0,0.0,0.0,0.0,0.0,0.0,0.0,0.0,0.0,0.0,0.0,0.0,64.0,7.0,2.0,26.0,22.0,16.0,17.0,47.0,9.0,4.0,0.0,1.0,1.0,29.0,21.0,15.0,19.0,27.0,4.0,2.0,0.0,19.0,3.0,364.0,117.0,8.0,6.0,26.0,66.0,66.0,32.0,98.0,0.0,0.0,171.0,156.0,0.0,0.0,58.0,9.0,0.0,6.0,47.0,126.0,53.0,0.0,415.0,133.0,0.0,1.0,2.0,0.29543437063694,3.0,302.8543666666667,32.28368377685547,32898.2880859375,0.08501002565026283,1.0,MF,91.22807017543859
390209,Sarpreet SINGH,43978,New Zealand,NZL,Midfielder,0.0,4.0,0.0,0.0,1.0,0.0,0.0,0.0,0.0,0.0,2.0,0.0,0.0,2.0,1.0,2.0,2.0,2.0,1.0,4.0,2.0,7.243927160898845,3.0,2.0,0.0,7.0,0.0,104.0,7.0,2.0,0.0,4255.010009765625,408.64999771118164,13253.9697265625,1590.3599243164062,7898.530029296875,47.0,69.0,10.0,2.0,2.0,2.0,0.0,0.0,0.0,0.0,0.0,0.0,0.0,0.0,0.0,0.0,0.0,0.0,0.0,0.0,0.0,30.0,3.0,2.0,6.0,1.0,0.0,1.0,9.0,6.0,1.0,0.0,2.0,1.0,18.0,7.0,6.0,12.0,17.0,1.0,0.0,0.0,4.0,3.0,196.0,97.0,10.0,39.0,77.0,23.0,65.0,74.0,139.0,0.0,0.0,76.0,58.0,0.0,0.0,52.0,54.0,1.0,7.0,56.0,38.0,63.0,0.0,381.0,118.0,0.0,3.0,3.0,2.4625755548477173,1.0,227.70136666666667,31.467195510864258,27406.51904296875,0.22281081974506378,1.0,MF,76.31578947368422
405454,Elijah JUST,43978,New Zealand,NZL,Midfielder,0.0,7.0,0.0,1.0,0.0,0.0,0.0,0.0,0.0,3.0,4.0,0.0,0.0,5.0,4.0,1.0,5.0,2.0,1.0,15.0,2.0,6.8773830731709795,9.0,1.0,0.0,1.0,0.0,152.0,18.0,2.0,0.0,5286.0599365234375,909.7100372314453,14440.36962890625,2245.75,10548.41015625,65.0,97.0,19.0,3.0,2.0,2.0,0.0,0.0,0.0,0.0,0.0,0.0,0.0,0.0,3.0,0.0,3.0,0.0,0.0,0.0,0.0,44.0,3.0,4.0,11.0,7.0,2.0,4.0,33.0,5.0,1.0,0.0,2.0,0.0,28.0,25.0,20.0,21.0,31.0,1.0,4.0,0.0,21.0,3.0,236.0,109.0,13.0,36.0,101.0,25.0,100.0,62.0,162.0,0.0,0.0,99.0,85.0,0.0,0.0,44.0,35.0,2.0,2.0,70.0,42.0,72.0,0.0,460.0,178.0,0.0,1.0,4.0,1.552158385515213,5.0,291.59950000000003,31.595182418823242,33430.298828125,0.8625682815909386,1.0,MF,85.85858585858585
405469,Liberato CACACE,43978,New Zealand,NZL,Defender,0.0,1.0,0.0,1.0,0.0,0.0,0.0,0.0,0.0,0.0,1.0,0.0,0.0,1.0,1.0,0.0,1.0,0.0,0.0,8.0,0.0,6.672801335652669,6.0,0.0,2.0,6.0,1.0,59.0,8.0,0.0,0.0,4007.5198974609375,446.91998291015625,11336.56005859375,1639.5299682617188,8914.27001953125,48.0,69.0,9.0,1.0,5.0,0.0,0.0,0.0,0.0,0.0,0.0,0.0,0.0,0.0,0.0,0.0,0.0,0.0,0.0,0.0,0.0,38.0,3.0,5.0,15.0,10.0,7.0,7.0,25.0,4.0,1.0,0.0,1.0,0.0,19.0,14.0,11.0,11.0,27.0,1.0,2.0,0.0,17.0,3.0,197.0,94.0,5.0,31.0,34.0,9.0,13.0,61.0,74.0,0.0,0.0,88.0,75.0,0.0,0.0,23.0,25.0,1.0,1.0,41.0,46.0,42.0,0.0,350.0,111.0,0.0,3.0,2.0,0.3802405744791031,14.0,237.32469999999998,29.716388702392578,26344.7998046875,0.02048644796013832,0.0,DF,85.22727272727273
463580,Finn SURMAN,43978,New Zealand,NZL,Defender,0.0,2.0,0.0,0.0,0.0,1.0,1.0,0.0,0.0,0.0,0.0,0.0,0.0,2.0,1.0,0.0,1.0,0.0,0.0,5.0,0.0,6.052506287892659,5.0,0.0,0.0,0.0,0.0,28.0,11.0,1.0,0.0,3588.6096801757812,644.8400115966797,13789.5205078125,1286.5999450683594,11621.510009765625,46.0,60.0,5.0,4.0,1.0,1.0,0.0,0.0,0.0,0.0,0.0,0.0,0.0,0.0,1.0,0.0,1.0,0.0,2.0,0.0,0.0,42.0,1.0,4.0,32.0,29.0,26.0,27.0,37.0,1.0,1.0,0.0,0.0,0.0,9.0,7.0,4.0,4.0,23.0,1.0,2.0,0.0,21.0,3.0,310.0,100.0,5.0,0.0,0.0,60.0,21.0,39.0,60.0,0.0,0.0,145.0,135.0,0.0,0.0,38.0,4.0,0.0,4.0,20.0,123.0,24.0,0.0,310.0,103.0,0.0,0.0,0.0,0.2434525303542614,0.0,306.77251666666666,33.2197380065918,30931.080078125,0.23925617337226868,0.0,DF,93.10344827586206
423575,Ben OLD,43978,New Zealand,NZL,Midfielder,0.0,0.0,0.0,0.0,0.0,0.0,0.0,,0.0,0.0,0.0,0.0,0.0,0.0,0.0,0.0,0.0,0.0,0.0,4.0,0.0,6.372622966766357,2.0,0.0,0.0,1.0,0.0,28.0,4.0,0.0,0.0,1921.5699768066406,575.3099975585938,4307.880126953125,966.6100006103516,4379.830078125,20.0,30.0,2.0,0.0,1.0,0.0,0.0,0.0,0.0,0.0,0.0,0.0,0.0,0.0,0.0,0.0,0.0,0.0,0.0,0.0,0.0,11.0,0.0,2.0,5.0,2.0,1.0,3.0,5.0,2.0,0.0,0.0,2.0,0.0,4.0,3.0,2.0,2.0,8.0,0.0,1.0,0.0,2.0,3.0,75.0,33.0,1.0,17.0,13.0,5.0,17.0,18.0,35.0,0.0,0.0,33.0,25.0,0.0,0.0,13.0,12.0,1.0,2.0,22.0,13.0,24.0,0.0,160.0,74.0,3.0,0.0,1.0,2.0230349749326706,0.0,112.68400000000001,32.36019515991211,12151.199951171875,0.0,0.0,MF,75.75757575757575
390196,Callum McCOWATT,43978,New Zealand,NZL,Midfielder,0.0,4.0,0.0,0.0,1.0,0.0,1.0,0.0,0.0,2.0,0.0,0.0,0.0,3.0,2.0,0.0,3.0,1.0,1.0,2.0,0.0,7.235505104064941,1.0,0.0,0.0,2.0,0.0,55.0,11.0,0.0,0.0,3571.369873046875,592.0599899291992,8361.379516601562,1541.2999877929688,6897.459716796875,52.0,73.0,9.0,4.0,1.0,0.0,0.0,0.0,0.0,0.0,0.0,0.0,0.0,0.0,0.0,0.0,0.0,0.0,1.0,0.0,0.0,20.0,2.0,0.0,4.0,3.0,2.0,2.0,13.0,3.0,1.0,0.0,0.0,1.0,13.0,9.0,8.0,10.0,16.0,1.0,0.0,0.0,9.0,3.0,205.0,78.0,7.0,32.0,55.0,23.0,59.0,51.0,110.0,0.0,0.0,93.0,78.0,0.0,0.0,50.0,22.0,3.0,8.0,45.0,48.0,53.0,0.0,334.0,110.0,1.0,2.0,1.0,2.386212408542633,2.0,173.98475000000002,31.683931350708008,20963.5703125,0.20633482187986374,1.0,MF,83.87096774193549
336641,Ryan THOMAS,43978,New Zealand,NZL,Midfielder,0.0,0.0,0.0,0.0,0.0,0.0,0.0,,0.0,0.0,0.0,0.0,0.0,0.0,0.0,0.0,0.0,0.0,0.0,0.0,0.0,7.40230147043864,0.0,0.0,0.0,1.0,0.0,50.0,7.0,0.0,0.0,2647.7298583984375,226.88999557495117,5201.77001953125,1051.8299407958984,3874.3898315429688,14.0,22.0,2.0,3.0,3.0,0.0,0.0,0.0,0.0,0.0,0.0,0.0,0.0,0.0,0.0,0.0,0.0,0.0,0.0,0.0,0.0,6.0,0.0,0.0,3.0,2.0,2.0,3.0,3.0,2.0,0.0,0.0,2.0,0.0,1.0,1.0,1.0,1.0,5.0,0.0,0.0,0.0,2.0,3.0,62.0,30.0,0.0,6.0,12.0,4.0,15.0,7.0,22.0,0.0,0.0,25.0,18.0,0.0,0.0,7.0,15.0,1.0,5.0,17.0,11.0,22.0,0.0,216.0,78.0,2.0,1.0,0.0,2.043340504169464,0.0,103.85764999999999,30.530359268188477,13002.60986328125,0.0,0.0,MF,72.0
483516,Kristoffer AJER,43961,Norway,NOR,Defender,0.0,2.0,0.0,0.0,0.0,1.0,0.0,0.0,0.0,1.0,0.0,0.0,0.0,2.0,1.0,1.0,1.0,0.0,0.0,12.0,0.0,4.948848168055217,12.0,0.0,0.0,2.0,2.0,29.0,8.0,0.0,0.0,5579.170104980469,812.739990234375,21711.89013671875,1698.3000183105469,25041.4599609375,93.0,119.0,12.0,2.0,1.0,0.0,0.0,0.0,0.0,0.0,0.0,0.0,0.0,0.0,0.0,0.0,0.0,0.0,2.0,0.0,0.0,57.0,0.0,4.0,35.0,32.0,29.0,31.0,49.0,1.0,1.0,1.0,1.0,0.0,21.0,16.0,13.0,17.0,41.0,0.0,3.0,0.0,33.0,5.0,590.0,201.0,14.0,4.0,2.0,66.0,44.0,28.0,72.0,0.0,0.0,273.0,256.0,0.0,0.0,41.0,4.0,0.0,8.0,31.0,239.0,39.0,0.0,480.0,150.0,0.0,0.0,3.0,0.528944868594408,1.0,554.9256166666667,35.09469985961914,54843.560546875,0.20160039514303207,1.0,DF,93.77289377289377
419672,Leo OSTIGARD,43961,Norway,NOR,Defender,0.0,3.0,0.0,0.0,0.0,2.0,0.0,1.0,0.0,0.0,0.0,0.0,0.0,3.0,1.0,2.0,1.0,0.0,0.0,1.0,4.0,4.746309677759807,1.0,1.0,0.0,0.0,0.0,8.0,3.0,0.0,0.0,1922.4799423217773,237.419997215271,8247.830322265625,588.0900077819824,7423.959625244141,16.0,27.0,1.0,2.0,2.0,0.0,0.0,0.0,0.0,0.0,0.0,0.0,0.0,0.0,1.0,0.0,1.0,0.0,3.0,0.0,0.0,33.0,0.0,7.0,21.0,15.0,14.0,14.0,20.0,0.0,0.0,0.0,0.0,0.0,12.0,5.0,4.0,5.0,15.0,0.0,1.0,0.0,5.0,5.0,222.0,72.0,7.0,2.0,1.0,15.0,12.0,6.0,18.0,0.0,0.0,99.0,84.0,0.0,0.0,10.0,3.0,0.0,3.0,11.0,89.0,14.0,0.0,165.0,45.0,4.0,0.0,0.0,1.3909533200785518,0.0,184.69578333333334,31.809419631958008,18419.780517578125,0.31661850959062576,0.0,DF,84.84848484848484
483505,David MOLLER WOLFE,43961,Norway,NOR,Defender,1.0,0.0,0.0,0.0,0.0,0.0,0.0,0.0,0.0,0.0,0.0,0.0,0.0,0.0,0.0,0.0,0.0,0.0,0.0,8.0,0.0,5.09507417678833,6.0,0.0,0.0,7.0,1.0,70.0,22.0,1.0,0.0,5915.8299560546875,1409.1199951171875,21265.929443359375,2537.319854736328,17461.98974609375,89.0,115.0,13.0,7.0,2.0,1.0,0.0,0.0,0.0,0.0,0.0,0.0,0.0,0.0,0.0,0.0,0.0,0.0,0.0,0.0,0.0,75.0,2.0,5.0,32.0,22.0,21.0,25.0,47.0,7.0,3.0,3.0,4.0,1.0,36.0,22.0,21.0,28.0,51.0,0.0,1.0,0.0,27.0,5.0,382.0,166.0,12.0,45.0,73.0,46.0,62.0,102.0,164.0,0.0,0.0,186.0,162.0,0.0,0.0,46.0,26.0,4.0,3.0,73.0,99.0,76.0,0.0,520.0,216.0,0.0,3.0,3.0,1.1752321869134903,27.0,477.59751666666665,33.353580474853516,48590.189453125,0.0,0.0,DF,87.09677419354838
483442,Patrick BERG,43961,Norway,NOR,Midfielder,2.0,3.0,0.0,1.0,1.0,0.0,0.0,0.0,0.0,0.0,2.0,0.0,0.0,0.0,0.0,2.0,0.0,3.0,0.0,11.0,2.0,6.925774971644084,10.0,2.0,10.0,13.0,5.0,168.0,27.0,8.0,0.0,9430.2099609375,1266.379991531372,24622.001098632812,3772.380096435547,20133.050720214844,90.0,104.0,21.0,4.0,2.0,8.0,0.0,0.0,0.0,0.0,0.0,0.0,0.0,0.0,0.0,0.0,0.0,0.0,0.0,0.0,0.0,34.0,0.0,1.0,11.0,8.0,8.0,10.0,23.0,1.0,0.0,0.0,1.0,0.0,22.0,15.0,15.0,21.0,16.0,0.0,0.0,0.0,11.0,6.0,386.0,164.0,18.0,35.0,79.0,64.0,123.0,55.0,178.0,0.0,0.0,174.0,161.0,0.0,0.0,58.0,39.0,1.0,6.0,77.0,97.0,83.0,0.0,797.0,263.0,2.0,0.0,5.0,2.2362926080822945,1.0,519.7920166666667,32.20754623413086,59224.01953125,0.29408639669418335,1.0,MF,92.52873563218391
404645,Sander BERGE,43961,Norway,NOR,Midfielder,0.0,0.0,0.0,0.0,0.0,0.0,0.0,0.0,0.0,0.0,0.0,0.0,0.0,0.0,0.0,0.0,0.0,0.0,0.0,2.0,2.0,5.688752333323161,2.0,2.0,0.0,2.0,0.0,101.0,17.0,7.0,0.0,9145.650024414062,752.6000061035156,29302.8896484375,2737.6700134277344,21144.441162109375,192.0,203.0,9.0,6.0,2.0,10.0,0.0,0.0,0.0,0.0,0.0,0.0,0.0,0.0,0.0,0.0,0.0,0.0,0.0,3.0,0.0,93.0,3.0,4.0,30.0,28.0,23.0,23.0,86.0,4.0,3.0,1.0,1.0,0.0,59.0,55.0,50.0,52.0,42.0,2.0,3.0,0.0,38.0,5.0,891.0,252.0,21.0,2.0,48.0,117.0,122.0,45.0,167.0,0.0,0.0,425.0,412.0,0.0,0.0,98.0,27.0,1.0,8.0,108.0,310.0,116.0,0.0,770.0,192.0,0.0,0.0,1.0,0.41234762966632843,3.0,554.9256166666667,33.09673309326172,63083.25,0.0,0.0,MF,96.94117647058823
400716,Martin ODEGAARD,43961,Norway,NOR,Midfielder,4.0,9.0,0.0,2.0,0.0,0.0,1.0,0.0,0.0,2.0,6.0,0.0,0.0,5.0,2.0,4.0,3.0,4.0,1.0,17.0,0.0,5.863435745239258,14.0,0.0,12.0,16.0,3.0,195.0,18.0,8.0,0.0,10525.9501953125,1432.72998046875,26557.89013671875,3757.260009765625,20655.100830078125,179.0,233.0,18.0,3.0,4.0,8.0,0.0,0.0,0.0,0.0,0.0,0.0,0.0,0.0,0.0,0.0,0.0,0.0,0.0,0.0,0.0,107.0,7.0,6.0,28.0,22.0,14.0,15.0,78.0,18.0,10.0,4.0,6.0,5.0,61.0,46.0,35.0,43.0,65.0,3.0,5.0,3.0,48.0,5.0,789.0,265.0,28.0,29.0,173.0,127.0,212.0,117.0,329.0,0.0,0.0,367.0,322.0,0.0,0.0,161.0,99.0,5.0,6.0,126.0,251.0,132.0,0.0,878.0,302.0,0.0,1.0,3.0,2.0146846771240234,4.0,537.8812333333333,32.4747314453125,62928.9296875,0.7151185617549345,0.0,MF,87.73841961852861
483497,Fredrik AURSNES,43961,Norway,NOR,Midfielder,0.0,2.0,0.0,0.0,0.0,0.0,0.0,0.0,0.0,2.0,0.0,0.0,0.0,1.0,0.0,1.0,0.0,1.0,0.0,4.0,1.0,6.865636348724365,3.0,1.0,0.0,4.0,1.0,63.0,20.0,2.0,0.0,6654.0299072265625,733.1099472045898,17495.45037841797,2435.420021057129,13279.710205078125,78.0,98.0,8.0,5.0,3.0,3.0,0.0,0.0,0.0,0.0,0.0,0.0,0.0,0.0,0.0,0.0,0.0,0.0,0.0,1.0,0.0,66.0,2.0,4.0,21.0,15.0,14.0,15.0,45.0,5.0,1.0,1.0,2.0,1.0,40.0,29.0,28.0,33.0,31.0,0.0,1.0,0.0,21.0,6.0,375.0,150.0,13.0,44.0,68.0,65.0,78.0,99.0,177.0,0.0,0.0,178.0,158.0,0.0,0.0,64.0,24.0,3.0,5.0,50.0,116.0,55.0,0.0,571.0,173.0,3.0,2.0,1.0,1.192518211901188,16.0,355.49224999999996,32.90467071533203,40597.719482421875,0.02174135111272335,0.0,MF,88.76404494382022
494625,Marcus HOLMGREN PEDERSEN,43961,Norway,NOR,Defender,0.0,1.0,0.0,0.0,0.0,0.0,0.0,0.0,0.0,1.0,0.0,0.0,0.0,1.0,1.0,0.0,1.0,0.0,0.0,4.0,0.0,4.343099753061931,2.0,0.0,0.0,7.0,3.0,50.0,12.0,0.0,0.0,3818.1800537109375,884.4199829101562,11384.449829101562,1635.610107421875,12044.509765625,43.0,62.0,7.0,3.0,1.0,0.0,,,0.0,0.0,0.0,0.0,0.0,0.0,1.0,0.0,1.0,0.0,0.0,0.0,0.0,42.0,3.0,5.0,15.0,5.0,4.0,7.0,17.0,4.0,0.0,0.0,1.0,0.0,23.0,12.0,11.0,15.0,27.0,0.0,1.0,0.0,10.0,4.0,213.0,92.0,6.0,25.0,18.0,19.0,15.0,47.0,62.0,0.0,0.0,107.0,87.0,0.0,0.0,19.0,15.0,4.0,0.0,33.0,59.0,33.0,0.0,322.0,137.0,3.0,1.0,0.0,0.41153228282928467,29.0,273.42813333333334,35.5930290222168,29767.169921875,0.16383224725723267,0.0,DF,81.30841121495327
491244,Torbjorn HEGGEM,43961,Norway,NOR,Defender,0.0,1.0,0.0,1.0,0.0,0.0,0.0,0.0,0.0,0.0,1.0,0.0,0.0,1.0,1.0,0.0,1.0,0.0,0.0,8.0,0.0,5.143563270568848,7.0,0.0,0.0,0.0,0.0,30.0,10.0,1.0,0.0,5457.890075683594,590.5000228881836,24328.6689453125,1803.31005859375,19567.8505859375,104.0,123.0,2.0,2.0,0.0,1.0,0.0,0.0,0.0,0.0,0.0,0.0,0.0,15.0,0.0,0.0,0.0,0.0,0.0,0.0,0.0,67.0,2.0,8.0,40.0,34.0,28.0,30.0,52.0,4.0,1.0,0.0,1.0,1.0,23.0,17.0,11.0,12.0,33.0,1.0,5.0,0.0,24.0,5.0,606.0,180.0,13.0,1.0,9.0,88.0,39.0,59.0,98.0,0.0,0.0,301.0,282.0,0.0,0.0,61.0,5.0,1.0,0.0,49.0,237.0,49.0,0.0,475.0,141.0,0.0,2.0,1.0,0.4259347692131996,2.0,503.2486666666667,33.07427215576172,51748.220703125,0.6097474098205566,0.0,DF,93.68770764119601
494627,Thelo AASGAARD,43961,Norway,NOR,Midfielder,0.0,2.0,0.0,0.0,0.0,0.0,0.0,0.0,0.0,0.0,2.0,0.0,0.0,1.0,1.0,1.0,1.0,1.0,0.0,2.0,1.0,1.114216963450114,0.0,1.0,0.0,0.0,0.0,19.0,3.0,0.0,0.0,1533.2701416015625,169.22999572753906,5313.64990234375,584.219970703125,3584.590087890625,29.0,36.0,3.0,0.0,3.0,0.0,,,0.0,0.0,0.0,0.0,0.0,0.0,1.0,0.0,1.0,0.0,0.0,0.0,0.0,12.0,0.0,0.0,2.0,2.0,2.0,2.0,11.0,1.0,1.0,0.0,0.0,1.0,9.0,8.0,7.0,8.0,9.0,0.0,0.0,1.0,8.0,1.0,99.0,39.0,4.0,9.0,31.0,19.0,44.0,15.0,59.0,0.0,0.0,43.0,38.0,0.0,0.0,21.0,14.0,0.0,2.0,32.0,17.0,34.0,0.0,127.0,39.0,0.0,0.0,0.0,0.32265302538871765,1.0,100.25048333333334,29.076875686645508,11184.9609375,0.18258096277713776,0.0,MF,88.37209302325581
494626,Andreas SCHJELDERUP,43961,Norway,NOR,Midfielder,3.0,3.0,0.0,0.0,0.0,0.0,0.0,0.0,0.0,1.0,2.0,0.0,0.0,3.0,2.0,1.0,2.0,0.0,0.0,15.0,2.0,6.435391982396443,9.0,1.0,0.0,7.0,1.0,68.0,14.0,2.0,0.0,4445.1199951171875,687.1999969482422,12453.410522460938,1898.5500030517578,12136.900390625,68.0,100.0,18.0,2.0,3.0,2.0,0.0,0.0,0.0,0.0,0.0,0.0,0.0,0.0,1.0,0.0,1.0,0.0,0.0,0.0,0.0,30.0,1.0,1.0,4.0,2.0,1.0,2.0,19.0,9.0,5.0,3.0,5.0,3.0,17.0,12.0,10.0,12.0,24.0,1.0,0.0,1.0,13.0,6.0,250.0,111.0,13.0,25.0,69.0,13.0,23.0,84.0,107.0,0.0,0.0,104.0,89.0,0.0,0.0,38.0,70.0,4.0,6.0,52.0,69.0,58.0,0.0,384.0,137.0,4.0,2.0,4.0,4.649367094039917,3.0,297.8012333333333,32.81110382080078,31621.179931640625,0.19517088495194912,0.0,MF,85.57692307692307
477470,Oscar BOBB,43961,Norway,NOR,Midfielder,0.0,4.0,0.0,0.0,1.0,0.0,0.0,0.0,0.0,2.0,1.0,0.0,0.0,4.0,3.0,1.0,3.0,0.0,0.0,11.0,0.0,6.426273663838704,6.0,0.0,0.0,2.0,0.0,113.0,17.0,1.0,0.0,3872.0599975585938,537.5000133514404,12448.269775390625,1651.2200317382812,10698.899658203125,63.0,79.0,12.0,1.0,4.0,1.0,0.0,0.0,0.0,0.0,0.0,0.0,0.0,0.0,0.0,0.0,0.0,0.0,0.0,0.0,0.0,21.0,2.0,0.0,2.0,0.0,0.0,0.0,11.0,5.0,1.0,1.0,2.0,1.0,14.0,10.0,10.0,11.0,9.0,0.0,0.0,0.0,7.0,6.0,264.0,109.0,14.0,31.0,89.0,10.0,54.0,76.0,130.0,0.0,0.0,111.0,102.0,0.0,0.0,46.0,73.0,5.0,12.0,52.0,70.0,64.0,0.0,334.0,136.0,5.0,1.0,6.0,5.163312166929245,4.0,279.70148333333333,34.15095138549805,29207.949584960938,0.6198314428329468,0.0,MF,91.8918918918919
441242,Cesar BLACKMAN,43914,Panama,PAN,Defender,0.0,2.0,0.0,1.0,0.0,0.0,0.0,,0.0,0.0,2.0,0.0,0.0,2.0,1.0,0.0,1.0,0.0,0.0,5.0,0.0,3.913240114847819,4.0,0.0,0.0,0.0,0.0,41.0,12.0,0.0,0.0,1997.3800048828125,395.3000183105469,8048.780517578125,912.8199157714844,6979.310302734375,53.0,65.0,7.0,2.0,2.0,0.0,0.0,0.0,0.0,0.0,0.0,0.0,0.0,0.0,0.0,0.0,0.0,0.0,0.0,0.0,0.0,13.0,0.0,1.0,2.0,2.0,1.0,1.0,11.0,2.0,2.0,1.0,1.0,1.0,9.0,7.0,5.0,7.0,11.0,0.0,1.0,1.0,9.0,2.0,172.0,85.0,4.0,10.0,47.0,11.0,7.0,61.0,68.0,1.0,0.0,79.0,69.0,0.0,0.0,31.0,23.0,1.0,3.0,48.0,29.0,51.0,0.0,180.0,64.0,0.0,2.0,4.0,0.41443932056427,11.0,187.2241,32.891597747802734,18333.58984375,0.08405403047800064,1.0,DF,87.34177215189874
418715,Jose CORDOBA,43914,Panama,PAN,Defender,0.0,0.0,0.0,0.0,0.0,0.0,0.0,,0.0,0.0,0.0,0.0,0.0,0.0,0.0,0.0,0.0,0.0,0.0,2.0,2.0,6.073558171590169,2.0,2.0,0.0,1.0,0.0,21.0,12.0,3.0,0.0,3723.93994140625,704.97998046875,14019.400390625,1525.239990234375,10780.239501953125,43.0,52.0,7.0,5.0,1.0,6.0,0.0,0.0,0.0,0.0,0.0,0.0,0.0,7.0,0.0,0.0,0.0,0.0,0.0,3.0,0.0,47.0,1.0,8.0,26.0,20.0,17.0,17.0,32.0,1.0,1.0,0.0,0.0,0.0,20.0,11.0,8.0,11.0,22.0,1.0,2.0,0.0,17.0,3.0,387.0,157.0,4.0,0.0,2.0,33.0,23.0,12.0,35.0,0.0,0.0,183.0,169.0,0.0,0.0,14.0,4.0,0.0,5.0,24.0,148.0,29.0,0.0,315.0,114.0,0.0,0.0,1.0,0.17361198365688324,0.0,303.7823333333333,33.786014556884766,30753.798828125,0.0,0.0,DF,92.34972677595628
385030,Fidel ESCOBAR,43914,Panama,PAN,Defender,0.0,0.0,0.0,0.0,0.0,0.0,0.0,,0.0,0.0,0.0,0.0,0.0,0.0,0.0,0.0,0.0,0.0,0.0,1.0,1.0,1.9254676500956218,1.0,0.0,0.0,1.0,1.0,16.0,5.0,3.0,0.0,1097.06005859375,127.40999603271484,3795.1298828125,523.5899658203125,3993.800048828125,16.0,22.0,2.0,1.0,0.0,4.0,,,0.0,0.0,0.0,0.0,0.0,1.0,0.0,0.0,0.0,0.0,0.0,1.0,0.0,22.0,0.0,6.0,12.0,8.0,6.0,6.0,12.0,1.0,1.0,0.0,0.0,1.0,9.0,3.0,0.0,2.0,19.0,0.0,2.0,1.0,12.0,1.0,52.0,26.0,2.0,2.0,3.0,3.0,1.0,7.0,8.0,0.0,0.0,27.0,20.0,0.0,0.0,3.0,1.0,0.0,0.0,20.0,2.0,20.0,0.0,106.0,45.0,0.0,0.0,0.0,0.029709789901971817,1.0,98.92756666666666,30.248571395874023,9536.990234375,0.0,0.0,DF,74.07407407407408
395581,Cristian MARTINEZ,43914,Panama,PAN,Midfielder,0.0,1.0,0.0,0.0,0.0,0.0,0.0,0.0,0.0,1.0,0.0,0.0,0.0,1.0,0.0,1.0,0.0,0.0,0.0,4.0,1.0,6.729818820953369,1.0,0.0,4.0,12.0,2.0,105.0,17.0,1.0,0.0,3716.590087890625,630.3200073242188,13410.449951171875,1690.8701171875,10105.76025390625,32.0,59.0,11.0,5.0,5.0,1.0,0.0,0.0,0.0,0.0,0.0,0.0,0.0,0.0,0.0,0.0,0.0,0.0,0.0,0.0,0.0,28.0,4.0,0.0,5.0,1.0,1.0,1.0,9.0,9.0,2.0,2.0,4.0,1.0,14.0,6.0,6.0,9.0,17.0,0.0,0.0,0.0,6.0,3.0,188.0,89.0,7.0,28.0,34.0,11.0,30.0,43.0,73.0,1.0,0.0,78.0,57.0,0.0,0.0,22.0,37.0,4.0,6.0,36.0,48.0,42.0,0.0,319.0,147.0,0.0,1.0,1.0,2.2318961322307587,4.0,264.78991666666667,31.85808753967285,29553.990234375,0.24179807305335999,0.0,MF,73.07692307692307
411176,Jose Luis RODRIGUEZ,43914,Panama,PAN,Midfielder,0.0,3.0,0.0,0.0,0.0,0.0,0.0,0.0,0.0,1.0,2.0,0.0,0.0,1.0,1.0,2.0,1.0,2.0,0.0,12.0,2.0,6.195457458496094,6.0,1.0,3.0,16.0,2.0,88.0,12.0,2.0,0.0,3566.219970703125,698.6300354003906,10228.189453125,1324.699951171875,10082.03955078125,27.0,58.0,20.0,4.0,2.0,2.0,0.0,0.0,0.0,0.0,0.0,0.0,0.0,0.0,0.0,0.0,0.0,0.0,0.0,0.0,0.0,13.0,0.0,1.0,2.0,2.0,1.0,1.0,9.0,3.0,1.0,1.0,3.0,0.0,8.0,6.0,5.0,7.0,7.0,0.0,1.0,0.0,5.0,3.0,154.0,86.0,5.0,31.0,39.0,6.0,34.0,42.0,76.0,0.0,0.0,48.0,35.0,0.0,0.0,22.0,43.0,9.0,9.0,36.0,33.0,45.0,0.0,305.0,109.0,0.0,2.0,2.0,2.3268503546714783,0.0,251.01396666666665,32.31595993041992,25899.7802734375,0.23655079305171967,0.0,MF,72.91666666666666
400416,Edgar Yoel BARCENAS,43914,Panama,PAN,Midfielder,0.0,2.0,0.0,1.0,0.0,0.0,0.0,1.0,0.0,1.0,1.0,0.0,0.0,0.0,0.0,1.0,0.0,2.0,0.0,8.0,4.0,6.753038247426351,5.0,4.0,3.0,5.0,2.0,74.0,6.0,7.0,0.0,4957.240234375,282.5500011444092,14794.0,1471.1099853515625,9285.099853515625,54.0,68.0,9.0,3.0,3.0,7.0,0.0,0.0,0.0,0.0,0.0,0.0,0.0,0.0,0.0,0.0,0.0,0.0,0.0,0.0,0.0,36.0,1.0,2.0,8.0,5.0,4.0,5.0,24.0,3.0,2.0,1.0,1.0,1.0,25.0,17.0,16.0,21.0,20.0,1.0,0.0,0.0,14.0,3.0,239.0,112.0,8.0,9.0,66.0,45.0,86.0,34.0,120.0,0.0,0.0,109.0,96.0,0.0,0.0,39.0,13.0,1.0,2.0,47.0,67.0,49.0,0.0,426.0,101.0,0.0,2.0,2.0,0.38650718331336975,0.0,272.8433666666666,31.433002471923828,30790.0009765625,0.04956447705626488,1.0,MF,88.07339449541286
480310,Jiovany RAMOS,43914,Panama,PAN,Defender,0.0,2.0,0.0,0.0,1.0,0.0,0.0,0.0,0.0,1.0,0.0,0.0,0.0,1.0,0.0,2.0,0.0,1.0,0.0,7.0,2.0,3.9833337465922036,7.0,1.0,0.0,0.0,0.0,29.0,18.0,1.0,0.0,2398.369873046875,257.66001892089844,7654.279541015625,877.510009765625,7311.010009765625,42.0,57.0,3.0,2.0,1.0,2.0,0.0,0.0,0.0,0.0,0.0,0.0,0.0,2.0,0.0,0.0,0.0,0.0,0.0,1.0,0.0,53.0,2.0,11.0,31.0,21.0,18.0,18.0,30.0,2.0,0.0,0.0,0.0,0.0,20.0,9.0,6.0,7.0,36.0,0.0,3.0,0.0,17.0,2.0,258.0,97.0,6.0,2.0,3.0,19.0,8.0,16.0,24.0,0.0,0.0,121.0,108.0,0.0,0.0,12.0,1.0,0.0,2.0,14.0,108.0,16.0,0.0,205.0,63.0,0.0,1.0,3.0,0.14635426178574562,0.0,186.41256666666666,31.701736450195312,18498.83056640625,0.15216891467571259,0.0,DF,89.25619834710744
418729,Carlos HARVEY,43914,Panama,PAN,Defender,0.0,5.0,0.0,0.0,0.0,1.0,1.0,0.0,0.0,1.0,1.0,0.0,0.0,4.0,0.0,3.0,0.0,1.0,0.0,8.0,6.0,6.817519664764404,4.0,4.0,0.0,1.0,0.0,53.0,19.0,1.0,0.0,5067.219970703125,399.92999267578125,16576.03857421875,1664.2600402832031,9866.1298828125,50.0,73.0,28.0,8.0,3.0,1.0,0.0,0.0,0.0,0.0,0.0,0.0,0.0,0.0,0.0,0.0,0.0,0.0,2.0,0.0,0.0,41.0,1.0,6.0,14.0,9.0,6.0,7.0,25.0,3.0,1.0,0.0,0.0,2.0,24.0,15.0,11.0,15.0,20.0,0.0,3.0,1.0,13.0,3.0,255.0,122.0,9.0,10.0,45.0,39.0,63.0,31.0,94.0,0.0,0.0,107.0,85.0,0.0,0.0,25.0,23.0,3.0,7.0,50.0,66.0,57.0,0.0,446.0,118.0,0.0,1.0,4.0,0.6662395745515823,2.0,295.1525833333333,32.81644058227539,33573.580078125,0.2853236645460129,1.0,DF,79.43925233644859
441240,Andres ANDRADE,43914,Panama,PAN,Defender,0.0,0.0,0.0,0.0,0.0,0.0,0.0,0.0,0.0,0.0,0.0,0.0,0.0,0.0,0.0,0.0,0.0,0.0,0.0,0.0,5.0,6.002294858296712,0.0,4.0,0.0,8.0,0.0,38.0,19.0,5.0,0.0,3865.47998046875,703.7800140380859,13013.49951171875,1311.7299499511719,11490.109619140625,87.0,113.0,10.0,4.0,0.0,5.0,0.0,0.0,0.0,0.0,0.0,0.0,0.0,0.0,0.0,0.0,0.0,0.0,0.0,0.0,0.0,123.0,5.0,21.0,65.0,47.0,37.0,39.0,75.0,7.0,2.0,0.0,0.0,2.0,51.0,26.0,15.0,23.0,90.0,1.0,9.0,1.0,61.0,3.0,380.0,159.0,4.0,3.0,24.0,64.0,21.0,70.0,91.0,0.0,0.0,178.0,147.0,0.0,0.0,44.0,2.0,1.0,1.0,70.0,105.0,71.0,0.0,322.0,117.0,0.0,0.0,0.0,0.23767143115401268,10.0,303.7823333333333,33.21427917480469,30384.6005859375,0.0,1.0,DF,82.58426966292134
385031,Amir MURILLO,43914,Panama,PAN,Defender,0.0,5.0,0.0,2.0,1.0,0.0,1.0,1.0,1.0,1.0,1.0,0.0,0.0,4.0,1.0,2.0,1.0,1.0,0.0,14.0,1.0,6.269653797149658,6.0,1.0,0.0,8.0,4.0,68.0,15.0,5.0,0.0,3911.6700439453125,946.3799896240234,12664.330078125,2125.2499389648438,12133.690185546875,62.0,93.0,11.0,1.0,7.0,5.0,0.0,0.0,0.0,0.0,0.0,0.0,0.0,0.0,0.0,0.0,0.0,0.0,0.0,0.0,0.0,63.0,7.0,5.0,23.0,11.0,5.0,11.0,35.0,12.0,7.0,4.0,4.0,1.0,28.0,17.0,11.0,15.0,40.0,3.0,3.0,0.0,29.0,3.0,260.0,144.0,11.0,35.0,46.0,20.0,15.0,86.0,101.0,1.0,0.0,112.0,88.0,0.0,0.0,39.0,26.0,5.0,6.0,61.0,51.0,67.0,0.0,332.0,156.0,0.0,0.0,5.0,0.8527219891548157,25.0,303.7823333333333,34.10335922241211,31781.3203125,0.3696887642145157,0.0,DF,78.57142857142857
441239,Jorge GUTIERREZ,43914,Panama,PAN,Defender,0.0,0.0,0.0,0.0,0.0,0.0,0.0,0.0,0.0,0.0,0.0,0.0,0.0,0.0,0.0,0.0,0.0,0.0,0.0,1.0,0.0,2.1007517178853354,0.0,0.0,0.0,0.0,0.0,28.0,10.0,0.0,0.0,1275.619873046875,192.91000366210938,3723.9501953125,600.010009765625,3697.72021484375,10.0,14.0,6.0,1.0,2.0,0.0,,,0.0,0.0,0.0,0.0,0.0,0.0,0.0,0.0,0.0,0.0,0.0,0.0,0.0,7.0,1.0,0.0,3.0,2.0,2.0,2.0,4.0,1.0,0.0,0.0,0.0,0.0,3.0,2.0,2.0,2.0,2.0,0.0,0.0,0.0,2.0,1.0,50.0,32.0,0.0,10.0,2.0,4.0,4.0,12.0,16.0,0.0,0.0,23.0,19.0,0.0,0.0,3.0,6.0,0.0,1.0,14.0,7.0,15.0,0.0,117.0,43.0,0.0,1.0,0.0,0.15103892982006073,7.0,90.27498333333332,30.204425811767578,9490.2099609375,0.0,0.0,DF,82.6086956521739
486875,Gustavo VELAZQUEZ,43928,Paraguay,PAR,Defender,0.0,0.0,0.0,0.0,0.0,0.0,0.0,,0.0,0.0,0.0,0.0,0.0,0.0,0.0,0.0,0.0,0.0,0.0,1.0,3.0,5.3511576652526855,1.0,3.0,0.0,4.0,0.0,24.0,3.0,1.0,0.0,2203.220001220703,329.2500057220459,10045.040405273438,913.4700164794922,11890.179504394531,19.0,34.0,3.0,2.0,0.0,1.0,0.0,0.0,0.0,0.0,0.0,0.0,0.0,0.0,0.0,0.0,0.0,0.0,0.0,0.0,0.0,52.0,5.0,10.0,24.0,11.0,8.0,9.0,17.0,6.0,1.0,0.0,1.0,0.0,22.0,5.0,2.0,7.0,32.0,1.0,2.0,0.0,9.0,5.0,177.0,80.0,1.0,2.0,3.0,15.0,6.0,14.0,20.0,0.0,0.0,80.0,57.0,0.0,0.0,10.0,5.0,0.0,1.0,10.0,67.0,11.0,0.0,197.0,66.0,3.0,0.0,0.0,0.2019707476720214,10.0,293.80675,31.93389129638672,25381.160400390625,0.0,0.0,DF,71.25
431202,Omar ALDERETE,43928,Paraguay,PAR,Defender,0.0,1.0,0.0,1.0,0.0,0.0,0.0,0.0,0.0,1.0,0.0,0.0,0.0,0.0,0.0,0.0,0.0,1.0,0.0,1.0,2.0,4.351616954803466,1.0,1.0,0.0,0.0,0.0,9.0,3.0,1.0,0.0,3119.739990234375,307.75998878479004,11946.6103515625,1214.509994506836,16443.150390625,25.0,44.0,6.0,2.0,3.0,1.0,0.0,0.0,0.0,0.0,0.0,0.0,0.0,0.0,0.0,0.0,0.0,0.0,0.0,0.0,0.0,55.0,2.0,14.0,31.0,12.0,9.0,15.0,20.0,3.0,1.0,0.0,0.0,1.0,21.0,7.0,3.0,4.0,34.0,0.0,3.0,1.0,10.0,4.0,216.0,87.0,4.0,2.0,2.0,14.0,6.0,12.0,18.0,0.0,0.0,97.0,70.0,0.0,0.0,10.0,1.0,0.0,5.0,12.0,81.0,17.0,0.0,271.0,94.0,0.0,2.0,1.0,0.21483578719198704,0.0,363.09106666666673,32.144126892089844,33031.77001953125,0.014584885910153389,0.0,DF,72.16494845360825
479601,Juan Jose CACERES,43928,Paraguay,PAR,Defender,0.0,2.0,0.0,0.0,0.0,0.0,0.0,0.0,0.0,1.0,1.0,0.0,0.0,1.0,1.0,1.0,1.0,1.0,0.0,11.0,2.0,5.9899190902709964,6.0,1.0,0.0,9.0,1.0,154.0,41.0,0.0,0.0,5866.429870605469,906.6600036621094,19763.029541015625,2515.929962158203,19606.75,53.0,91.0,17.0,9.0,6.0,0.0,0.0,0.0,0.0,0.0,0.0,0.0,0.0,0.0,0.0,0.0,0.0,0.0,0.0,0.0,0.0,102.0,9.0,14.0,38.0,12.0,8.0,15.0,34.0,13.0,4.0,1.0,2.0,2.0,51.0,18.0,14.0,26.0,57.0,3.0,1.0,0.0,23.0,5.0,270.0,147.0,6.0,19.0,17.0,19.0,8.0,47.0,55.0,0.0,0.0,129.0,80.0,0.0,0.0,23.0,15.0,0.0,5.0,61.0,46.0,66.0,0.0,521.0,193.0,0.0,3.0,6.0,0.358281621709466,40.0,488.06975000000006,33.93669891357422,48658.798828125,0.06716730538755655,1.0,DF,62.01550387596899
369749,Junior ALONSO,43928,Paraguay,PAR,Defender,0.0,3.0,0.0,1.0,1.0,1.0,0.0,1.0,0.0,0.0,1.0,0.0,0.0,1.0,1.0,1.0,1.0,2.0,0.0,2.0,2.0,5.955082511901855,1.0,2.0,0.0,1.0,0.0,140.0,16.0,5.0,0.0,5001.49983215332,474.44002532958984,15995.060180664062,1535.4400310516357,20133.800491333008,38.0,67.0,31.0,3.0,3.0,5.0,0.0,0.0,0.0,0.0,0.0,0.0,0.0,0.0,0.0,0.0,0.0,0.0,0.0,0.0,0.0,77.0,4.0,11.0,25.0,13.0,9.0,10.0,30.0,7.0,2.0,0.0,1.0,2.0,45.0,15.0,11.0,28.0,49.0,2.0,2.0,0.0,20.0,5.0,233.0,131.0,5.0,2.0,6.0,13.0,2.0,19.0,21.0,1.0,0.0,116.0,69.0,0.0,0.0,6.0,8.0,1.0,3.0,45.0,47.0,48.0,0.0,457.0,123.0,1.0,1.0,0.0,0.23976865503937006,27.0,456.2400166666667,31.271610260009766,43140.24151611328,0.20341315120458603,1.0,DF,59.48275862068966
463128,Diego GOMEZ,43928,Paraguay,PAR,Midfielder,0.0,6.0,0.0,0.0,2.0,0.0,0.0,0.0,0.0,2.0,2.0,0.0,0.0,2.0,0.0,5.0,0.0,4.0,0.0,7.0,2.0,6.7267372608184814,4.0,2.0,1.0,2.0,0.0,147.0,37.0,8.0,0.0,6084.869873046875,735.5899963378906,14733.009521484375,2521.550048828125,13236.880126953125,50.0,68.0,23.0,5.0,1.0,8.0,0.0,0.0,0.0,0.0,0.0,0.0,0.0,0.0,0.0,0.0,0.0,0.0,0.0,0.0,0.0,37.0,2.0,3.0,9.0,7.0,3.0,4.0,22.0,4.0,1.0,0.0,1.0,1.0,24.0,14.0,10.0,18.0,22.0,1.0,3.0,0.0,15.0,4.0,247.0,116.0,9.0,10.0,43.0,31.0,58.0,26.0,84.0,0.0,0.0,101.0,80.0,0.0,0.0,28.0,21.0,0.0,18.0,45.0,51.0,63.0,0.0,492.0,179.0,0.0,4.0,2.0,0.6378825455904007,0.0,332.37576666666666,32.65098190307617,37311.900390625,0.24976147711277008,2.0,MF,79.20792079207921
369761,Miguel ALMIRON,43928,Paraguay,PAR,Midfielder,0.0,4.0,0.0,1.0,1.0,0.0,0.0,0.0,0.0,3.0,0.0,0.0,0.0,1.0,0.0,2.0,0.0,3.0,0.0,18.0,0.0,6.509346842765808,10.0,0.0,2.0,4.0,0.0,123.0,21.0,4.0,1.0,4376.620056152344,751.25,14747.0205078125,1560.3700256347656,11742.220581054688,47.0,78.0,17.0,2.0,7.0,4.0,0.0,0.0,0.0,0.0,0.0,0.0,0.0,0.0,0.0,0.0,0.0,0.0,0.0,0.0,0.0,24.0,2.0,1.0,5.0,2.0,2.0,2.0,11.0,6.0,4.0,4.0,4.0,0.0,13.0,5.0,5.0,10.0,20.0,0.0,0.0,0.0,10.0,4.0,183.0,101.0,11.0,13.0,53.0,16.0,32.0,50.0,82.0,0.0,0.0,67.0,49.0,0.0,0.0,32.0,26.0,2.0,10.0,44.0,40.0,54.0,1.0,357.0,129.0,0.0,3.0,6.0,0.901531882584095,0.0,306.1456166666667,33.26308059692383,33177.4794921875,0.11235334537923336,1.0,MF,73.13432835820896
495046,MAURICIO,43928,Paraguay,PAR,Midfielder,0.0,4.0,0.0,0.0,1.0,0.0,0.0,0.0,0.0,0.0,3.0,0.0,0.0,2.0,2.0,1.0,3.0,2.0,1.0,3.0,1.0,5.189029026031494,3.0,1.0,5.0,12.0,2.0,75.0,4.0,4.0,0.0,3930.1301879882812,411.64999771118164,9095.409790039062,1408.510009765625,7445.510009765625,37.0,62.0,10.0,3.0,3.0,4.0,0.0,0.0,0.0,0.0,0.0,0.0,0.0,0.0,1.0,0.0,1.0,0.0,0.0,0.0,0.0,24.0,3.0,1.0,5.0,1.0,1.0,1.0,8.0,4.0,1.0,1.0,1.0,0.0,15.0,6.0,6.0,11.0,18.0,0.0,0.0,0.0,4.0,4.0,173.0,78.0,9.0,16.0,34.0,22.0,43.0,29.0,72.0,0.0,0.0,69.0,54.0,0.0,0.0,21.0,21.0,2.0,6.0,42.0,31.0,48.0,0.0,321.0,110.0,4.0,0.0,1.0,2.803206503391266,1.0,208.43691666666672,32.12030792236328,22291.210693359375,0.32088449969887733,0.0,MF,78.26086956521739
520066,Jose CANALE,43928,Paraguay,PAR,Defender,0.0,0.0,0.0,0.0,0.0,0.0,0.0,0.0,0.0,0.0,0.0,0.0,0.0,0.0,0.0,0.0,0.0,0.0,0.0,0.0,0.0,4.870845031738281,0.0,0.0,0.0,1.0,0.0,17.0,4.0,0.0,0.0,1471.090087890625,167.7899990081787,6979.570770263672,445.31995010375977,8264.380187988281,8.0,17.0,2.0,1.0,2.0,0.0,,,0.0,0.0,0.0,0.0,0.0,0.0,0.0,0.0,0.0,0.0,0.0,0.0,0.0,14.0,1.0,0.0,7.0,4.0,4.0,6.0,8.0,1.0,0.0,0.0,0.0,0.0,6.0,4.0,4.0,5.0,12.0,0.0,0.0,0.0,6.0,4.0,62.0,29.0,0.0,2.0,2.0,10.0,4.0,10.0,14.0,0.0,0.0,27.0,18.0,0.0,0.0,3.0,1.0,0.0,0.0,12.0,16.0,12.0,0.0,123.0,37.0,3.0,0.0,0.0,1.2942994926124811,1.0,198.4358166666667,31.705110549926758,17328.149536132812,0.0,0.0,DF,66.66666666666666
385306,Andres CUBAS,43928,Paraguay,PAR,Midfielder,0.0,1.0,0.0,0.0,0.0,0.0,0.0,0.0,0.0,1.0,0.0,0.0,0.0,0.0,0.0,1.0,0.0,1.0,0.0,1.0,1.0,6.598765277862549,1.0,1.0,0.0,0.0,0.0,231.0,57.0,0.0,0.0,8795.530517578125,682.2799758911133,28754.2685546875,2773.860076904297,19743.019775390625,42.0,59.0,43.0,14.0,3.0,0.0,0.0,0.0,0.0,0.0,0.0,0.0,0.0,0.0,0.0,0.0,0.0,0.0,0.0,0.0,0.0,31.0,0.0,1.0,12.0,11.0,10.0,11.0,25.0,1.0,0.0,0.0,1.0,0.0,18.0,14.0,13.0,17.0,21.0,0.0,1.0,0.0,17.0,5.0,285.0,141.0,8.0,0.0,20.0,37.0,48.0,9.0,57.0,0.0,0.0,117.0,97.0,0.0,0.0,26.0,7.0,0.0,10.0,46.0,75.0,56.0,0.0,756.0,205.0,0.0,0.0,0.0,0.07559225521981716,0.0,554.4526166666667,31.185779571533203,60748.9609375,0.018091784790158272,1.0,MF,82.90598290598291
369744,Gustavo GOMEZ,43928,Paraguay,PAR,Defender,0.0,2.0,0.0,1.0,0.0,1.0,0.0,0.0,0.0,1.0,0.0,0.0,0.0,2.0,0.0,1.0,0.0,0.0,0.0,0.0,0.0,5.316272354125976,0.0,0.0,0.0,0.0,0.0,31.0,10.0,8.0,0.0,3871.4400024414062,598.1999702453613,17731.680419921875,1452.0500030517578,25429.3408203125,11.0,20.0,9.0,3.0,2.0,8.0,0.0,0.0,0.0,0.0,0.0,0.0,0.0,0.0,0.0,0.0,0.0,0.0,2.0,0.0,0.0,18.0,0.0,4.0,8.0,6.0,4.0,4.0,10.0,0.0,0.0,0.0,0.0,0.0,10.0,4.0,2.0,6.0,6.0,0.0,2.0,0.0,1.0,5.0,188.0,74.0,5.0,2.0,1.0,6.0,6.0,3.0,9.0,1.0,0.0,91.0,80.0,0.0,0.0,3.0,3.0,1.0,4.0,3.0,79.0,7.0,0.0,342.0,109.0,0.0,0.0,0.0,0.31968103908002377,0.0,554.4526166666667,32.33555221557617,49082.7119140625,0.06780417636036873,0.0,DF,87.91208791208791
476348,Damian BOBADILLA,43928,Paraguay,PAR,Midfielder,0.0,0.0,0.0,0.0,0.0,0.0,0.0,,0.0,0.0,0.0,0.0,0.0,0.0,0.0,0.0,0.0,0.0,0.0,0.0,1.0,6.037672996520996,0.0,1.0,0.0,1.0,1.0,95.0,22.0,0.0,0.0,3891.1300506591797,369.72997975349426,11204.919372558594,1432.2600326538086,8937.570175170898,14.0,20.0,5.0,1.0,1.0,0.0,0.0,0.0,0.0,0.0,0.0,0.0,0.0,0.0,0.0,0.0,0.0,0.0,0.0,0.0,0.0,8.0,1.0,1.0,3.0,0.0,0.0,1.0,2.0,1.0,0.0,0.0,0.0,0.0,4.0,2.0,2.0,2.0,4.0,0.0,0.0,0.0,1.0,4.0,72.0,33.0,1.0,4.0,10.0,12.0,18.0,8.0,26.0,0.0,1.0,32.0,24.0,0.0,0.0,6.0,4.0,1.0,0.0,13.0,20.0,13.0,0.0,336.0,98.0,2.0,2.0,0.0,0.44480347260832787,0.0,216.86845000000002,31.11555290222168,25835.60986328125,0.0,0.0,MF,75.0
424422,Matias GALARZA,43928,Paraguay,PAR,Midfielder,1.0,2.0,0.0,1.0,0.0,0.0,0.0,0.0,0.0,0.0,2.0,0.0,0.0,0.0,0.0,0.0,1.0,2.0,1.0,8.0,0.0,5.321657180786133,3.0,0.0,0.0,4.0,1.0,197.0,61.0,2.0,0.0,6678.0699462890625,1236.1200256347656,20374.58984375,3410.6498413085938,16797.14990234375,56.0,91.0,42.0,10.0,9.0,2.0,,,0.0,0.0,0.0,0.0,0.0,0.0,1.0,0.0,0.0,1.0,0.0,0.0,0.0,37.0,3.0,3.0,9.0,4.0,2.0,3.0,18.0,6.0,2.0,1.0,2.0,1.0,22.0,12.0,9.0,15.0,29.0,0.0,2.0,1.0,15.0,4.0,280.0,146.0,6.0,24.0,47.0,16.0,35.0,52.0,87.0,0.0,0.0,113.0,82.0,0.0,0.0,24.0,35.0,3.0,12.0,68.0,55.0,80.0,0.0,560.0,237.0,0.0,2.0,2.0,0.9362384080886841,4.0,439.9449166666667,31.05018424987793,48496.580078125,0.07270978391170502,2.0,MF,72.56637168141593
395212,NELSON SEMEDO,43963,Portugal,POR,Defender,0.0,0.0,0.0,0.0,0.0,0.0,0.0,0.0,0.0,0.0,0.0,0.0,0.0,0.0,0.0,0.0,0.0,0.0,0.0,7.0,0.0,5.019832515716553,5.0,0.0,0.0,5.0,0.0,31.0,3.0,0.0,0.0,2237.660125732422,703.2099838256836,6585.9801025390625,1033.6900177001953,6069.859924316406,40.0,56.0,6.0,2.0,2.0,0.0,0.0,0.0,0.0,0.0,0.0,0.0,0.0,0.0,0.0,0.0,0.0,0.0,0.0,0.0,0.0,41.0,2.0,3.0,15.0,11.0,10.0,10.0,28.0,3.0,0.0,0.0,1.0,0.0,23.0,17.0,16.0,18.0,27.0,0.0,1.0,0.0,14.0,4.0,196.0,75.0,6.0,18.0,25.0,9.0,26.0,26.0,52.0,0.0,0.0,91.0,84.0,0.0,0.0,21.0,7.0,3.0,3.0,23.0,66.0,26.0,0.0,196.0,79.0,4.0,0.0,3.0,1.3613133672624826,8.0,164.07330000000002,35.895347595214844,16630.400146484375,0.0,1.0,DF,92.3076923076923
384752,RUBEN DIAS,43963,Portugal,POR,Defender,0.0,0.0,0.0,0.0,0.0,0.0,0.0,,0.0,0.0,0.0,0.0,0.0,0.0,0.0,0.0,0.0,0.0,0.0,2.0,1.0,5.003686714172363,2.0,1.0,0.0,0.0,0.0,27.0,6.0,7.0,0.0,4939.899963378906,475.5800018310547,19046.00048828125,1574.4400024414062,17550.0400390625,72.0,80.0,12.0,6.0,3.0,8.0,,,0.0,0.0,0.0,0.0,0.0,0.0,0.0,0.0,0.0,0.0,0.0,1.0,0.0,78.0,6.0,9.0,40.0,31.0,24.0,25.0,55.0,6.0,2.0,0.0,0.0,0.0,32.0,22.0,15.0,17.0,24.0,2.0,5.0,0.0,12.0,4.0,510.0,160.0,9.0,0.0,1.0,30.0,19.0,12.0,31.0,0.0,0.0,249.0,233.0,0.0,0.0,24.0,1.0,0.0,1.0,35.0,211.0,36.0,0.0,429.0,110.0,0.0,0.0,1.0,0.2553444504737854,0.0,418.13829999999996,32.14514923095703,43585.958984375,0.0,1.0,DF,93.57429718875501
492358,TOMAS ARAUJO,43963,Portugal,POR,Defender,0.0,0.0,0.0,0.0,0.0,0.0,0.0,0.0,0.0,0.0,0.0,0.0,0.0,0.0,0.0,0.0,0.0,0.0,0.0,1.0,2.0,1.2163455963134766,1.0,1.0,0.0,0.0,0.0,4.0,1.0,0.0,0.0,1319.530029296875,79.29000091552734,4140.83056640625,501.1400451660156,4172.51025390625,34.0,38.0,1.0,1.0,0.0,0.0,0.0,0.0,0.0,0.0,0.0,0.0,0.0,0.0,0.0,0.0,0.0,0.0,0.0,0.0,0.0,37.0,0.0,3.0,21.0,18.0,18.0,18.0,31.0,0.0,0.0,0.0,0.0,0.0,16.0,13.0,13.0,13.0,18.0,0.0,0.0,0.0,14.0,1.0,215.0,55.0,2.0,1.0,0.0,10.0,5.0,6.0,11.0,0.0,0.0,102.0,98.0,0.0,0.0,7.0,0.0,0.0,0.0,9.0,93.0,9.0,0.0,113.0,39.0,0.0,0.0,0.0,0.09699732065200806,0.0,100.4419,29.385364532470703,10213.2998046875,0.0,1.0,DF,96.07843137254902
395206,BRUNO FERNANDES,43963,Portugal,POR,Midfielder,1.0,9.0,0.0,1.0,0.0,0.0,2.0,1.0,0.0,2.0,4.0,0.0,1.0,5.0,2.0,5.0,3.0,4.0,1.0,8.0,10.0,6.3960953712463375,5.0,9.0,8.0,22.0,5.0,247.0,20.0,9.0,0.0,6633.500244140625,940.6999893188477,20856.250244140625,2839.5799865722656,18955.070068359375,128.0,176.0,27.0,2.0,8.0,9.0,0.0,0.0,0.0,0.0,0.0,0.0,0.0,0.0,0.0,0.0,0.0,0.0,0.0,0.0,0.0,114.0,10.0,8.0,27.0,24.0,9.0,9.0,89.0,20.0,13.0,1.0,3.0,7.0,67.0,52.0,33.0,42.0,56.0,8.0,7.0,4.0,40.0,5.0,640.0,242.0,28.0,53.0,135.0,63.0,150.0,101.0,251.0,1.0,0.0,278.0,239.0,0.0,0.0,102.0,86.0,5.0,13.0,102.0,194.0,115.0,0.0,572.0,219.0,0.0,1.0,3.0,5.512748837471008,1.0,471.5916666666667,31.995372772216797,50225.099609375,0.947696790099144,0.0,MF,85.97122302158273
395205,BERNARDO SILVA,43963,Portugal,POR,Midfielder,0.0,1.0,0.0,0.0,0.0,0.0,1.0,,0.0,0.0,0.0,0.0,0.0,1.0,0.0,1.0,0.0,0.0,0.0,2.0,0.0,5.942819595336914,2.0,0.0,1.0,0.0,0.0,37.0,6.0,3.0,0.0,3061.3099670410156,217.61999893188477,7035.310119628906,1104.000015258789,4644.3897705078125,31.0,36.0,5.0,3.0,0.0,4.0,0.0,0.0,0.0,0.0,0.0,0.0,0.0,0.0,0.0,0.0,0.0,0.0,1.0,1.0,0.0,7.0,0.0,0.0,2.0,2.0,2.0,2.0,6.0,0.0,0.0,0.0,0.0,0.0,5.0,4.0,4.0,5.0,2.0,0.0,0.0,0.0,2.0,4.0,124.0,53.0,2.0,26.0,12.0,20.0,33.0,25.0,58.0,0.0,0.0,59.0,55.0,0.0,0.0,19.0,11.0,1.0,0.0,17.0,42.0,17.0,0.0,253.0,79.0,3.0,1.0,1.0,4.942351520061493,2.0,133.89620000000002,29.613121032714844,16062.629516601562,0.22313854098320007,2.0,MF,93.22033898305084
489704,RENATO VEIGA,43963,Portugal,POR,Defender,0.0,2.0,0.0,0.0,0.0,2.0,0.0,0.0,0.0,0.0,0.0,0.0,0.0,2.0,0.0,2.0,0.0,0.0,0.0,8.0,1.0,5.767986011505127,7.0,1.0,0.0,0.0,0.0,45.0,11.0,3.0,0.0,5477.469787597656,481.2200241088867,19868.540283203125,1976.4400634765625,22064.14990234375,46.0,63.0,9.0,5.0,3.0,6.0,0.0,0.0,0.0,0.0,0.0,0.0,0.0,7.0,0.0,0.0,0.0,0.0,2.0,3.0,0.0,96.0,4.0,7.0,53.0,46.0,39.0,42.0,82.0,4.0,2.0,0.0,0.0,0.0,39.0,34.0,27.0,28.0,27.0,2.0,5.0,0.0,18.0,5.0,713.0,234.0,15.0,2.0,0.0,43.0,15.0,30.0,45.0,0.0,0.0,336.0,320.0,0.0,0.0,26.0,3.0,0.0,5.0,29.0,296.0,34.0,0.0,498.0,145.0,0.0,0.0,1.0,0.455841526389122,0.0,518.5802,32.3800163269043,49867.8193359375,0.27501171827316284,2.0,DF,95.23809523809523
484141,JOAO NEVES,43963,Portugal,POR,Midfielder,0.0,3.0,0.0,0.0,0.0,1.0,1.0,1.0,0.0,0.0,0.0,0.0,0.0,3.0,1.0,2.0,1.0,0.0,0.0,6.0,3.0,6.803007507324219,4.0,2.0,1.0,2.0,1.0,192.0,28.0,3.0,0.0,7227.459655761719,785.0000305175781,24476.880126953125,2787.659912109375,15859.790893554688,136.0,153.0,19.0,1.0,4.0,3.0,0.0,0.0,0.0,0.0,0.0,0.0,0.0,0.0,1.0,0.0,1.0,0.0,2.0,0.0,0.0,60.0,5.0,2.0,13.0,9.0,6.0,6.0,46.0,9.0,5.0,2.0,2.0,2.0,38.0,32.0,27.0,29.0,30.0,1.0,2.0,2.0,22.0,5.0,558.0,185.0,21.0,52.0,74.0,88.0,158.0,56.0,214.0,0.0,0.0,261.0,247.0,0.0,0.0,76.0,40.0,2.0,11.0,96.0,167.0,107.0,0.0,638.0,197.0,1.0,1.0,3.0,2.706410601735115,1.0,450.59606666666673,30.636749267578125,51136.79052734375,0.2454828880727291,0.0,MF,94.6360153256705
368649,JOAO CANCELO,43963,Portugal,POR,Defender,1.0,3.0,0.0,1.0,0.0,0.0,0.0,0.0,0.0,2.0,1.0,0.0,0.0,1.0,0.0,2.0,0.0,2.0,0.0,12.0,4.0,6.4584885597229,8.0,3.0,1.0,12.0,4.0,66.0,13.0,2.0,0.0,4759.210205078125,620.2100219726562,15135.239990234375,1985.4199829101562,14326.8203125,88.0,118.0,13.0,6.0,2.0,2.0,0.0,0.0,0.0,0.0,0.0,0.0,0.0,0.0,0.0,0.0,0.0,0.0,0.0,0.0,0.0,55.0,1.0,1.0,16.0,14.0,13.0,14.0,39.0,9.0,5.0,3.0,7.0,1.0,30.0,20.0,18.0,27.0,28.0,1.0,0.0,1.0,20.0,5.0,406.0,164.0,15.0,41.0,40.0,36.0,42.0,75.0,117.0,1.0,0.0,184.0,160.0,0.0,0.0,43.0,44.0,8.0,3.0,63.0,126.0,66.0,0.0,388.0,151.0,0.0,4.0,6.0,1.616243839263916,20.0,342.90718333333336,32.88329315185547,36826.900390625,0.05852740257978439,0.0,DF,86.95652173913044
441149,VITINHA,43963,Portugal,POR,Midfielder,0.0,4.0,0.0,3.0,0.0,0.0,0.0,0.0,0.0,3.0,1.0,0.0,0.0,0.0,0.0,0.0,0.0,4.0,0.0,15.0,11.0,6.845792388916015,12.0,11.0,0.0,0.0,0.0,124.0,13.0,9.0,0.0,6567.1002197265625,496.73000717163086,22527.40966796875,2341.4100036621094,14323.6904296875,197.0,221.0,19.0,4.0,5.0,11.0,0.0,0.0,0.0,0.0,0.0,0.0,0.0,0.0,0.0,0.0,0.0,0.0,0.0,2.0,0.0,118.0,6.0,9.0,45.0,37.0,28.0,30.0,98.0,7.0,5.0,0.0,0.0,1.0,66.0,56.0,46.0,50.0,51.0,4.0,5.0,1.0,45.0,5.0,838.0,226.0,21.0,7.0,64.0,124.0,139.0,56.0,195.0,0.0,0.0,403.0,379.0,0.0,0.0,89.0,15.0,0.0,2.0,84.0,319.0,86.0,0.0,559.0,174.0,0.0,5.0,2.0,0.5220898166298866,0.0,404.6025666666667,31.37639617919922,46256.3408203125,0.11791140865534544,0.0,MF,94.04466501240695
433195,NUNO MENDES,43963,Portugal,POR,Defender,0.0,3.0,0.0,0.0,1.0,0.0,0.0,1.0,1.0,0.0,1.0,0.0,0.0,1.0,0.0,2.0,1.0,2.0,1.0,26.0,4.0,5.228290176391601,13.0,4.0,7.0,21.0,6.0,78.0,16.0,13.0,0.0,4503.340026855469,1203.2100067138672,14993.9892578125,1897.3399658203125,16451.7001953125,115.0,163.0,10.0,3.0,12.0,13.0,0.0,0.0,0.0,0.0,0.0,0.0,0.0,0.0,1.0,1.0,0.0,1.0,0.0,0.0,0.0,122.0,12.0,14.0,44.0,28.0,15.0,18.0,72.0,17.0,9.0,2.0,4.0,1.0,61.0,35.0,22.0,34.0,50.0,7.0,6.0,0.0,26.0,5.0,630.0,266.0,21.0,39.0,53.0,23.0,36.0,79.0,115.0,1.0,0.0,282.0,239.0,0.0,0.0,52.0,56.0,9.0,10.0,75.0,202.0,85.0,0.0,382.0,160.0,0.0,3.0,8.0,1.3013202100992203,28.0,447.5041,35.15843963623047,39049.580078125,0.15457839891314507,0.0,DF,84.75177304964538
416051,PEDRO MIGUEL,43834,Qatar,QAT,Defender,0.0,3.0,0.0,0.0,0.0,0.0,0.0,,0.0,0.0,3.0,0.0,0.0,2.0,0.0,2.0,1.0,1.0,1.0,3.0,2.0,5.125317891438802,3.0,2.0,0.0,2.0,1.0,36.0,8.0,4.0,0.0,2539.4801635742188,312.0699996948242,10194.68994140625,888.5799865722656,12566.719482421875,35.0,50.0,6.0,1.0,7.0,5.0,0.0,0.0,0.0,0.0,0.0,0.0,0.0,0.0,0.0,0.0,0.0,0.0,0.0,1.0,0.0,55.0,6.0,6.0,26.0,16.0,12.0,14.0,26.0,7.0,2.0,0.0,0.0,1.0,22.0,8.0,4.0,9.0,32.0,2.0,2.0,0.0,17.0,3.0,172.0,78.0,5.0,8.0,4.0,14.0,13.0,13.0,26.0,0.0,0.0,78.0,59.0,0.0,0.0,9.0,3.0,3.0,5.0,24.0,50.0,29.0,0.0,229.0,76.0,0.0,0.0,2.0,0.42232862301170826,7.0,310.32276666666667,33.44611740112305,26501.5400390625,0.23068340122699738,0.0,DF,75.64102564102564
512791,ISSA LAYE,43834,Qatar,QAT,Defender,0.0,1.0,0.0,0.0,0.0,0.0,1.0,0.0,0.0,0.0,0.0,0.0,0.0,1.0,0.0,1.0,0.0,0.0,0.0,2.0,0.0,5.613707224527995,1.0,0.0,0.0,0.0,0.0,30.0,6.0,1.0,0.0,3796.4298095703125,313.72003173828125,13042.77978515625,1103.8100280761719,10781.59033203125,32.0,36.0,7.0,0.0,3.0,1.0,0.0,0.0,0.0,0.0,0.0,0.0,0.0,0.0,0.0,0.0,0.0,0.0,1.0,0.0,0.0,19.0,1.0,1.0,13.0,10.0,10.0,11.0,12.0,1.0,0.0,0.0,0.0,0.0,5.0,2.0,2.0,3.0,3.0,0.0,0.0,0.0,1.0,3.0,202.0,82.0,5.0,1.0,8.0,23.0,15.0,17.0,32.0,0.0,0.0,90.0,85.0,0.0,0.0,10.0,5.0,0.0,2.0,20.0,73.0,22.0,0.0,338.0,88.0,0.0,0.0,1.0,0.21924955770373344,0.0,310.32276666666667,32.51950454711914,29038.330078125,0.07081352174282074,0.0,DF,94.44444444444444
419473,JASSEM GABER,43834,Qatar,QAT,Defender,0.0,0.0,0.0,0.0,0.0,0.0,0.0,,0.0,0.0,0.0,0.0,0.0,0.0,0.0,0.0,0.0,0.0,0.0,0.0,1.0,6.143459479014079,0.0,1.0,0.0,0.0,0.0,85.0,14.0,0.0,0.0,2504.9500732421875,113.46000289916992,7728.479736328125,757.8700561523438,5948.320068359375,18.0,22.0,13.0,7.0,0.0,0.0,0.0,0.0,0.0,0.0,0.0,0.0,0.0,0.0,0.0,0.0,0.0,0.0,0.0,0.0,0.0,6.0,1.0,0.0,2.0,1.0,0.0,1.0,4.0,1.0,1.0,0.0,0.0,0.0,3.0,2.0,1.0,2.0,5.0,1.0,0.0,0.0,4.0,3.0,69.0,25.0,2.0,5.0,41.0,15.0,47.0,14.0,61.0,0.0,0.0,32.0,25.0,0.0,0.0,17.0,5.0,0.0,0.0,18.0,14.0,18.0,0.0,232.0,55.0,0.0,3.0,0.0,0.42491514980793,1.0,166.995,28.50379753112793,17053.07958984375,0.0,1.0,DF,78.125
354861,KARIM BOUDIAF,43834,Qatar,QAT,Midfielder,0.0,1.0,0.0,0.0,0.0,0.0,0.0,0.0,0.0,0.0,1.0,0.0,0.0,0.0,0.0,1.0,0.0,1.0,0.0,0.0,0.0,4.5904544194539385,0.0,0.0,0.0,0.0,0.0,29.0,3.0,1.0,0.0,2441.5399169921875,98.7599983215332,5720.7501220703125,443.5800018310547,4424.8603515625,40.0,44.0,2.0,0.0,2.0,1.0,0.0,0.0,0.0,0.0,0.0,0.0,0.0,0.0,0.0,0.0,0.0,0.0,0.0,0.0,0.0,30.0,4.0,1.0,10.0,8.0,5.0,5.0,23.0,4.0,2.0,0.0,0.0,0.0,16.0,13.0,10.0,11.0,16.0,2.0,1.0,0.0,10.0,2.0,143.0,46.0,4.0,7.0,34.0,17.0,31.0,27.0,58.0,0.0,0.0,69.0,65.0,0.0,0.0,22.0,5.0,0.0,0.0,19.0,51.0,19.0,0.0,205.0,30.0,1.0,1.0,0.0,0.3500097841024399,0.0,114.52603333333333,28.05965805053711,13129.490234375,0.02234477922320366,0.0,MF,94.20289855072464
510991,AYOUB ALOUI,43834,Qatar,QAT,Defender,0.0,0.0,0.0,0.0,0.0,0.0,0.0,,0.0,0.0,0.0,0.0,0.0,0.0,0.0,0.0,0.0,0.0,0.0,1.0,0.0,3.755235195159912,1.0,0.0,0.0,1.0,0.0,38.0,5.0,0.0,0.0,1934.97998046875,198.26000213623047,6510.389404296875,648.5199890136719,6620.1396484375,3.0,15.0,2.0,1.0,0.0,0.0,0.0,0.0,0.0,0.0,0.0,0.0,0.0,0.0,0.0,0.0,0.0,0.0,0.0,0.0,0.0,25.0,4.0,2.0,12.0,2.0,1.0,6.0,4.0,4.0,0.0,0.0,0.0,0.0,9.0,2.0,1.0,3.0,19.0,0.0,1.0,0.0,3.0,2.0,57.0,33.0,1.0,4.0,12.0,7.0,2.0,21.0,23.0,0.0,0.0,28.0,11.0,0.0,0.0,4.0,2.0,1.0,1.0,10.0,12.0,11.0,0.0,170.0,55.0,0.0,1.0,0.0,0.03366842493414879,9.0,170.81786666666667,32.05351257324219,15912.29052734375,0.0,0.0,DF,39.285714285714285
419441,HOMAM AHMED,43834,Qatar,QAT,Defender,0.0,1.0,0.0,0.0,0.0,0.0,0.0,0.0,0.0,1.0,0.0,0.0,0.0,0.0,0.0,0.0,0.0,1.0,0.0,1.0,0.0,5.864308595657349,1.0,0.0,0.0,3.0,1.0,45.0,6.0,0.0,1.0,1658.8700561523438,398.9199447631836,5710.1895751953125,702.9700622558594,5155.2799072265625,16.0,26.0,3.0,4.0,0.0,0.0,0.0,0.0,0.0,0.0,0.0,0.0,0.0,0.0,0.0,0.0,0.0,0.0,0.0,0.0,0.0,18.0,1.0,2.0,7.0,4.0,4.0,4.0,10.0,2.0,1.0,1.0,1.0,0.0,9.0,5.0,5.0,6.0,12.0,0.0,0.0,0.0,5.0,2.0,75.0,33.0,4.0,13.0,6.0,1.0,5.0,15.0,20.0,0.0,0.0,33.0,25.0,0.0,0.0,8.0,7.0,1.0,0.0,13.0,21.0,13.0,1.0,157.0,57.0,0.0,0.0,1.0,0.1108382772654295,4.0,134.29381666666666,32.64027404785156,13626.23095703125,0.004065040498971939,0.0,DF,75.75757575757575
385067,BOUALEM KHOUKHI,43834,Qatar,QAT,Defender,0.0,2.0,0.0,0.0,0.0,0.0,0.0,1.0,1.0,0.0,1.0,0.0,0.0,0.0,0.0,2.0,0.0,2.0,0.0,2.0,3.0,4.916158676147461,2.0,3.0,0.0,1.0,0.0,21.0,12.0,8.0,0.0,2664.7999877929688,191.07000732421875,9966.23046875,635.9099884033203,11952.020263671875,29.0,45.0,5.0,2.0,1.0,9.0,0.0,0.0,0.0,0.0,0.0,0.0,0.0,12.0,0.0,0.0,0.0,0.0,0.0,1.0,0.0,58.0,7.0,8.0,32.0,22.0,15.0,17.0,34.0,8.0,2.0,0.0,1.0,0.0,18.0,10.0,3.0,3.0,36.0,2.0,5.0,0.0,18.0,3.0,236.0,106.0,6.0,4.0,5.0,18.0,17.0,10.0,27.0,0.0,0.0,117.0,94.0,0.0,0.0,15.0,6.0,0.0,1.0,12.0,88.0,13.0,0.0,226.0,62.0,0.0,0.0,0.0,0.4163955948315561,0.0,310.32276666666667,31.574926376342773,25410.02978515625,0.06731869094073772,0.0,DF,80.34188034188034
386387,SULTAN ALBRAKE,43834,Qatar,QAT,Defender,0.0,0.0,0.0,0.0,0.0,0.0,0.0,,0.0,0.0,0.0,0.0,0.0,0.0,0.0,0.0,0.0,0.0,0.0,0.0,1.0,4.194833914438884,0.0,1.0,0.0,3.0,1.0,50.0,4.0,1.0,0.0,2420.27001953125,339.8399963378906,7398.409912109375,962.0599670410156,6562.750244140625,16.0,21.0,2.0,2.0,0.0,1.0,,,0.0,0.0,0.0,0.0,0.0,0.0,0.0,0.0,0.0,0.0,0.0,0.0,0.0,20.0,2.0,2.0,8.0,4.0,4.0,4.0,7.0,3.0,0.0,0.0,0.0,1.0,9.0,3.0,3.0,4.0,5.0,0.0,0.0,0.0,1.0,2.0,89.0,36.0,3.0,14.0,10.0,14.0,10.0,28.0,38.0,0.0,0.0,42.0,33.0,0.0,0.0,13.0,8.0,4.0,0.0,11.0,30.0,11.0,0.0,215.0,70.0,1.0,0.0,0.0,0.2950748838484287,3.0,167.11928333333333,31.851503372192383,17683.3310546875,0.0,0.0,DF,78.57142857142857
433394,AHMED FATHY,43834,Qatar,QAT,Midfielder,0.0,0.0,0.0,0.0,0.0,0.0,0.0,0.0,0.0,0.0,0.0,0.0,0.0,0.0,0.0,0.0,0.0,0.0,0.0,0.0,1.0,6.629346211751302,0.0,1.0,0.0,0.0,0.0,73.0,10.0,1.0,0.0,3888.3099975585938,200.96999740600586,7283.200439453125,1061.8600158691406,5839.6502685546875,26.0,30.0,10.0,2.0,1.0,1.0,0.0,0.0,0.0,0.0,0.0,0.0,0.0,0.0,0.0,0.0,0.0,0.0,0.0,0.0,0.0,18.0,2.0,4.0,8.0,5.0,2.0,2.0,10.0,2.0,0.0,0.0,0.0,0.0,8.0,5.0,2.0,2.0,11.0,0.0,3.0,0.0,6.0,3.0,146.0,59.0,5.0,3.0,18.0,28.0,41.0,8.0,49.0,0.0,0.0,65.0,59.0,0.0,0.0,22.0,4.0,0.0,3.0,11.0,54.0,14.0,0.0,312.0,80.0,2.0,2.0,0.0,0.16665102913975716,1.0,163.11981666666668,29.5404052734375,18273.99072265625,0.0,2.0,MF,90.76923076923077
386348,ASSIM MADIBO,43834,Qatar,QAT,Midfielder,0.0,0.0,0.0,0.0,0.0,0.0,0.0,,0.0,0.0,0.0,0.0,0.0,0.0,0.0,0.0,0.0,0.0,0.0,2.0,0.0,6.03555965423584,1.0,0.0,0.0,0.0,0.0,51.0,7.0,2.0,1.0,2671.9301147460938,41.369998931884766,7227.02001953125,346.7900085449219,4408.83984375,18.0,23.0,2.0,2.0,1.0,2.0,0.0,0.0,0.0,0.0,0.0,0.0,0.0,0.0,0.0,0.0,0.0,0.0,0.0,0.0,0.0,11.0,0.0,2.0,3.0,1.0,1.0,1.0,3.0,1.0,0.0,0.0,0.0,1.0,7.0,2.0,2.0,4.0,8.0,0.0,0.0,0.0,2.0,2.0,75.0,36.0,2.0,0.0,7.0,11.0,12.0,6.0,18.0,0.0,0.0,33.0,27.0,0.0,0.0,5.0,3.0,0.0,0.0,21.0,14.0,21.0,1.0,208.0,30.0,0.0,1.0,1.0,0.01807940797880292,1.0,140.81795,29.04951286315918,14695.94970703125,0.0,0.0,MF,81.81818181818183
433439,ALI LAJAMI,43835,Saudi Arabia,KSA,Defender,0.0,0.0,0.0,0.0,0.0,0.0,0.0,,0.0,0.0,0.0,0.0,0.0,0.0,0.0,0.0,0.0,0.0,0.0,2.0,5.0,5.800102551778157,2.0,4.0,0.0,0.0,0.0,7.0,3.0,2.0,0.0,1575.3499450683594,179.4199995994568,6103.789962768555,769.5299758911133,7894.019470214844,22.0,28.0,3.0,0.0,2.0,2.0,0.0,0.0,0.0,0.0,0.0,0.0,0.0,2.0,0.0,0.0,0.0,0.0,0.0,0.0,0.0,24.0,4.0,1.0,11.0,9.0,6.0,6.0,17.0,4.0,3.0,0.0,0.0,0.0,9.0,5.0,2.0,4.0,11.0,3.0,0.0,0.0,9.0,3.0,138.0,59.0,1.0,0.0,1.0,10.0,6.0,5.0,11.0,0.0,0.0,68.0,56.0,0.0,0.0,5.0,1.0,0.0,0.0,16.0,43.0,16.0,0.0,145.0,54.0,2.0,0.0,0.0,0.10401980660390109,6.0,177.82118333333335,31.64490509033203,16522.109130859375,0.0,0.0,DF,82.35294117647058
403312,Abdulelah ALAMRI,43835,Saudi Arabia,KSA,Defender,0.0,4.0,0.0,0.0,0.0,1.0,0.0,0.0,0.0,2.0,0.0,0.0,1.0,3.0,2.0,1.0,2.0,1.0,0.0,1.0,0.0,5.669818719228108,1.0,0.0,0.0,1.0,1.0,23.0,5.0,4.0,0.0,2772.4098510742188,387.12001037597656,9589.150146484375,1075.3599548339844,11383.7001953125,24.0,38.0,7.0,1.0,0.0,4.0,0.0,0.0,0.0,0.0,0.0,0.0,0.0,0.0,1.0,0.0,1.0,0.0,1.0,0.0,0.0,45.0,3.0,6.0,20.0,11.0,6.0,11.0,26.0,3.0,2.0,0.0,0.0,0.0,22.0,13.0,8.0,13.0,25.0,2.0,3.0,0.0,12.0,3.0,212.0,88.0,6.0,4.0,2.0,24.0,15.0,15.0,30.0,0.0,0.0,99.0,81.0,0.0,0.0,15.0,2.0,2.0,3.0,12.0,84.0,15.0,0.0,252.0,89.0,0.0,1.0,0.0,0.21546466648578644,2.0,268.4348,31.571008682250977,25207.740234375,0.9340014327317476,1.0,DF,81.81818181818183
403335,HASSAN ALTAMBAKTI,43835,Saudi Arabia,KSA,Defender,0.0,0.0,0.0,0.0,0.0,0.0,0.0,0.0,0.0,0.0,0.0,0.0,0.0,0.0,0.0,0.0,0.0,0.0,0.0,3.0,0.0,5.619958718617757,2.0,0.0,0.0,0.0,0.0,26.0,7.0,3.0,0.0,2551.519989013672,263.52002716064453,10355.040405273438,827.2800064086914,8704.610473632812,29.0,43.0,5.0,0.0,1.0,3.0,0.0,0.0,0.0,0.0,0.0,0.0,0.0,0.0,0.0,0.0,0.0,0.0,0.0,0.0,0.0,31.0,2.0,2.0,18.0,9.0,9.0,14.0,14.0,2.0,0.0,0.0,0.0,0.0,11.0,5.0,5.0,7.0,20.0,0.0,0.0,0.0,8.0,3.0,184.0,75.0,1.0,0.0,1.0,18.0,10.0,9.0,19.0,0.0,1.0,87.0,71.0,0.0,0.0,5.0,1.0,0.0,2.0,22.0,61.0,24.0,0.0,252.0,67.0,0.0,1.0,0.0,0.18068370502442122,1.0,237.72068333333334,32.15462112426758,22701.968505859375,0.0,0.0,DF,81.60919540229885
403319,NASSER ALDAWSARI,43835,Saudi Arabia,KSA,Midfielder,0.0,1.0,0.0,1.0,0.0,0.0,0.0,,0.0,0.0,1.0,0.0,0.0,0.0,0.0,0.0,0.0,1.0,0.0,12.0,1.0,7.143174489339192,12.0,0.0,0.0,1.0,0.0,106.0,19.0,1.0,0.0,6304.779968261719,470.080020904541,11574.080322265625,2038.2899169921875,7651.0699462890625,66.0,86.0,8.0,7.0,2.0,1.0,0.0,0.0,0.0,0.0,0.0,0.0,0.0,0.0,0.0,0.0,0.0,0.0,0.0,0.0,0.0,27.0,1.0,1.0,7.0,6.0,5.0,5.0,19.0,2.0,1.0,1.0,1.0,0.0,18.0,12.0,11.0,16.0,20.0,0.0,1.0,0.0,13.0,3.0,240.0,102.0,4.0,3.0,31.0,56.0,56.0,34.0,90.0,0.0,0.0,107.0,92.0,0.0,0.0,39.0,12.0,0.0,8.0,52.0,58.0,60.0,0.0,499.0,150.0,1.0,1.0,5.0,0.14273864217102528,0.0,230.94581666666667,31.375871658325195,28038.30126953125,0.010233117267489433,1.0,MF,85.98130841121495
436537,MUSAB ALJUWAYR,43835,Saudi Arabia,KSA,Midfielder,0.0,0.0,0.0,0.0,0.0,0.0,0.0,0.0,0.0,0.0,0.0,0.0,0.0,0.0,0.0,0.0,0.0,0.0,0.0,4.0,0.0,7.548085371653239,2.0,0.0,7.0,7.0,3.0,107.0,8.0,2.0,0.0,3881.989990234375,202.24000549316406,9285.31982421875,1230.0899658203125,6367.7998046875,43.0,57.0,5.0,1.0,1.0,2.0,0.0,0.0,0.0,0.0,0.0,0.0,0.0,0.0,0.0,0.0,0.0,0.0,0.0,0.0,0.0,28.0,2.0,1.0,6.0,0.0,0.0,3.0,12.0,7.0,3.0,2.0,3.0,2.0,15.0,9.0,8.0,10.0,15.0,0.0,0.0,1.0,7.0,3.0,173.0,73.0,5.0,20.0,54.0,5.0,43.0,36.0,79.0,2.0,0.0,79.0,64.0,0.0,0.0,24.0,28.0,1.0,2.0,47.0,34.0,49.0,0.0,326.0,85.0,1.0,2.0,1.0,2.1463255882263184,3.0,167.33438333333336,30.264211654663086,20967.4404296875,0.0,0.0,MF,81.0126582278481
419281,SAUD ABDULHAMID,43835,Saudi Arabia,KSA,Defender,0.0,2.0,0.0,0.0,1.0,0.0,0.0,0.0,0.0,1.0,0.0,0.0,0.0,0.0,0.0,2.0,0.0,2.0,0.0,5.0,1.0,5.932478745778401,4.0,0.0,0.0,4.0,1.0,76.0,18.0,2.0,0.0,3649.039794921875,1052.9199676513672,11635.009765625,1919.6798706054688,11521.3701171875,56.0,83.0,11.0,4.0,2.0,2.0,0.0,0.0,0.0,0.0,0.0,0.0,0.0,0.0,0.0,0.0,0.0,0.0,0.0,0.0,0.0,52.0,3.0,6.0,25.0,14.0,11.0,16.0,29.0,3.0,2.0,0.0,0.0,0.0,24.0,13.0,10.0,15.0,31.0,2.0,1.0,0.0,12.0,3.0,241.0,115.0,5.0,25.0,12.0,7.0,12.0,32.0,44.0,0.0,0.0,113.0,88.0,0.0,0.0,18.0,15.0,9.0,4.0,46.0,56.0,50.0,0.0,324.0,150.0,0.0,1.0,2.0,0.20582396909594536,15.0,300.7658,32.72227096557617,29778.0205078125,0.10951505042612553,1.0,DF,77.87610619469027
430518,NAWAF BU WASHL,43835,Saudi Arabia,KSA,Defender,0.0,0.0,0.0,0.0,0.0,0.0,0.0,,0.0,0.0,0.0,0.0,0.0,0.0,0.0,0.0,0.0,0.0,0.0,1.0,0.0,4.311446348826091,1.0,0.0,0.0,0.0,0.0,27.0,4.0,1.0,0.0,1273.0699768066406,319.3400115966797,4593.400085449219,592.2799377441406,3825.6302490234375,8.0,14.0,3.0,1.0,1.0,1.0,0.0,0.0,0.0,0.0,0.0,0.0,0.0,0.0,0.0,0.0,0.0,0.0,0.0,0.0,0.0,17.0,1.0,0.0,6.0,4.0,4.0,5.0,11.0,1.0,0.0,0.0,0.0,0.0,10.0,7.0,7.0,9.0,5.0,0.0,0.0,0.0,4.0,2.0,85.0,40.0,1.0,2.0,3.0,4.0,3.0,6.0,9.0,0.0,0.0,46.0,35.0,0.0,0.0,4.0,1.0,0.0,0.0,3.0,32.0,3.0,0.0,105.0,56.0,1.0,1.0,0.0,0.04486423637717962,11.0,104.76098333333334,32.5929069519043,10603.719848632812,0.0,0.0,DF,76.08695652173914
411624,ABDULLAH ALKHAIBARI,43835,Saudi Arabia,KSA,Midfielder,0.0,1.0,0.0,0.0,0.0,0.0,0.0,0.0,0.0,1.0,0.0,0.0,0.0,0.0,0.0,1.0,0.0,1.0,0.0,2.0,0.0,7.079034169514974,2.0,0.0,0.0,0.0,0.0,81.0,7.0,1.0,0.0,3743.68017578125,110.64999389648438,11884.5,1007.7999877929688,6860.7896728515625,31.0,39.0,8.0,0.0,2.0,1.0,0.0,0.0,0.0,0.0,0.0,0.0,0.0,0.0,0.0,0.0,0.0,0.0,0.0,0.0,0.0,15.0,1.0,1.0,7.0,6.0,5.0,5.0,12.0,1.0,0.0,0.0,0.0,0.0,7.0,6.0,5.0,5.0,7.0,0.0,1.0,0.0,7.0,3.0,133.0,65.0,1.0,1.0,15.0,30.0,33.0,13.0,46.0,0.0,0.0,58.0,48.0,0.0,0.0,13.0,7.0,0.0,1.0,29.0,34.0,30.0,0.0,345.0,76.0,0.0,2.0,1.0,0.09715759288519621,0.0,203.31955000000002,28.224380493164062,23607.419921875,0.010535706765949726,0.0,MF,82.75862068965517
407993,MOHAMED KANNO,43835,Saudi Arabia,KSA,Midfielder,0.0,3.0,0.0,1.0,0.0,1.0,0.0,0.0,0.0,1.0,1.0,0.0,0.0,2.0,2.0,0.0,2.0,1.0,0.0,3.0,3.0,5.971347173055013,1.0,3.0,0.0,1.0,0.0,84.0,14.0,0.0,0.0,3269.7999877929688,430.44000244140625,9473.41015625,1120.7600402832031,11202.059814453125,56.0,68.0,10.0,5.0,0.0,1.0,0.0,0.0,0.0,0.0,0.0,0.0,0.0,0.0,0.0,0.0,0.0,0.0,2.0,1.0,0.0,36.0,3.0,1.0,8.0,7.0,4.0,4.0,30.0,6.0,4.0,1.0,2.0,1.0,22.0,19.0,15.0,17.0,23.0,2.0,1.0,1.0,18.0,3.0,244.0,94.0,6.0,4.0,15.0,14.0,29.0,4.0,33.0,0.0,0.0,104.0,97.0,0.0,0.0,18.0,27.0,1.0,7.0,49.0,65.0,56.0,0.0,287.0,88.0,1.0,0.0,1.0,0.9525019004940987,1.0,256.5089833333334,31.82990837097168,25496.4697265625,0.15549735724925995,1.0,MF,93.26923076923077
419303,MOTEB ALHARBI,43835,Saudi Arabia,KSA,Defender,0.0,0.0,0.0,0.0,0.0,0.0,0.0,0.0,0.0,0.0,0.0,0.0,0.0,0.0,0.0,0.0,0.0,0.0,0.0,4.0,0.0,6.752855618794759,3.0,0.0,0.0,2.0,0.0,64.0,2.0,0.0,0.0,2573.510009765625,753.3700103759766,9165.000366210938,1313.56005859375,8705.799682617188,29.0,44.0,11.0,0.0,4.0,0.0,0.0,0.0,0.0,0.0,0.0,0.0,0.0,0.0,0.0,0.0,0.0,0.0,0.0,0.0,0.0,38.0,4.0,4.0,15.0,8.0,4.0,7.0,20.0,5.0,1.0,1.0,1.0,0.0,18.0,11.0,7.0,10.0,20.0,0.0,4.0,0.0,14.0,3.0,168.0,82.0,1.0,18.0,19.0,12.0,20.0,29.0,49.0,0.0,0.0,77.0,57.0,0.0,0.0,13.0,8.0,4.0,2.0,23.0,48.0,25.0,0.0,235.0,107.0,1.0,1.0,1.0,0.32072414457798004,15.0,213.11866666666668,33.776912689208984,22511.240112304688,0.0,0.0,DF,74.02597402597402
512183,MOHAMMED ABU ALSHAMAT,43835,Saudi Arabia,KSA,Defender,0.0,1.0,0.0,0.0,0.0,0.0,0.0,,0.0,0.0,1.0,0.0,0.0,1.0,1.0,0.0,1.0,0.0,0.0,1.0,1.0,6.754562218983968,1.0,0.0,0.0,3.0,0.0,67.0,16.0,0.0,0.0,2443.8300170898438,361.9499740600586,7428.0501708984375,1082.9099731445312,5813.7100830078125,36.0,52.0,10.0,2.0,1.0,0.0,0.0,0.0,0.0,0.0,0.0,0.0,0.0,0.0,0.0,0.0,0.0,0.0,0.0,0.0,0.0,21.0,2.0,0.0,4.0,2.0,2.0,2.0,8.0,4.0,1.0,1.0,1.0,1.0,13.0,5.0,5.0,10.0,20.0,0.0,0.0,0.0,7.0,3.0,143.0,57.0,3.0,15.0,28.0,15.0,28.0,30.0,58.0,0.0,0.0,64.0,51.0,0.0,0.0,26.0,27.0,1.0,2.0,42.0,26.0,44.0,0.0,212.0,87.0,2.0,1.0,0.0,1.3128920495510101,2.0,153.4976666666667,31.250431060791016,17130.4501953125,0.023911772295832634,0.0,DF,79.6875
401339,Andy ROBERTSON,43967,Scotland,SCO,Defender,0.0,0.0,0.0,0.0,0.0,0.0,0.0,0.0,0.0,0.0,0.0,0.0,0.0,0.0,0.0,0.0,0.0,0.0,0.0,2.0,3.0,5.920447826385498,2.0,1.0,0.0,11.0,4.0,47.0,5.0,10.0,0.0,2827.3898010253906,751.9799652099609,9398.02001953125,1408.6700439453125,11001.9091796875,52.0,71.0,13.0,3.0,1.0,10.0,0.0,0.0,0.0,0.0,0.0,0.0,0.0,0.0,0.0,0.0,0.0,0.0,0.0,0.0,0.0,71.0,4.0,9.0,29.0,16.0,14.0,16.0,34.0,7.0,1.0,1.0,3.0,0.0,35.0,17.0,15.0,22.0,31.0,0.0,2.0,0.0,14.0,3.0,316.0,119.0,9.0,17.0,27.0,15.0,8.0,51.0,59.0,0.0,0.0,153.0,124.0,0.0,0.0,31.0,24.0,2.0,1.0,41.0,97.0,42.0,0.0,246.0,107.0,0.0,1.0,1.0,0.3089570552110672,17.0,255.4343166666667,33.93727111816406,25387.97021484375,0.0,1.0,DF,81.04575163398692
433787,Scott McTominay,43967,Scotland,SCO,Midfielder,0.0,8.0,0.0,1.0,0.0,0.0,4.0,0.0,0.0,2.0,2.0,0.0,0.0,8.0,3.0,4.0,3.0,0.0,0.0,7.0,2.0,7.1152269045511884,5.0,2.0,0.0,0.0,0.0,103.0,6.0,1.0,0.0,5805.209716796875,373.3299865722656,16989.3896484375,1805.7200317382812,11380.01953125,58.0,75.0,11.0,3.0,0.0,1.0,0.0,0.0,0.0,0.0,0.0,0.0,0.0,0.0,0.0,0.0,0.0,0.0,3.0,0.0,0.0,27.0,1.0,2.0,9.0,8.0,6.0,6.0,23.0,1.0,1.0,0.0,0.0,0.0,17.0,14.0,12.0,14.0,16.0,1.0,1.0,0.0,14.0,3.0,226.0,98.0,10.0,37.0,45.0,35.0,71.0,46.0,117.0,0.0,0.0,96.0,87.0,0.0,0.0,47.0,32.0,0.0,8.0,56.0,55.0,64.0,0.0,483.0,135.0,0.0,0.0,4.0,1.8600172102451324,0.0,306.7999,30.435049057006836,36353.669921875,0.6524675637483597,0.0,MF,90.625
359634,Grant Hanley,43967,Scotland,SCO,Defender,0.0,0.0,0.0,0.0,0.0,0.0,0.0,,0.0,0.0,0.0,0.0,0.0,0.0,0.0,0.0,0.0,0.0,0.0,0.0,3.0,3.8835973739624023,0.0,3.0,0.0,0.0,0.0,11.0,2.0,2.0,0.0,1846.9599609375,222.54999542236328,8399.14990234375,550.0700225830078,8756.22021484375,24.0,28.0,2.0,1.0,0.0,2.0,0.0,0.0,0.0,0.0,0.0,0.0,0.0,0.0,0.0,0.0,0.0,0.0,0.0,0.0,0.0,40.0,5.0,5.0,24.0,19.0,13.0,14.0,28.0,5.0,2.0,0.0,0.0,0.0,11.0,7.0,1.0,1.0,16.0,2.0,4.0,0.0,10.0,2.0,206.0,61.0,3.0,0.0,0.0,41.0,12.0,29.0,41.0,1.0,0.0,101.0,94.0,0.0,0.0,21.0,1.0,0.0,2.0,12.0,86.0,14.0,0.0,173.0,45.0,0.0,0.0,0.0,0.13365774974226952,0.0,203.89001666666667,32.383514404296875,19774.9501953125,0.0,0.0,DF,93.06930693069307
401712,Kieran Tierney,43967,Scotland,SCO,Defender,0.0,2.0,0.0,2.0,0.0,0.0,0.0,0.0,0.0,0.0,2.0,0.0,0.0,2.0,0.0,0.0,0.0,0.0,0.0,0.0,2.0,4.259124279022217,0.0,1.0,0.0,7.0,3.0,31.0,6.0,2.0,0.0,1471.7900390625,391.0,4880.27001953125,695.2899780273438,4868.64990234375,23.0,33.0,12.0,3.0,2.0,2.0,,,0.0,0.0,0.0,0.0,0.0,0.0,0.0,0.0,0.0,0.0,0.0,0.0,0.0,13.0,0.0,0.0,1.0,1.0,1.0,1.0,8.0,1.0,1.0,0.0,0.0,1.0,11.0,6.0,5.0,10.0,6.0,0.0,0.0,1.0,5.0,2.0,113.0,48.0,6.0,14.0,22.0,11.0,8.0,39.0,47.0,0.0,0.0,48.0,36.0,0.0,0.0,18.0,17.0,1.0,1.0,19.0,32.0,20.0,0.0,119.0,65.0,1.0,1.0,0.0,0.7009422853589058,5.0,115.54021666666668,33.37710952758789,12307.0,0.05676922667771578,0.0,DF,75.0
401334,John McGinn,43967,Scotland,SCO,Midfielder,0.0,3.0,0.0,0.0,0.0,0.0,1.0,0.0,0.0,0.0,1.0,0.0,1.0,3.0,1.0,2.0,1.0,0.0,0.0,11.0,1.0,6.153876940409343,5.0,0.0,4.0,9.0,5.0,89.0,3.0,0.0,0.0,3707.949951171875,320.12999153137207,11095.5400390625,1280.260009765625,12073.229736328125,34.0,54.0,5.0,2.0,11.0,0.0,0.0,0.0,0.0,0.0,0.0,0.0,0.0,0.0,1.0,0.0,1.0,0.0,0.0,0.0,0.0,31.0,4.0,3.0,8.0,5.0,1.0,1.0,22.0,7.0,4.0,2.0,3.0,0.0,16.0,13.0,9.0,9.0,18.0,2.0,2.0,0.0,12.0,3.0,161.0,85.0,9.0,11.0,39.0,2.0,25.0,27.0,52.0,0.0,0.0,55.0,47.0,0.0,0.0,17.0,35.0,2.0,13.0,28.0,42.0,41.0,0.0,331.0,98.0,0.0,3.0,1.0,2.1527894735336304,0.0,277.69688333333335,30.89144515991211,28477.1103515625,0.5619398653507233,0.0,MF,85.45454545454545
430097,Ryan Christie,43967,Scotland,SCO,Midfielder,0.0,2.0,0.0,1.0,0.0,0.0,0.0,,0.0,1.0,1.0,0.0,0.0,1.0,0.0,1.0,0.0,1.0,0.0,4.0,0.0,7.617232958475749,1.0,0.0,0.0,1.0,1.0,52.0,8.0,0.0,0.0,2707.2199096679688,208.08999633789062,6963.900329589844,683.7800064086914,3697.2896423339844,17.0,28.0,3.0,2.0,1.0,0.0,0.0,0.0,0.0,0.0,0.0,0.0,0.0,0.0,0.0,0.0,0.0,0.0,0.0,0.0,0.0,7.0,1.0,0.0,3.0,3.0,2.0,2.0,7.0,1.0,1.0,0.0,0.0,0.0,3.0,3.0,2.0,2.0,5.0,1.0,0.0,0.0,5.0,3.0,90.0,38.0,3.0,0.0,21.0,11.0,16.0,16.0,32.0,0.0,0.0,35.0,29.0,0.0,0.0,13.0,15.0,0.0,7.0,17.0,24.0,24.0,0.0,208.0,53.0,2.0,1.0,0.0,1.2813281416893005,0.0,114.56993333333335,31.406068801879883,14260.279907226562,0.15128806792199612,1.0,MF,82.85714285714286
430147,Jack Hendry,43967,Scotland,SCO,Defender,0.0,0.0,0.0,0.0,0.0,0.0,0.0,0.0,0.0,0.0,0.0,0.0,0.0,0.0,0.0,0.0,0.0,0.0,0.0,8.0,1.0,5.975452899932861,8.0,0.0,0.0,0.0,0.0,15.0,4.0,5.0,0.0,3746.9600830078125,733.5200042724609,12194.3203125,1479.9900207519531,12377.52978515625,40.0,51.0,2.0,1.0,3.0,6.0,0.0,0.0,0.0,0.0,0.0,0.0,0.0,13.0,0.0,0.0,0.0,0.0,0.0,1.0,0.0,45.0,2.0,3.0,30.0,27.0,25.0,25.0,34.0,2.0,0.0,0.0,0.0,0.0,13.0,7.0,5.0,8.0,21.0,0.0,2.0,0.0,12.0,3.0,352.0,109.0,6.0,0.0,3.0,45.0,20.0,28.0,48.0,0.0,0.0,180.0,171.0,0.0,0.0,30.0,2.0,0.0,2.0,18.0,139.0,20.0,0.0,349.0,123.0,0.0,0.0,0.0,0.2534792535007,2.0,306.7999,33.5548095703125,30532.3193359375,0.0,0.0,DF,95.0
442434,Lewis FERGUSON,43967,Scotland,SCO,Midfielder,0.0,2.0,0.0,0.0,0.0,0.0,0.0,1.0,1.0,1.0,0.0,0.0,0.0,0.0,0.0,0.0,1.0,2.0,1.0,4.0,1.0,7.158519744873047,3.0,1.0,8.0,9.0,1.0,87.0,28.0,12.0,0.0,5486.780029296875,644.6500091552734,19282.66015625,1595.0600280761719,9565.859619140625,56.0,69.0,15.0,5.0,10.0,12.0,0.0,0.0,0.0,0.0,0.0,0.0,0.0,0.0,0.0,0.0,0.0,0.0,0.0,0.0,0.0,63.0,2.0,2.0,26.0,23.0,22.0,22.0,48.0,3.0,1.0,1.0,1.0,0.0,34.0,24.0,23.0,30.0,22.0,0.0,1.0,0.0,16.0,3.0,427.0,148.0,9.0,1.0,73.0,136.0,146.0,64.0,210.0,0.0,0.0,201.0,185.0,0.0,0.0,100.0,1.0,0.0,1.0,43.0,152.0,44.0,0.0,451.0,119.0,0.0,0.0,0.0,0.11299309879541397,0.0,306.7999,31.12575340270996,36575.009765625,0.08860969543457031,0.0,MF,92.03980099502488
433694,Nathan PATTERSON,43967,Scotland,SCO,Defender,0.0,0.0,0.0,0.0,0.0,0.0,0.0,,0.0,0.0,0.0,0.0,0.0,0.0,0.0,0.0,0.0,0.0,0.0,4.0,1.0,6.303208986918132,3.0,1.0,0.0,2.0,0.0,37.0,9.0,1.0,0.0,2258.47998046875,687.6800384521484,8389.610229492188,1025.4800262451172,8674.760437011719,27.0,37.0,7.0,2.0,0.0,1.0,0.0,0.0,0.0,0.0,0.0,0.0,0.0,0.0,0.0,0.0,0.0,0.0,0.0,0.0,0.0,38.0,3.0,3.0,21.0,14.0,12.0,15.0,22.0,3.0,0.0,0.0,0.0,0.0,14.0,8.0,6.0,8.0,16.0,0.0,2.0,0.0,8.0,3.0,222.0,83.0,2.0,10.0,19.0,26.0,10.0,45.0,55.0,0.0,0.0,109.0,94.0,0.0,0.0,26.0,10.0,0.0,2.0,19.0,76.0,21.0,0.0,203.0,86.0,1.0,2.0,1.0,0.09881980903446674,16.0,204.07143333333335,32.07349395751953,21036.009765625,0.0,0.0,DF,86.23853211009175
484051,Kenny McLEAN,43967,Scotland,SCO,Midfielder,0.0,1.0,0.0,1.0,0.0,0.0,0.0,0.0,0.0,0.0,1.0,0.0,0.0,0.0,0.0,0.0,0.0,1.0,0.0,7.0,0.0,7.301589488983154,6.0,0.0,0.0,2.0,1.0,31.0,6.0,0.0,0.0,2210.320068359375,124.72998905181885,7720.330322265625,898.7099838256836,5484.39990234375,30.0,42.0,4.0,1.0,1.0,0.0,0.0,0.0,0.0,0.0,0.0,0.0,0.0,0.0,0.0,0.0,0.0,0.0,0.0,0.0,0.0,23.0,1.0,1.0,5.0,4.0,3.0,3.0,21.0,2.0,2.0,1.0,1.0,0.0,16.0,15.0,14.0,14.0,10.0,1.0,0.0,0.0,10.0,3.0,137.0,52.0,5.0,2.0,24.0,30.0,42.0,14.0,56.0,0.0,0.0,63.0,56.0,0.0,0.0,24.0,4.0,1.0,1.0,20.0,46.0,21.0,0.0,188.0,56.0,2.0,0.0,1.0,0.27741508604958653,0.0,144.31038333333333,29.215055465698242,16438.49072265625,0.014927608892321587,1.0,MF,88.88888888888889
442431,Scott MCKENNA,43967,Scotland,SCO,Defender,0.0,0.0,0.0,0.0,0.0,0.0,0.0,,0.0,0.0,0.0,0.0,0.0,0.0,0.0,0.0,0.0,0.0,0.0,0.0,1.0,1.86505126953125,0.0,1.0,0.0,0.0,0.0,3.0,3.0,0.0,0.0,695.1699829101562,103.91000366210938,4397.599609375,231.30001831054688,4170.75,6.0,9.0,3.0,0.0,0.0,0.0,,,0.0,0.0,0.0,0.0,0.0,1.0,0.0,0.0,0.0,0.0,0.0,0.0,0.0,12.0,1.0,1.0,7.0,6.0,5.0,5.0,9.0,1.0,0.0,0.0,0.0,0.0,4.0,3.0,2.0,2.0,5.0,0.0,1.0,0.0,2.0,1.0,105.0,29.0,1.0,0.0,0.0,0.0,0.0,0.0,0.0,0.0,0.0,52.0,49.0,0.0,0.0,0.0,1.0,0.0,1.0,3.0,47.0,4.0,0.0,63.0,17.0,0.0,0.0,0.0,0.11393846571445465,0.0,102.90988333333334,29.97492218017578,9598.73046875,0.0,0.0,DF,94.23076923076923
339820,Kalidou KOULIBALY,43879,Senegal,SEN,Defender,0.0,0.0,0.0,0.0,0.0,0.0,0.0,,0.0,0.0,0.0,0.0,0.0,0.0,0.0,0.0,0.0,0.0,0.0,2.0,3.0,2.6538466215133667,2.0,3.0,0.0,0.0,0.0,21.0,5.0,2.0,0.0,2008.5300903320312,199.2199935913086,6326.550048828125,589.1900024414062,6950.370361328125,27.0,35.0,3.0,0.0,0.0,2.0,0.0,0.0,0.0,0.0,0.0,0.0,0.0,0.0,0.0,0.0,0.0,0.0,0.0,0.0,0.0,33.0,1.0,8.0,16.0,11.0,6.0,7.0,22.0,1.0,0.0,0.0,0.0,0.0,16.0,11.0,6.0,7.0,19.0,0.0,5.0,0.0,12.0,2.0,189.0,85.0,4.0,1.0,1.0,21.0,13.0,10.0,23.0,0.0,0.0,83.0,73.0,0.0,0.0,11.0,0.0,0.0,1.0,17.0,66.0,18.0,0.0,167.0,44.0,0.0,1.0,0.0,0.2549536731094122,1.0,181.54228333333333,31.143043518066406,16073.8603515625,0.0,0.0,DF,87.95180722891565
332314,Idrissa Gana GUEYE,43879,Senegal,SEN,Midfielder,0.0,5.0,0.0,1.0,0.0,0.0,0.0,0.0,0.0,2.0,2.0,0.0,0.0,0.0,0.0,3.0,1.0,5.0,1.0,5.0,5.0,5.810123562812805,5.0,5.0,0.0,1.0,0.0,91.0,23.0,6.0,0.0,5201.050048828125,433.48998641967773,18430.880859375,1988.6000061035156,13768.13037109375,111.0,132.0,24.0,2.0,2.0,6.0,0.0,0.0,0.0,0.0,0.0,0.0,0.0,0.0,0.0,0.0,0.0,0.0,0.0,0.0,0.0,94.0,4.0,5.0,29.0,23.0,18.0,20.0,74.0,8.0,5.0,0.0,1.0,3.0,57.0,46.0,39.0,45.0,39.0,3.0,2.0,2.0,28.0,4.0,578.0,205.0,25.0,6.0,54.0,82.0,103.0,39.0,142.0,0.0,0.0,270.0,243.0,0.0,0.0,69.0,11.0,2.0,7.0,79.0,190.0,86.0,0.0,449.0,140.0,0.0,2.0,0.0,0.32744961231946945,1.0,411.0321,29.85439109802246,39822.1513671875,0.11827906034886837,0.0,MF,90.0
448825,Pathe CISS,43879,Senegal,SEN,Midfielder,0.0,2.0,0.0,1.0,0.0,0.0,0.0,0.0,0.0,0.0,2.0,0.0,0.0,1.0,1.0,0.0,1.0,1.0,0.0,3.0,8.0,6.0554211139678955,2.0,6.0,0.0,0.0,0.0,11.0,5.0,7.0,0.0,2208.3999633789062,129.63000106811523,8550.399841308594,829.8000106811523,9795.470489501953,24.0,31.0,3.0,1.0,0.0,7.0,0.0,0.0,0.0,0.0,0.0,0.0,0.0,0.0,0.0,0.0,0.0,0.0,1.0,0.0,0.0,38.0,0.0,4.0,16.0,13.0,10.0,12.0,32.0,0.0,0.0,0.0,0.0,0.0,22.0,19.0,16.0,18.0,7.0,0.0,3.0,0.0,6.0,4.0,298.0,104.0,8.0,0.0,5.0,26.0,24.0,7.0,31.0,0.0,0.0,139.0,128.0,0.0,0.0,15.0,2.0,0.0,1.0,16.0,119.0,17.0,0.0,190.0,63.0,3.0,0.0,0.0,0.4673774540424347,0.0,232.14638333333335,30.1456356048584,21513.69970703125,0.19831064529716969,0.0,MF,92.08633093525181
464842,Lamine CAMARA,43879,Senegal,SEN,Midfielder,1.0,3.0,0.0,0.0,0.0,0.0,0.0,0.0,0.0,1.0,2.0,0.0,0.0,0.0,0.0,3.0,0.0,3.0,0.0,7.0,1.0,6.555678129196167,5.0,1.0,5.0,8.0,4.0,124.0,20.0,2.0,0.0,5155.619873046875,769.849983215332,14361.050048828125,2215.7000427246094,8985.489990234375,89.0,108.0,11.0,5.0,3.0,2.0,0.0,0.0,0.0,0.0,0.0,0.0,0.0,0.0,0.0,0.0,0.0,0.0,0.0,0.0,0.0,21.0,1.0,0.0,2.0,2.0,1.0,1.0,16.0,4.0,2.0,1.0,3.0,0.0,15.0,12.0,11.0,14.0,17.0,1.0,0.0,0.0,13.0,4.0,307.0,119.0,10.0,32.0,63.0,46.0,101.0,40.0,141.0,0.0,0.0,131.0,117.0,0.0,0.0,55.0,25.0,2.0,7.0,91.0,50.0,98.0,0.0,453.0,176.0,1.0,3.0,2.0,1.2427359521389008,0.0,287.46425,32.626304626464844,31487.71044921875,0.1354323225095868,1.0,MF,89.31297709923665
430671,Ismail JAKOBS,43879,Senegal,SEN,Defender,0.0,1.0,0.0,0.0,0.0,0.0,0.0,0.0,0.0,0.0,1.0,0.0,0.0,1.0,0.0,1.0,0.0,0.0,0.0,2.0,0.0,5.106210350990295,1.0,0.0,9.0,19.0,4.0,51.0,10.0,7.0,0.0,4499.590026855469,909.1399841308594,13702.150634765625,1766.7300415039062,8587.579956054688,45.0,59.0,13.0,2.0,0.0,7.0,,,0.0,0.0,0.0,0.0,0.0,0.0,0.0,0.0,0.0,0.0,0.0,0.0,0.0,35.0,2.0,4.0,10.0,7.0,3.0,4.0,25.0,9.0,7.0,4.0,6.0,1.0,16.0,11.0,6.0,9.0,17.0,2.0,2.0,1.0,14.0,3.0,236.0,122.0,14.0,40.0,28.0,22.0,25.0,65.0,90.0,0.0,0.0,117.0,106.0,0.0,0.0,27.0,36.0,6.0,0.0,40.0,51.0,40.0,0.0,384.0,141.0,1.0,1.0,1.0,0.7802363187074661,32.0,257.1438,34.7191047668457,29465.19091796875,0.11224012821912766,0.0,DF,90.5982905982906
403642,Krepin DIATTA,43879,Senegal,SEN,Defender,0.0,1.0,0.0,0.0,0.0,0.0,0.0,0.0,0.0,0.0,1.0,0.0,0.0,0.0,0.0,1.0,0.0,1.0,0.0,17.0,1.0,5.933745622634888,13.0,1.0,2.0,10.0,4.0,44.0,13.0,7.0,0.0,5348.929931640625,794.1499786376953,19882.43994140625,2217.6300659179688,17214.319091796875,144.0,175.0,7.0,4.0,6.0,7.0,0.0,0.0,0.0,0.0,0.0,0.0,0.0,0.0,0.0,0.0,0.0,0.0,0.0,0.0,0.0,85.0,2.0,9.0,24.0,15.0,11.0,13.0,62.0,4.0,3.0,2.0,2.0,0.0,57.0,44.0,40.0,46.0,55.0,1.0,3.0,0.0,39.0,4.0,588.0,220.0,17.0,19.0,23.0,27.0,13.0,56.0,69.0,0.0,0.0,283.0,255.0,0.0,0.0,38.0,36.0,3.0,5.0,121.0,142.0,126.0,0.0,467.0,164.0,0.0,0.0,6.0,0.30034561455249786,25.0,459.91824999999994,32.752994537353516,45457.4697265625,0.04047199338674545,0.0,DF,90.10600706713781
418798,Pape Matar SARR,43879,Senegal,SEN,Midfielder,0.0,4.0,0.0,0.0,0.0,0.0,0.0,1.0,1.0,2.0,1.0,0.0,0.0,0.0,0.0,4.0,0.0,4.0,0.0,1.0,0.0,3.29170298576355,1.0,0.0,0.0,1.0,0.0,25.0,3.0,1.0,0.0,1947.2700805664062,72.13999938964844,4226.52001953125,708.7000122070312,3374.2501220703125,15.0,23.0,3.0,1.0,0.0,1.0,,,0.0,0.0,0.0,0.0,0.0,0.0,0.0,0.0,0.0,0.0,0.0,0.0,0.0,16.0,1.0,2.0,3.0,1.0,0.0,0.0,11.0,2.0,1.0,1.0,1.0,0.0,11.0,9.0,8.0,8.0,8.0,0.0,1.0,0.0,3.0,2.0,106.0,41.0,8.0,6.0,12.0,18.0,24.0,12.0,36.0,0.0,0.0,48.0,43.0,0.0,0.0,13.0,4.0,1.0,1.0,12.0,38.0,13.0,0.0,157.0,44.0,2.0,0.0,0.0,0.7097275108098984,0.0,94.95343333333335,28.93575668334961,10328.8798828125,0.22675161063671112,0.0,MF,89.58333333333334
430690,Moussa Niakhate,43879,Senegal,SEN,Defender,1.0,1.0,0.0,0.0,0.0,1.0,0.0,0.0,0.0,0.0,0.0,0.0,0.0,1.0,0.0,0.0,0.0,0.0,0.0,6.0,4.0,5.5676960945129395,6.0,3.0,0.0,2.0,1.0,21.0,4.0,6.0,0.0,4524.980041503906,377.75,19471.35009765625,1446.4200744628906,16791.280517578125,80.0,97.0,12.0,3.0,6.0,7.0,0.0,0.0,0.0,0.0,0.0,0.0,0.0,13.0,0.0,0.0,0.0,0.0,1.0,1.0,0.0,95.0,1.0,15.0,50.0,45.0,33.0,34.0,80.0,1.0,1.0,0.0,0.0,0.0,44.0,34.0,22.0,28.0,58.0,1.0,11.0,0.0,50.0,4.0,585.0,204.0,16.0,2.0,1.0,55.0,29.0,29.0,58.0,0.0,0.0,290.0,271.0,0.0,0.0,30.0,5.0,0.0,5.0,51.0,218.0,56.0,0.0,386.0,119.0,0.0,0.0,0.0,0.4835639577358961,3.0,459.91824999999994,30.896345138549805,42611.779296875,0.06132124364376068,0.0,DF,93.44827586206897
486130,Habib DIARRA,43879,Senegal,SEN,Midfielder,0.0,3.0,0.0,0.0,0.0,0.0,1.0,0.0,0.0,0.0,1.0,0.0,1.0,2.0,1.0,2.0,1.0,1.0,0.0,3.0,0.0,4.919467210769653,1.0,0.0,0.0,1.0,0.0,73.0,14.0,0.0,0.0,2493.699920654297,528.6500015258789,7791.629638671875,1132.4000244140625,6287.97998046875,26.0,35.0,12.0,2.0,2.0,0.0,0.0,0.0,0.0,0.0,0.0,0.0,0.0,0.0,2.0,0.0,2.0,0.0,0.0,0.0,0.0,14.0,0.0,0.0,1.0,1.0,1.0,1.0,11.0,2.0,1.0,1.0,2.0,0.0,11.0,9.0,9.0,11.0,10.0,0.0,0.0,0.0,7.0,3.0,133.0,53.0,6.0,36.0,19.0,13.0,52.0,16.0,68.0,0.0,0.0,54.0,52.0,0.0,0.0,18.0,15.0,1.0,4.0,29.0,31.0,33.0,0.0,221.0,92.0,1.0,2.0,0.0,2.435047835111618,0.0,168.5992,33.33651351928711,18234.360107421875,0.5435497239232063,0.0,MF,96.29629629629629
464865,El Hadji Malick DIOUF,43879,Senegal,SEN,Defender,0.0,0.0,0.0,0.0,0.0,0.0,0.0,0.0,0.0,0.0,0.0,0.0,0.0,0.0,0.0,0.0,0.0,0.0,0.0,1.0,0.0,4.766181945800781,1.0,0.0,5.0,9.0,3.0,37.0,5.0,1.0,0.0,2987.4999389648438,646.1100158691406,9448.699951171875,1239.3699798583984,7457.7099609375,39.0,53.0,14.0,2.0,0.0,1.0,0.0,0.0,0.0,0.0,0.0,0.0,0.0,0.0,0.0,0.0,0.0,0.0,0.0,0.0,0.0,42.0,6.0,1.0,13.0,9.0,5.0,6.0,29.0,7.0,5.0,1.0,1.0,0.0,22.0,15.0,11.0,15.0,31.0,4.0,0.0,0.0,22.0,3.0,194.0,91.0,3.0,17.0,17.0,19.0,11.0,42.0,53.0,0.0,0.0,89.0,74.0,0.0,0.0,15.0,16.0,1.0,0.0,23.0,59.0,23.0,0.0,268.0,97.0,1.0,1.0,0.0,0.14167561382055283,15.0,202.77445,31.18533706665039,21779.390625,0.0,0.0,DF,83.14606741573034
431788,Pape GUEYE,43879,Senegal,SEN,Midfielder,1.0,8.0,0.0,2.0,0.0,0.0,0.0,0.0,0.0,2.0,6.0,0.0,0.0,1.0,1.0,3.0,3.0,7.0,2.0,5.0,5.0,6.866334557533264,3.0,5.0,0.0,3.0,1.0,51.0,10.0,1.0,0.0,4337.690124511719,321.5299835205078,13741.400146484375,1685.7699432373047,9324.679931640625,95.0,125.0,7.0,4.0,2.0,1.0,0.0,0.0,0.0,0.0,0.0,0.0,0.0,0.0,2.0,0.0,1.0,1.0,0.0,0.0,0.0,77.0,9.0,4.0,21.0,13.0,7.0,8.0,52.0,13.0,7.0,0.0,1.0,3.0,43.0,32.0,23.0,27.0,54.0,4.0,2.0,3.0,33.0,4.0,369.0,140.0,18.0,13.0,51.0,43.0,79.0,28.0,107.0,0.0,0.0,161.0,138.0,0.0,0.0,49.0,16.0,2.0,5.0,94.0,83.0,99.0,0.0,356.0,114.0,1.0,3.0,1.0,1.0642517879605293,1.0,257.2300333333333,31.457612991333008,29411.07080078125,0.37015940248966217,1.0,MF,85.71428571428571
403616,Teboho MOKOENA,43883,South Africa,RSA,Midfielder,0.0,4.0,0.0,1.0,0.0,0.0,0.0,0.0,0.0,0.0,3.0,1.0,0.0,1.0,1.0,1.0,2.0,3.0,1.0,2.0,4.0,6.151861190795898,2.0,4.0,0.0,3.0,0.0,95.0,22.0,8.0,0.0,4800.5198974609375,450.9099884033203,13773.75,1623.6800231933594,10333.659912109375,110.0,125.0,13.0,3.0,6.0,8.0,0.0,0.0,0.0,0.0,0.0,0.0,0.0,0.0,1.0,0.0,1.0,0.0,0.0,0.0,0.0,80.0,4.0,9.0,31.0,23.0,16.0,18.0,58.0,6.0,3.0,0.0,0.0,2.0,43.0,32.0,24.0,28.0,38.0,2.0,5.0,1.0,25.0,3.0,428.0,162.0,14.0,13.0,50.0,81.0,89.0,55.0,144.0,0.0,0.0,196.0,176.0,1.0,1.0,74.0,12.0,1.0,4.0,83.0,121.0,87.0,0.0,423.0,121.0,0.0,0.0,1.0,0.6607336550951004,2.0,301.99760000000003,31.37859344482422,30982.51953125,0.83683667704463,2.0,MF,89.79591836734694
494248,Thalente MBATHA,43883,South Africa,RSA,Midfielder,0.0,4.0,0.0,1.0,0.0,0.0,0.0,0.0,0.0,2.0,2.0,0.0,0.0,0.0,0.0,2.0,1.0,4.0,1.0,3.0,1.0,6.405352354049683,3.0,1.0,0.0,4.0,0.0,99.0,14.0,3.0,0.0,5026.6700439453125,588.1799583435059,13305.340209960938,1759.6499938964844,11237.790405273438,51.0,74.0,12.0,4.0,0.0,3.0,0.0,0.0,0.0,0.0,0.0,0.0,0.0,0.0,0.0,0.0,0.0,0.0,0.0,0.0,0.0,39.0,2.0,4.0,10.0,8.0,4.0,4.0,29.0,4.0,2.0,1.0,2.0,0.0,25.0,19.0,15.0,19.0,32.0,1.0,3.0,0.0,24.0,4.0,222.0,96.0,8.0,15.0,38.0,33.0,65.0,21.0,86.0,0.0,0.0,97.0,82.0,0.0,0.0,29.0,12.0,1.0,4.0,34.0,68.0,38.0,0.0,446.0,145.0,2.0,0.0,0.0,1.308404304087162,0.0,293.99396666666667,34.37017059326172,31917.630615234375,0.10925600025802851,1.0,MF,84.5360824742268
395050,Aubrey MODIBA,43883,South Africa,RSA,Defender,0.0,5.0,0.0,0.0,0.0,0.0,0.0,0.0,0.0,2.0,3.0,0.0,0.0,1.0,0.0,4.0,1.0,4.0,1.0,6.0,1.0,5.957260727882385,2.0,1.0,2.0,8.0,4.0,67.0,14.0,7.0,0.0,5003.780029296875,460.01000595092773,15579.39013671875,2186.8499755859375,14634.74951171875,59.0,82.0,12.0,4.0,6.0,8.0,0.0,0.0,0.0,0.0,0.0,0.0,0.0,0.0,0.0,0.0,0.0,0.0,0.0,1.0,0.0,68.0,6.0,7.0,16.0,9.0,2.0,3.0,38.0,9.0,3.0,0.0,1.0,2.0,43.0,26.0,18.0,28.0,40.0,2.0,5.0,1.0,21.0,4.0,308.0,156.0,16.0,27.0,48.0,21.0,19.0,77.0,96.0,2.0,0.0,139.0,115.0,0.0,0.0,27.0,26.0,2.0,4.0,50.0,85.0,54.0,0.0,442.0,154.0,0.0,1.0,1.0,0.5163368284702301,16.0,381.26880000000006,31.029407501220703,37864.78125,0.1211363235488534,1.0,DF,82.73381294964028
390475,Sphephelo SITHOLE,43883,South Africa,RSA,Midfielder,0.0,0.0,0.0,0.0,0.0,0.0,0.0,0.0,0.0,0.0,0.0,0.0,0.0,0.0,0.0,0.0,0.0,0.0,0.0,1.0,5.0,6.601791540781657,1.0,4.0,0.0,0.0,0.0,72.0,13.0,0.0,1.0,5109.4395751953125,293.9199905395508,11361.92041015625,1590.2099914550781,9796.7099609375,61.0,74.0,7.0,5.0,1.0,0.0,0.0,0.0,0.0,0.0,0.0,0.0,0.0,0.0,0.0,0.0,0.0,0.0,0.0,0.0,0.0,33.0,1.0,2.0,15.0,12.0,10.0,12.0,24.0,1.0,0.0,0.0,0.0,0.0,17.0,12.0,10.0,14.0,22.0,0.0,2.0,0.0,18.0,3.0,288.0,121.0,7.0,3.0,48.0,64.0,85.0,30.0,115.0,0.0,0.0,129.0,109.0,0.0,0.0,44.0,11.0,0.0,3.0,44.0,91.0,47.0,1.0,463.0,119.0,0.0,0.0,0.0,0.23620466142892838,0.0,252.61666666666667,31.218034744262695,28152.2001953125,0.0,0.0,MF,84.49612403100775
504199,Mbekezeli MBOKAZI,43883,South Africa,RSA,Defender,0.0,4.0,0.0,3.0,0.0,0.0,0.0,1.0,0.0,2.0,1.0,0.0,0.0,0.0,0.0,0.0,1.0,4.0,1.0,10.0,3.0,5.306589961051941,7.0,2.0,0.0,2.0,0.0,49.0,16.0,6.0,0.0,3659.5699462890625,761.6800079345703,14702.499755859375,1460.8700256347656,15000.470458984375,46.0,71.0,9.0,3.0,4.0,6.0,0.0,0.0,0.0,0.0,0.0,0.0,0.0,5.0,0.0,0.0,0.0,0.0,0.0,0.0,0.0,90.0,7.0,20.0,50.0,33.0,21.0,23.0,53.0,7.0,4.0,0.0,0.0,0.0,33.0,16.0,4.0,6.0,47.0,4.0,8.0,0.0,30.0,4.0,466.0,193.0,11.0,5.0,6.0,18.0,13.0,16.0,29.0,1.0,0.0,213.0,185.0,0.0,0.0,13.0,4.0,0.0,5.0,24.0,191.0,29.0,0.0,336.0,138.0,0.0,0.0,2.0,0.255094438791275,2.0,402.1005333333334,33.762916564941406,35585.0908203125,0.058383759111166,0.0,DF,86.85446009389672
463221,Nkosinathi SIBISI,43883,South Africa,RSA,Defender,0.0,0.0,0.0,0.0,0.0,0.0,0.0,,0.0,0.0,0.0,0.0,0.0,0.0,0.0,0.0,0.0,0.0,0.0,0.0,3.0,1.3929725885391235,0.0,3.0,0.0,0.0,0.0,15.0,6.0,0.0,0.0,1141.1500244140625,140.30999755859375,3935.770263671875,389.6300048828125,3780.72998046875,14.0,21.0,2.0,1.0,0.0,1.0,0.0,0.0,0.0,0.0,0.0,0.0,0.0,0.0,0.0,0.0,0.0,0.0,0.0,1.0,0.0,25.0,0.0,4.0,16.0,12.0,11.0,12.0,15.0,1.0,1.0,0.0,0.0,1.0,8.0,2.0,0.0,3.0,16.0,0.0,1.0,1.0,9.0,1.0,108.0,45.0,1.0,0.0,2.0,14.0,4.0,12.0,16.0,0.0,0.0,52.0,42.0,0.0,0.0,10.0,0.0,0.0,1.0,11.0,36.0,12.0,0.0,101.0,38.0,0.0,0.0,0.0,0.044434089213609695,4.0,101.00468333333333,29.935426712036133,9387.58984375,0.0,1.0,DF,80.76923076923077
463218,Khuliso MUDAU,43883,South Africa,RSA,Defender,0.0,0.0,0.0,0.0,0.0,0.0,0.0,0.0,0.0,0.0,0.0,0.0,0.0,0.0,0.0,0.0,0.0,0.0,0.0,11.0,0.0,5.833083510398865,5.0,0.0,0.0,5.0,1.0,82.0,16.0,3.0,0.0,4563.2198486328125,1298.9400177001953,16615.6103515625,2075.739959716797,14566.969482421875,83.0,105.0,32.0,4.0,10.0,3.0,0.0,0.0,0.0,0.0,0.0,0.0,0.0,0.0,0.0,0.0,0.0,0.0,0.0,0.0,0.0,54.0,2.0,3.0,25.0,20.0,19.0,20.0,38.0,5.0,1.0,1.0,3.0,0.0,24.0,17.0,16.0,19.0,25.0,0.0,1.0,0.0,20.0,4.0,394.0,180.0,11.0,30.0,25.0,7.0,17.0,45.0,62.0,1.0,0.0,187.0,168.0,0.0,0.0,20.0,17.0,6.0,8.0,56.0,120.0,64.0,0.0,399.0,189.0,0.0,0.0,3.0,0.5988964140415192,20.0,402.1005333333334,34.2840576171875,39120.4794921875,0.0,0.0,DF,89.83957219251337
506039,Ime OKON,43883,South Africa,RSA,Defender,0.0,1.0,0.0,0.0,0.0,1.0,0.0,0.0,0.0,0.0,0.0,0.0,0.0,1.0,0.0,1.0,0.0,0.0,0.0,4.0,2.0,5.899427533149719,4.0,1.0,0.0,0.0,0.0,22.0,5.0,8.0,0.0,5392.2398681640625,682.3199920654297,15970.14013671875,2121.7899780273438,15396.230224609375,62.0,82.0,3.0,1.0,1.0,8.0,0.0,0.0,0.0,0.0,0.0,0.0,0.0,5.0,0.0,0.0,0.0,0.0,1.0,0.0,0.0,76.0,2.0,14.0,53.0,37.0,30.0,37.0,49.0,2.0,1.0,0.0,0.0,0.0,21.0,11.0,4.0,5.0,42.0,1.0,6.0,0.0,26.0,4.0,582.0,199.0,13.0,1.0,2.0,49.0,14.0,38.0,52.0,0.0,0.0,280.0,257.0,0.0,0.0,22.0,3.0,0.0,5.0,41.0,222.0,46.0,0.0,460.0,183.0,0.0,0.0,0.0,0.21296707727015018,1.0,402.1005333333334,33.795196533203125,39562.720703125,0.014415595680475235,0.0,DF,91.78571428571428
463236,Jayden ADAMS,43883,South Africa,RSA,Midfielder,0.0,0.0,0.0,0.0,0.0,0.0,0.0,0.0,0.0,0.0,0.0,0.0,0.0,0.0,0.0,0.0,0.0,0.0,0.0,0.0,2.0,5.269137263298035,0.0,2.0,0.0,0.0,0.0,43.0,2.0,2.0,0.0,2084.6200256347656,114.2899980545044,6283.030029296875,719.0500183105469,5294.720458984375,26.0,29.0,2.0,0.0,0.0,2.0,0.0,0.0,0.0,0.0,0.0,0.0,0.0,0.0,0.0,0.0,0.0,0.0,0.0,0.0,0.0,16.0,2.0,0.0,3.0,2.0,1.0,1.0,10.0,2.0,1.0,0.0,0.0,0.0,11.0,7.0,6.0,9.0,9.0,1.0,0.0,0.0,6.0,3.0,92.0,42.0,4.0,10.0,19.0,11.0,31.0,9.0,40.0,0.0,0.0,44.0,40.0,0.0,0.0,11.0,11.0,0.0,0.0,20.0,21.0,20.0,0.0,181.0,57.0,1.0,2.0,0.0,0.948685884475708,1.0,130.40365,28.576797485351562,14495.710693359375,0.0,0.0,MF,90.9090909090909
382739,Marcos LLORENTE,43969,Spain,ESP,Defender,1.0,0.0,0.0,0.0,0.0,0.0,0.0,0.0,0.0,0.0,0.0,0.0,0.0,0.0,0.0,0.0,0.0,0.0,0.0,2.0,0.0,2.423106849193573,1.0,0.0,0.0,6.0,2.0,43.0,12.0,3.0,0.0,2463.540069580078,544.4499987363815,8950.709655761719,1090.4799728393555,9187.210021972656,55.0,66.0,12.0,2.0,1.0,3.0,0.0,0.0,0.0,0.0,0.0,0.0,0.0,0.0,0.0,0.0,0.0,0.0,0.0,0.0,0.0,34.0,0.0,0.0,11.0,7.0,7.0,11.0,26.0,5.0,4.0,0.0,0.0,5.0,18.0,15.0,11.0,13.0,19.0,0.0,0.0,4.0,15.0,3.0,324.0,123.0,12.0,19.0,16.0,22.0,15.0,42.0,57.0,0.0,0.0,152.0,142.0,0.0,0.0,19.0,22.0,3.0,2.0,33.0,112.0,35.0,0.0,218.0,94.0,1.0,0.0,1.0,0.2154450286179781,12.0,217.34131666666667,32.582191467285156,22236.389892578125,0.0,0.0,DF,93.42105263157895
430733,Mikel MERINO,43969,Spain,ESP,Midfielder,0.0,5.0,0.0,1.0,0.0,0.0,1.0,0.0,0.0,0.0,3.0,0.0,1.0,5.0,3.0,1.0,3.0,0.0,0.0,3.0,2.0,7.662824928760529,2.0,2.0,0.0,1.0,0.0,107.0,10.0,1.0,0.0,6723.059844970703,219.28999543190002,14135.340026855469,1933.1700286865234,9146.909912109375,59.0,76.0,24.0,6.0,8.0,1.0,0.0,0.0,0.0,0.0,0.0,0.0,0.0,0.0,2.0,0.0,2.0,0.0,1.0,0.0,0.0,30.0,3.0,1.0,7.0,6.0,3.0,3.0,27.0,4.0,3.0,1.0,1.0,0.0,19.0,18.0,15.0,15.0,13.0,2.0,1.0,0.0,10.0,8.0,227.0,97.0,15.0,54.0,78.0,18.0,102.0,48.0,150.0,0.0,0.0,101.0,89.0,0.0,0.0,33.0,38.0,5.0,5.0,53.0,60.0,58.0,0.0,568.0,142.0,7.0,1.0,2.0,13.350554198026657,1.0,262.03216666666674,30.46206283569336,32157.770629882812,1.5692767426371574,0.0,MF,88.11881188118812
430718,Fabian RUIZ,43969,Spain,ESP,Midfielder,0.0,8.0,0.0,1.0,0.0,0.0,2.0,0.0,0.0,1.0,4.0,0.0,1.0,4.0,2.0,4.0,2.0,4.0,0.0,8.0,3.0,6.999573826789856,8.0,3.0,0.0,7.0,2.0,82.0,10.0,6.0,0.0,6359.869964599609,254.26000499725342,20034.719604492188,1347.5300102233887,14086.609786987305,139.0,168.0,9.0,1.0,3.0,7.0,0.0,0.0,0.0,0.0,0.0,0.0,0.0,0.0,1.0,0.0,1.0,0.0,1.0,1.0,0.0,100.0,6.0,9.0,24.0,19.0,9.0,9.0,77.0,12.0,7.0,0.0,1.0,5.0,64.0,51.0,37.0,44.0,33.0,3.0,7.0,4.0,24.0,8.0,639.0,207.0,23.0,43.0,146.0,128.0,218.0,99.0,317.0,0.0,0.0,297.0,266.0,0.0,0.0,137.0,41.0,2.0,6.0,93.0,210.0,99.0,0.0,518.0,111.0,4.0,4.0,0.0,3.0098319142125547,3.0,366.81455000000005,30.152973175048828,42082.99087524414,1.3332217633724213,0.0,MF,89.56228956228956
430144,Pedro PORRO,43969,Spain,ESP,Defender,0.0,7.0,0.0,0.0,0.0,0.0,1.0,0.0,0.0,1.0,5.0,0.0,0.0,4.0,3.0,3.0,3.0,3.0,0.0,6.0,9.0,4.441051721572876,4.0,9.0,0.0,19.0,5.0,81.0,20.0,12.0,0.0,7109.099853515625,1573.7000122070312,23816.7900390625,3352.8900451660156,27129.4091796875,192.0,247.0,36.0,10.0,9.0,13.0,,,0.0,0.0,0.0,0.0,0.0,0.0,2.0,0.0,2.0,0.0,1.0,1.0,0.0,160.0,8.0,12.0,42.0,27.0,19.0,22.0,110.0,17.0,6.0,0.0,3.0,6.0,101.0,77.0,65.0,75.0,109.0,2.0,6.0,4.0,72.0,6.0,896.0,359.0,37.0,58.0,96.0,61.0,52.0,163.0,215.0,0.0,0.0,420.0,379.0,0.0,0.0,91.0,69.0,9.0,8.0,131.0,263.0,139.0,0.0,631.0,283.0,0.0,1.0,3.0,0.6894086226820946,50.0,640.0823333333334,33.170169830322266,62981.8876953125,1.0975941959768534,0.0,DF,90.23809523809524
335999,Aymeric LAPORTE,43969,Spain,ESP,Defender,1.0,5.0,0.0,0.0,0.0,2.0,1.0,0.0,0.0,0.0,2.0,0.0,0.0,3.0,2.0,3.0,2.0,2.0,0.0,17.0,8.0,5.798022747039795,17.0,8.0,0.0,0.0,0.0,34.0,4.0,10.0,0.0,7926.539855957031,708.8499946594238,32810.90087890625,2683.0499877929688,35442.76171875,150.0,189.0,21.0,5.0,4.0,18.0,0.0,0.0,0.0,0.0,0.0,0.0,0.0,16.0,0.0,0.0,0.0,0.0,3.0,8.0,0.0,222.0,8.0,24.0,112.0,95.0,77.0,80.0,181.0,12.0,7.0,0.0,0.0,4.0,98.0,79.0,57.0,62.0,73.0,3.0,15.0,4.0,48.0,8.0,1378.0,457.0,36.0,6.0,3.0,88.0,43.0,54.0,97.0,0.0,0.0,660.0,618.0,0.0,0.0,48.0,5.0,0.0,7.0,64.0,562.0,71.0,0.0,695.0,204.0,0.0,2.0,0.0,1.246931791305542,3.0,824.1481833333335,33.021854400634766,79572.1015625,0.35701094567775726,1.0,DF,93.63636363636364
447860,Alex BAENA,43969,Spain,ESP,Midfielder,1.0,12.0,0.0,4.0,1.0,0.0,1.0,2.0,2.0,3.0,4.0,0.0,1.0,4.0,2.0,3.0,5.0,8.0,3.0,14.0,2.0,5.581234574317932,8.0,2.0,28.0,44.0,8.0,152.0,25.0,9.0,0.0,7520.749938964844,1284.6700439453125,21743.4296875,3236.3199462890625,21615.71044921875,122.0,179.0,24.0,13.0,8.0,9.0,,,0.0,0.0,0.0,0.0,0.0,0.0,1.0,0.0,1.0,0.0,0.0,0.0,0.0,75.0,8.0,1.0,10.0,8.0,1.0,1.0,52.0,18.0,12.0,6.0,10.0,0.0,47.0,32.0,25.0,38.0,47.0,6.0,1.0,0.0,32.0,7.0,554.0,263.0,30.0,151.0,138.0,43.0,180.0,152.0,332.0,2.0,0.0,218.0,178.0,0.0,0.0,89.0,141.0,13.0,9.0,93.0,157.0,102.0,0.0,626.0,264.0,0.0,7.0,5.0,8.656756103038788,3.0,522.9011166666667,34.04378890991211,55400.8779296875,0.4973717648535967,1.0,MF,81.65137614678899
411375,RODRI,43969,Spain,ESP,Midfielder,0.0,7.0,0.0,2.0,0.0,1.0,1.0,0.0,0.0,2.0,3.0,0.0,0.0,2.0,0.0,5.0,0.0,5.0,0.0,12.0,11.0,7.0477394461631775,11.0,10.0,0.0,3.0,0.0,112.0,39.0,17.0,0.0,15304.899780273438,1129.3699913024902,44470.26171875,4504.349914550781,30824.828857421875,430.0,481.0,43.0,11.0,9.0,22.0,0.0,0.0,0.0,0.0,0.0,0.0,0.0,0.0,0.0,0.0,0.0,0.0,1.0,5.0,0.0,215.0,5.0,6.0,60.0,58.0,48.0,49.0,197.0,21.0,19.0,3.0,4.0,12.0,134.0,120.0,99.0,111.0,101.0,5.0,5.0,11.0,91.0,8.0,1676.0,545.0,56.0,5.0,122.0,287.0,291.0,123.0,414.0,1.0,0.0,799.0,747.0,0.0,0.0,228.0,41.0,2.0,15.0,243.0,546.0,258.0,0.0,1294.0,318.0,0.0,2.0,2.0,0.8678929470479488,0.0,819.4039833333334,31.50023651123047,96233.7138671875,0.27299049869179726,0.0,MF,93.4918648310388
423646,PEDRI,43969,Spain,ESP,Midfielder,0.0,5.0,0.0,1.0,0.0,0.0,0.0,0.0,0.0,2.0,3.0,0.0,0.0,1.0,0.0,2.0,2.0,4.0,2.0,20.0,2.0,7.29542875289917,16.0,2.0,8.0,14.0,5.0,257.0,38.0,4.0,0.0,11462.890045166016,927.2799797058105,31814.310180664062,4115.939910888672,19693.3701171875,283.0,343.0,51.0,4.0,5.0,4.0,0.0,0.0,0.0,0.0,0.0,0.0,0.0,0.0,0.0,0.0,0.0,0.0,0.0,0.0,0.0,152.0,4.0,6.0,14.0,10.0,4.0,4.0,120.0,16.0,12.0,3.0,4.0,8.0,122.0,98.0,85.0,104.0,94.0,2.0,4.0,7.0,71.0,8.0,1024.0,361.0,46.0,45.0,146.0,172.0,277.0,86.0,363.0,1.0,0.0,469.0,420.0,0.0,0.0,151.0,65.0,5.0,15.0,165.0,319.0,180.0,0.0,976.0,291.0,3.0,4.0,2.0,2.819849133491516,0.0,565.1375666666667,30.453874588012695,68013.7880859375,0.4715609550476074,1.0,MF,89.55223880597015
474973,Pau CUBARSI,43969,Spain,ESP,Defender,0.0,4.0,0.0,0.0,0.0,1.0,0.0,0.0,0.0,0.0,3.0,0.0,0.0,1.0,0.0,0.0,2.0,3.0,2.0,14.0,2.0,6.033117949962616,14.0,2.0,0.0,1.0,0.0,33.0,13.0,5.0,0.0,9070.409851074219,1317.9700317382812,34965.3681640625,3338.1400756835938,37264.140625,181.0,202.0,14.0,4.0,5.0,11.0,0.0,0.0,0.0,0.0,0.0,0.0,0.0,0.0,0.0,0.0,0.0,0.0,1.0,6.0,0.0,216.0,5.0,21.0,117.0,115.0,91.0,91.0,204.0,7.0,5.0,0.0,0.0,2.0,92.0,84.0,59.0,64.0,78.0,4.0,20.0,1.0,75.0,8.0,1454.0,458.0,34.0,0.0,0.0,140.0,74.0,66.0,140.0,0.0,0.0,690.0,668.0,0.0,0.0,83.0,4.0,0.0,5.0,69.0,613.0,74.0,0.0,816.0,263.0,0.0,0.0,0.0,1.0212060697376728,0.0,857.4236500000001,32.38821792602539,85956.0302734375,0.3004215992987156,1.0,DF,96.81159420289856
430735,Marc CUCURELLA,43969,Spain,ESP,Defender,2.0,5.0,0.0,0.0,1.0,0.0,0.0,0.0,0.0,1.0,2.0,0.0,0.0,3.0,2.0,2.0,3.0,2.0,1.0,6.0,2.0,6.1793283224105835,4.0,2.0,0.0,15.0,3.0,113.0,26.0,6.0,0.0,10387.809692382812,1733.9500122070312,35667.420654296875,4750.730041503906,35446.139892578125,214.0,260.0,21.0,8.0,4.0,8.0,0.0,0.0,0.0,0.0,0.0,0.0,0.0,0.0,0.0,0.0,0.0,0.0,1.0,2.0,0.0,133.0,8.0,9.0,44.0,34.0,25.0,27.0,97.0,13.0,7.0,4.0,4.0,1.0,76.0,56.0,47.0,58.0,59.0,3.0,6.0,0.0,40.0,8.0,987.0,431.0,46.0,165.0,137.0,110.0,90.0,322.0,412.0,4.0,0.0,474.0,433.0,0.0,0.0,132.0,118.0,16.0,14.0,158.0,272.0,172.0,0.0,907.0,363.0,0.0,0.0,1.0,2.377964660525322,57.0,857.4236500000001,33.32626724243164,87986.0517578125,0.34708335995674133,1.0,DF,91.35021097046413
483304,Gustaf LAGERBIELKE,43970,Sweden,SWE,Defender,0.0,3.0,0.0,0.0,0.0,2.0,0.0,1.0,0.0,0.0,0.0,0.0,0.0,3.0,1.0,2.0,1.0,0.0,0.0,2.0,1.0,6.179387211799622,2.0,1.0,0.0,1.0,0.0,50.0,14.0,3.0,0.0,5359.199951171875,398.1500244140625,18477.16015625,1552.0199890136719,15523.939697265625,52.0,78.0,8.0,1.0,3.0,5.0,0.0,0.0,0.0,0.0,0.0,0.0,0.0,0.0,0.0,0.0,0.0,0.0,3.0,2.0,0.0,103.0,7.0,15.0,54.0,38.0,29.0,32.0,65.0,7.0,4.0,0.0,0.0,0.0,42.0,23.0,14.0,20.0,57.0,4.0,5.0,0.0,35.0,4.0,433.0,162.0,10.0,0.0,8.0,38.0,11.0,35.0,46.0,1.0,0.0,206.0,173.0,0.0,0.0,29.0,11.0,0.0,5.0,30.0,167.0,35.0,0.0,436.0,119.0,0.0,0.0,1.0,0.4977322183549404,9.0,400.9159166666667,30.298105239868164,41310.4697265625,0.1323689967393875,0.0,DF,83.98058252427184
395283,Victor LINDELOF,43970,Sweden,SWE,Defender,0.0,2.0,0.0,0.0,0.0,2.0,0.0,0.0,0.0,0.0,0.0,0.0,0.0,2.0,0.0,2.0,0.0,0.0,0.0,6.0,1.0,5.72491180896759,6.0,1.0,0.0,0.0,0.0,24.0,10.0,2.0,0.0,4021.8900756835938,203.5500030517578,16089.500244140625,1364.6699829101562,15582.789794921875,66.0,77.0,5.0,3.0,0.0,5.0,0.0,0.0,0.0,0.0,0.0,0.0,0.0,1.0,0.0,0.0,0.0,0.0,2.0,3.0,0.0,70.0,2.0,7.0,39.0,32.0,28.0,30.0,57.0,3.0,2.0,1.0,1.0,0.0,28.0,23.0,19.0,19.0,37.0,1.0,3.0,0.0,31.0,4.0,430.0,160.0,12.0,0.0,3.0,32.0,18.0,17.0,35.0,0.0,0.0,200.0,190.0,0.0,0.0,22.0,4.0,0.0,3.0,21.0,177.0,24.0,0.0,315.0,101.0,0.0,1.0,0.0,0.5250011533498764,1.0,390.7919166666667,28.75554656982422,37262.3994140625,0.26175517588853836,0.0,DF,95.0
483312,Isak HIEN,43970,Sweden,SWE,Defender,0.0,0.0,0.0,0.0,0.0,0.0,0.0,0.0,0.0,0.0,0.0,0.0,0.0,0.0,0.0,0.0,0.0,0.0,0.0,0.0,1.0,4.322377800941467,0.0,1.0,0.0,0.0,0.0,13.0,8.0,4.0,0.0,2128.02978515625,412.3600082397461,10359.680053710938,829.1299896240234,8729.2900390625,47.0,51.0,13.0,3.0,3.0,4.0,0.0,0.0,0.0,0.0,0.0,0.0,0.0,4.0,0.0,0.0,0.0,0.0,0.0,0.0,0.0,21.0,0.0,3.0,11.0,9.0,8.0,8.0,14.0,1.0,0.0,0.0,0.0,1.0,9.0,5.0,4.0,5.0,10.0,0.0,1.0,0.0,6.0,3.0,271.0,100.0,6.0,0.0,0.0,26.0,19.0,7.0,26.0,0.0,0.0,128.0,122.0,0.0,0.0,14.0,1.0,0.0,2.0,15.0,104.0,17.0,0.0,173.0,69.0,0.0,1.0,0.0,0.22931380942463875,0.0,237.63005,33.4703369140625,22458.490478515625,0.0,1.0,DF,95.3125
483276,Gabriel GUDMUNDSSON,43970,Sweden,SWE,Defender,0.0,0.0,0.0,0.0,0.0,0.0,0.0,0.0,0.0,0.0,0.0,0.0,0.0,0.0,0.0,0.0,0.0,0.0,0.0,4.0,2.0,6.209172487258911,3.0,2.0,1.0,5.0,1.0,58.0,14.0,7.0,0.0,4130.989807128906,738.1400451660156,16042.249755859375,1787.8799133300781,14117.699462890625,47.0,70.0,13.0,5.0,7.0,7.0,0.0,0.0,0.0,0.0,0.0,0.0,0.0,0.0,0.0,0.0,0.0,0.0,0.0,0.0,0.0,61.0,5.0,5.0,23.0,11.0,10.0,13.0,25.0,7.0,1.0,1.0,2.0,0.0,31.0,13.0,12.0,21.0,29.0,0.0,1.0,0.0,11.0,4.0,282.0,136.0,8.0,10.0,10.0,31.0,10.0,41.0,51.0,0.0,0.0,147.0,112.0,0.0,0.0,22.0,11.0,1.0,5.0,39.0,77.0,44.0,0.0,340.0,137.0,0.0,3.0,1.0,0.3098129592835903,29.0,356.02708333333334,33.65959930419922,36816.96142578125,0.0,1.0,DF,76.19047619047619
489689,Lucas BERGVALL,43970,Sweden,SWE,Midfielder,1.0,2.0,0.0,0.0,0.0,1.0,0.0,0.0,0.0,0.0,1.0,0.0,0.0,2.0,0.0,2.0,0.0,0.0,0.0,4.0,0.0,6.927306413650513,4.0,0.0,0.0,2.0,0.0,60.0,13.0,1.0,0.0,3370.7999877929688,486.1000061035156,10503.259765625,1103.3299865722656,8399.439697265625,46.0,54.0,10.0,7.0,4.0,1.0,0.0,0.0,0.0,0.0,0.0,0.0,0.0,0.0,0.0,0.0,0.0,0.0,1.0,0.0,0.0,31.0,1.0,1.0,9.0,8.0,6.0,7.0,27.0,2.0,2.0,1.0,1.0,0.0,20.0,17.0,15.0,18.0,15.0,1.0,1.0,0.0,13.0,4.0,193.0,80.0,7.0,7.0,16.0,29.0,43.0,9.0,52.0,0.0,0.0,88.0,80.0,0.0,0.0,28.0,14.0,3.0,5.0,35.0,52.0,40.0,0.0,283.0,89.0,3.0,1.0,2.0,0.6732694450765848,6.0,207.3285,32.584617614746094,23862.92919921875,0.6784200966358185,1.0,MF,90.9090909090909
491255,Daniel SVENSSON,43970,Sweden,SWE,Defender,0.0,1.0,0.0,0.0,0.0,0.0,0.0,,0.0,0.0,1.0,0.0,0.0,0.0,0.0,1.0,0.0,1.0,0.0,0.0,0.0,5.410485744476318,0.0,0.0,1.0,2.0,1.0,24.0,3.0,2.0,0.0,1665.7801055908203,313.58998107910156,5919.750640869141,825.0799865722656,4364.339874267578,15.0,21.0,8.0,0.0,0.0,2.0,0.0,0.0,0.0,0.0,0.0,0.0,0.0,0.0,0.0,0.0,0.0,0.0,0.0,0.0,0.0,19.0,1.0,0.0,5.0,4.0,4.0,4.0,9.0,3.0,1.0,1.0,1.0,1.0,11.0,4.0,4.0,9.0,10.0,0.0,0.0,0.0,3.0,3.0,88.0,40.0,2.0,9.0,18.0,4.0,17.0,14.0,31.0,1.0,0.0,46.0,38.0,0.0,0.0,10.0,8.0,0.0,2.0,10.0,27.0,12.0,0.0,149.0,63.0,2.0,1.0,0.0,0.531141921877861,10.0,114.62848333333332,31.889440536499023,13088.54052734375,0.01162612996995449,0.0,DF,82.6086956521739
502946,Benjamin NYGREN,43970,Sweden,SWE,Midfielder,0.0,1.0,0.0,0.0,0.0,0.0,0.0,0.0,0.0,1.0,0.0,0.0,0.0,0.0,0.0,1.0,0.0,1.0,0.0,2.0,0.0,7.7255589962005615,2.0,0.0,3.0,6.0,2.0,71.0,13.0,4.0,0.0,3305.509994506836,588.8699798583984,8619.360229492188,1301.830078125,5157.050231933594,32.0,38.0,4.0,3.0,0.0,5.0,0.0,0.0,0.0,0.0,0.0,0.0,0.0,0.0,0.0,0.0,0.0,0.0,0.0,1.0,0.0,18.0,3.0,0.0,4.0,3.0,1.0,1.0,12.0,4.0,2.0,0.0,1.0,0.0,10.0,7.0,5.0,7.0,12.0,2.0,0.0,0.0,7.0,4.0,119.0,58.0,7.0,16.0,55.0,10.0,51.0,30.0,81.0,0.0,0.0,50.0,46.0,0.0,0.0,22.0,17.0,1.0,2.0,31.0,22.0,33.0,0.0,282.0,104.0,2.0,2.0,2.0,2.125114157795906,0.0,149.90486666666663,31.486125946044922,18972.619750976562,0.0261000357568264,0.0,MF,92.0
441135,Jesper KARLSTROM,43970,Sweden,SWE,Midfielder,0.0,1.0,0.0,0.0,0.0,0.0,0.0,0.0,0.0,0.0,1.0,0.0,0.0,1.0,0.0,0.0,0.0,0.0,0.0,2.0,0.0,3.4380651712417603,2.0,0.0,0.0,0.0,0.0,38.0,7.0,2.0,0.0,2284.9299926757812,146.81999588012695,8501.100341796875,625.510009765625,5288.620361328125,22.0,28.0,7.0,3.0,0.0,2.0,0.0,0.0,0.0,0.0,0.0,0.0,0.0,0.0,0.0,0.0,0.0,0.0,0.0,0.0,0.0,12.0,1.0,0.0,4.0,3.0,3.0,3.0,8.0,2.0,1.0,1.0,1.0,0.0,6.0,4.0,4.0,5.0,11.0,0.0,0.0,0.0,8.0,2.0,79.0,32.0,4.0,2.0,22.0,39.0,41.0,22.0,63.0,0.0,0.0,37.0,31.0,0.0,0.0,11.0,4.0,0.0,1.0,19.0,17.0,20.0,0.0,199.0,48.0,0.0,2.0,1.0,0.11989181861281395,0.0,147.32668333333334,31.338502883911133,16846.9794921875,0.052448853850364685,0.0,MF,83.78378378378379
489688,Yasin AYARI,43970,Sweden,SWE,Midfielder,0.0,7.0,0.0,1.0,1.0,0.0,0.0,2.0,0.0,1.0,5.0,0.0,0.0,1.0,0.0,3.0,3.0,6.0,3.0,11.0,3.0,6.397312045097351,4.0,2.0,9.0,17.0,5.0,100.0,22.0,8.0,0.0,5438.070068359375,374.0899829864502,17098.81982421875,1607.6699829101562,15089.16015625,62.0,97.0,21.0,4.0,8.0,8.0,0.0,0.0,0.0,0.0,0.0,0.0,0.0,0.0,2.0,0.0,0.0,2.0,0.0,0.0,0.0,46.0,1.0,3.0,9.0,4.0,3.0,5.0,20.0,2.0,0.0,0.0,0.0,1.0,35.0,16.0,15.0,30.0,31.0,0.0,1.0,0.0,14.0,4.0,278.0,142.0,16.0,21.0,59.0,68.0,111.0,37.0,148.0,0.0,0.0,107.0,84.0,0.0,0.0,55.0,28.0,2.0,6.0,79.0,49.0,85.0,0.0,434.0,109.0,0.0,2.0,2.0,1.0648617073893547,0.0,371.23356666666666,30.735292434692383,39607.810546875,0.43547920882701874,1.0,MF,78.50467289719626
502945,Alexander BERNHARDSSON,43970,Sweden,SWE,Defender,0.0,1.0,0.0,0.0,0.0,0.0,0.0,0.0,0.0,0.0,1.0,0.0,0.0,0.0,0.0,0.0,1.0,1.0,1.0,12.0,1.0,4.852809429168701,6.0,1.0,0.0,3.0,0.0,81.0,9.0,2.0,0.0,3193.219970703125,463.37998962402344,10711.4697265625,1268.8100280761719,9472.89990234375,26.0,48.0,14.0,2.0,5.0,2.0,0.0,0.0,0.0,0.0,0.0,0.0,0.0,0.0,0.0,0.0,0.0,0.0,0.0,0.0,0.0,27.0,0.0,2.0,4.0,2.0,1.0,2.0,14.0,3.0,2.0,1.0,2.0,1.0,20.0,10.0,8.0,17.0,16.0,0.0,1.0,1.0,9.0,3.0,150.0,80.0,6.0,15.0,15.0,10.0,10.0,30.0,40.0,0.0,0.0,67.0,51.0,0.0,0.0,13.0,28.0,0.0,2.0,34.0,37.0,36.0,0.0,268.0,90.0,0.0,3.0,4.0,1.0154027491807938,11.0,233.05701666666664,31.05019187927246,25109.7783203125,0.05435634404420853,0.0,DF,76.11940298507463
519958,Elliot STROUD,43970,Sweden,SWE,Defender,0.0,1.0,0.0,0.0,0.0,0.0,0.0,,0.0,1.0,0.0,0.0,0.0,1.0,0.0,1.0,0.0,0.0,0.0,6.0,0.0,6.959373593330383,4.0,0.0,3.0,6.0,2.0,61.0,7.0,0.0,0.0,2881.500015258789,512.4400100708008,8312.159866333008,1312.2499923706055,7502.389533996582,27.0,41.0,9.0,3.0,1.0,0.0,0.0,0.0,0.0,0.0,0.0,0.0,0.0,0.0,0.0,0.0,0.0,0.0,0.0,0.0,0.0,24.0,2.0,2.0,6.0,2.0,1.0,2.0,13.0,6.0,3.0,2.0,3.0,1.0,12.0,8.0,6.0,7.0,19.0,0.0,1.0,1.0,11.0,4.0,115.0,57.0,5.0,9.0,19.0,9.0,10.0,27.0,37.0,0.0,0.0,49.0,38.0,0.0,0.0,9.0,10.0,0.0,1.0,20.0,32.0,21.0,0.0,251.0,94.0,2.0,2.0,3.0,0.6844564229249954,4.0,183.67756666666665,32.799015045166016,20520.73974609375,0.08843065798282623,0.0,DF,77.55102040816327
493221,Miro MUHEIM,43971,Switzerland,SUI,Defender,0.0,0.0,0.0,0.0,0.0,0.0,0.0,,0.0,0.0,0.0,0.0,0.0,0.0,0.0,0.0,0.0,0.0,0.0,1.0,0.0,3.23398756980896,0.0,0.0,0.0,3.0,0.0,16.0,1.0,2.0,0.0,1533.2599792480469,210.1800136566162,5125.619903564453,559.2700042724609,4641.730010986328,12.0,22.0,3.0,1.0,3.0,2.0,0.0,0.0,0.0,0.0,0.0,0.0,0.0,0.0,0.0,0.0,0.0,0.0,0.0,0.0,0.0,23.0,3.0,2.0,7.0,3.0,1.0,2.0,10.0,5.0,1.0,0.0,1.0,1.0,11.0,6.0,3.0,5.0,10.0,0.0,2.0,1.0,1.0,3.0,77.0,36.0,2.0,9.0,13.0,8.0,2.0,28.0,30.0,0.0,1.0,40.0,31.0,0.0,0.0,8.0,6.0,0.0,0.0,9.0,22.0,9.0,0.0,150.0,44.0,3.0,0.0,0.0,0.5532950758934021,11.0,115.03763333333336,31.942861557006836,12070.059692382812,0.0,1.0,DF,77.5
356412,Silvan WIDMER,43971,Switzerland,SUI,Defender,0.0,0.0,0.0,0.0,0.0,0.0,0.0,,0.0,0.0,0.0,0.0,0.0,0.0,0.0,0.0,0.0,0.0,0.0,3.0,1.0,5.548585971196492,1.0,1.0,0.0,4.0,1.0,59.0,13.0,2.0,0.0,3426.340087890625,459.85998725891113,8969.230255126953,1305.329978942871,8502.149780273438,27.0,43.0,11.0,2.0,0.0,2.0,,,0.0,0.0,0.0,0.0,0.0,0.0,0.0,0.0,0.0,0.0,0.0,0.0,0.0,21.0,1.0,2.0,8.0,5.0,4.0,5.0,9.0,5.0,2.0,2.0,4.0,0.0,8.0,2.0,1.0,5.0,9.0,0.0,1.0,0.0,4.0,5.0,159.0,75.0,2.0,20.0,21.0,15.0,14.0,42.0,56.0,0.0,0.0,73.0,57.0,0.0,0.0,18.0,9.0,5.0,5.0,24.0,38.0,29.0,0.0,290.0,97.0,4.0,1.0,0.0,1.151385011151433,14.0,210.77998333333335,32.53603744506836,22662.9111328125,0.0,0.0,DF,78.08219178082192
398509,Nico ELVEDI,43971,Switzerland,SUI,Defender,0.0,3.0,0.0,2.0,0.0,1.0,0.0,1.0,0.0,0.0,1.0,0.0,0.0,3.0,0.0,1.0,0.0,0.0,0.0,23.0,5.0,5.663737614949544,23.0,5.0,0.0,0.0,0.0,48.0,12.0,6.0,0.0,6913.7200927734375,906.7000274658203,28624.1904296875,2311.6900024414062,24448.090576171875,189.0,233.0,8.0,5.0,6.0,9.0,0.0,0.0,0.0,0.0,0.0,0.0,0.0,0.0,0.0,0.0,0.0,0.0,2.0,3.0,0.0,131.0,0.0,17.0,82.0,73.0,64.0,65.0,110.0,2.0,1.0,0.0,1.0,1.0,47.0,36.0,26.0,29.0,74.0,0.0,9.0,1.0,53.0,6.0,946.0,334.0,25.0,1.0,9.0,42.0,27.0,25.0,52.0,0.0,0.0,438.0,406.0,0.0,0.0,27.0,4.0,0.0,5.0,94.0,338.0,99.0,0.0,611.0,199.0,0.0,0.0,3.0,0.5762563161551952,1.0,673.6380666666668,32.48767852783203,63204.3896484375,0.29822035133838654,1.0,DF,92.69406392694064
405178,Manuel AKANJI,43971,Switzerland,SUI,Defender,0.0,1.0,0.0,0.0,0.0,0.0,0.0,1.0,0.0,0.0,0.0,0.0,0.0,1.0,1.0,0.0,1.0,0.0,0.0,17.0,8.0,5.604479074478149,17.0,8.0,0.0,0.0,0.0,44.0,21.0,7.0,0.0,7261.420166015625,901.2899780273438,25775.1796875,2272.6800842285156,26450.5693359375,199.0,233.0,15.0,4.0,4.0,12.0,0.0,0.0,0.0,0.0,0.0,0.0,0.0,14.0,0.0,0.0,0.0,0.0,0.0,5.0,0.0,148.0,7.0,16.0,89.0,80.0,61.0,66.0,130.0,8.0,7.0,0.0,0.0,1.0,51.0,43.0,23.0,27.0,66.0,6.0,13.0,1.0,58.0,6.0,999.0,356.0,26.0,2.0,6.0,100.0,56.0,52.0,108.0,0.0,0.0,479.0,444.0,0.0,0.0,66.0,4.0,1.0,6.0,69.0,383.0,75.0,0.0,631.0,187.0,0.0,0.0,0.0,0.49368096701800823,0.0,673.6380666666668,33.47406005859375,62661.1396484375,0.184045672416687,0.0,DF,92.69311064718163
401448,Denis ZAKARIA,43971,Switzerland,SUI,Midfielder,0.0,5.0,0.0,1.0,0.0,0.0,0.0,1.0,0.0,1.0,3.0,0.0,0.0,5.0,2.0,1.0,2.0,0.0,0.0,12.0,0.0,4.048896789550781,6.0,0.0,0.0,14.0,2.0,63.0,23.0,4.0,0.0,4293.2301025390625,933.9200134277344,15699.759765625,2160.3699340820312,16450.080078125,74.0,108.0,19.0,4.0,0.0,5.0,0.0,0.0,0.0,0.0,0.0,0.0,0.0,0.0,0.0,0.0,0.0,0.0,1.0,1.0,0.0,52.0,2.0,5.0,16.0,9.0,4.0,9.0,36.0,10.0,7.0,5.0,8.0,0.0,26.0,20.0,15.0,19.0,31.0,2.0,3.0,0.0,23.0,4.0,411.0,179.0,17.0,26.0,20.0,11.0,18.0,39.0,57.0,1.0,0.0,185.0,160.0,0.0,0.0,16.0,56.0,4.0,13.0,55.0,114.0,68.0,0.0,393.0,168.0,0.0,3.0,3.0,0.7659620940685272,30.0,392.03280000000007,33.30582046508789,39537.361328125,0.6094494187273085,2.0,MF,86.48648648648648
402021,Remo FREULER,43971,Switzerland,SUI,Midfielder,0.0,2.0,0.0,0.0,0.0,0.0,0.0,0.0,0.0,1.0,1.0,0.0,0.0,1.0,1.0,1.0,1.0,1.0,0.0,5.0,2.0,6.791282653808594,3.0,0.0,0.0,5.0,1.0,193.0,31.0,9.0,0.0,10968.869873046875,394.9299907684326,32542.3291015625,2684.1500854492188,27160.290771484375,148.0,172.0,27.0,8.0,3.0,9.0,0.0,0.0,0.0,0.0,0.0,0.0,0.0,0.0,0.0,0.0,0.0,0.0,0.0,0.0,0.0,84.0,3.0,6.0,28.0,24.0,18.0,19.0,69.0,7.0,5.0,1.0,1.0,3.0,49.0,40.0,31.0,37.0,38.0,1.0,5.0,3.0,29.0,6.0,694.0,256.0,25.0,43.0,138.0,147.0,228.0,100.0,328.0,1.0,0.0,324.0,299.0,0.0,0.0,125.0,34.0,3.0,9.0,96.0,227.0,105.0,0.0,1001.0,213.0,0.0,2.0,0.0,2.0029407180845737,2.0,654.8822666666666,29.437339782714844,73750.5693359375,0.07066555507481098,0.0,MF,92.28395061728395
502727,Johan MANZAMBI,43971,Switzerland,SUI,Midfielder,2.0,6.0,0.0,2.0,0.0,0.0,0.0,0.0,0.0,2.0,3.0,0.0,1.0,4.0,3.0,1.0,3.0,2.0,0.0,16.0,0.0,4.400168259938558,10.0,0.0,0.0,7.0,3.0,102.0,13.0,1.0,0.0,3847.970001220703,554.5300025939941,10123.640258789062,1388.3699340820312,8466.000244140625,46.0,75.0,14.0,3.0,3.0,1.0,0.0,0.0,0.0,0.0,0.0,0.0,0.0,0.0,3.0,0.0,3.0,0.0,0.0,0.0,0.0,16.0,1.0,0.0,1.0,0.0,0.0,0.0,8.0,7.0,4.0,4.0,5.0,1.0,8.0,4.0,4.0,6.0,15.0,0.0,0.0,0.0,7.0,4.0,153.0,74.0,10.0,37.0,66.0,12.0,82.0,33.0,115.0,1.0,0.0,54.0,43.0,0.0,0.0,36.0,36.0,5.0,10.0,47.0,26.0,57.0,0.0,345.0,113.0,2.0,2.0,5.0,2.9255502223968506,1.0,220.75888333333333,33.90464401245117,24380.51025390625,0.6340498104691505,0.0,MF,79.62962962962963
311558,Granit XHAKA,43971,Switzerland,SUI,Midfielder,0.0,9.0,0.0,0.0,0.0,0.0,0.0,1.0,1.0,1.0,6.0,1.0,0.0,1.0,1.0,7.0,2.0,8.0,1.0,14.0,8.0,6.5065992673238116,8.0,8.0,0.0,4.0,0.0,116.0,18.0,25.0,0.0,13158.419921875,332.69000244140625,31529.18994140625,3041.5599975585938,24713.9599609375,191.0,227.0,28.0,4.0,12.0,26.0,0.0,0.0,0.0,0.0,0.0,0.0,0.0,0.0,1.0,0.0,1.0,0.0,0.0,1.0,0.0,221.0,9.0,31.0,79.0,61.0,35.0,39.0,168.0,15.0,7.0,2.0,2.0,4.0,127.0,100.0,72.0,83.0,96.0,3.0,23.0,2.0,70.0,6.0,997.0,367.0,37.0,5.0,129.0,196.0,231.0,99.0,330.0,0.0,0.0,470.0,427.0,1.0,1.0,157.0,35.0,0.0,16.0,94.0,364.0,110.0,0.0,1062.0,210.0,0.0,0.0,2.0,0.401804905384779,1.0,673.6380666666668,28.856874465942383,72775.818359375,1.1607618033885956,2.0,MF,90.85106382978724
313559,Ricardo RODRIGUEZ,43971,Switzerland,SUI,Defender,1.0,1.0,0.0,0.0,0.0,0.0,0.0,0.0,0.0,0.0,1.0,0.0,0.0,0.0,0.0,1.0,0.0,1.0,0.0,4.0,4.0,5.82844614982605,3.0,2.0,4.0,17.0,3.0,60.0,16.0,3.0,0.0,6371.929992675781,603.160026550293,21455.310302734375,2577.8600463867188,24234.18017578125,112.0,152.0,24.0,11.0,2.0,3.0,0.0,0.0,0.0,0.0,0.0,0.0,0.0,0.0,0.0,0.0,0.0,0.0,0.0,0.0,0.0,162.0,16.0,12.0,55.0,34.0,20.0,27.0,92.0,24.0,8.0,1.0,5.0,3.0,83.0,50.0,36.0,52.0,79.0,7.0,7.0,0.0,42.0,6.0,603.0,250.0,21.0,42.0,39.0,27.0,18.0,90.0,108.0,0.0,0.0,295.0,243.0,0.0,0.0,51.0,44.0,4.0,2.0,80.0,188.0,82.0,0.0,541.0,200.0,0.0,3.0,1.0,0.3970307018607855,39.0,567.6545666666667,31.063570022583008,55242.4384765625,0.01869914121925831,0.0,DF,82.37288135593221
411226,Djibril SOW,43971,Switzerland,SUI,Midfielder,0.0,2.0,0.0,0.0,0.0,0.0,1.0,0.0,0.0,0.0,1.0,0.0,0.0,1.0,0.0,1.0,1.0,1.0,1.0,0.0,1.0,4.56621781984965,0.0,1.0,0.0,4.0,1.0,54.0,5.0,0.0,0.0,4731.659912109375,512.0699996948242,14174.380004882812,2008.0499877929688,9757.309936523438,58.0,71.0,8.0,5.0,4.0,0.0,,,0.0,0.0,0.0,0.0,0.0,0.0,0.0,0.0,0.0,0.0,0.0,0.0,0.0,27.0,2.0,3.0,8.0,7.0,2.0,3.0,21.0,7.0,4.0,2.0,3.0,2.0,12.0,10.0,5.0,5.0,19.0,2.0,3.0,0.0,14.0,4.0,215.0,90.0,7.0,26.0,63.0,23.0,59.0,53.0,112.0,0.0,0.0,97.0,83.0,0.0,0.0,35.0,19.0,4.0,3.0,47.0,53.0,50.0,0.0,421.0,147.0,2.0,2.0,0.0,2.9891952872276306,4.0,276.7160166666667,31.65471839904785,31183.46923828125,0.2293056696653366,0.0,MF,85.56701030927834
433147,Michel AEBISCHER,43971,Switzerland,SUI,Midfielder,0.0,2.0,0.0,0.0,0.0,0.0,0.0,0.0,0.0,0.0,2.0,0.0,0.0,2.0,1.0,1.0,1.0,0.0,0.0,3.0,0.0,4.860491434733073,3.0,0.0,5.0,6.0,0.0,52.0,6.0,2.0,0.0,3445.260025024414,481.1200141906738,7796.380126953125,1582.6100006103516,7742.180358886719,31.0,43.0,8.0,3.0,2.0,2.0,0.0,0.0,0.0,0.0,0.0,0.0,0.0,0.0,0.0,0.0,0.0,0.0,1.0,0.0,0.0,19.0,0.0,0.0,2.0,2.0,2.0,2.0,13.0,3.0,1.0,0.0,1.0,2.0,14.0,10.0,9.0,12.0,9.0,0.0,0.0,1.0,5.0,4.0,173.0,71.0,13.0,24.0,52.0,23.0,59.0,40.0,99.0,0.0,0.0,76.0,66.0,0.0,0.0,21.0,27.0,2.0,3.0,27.0,52.0,30.0,0.0,321.0,117.0,2.0,2.0,2.0,2.3683768436312675,2.0,176.92998333333333,31.2656192779541,21047.550537109375,0.33900654315948486,0.0,MF,86.8421052631579
448103,Fabian RIEDER,43971,Switzerland,SUI,Midfielder,0.0,7.0,0.0,3.0,1.0,0.0,1.0,1.0,1.0,2.0,2.0,0.0,0.0,4.0,2.0,3.0,2.0,3.0,0.0,8.0,2.0,6.038580099741618,3.0,2.0,8.0,16.0,0.0,210.0,30.0,5.0,0.0,6485.689880371094,692.5599746704102,16995.380126953125,2319.119918823242,12436.550598144531,54.0,80.0,19.0,3.0,6.0,5.0,0.0,0.0,0.0,0.0,0.0,0.0,0.0,0.0,0.0,0.0,0.0,0.0,0.0,0.0,0.0,32.0,3.0,1.0,4.0,2.0,0.0,0.0,14.0,10.0,4.0,2.0,5.0,2.0,18.0,8.0,6.0,12.0,11.0,2.0,0.0,0.0,6.0,5.0,232.0,118.0,15.0,48.0,110.0,14.0,106.0,66.0,172.0,0.0,0.0,87.0,71.0,0.0,0.0,36.0,56.0,7.0,15.0,67.0,33.0,82.0,0.0,566.0,179.0,2.0,3.0,2.0,5.197326183319092,1.0,332.84105000000005,32.820194244384766,38929.30078125,1.0901505053043365,0.0,MF,81.60919540229885
433362,Ali ABDI,43888,Tunisia,TUN,Defender,0.0,1.0,0.0,0.0,0.0,0.0,1.0,0.0,0.0,0.0,0.0,0.0,0.0,0.0,0.0,1.0,0.0,1.0,0.0,5.0,0.0,6.130573908487956,3.0,0.0,1.0,5.0,0.0,102.0,24.0,0.0,0.0,3823.300048828125,823.6900329589844,10993.81005859375,2083.7200317382812,12208.4501953125,28.0,50.0,22.0,4.0,2.0,0.0,0.0,0.0,0.0,0.0,0.0,0.0,0.0,0.0,0.0,0.0,0.0,0.0,0.0,0.0,0.0,26.0,3.0,1.0,12.0,7.0,5.0,8.0,15.0,5.0,3.0,1.0,2.0,0.0,9.0,5.0,3.0,5.0,10.0,2.0,0.0,0.0,2.0,3.0,153.0,88.0,2.0,46.0,48.0,8.0,21.0,81.0,102.0,0.0,0.0,74.0,51.0,0.0,0.0,23.0,17.0,5.0,5.0,30.0,30.0,35.0,0.0,343.0,150.0,0.0,1.0,2.0,1.2781241089105606,19.0,293.00266666666664,34.80824279785156,29932.970703125,0.04680574685335159,0.0,DF,68.91891891891892
433380,Montassar TALBI,43888,Tunisia,TUN,Defender,0.0,1.0,0.0,0.0,0.0,1.0,0.0,0.0,0.0,0.0,0.0,0.0,0.0,1.0,0.0,0.0,0.0,0.0,0.0,0.0,4.0,6.015115420023601,0.0,3.0,0.0,0.0,0.0,17.0,6.0,3.0,0.0,3213.800048828125,451.7300109863281,13596.73046875,1017.8199768066406,11665.7099609375,28.0,32.0,5.0,1.0,1.0,5.0,0.0,0.0,0.0,0.0,0.0,0.0,0.0,1.0,0.0,0.0,0.0,0.0,1.0,2.0,0.0,20.0,0.0,4.0,14.0,9.0,7.0,10.0,13.0,0.0,0.0,0.0,0.0,0.0,6.0,4.0,2.0,2.0,10.0,0.0,2.0,0.0,7.0,3.0,236.0,89.0,1.0,2.0,2.0,26.0,11.0,19.0,30.0,0.0,0.0,113.0,107.0,0.0,0.0,17.0,2.0,0.0,2.0,22.0,85.0,24.0,0.0,275.0,77.0,0.0,0.0,0.0,0.1983206383883953,0.0,298.7354833333333,30.599586486816406,29945.7900390625,0.0781136304140091,0.0,DF,94.69026548672566
433367,Omar Rekik,43888,Tunisia,TUN,Defender,0.0,1.0,0.0,0.0,0.0,0.0,1.0,1.0,0.0,0.0,0.0,0.0,0.0,1.0,1.0,0.0,1.0,0.0,0.0,3.0,1.0,4.083762327829997,3.0,1.0,0.0,2.0,0.0,17.0,5.0,2.0,0.0,2329.4600830078125,365.80001068115234,8711.2294921875,888.3899230957031,8182.3798828125,21.0,37.0,5.0,0.0,1.0,2.0,0.0,0.0,0.0,0.0,0.0,0.0,0.0,0.0,1.0,0.0,1.0,0.0,1.0,0.0,0.0,43.0,3.0,5.0,21.0,15.0,11.0,13.0,28.0,4.0,1.0,0.0,0.0,1.0,18.0,12.0,8.0,9.0,17.0,1.0,3.0,0.0,9.0,2.0,205.0,82.0,2.0,0.0,9.0,16.0,2.0,23.0,25.0,1.0,0.0,93.0,77.0,0.0,0.0,15.0,7.0,0.0,1.0,21.0,74.0,22.0,0.0,199.0,66.0,0.0,0.0,0.0,0.2220865786075592,0.0,200.57511666666664,30.720247268676758,20477.259765625,0.11460399627685547,0.0,DF,82.79569892473118
433378,Hannibal MEJBRI,43888,Tunisia,TUN,Midfielder,2.0,3.0,0.0,0.0,0.0,0.0,0.0,1.0,1.0,1.0,1.0,0.0,0.0,0.0,0.0,2.0,1.0,3.0,1.0,11.0,7.0,6.271551609039307,6.0,5.0,4.0,9.0,3.0,125.0,17.0,7.0,0.0,4090.2999267578125,486.20997619628906,13658.16064453125,1360.0299987792969,11626.39013671875,68.0,103.0,19.0,4.0,15.0,7.0,0.0,0.0,0.0,0.0,0.0,0.0,0.0,0.0,0.0,0.0,0.0,0.0,0.0,0.0,0.0,74.0,7.0,7.0,19.0,10.0,4.0,5.0,46.0,11.0,6.0,2.0,3.0,1.0,44.0,30.0,23.0,29.0,54.0,3.0,3.0,1.0,34.0,3.0,289.0,129.0,10.0,25.0,93.0,32.0,73.0,77.0,150.0,0.0,0.0,123.0,94.0,0.0,0.0,55.0,30.0,3.0,6.0,69.0,70.0,75.0,0.0,368.0,102.0,0.0,0.0,2.0,0.9784177988767624,3.0,298.7354833333333,31.68494987487793,31221.08984375,0.05578267574310303,0.0,MF,76.42276422764228
464484,Ismael GHARBI,43888,Tunisia,TUN,Midfielder,0.0,3.0,0.0,1.0,1.0,0.0,1.0,0.0,0.0,0.0,0.0,0.0,0.0,2.0,0.0,2.0,0.0,1.0,0.0,5.0,0.0,6.440303484598796,1.0,0.0,1.0,1.0,0.0,62.0,9.0,4.0,0.0,2206.1699829101562,368.63999938964844,7238.550048828125,900.4599914550781,5040.02978515625,20.0,27.0,3.0,0.0,2.0,4.0,0.0,0.0,0.0,0.0,0.0,0.0,0.0,0.0,0.0,0.0,0.0,0.0,0.0,0.0,0.0,3.0,0.0,0.0,0.0,0.0,0.0,0.0,2.0,0.0,0.0,0.0,0.0,0.0,3.0,2.0,2.0,3.0,1.0,0.0,0.0,0.0,1.0,3.0,84.0,48.0,5.0,12.0,36.0,12.0,36.0,24.0,60.0,0.0,0.0,36.0,35.0,0.0,0.0,16.0,14.0,0.0,1.0,20.0,20.0,21.0,0.0,185.0,65.0,2.0,1.0,1.0,0.7408831566572189,3.0,142.11405000000002,31.01346206665039,15753.848754882812,0.26303111854940653,0.0,MF,97.22222222222221
336459,Rani Khedira,43888,Tunisia,TUN,Midfielder,0.0,1.0,0.0,0.0,0.0,0.0,0.0,0.0,0.0,0.0,1.0,0.0,0.0,0.0,0.0,0.0,0.0,1.0,0.0,0.0,0.0,7.489381790161133,0.0,0.0,0.0,1.0,0.0,49.0,10.0,0.0,0.0,2694.8900451660156,106.85999870300293,8987.309936523438,826.7500228881836,5961.57014465332,12.0,18.0,6.0,3.0,0.0,0.0,0.0,0.0,0.0,0.0,0.0,0.0,0.0,0.0,0.0,0.0,0.0,0.0,0.0,0.0,0.0,8.0,1.0,1.0,3.0,1.0,1.0,1.0,3.0,2.0,1.0,1.0,1.0,0.0,3.0,1.0,1.0,1.0,4.0,0.0,0.0,0.0,2.0,3.0,74.0,41.0,2.0,11.0,17.0,7.0,31.0,4.0,35.0,0.0,0.0,30.0,25.0,0.0,0.0,10.0,5.0,1.0,5.0,14.0,12.0,19.0,0.0,218.0,49.0,1.0,2.0,0.0,1.0588943734765053,0.0,162.7532,28.73027992248535,18577.379821777344,0.056836940348148346,1.0,MF,83.33333333333334
411658,Ellyes SKHIRI,43888,Tunisia,TUN,Midfielder,0.0,0.0,0.0,0.0,0.0,0.0,0.0,,0.0,0.0,0.0,0.0,0.0,0.0,0.0,0.0,0.0,0.0,0.0,2.0,2.0,6.6140031814575195,1.0,2.0,0.0,0.0,0.0,40.0,10.0,6.0,0.0,3244.5201416015625,237.47999572753906,14602.1396484375,824.5299835205078,10426.1396484375,37.0,43.0,10.0,0.0,1.0,7.0,0.0,0.0,0.0,0.0,0.0,0.0,0.0,1.0,0.0,0.0,0.0,0.0,0.0,1.0,0.0,38.0,3.0,0.0,16.0,13.0,13.0,13.0,26.0,3.0,0.0,0.0,0.0,0.0,19.0,13.0,13.0,16.0,19.0,0.0,0.0,0.0,12.0,3.0,230.0,100.0,0.0,2.0,18.0,43.0,53.0,10.0,63.0,0.0,1.0,109.0,99.0,0.0,0.0,22.0,7.0,0.0,4.0,16.0,86.0,20.0,0.0,286.0,59.0,0.0,2.0,0.0,0.2013332713395357,0.0,267.70141666666666,31.1979923248291,29334.8095703125,0.0,0.0,MF,90.82568807339449
419189,Yan Valery,43888,Tunisia,TUN,Defender,0.0,0.0,0.0,0.0,0.0,0.0,0.0,0.0,0.0,0.0,0.0,0.0,0.0,0.0,0.0,0.0,0.0,0.0,0.0,4.0,1.0,6.389233430226644,3.0,1.0,0.0,7.0,2.0,68.0,10.0,0.0,0.0,3566.5399169921875,802.4400024414062,12132.119873046875,1909.169921875,10846.010009765625,32.0,50.0,13.0,4.0,1.0,0.0,0.0,0.0,0.0,0.0,0.0,0.0,0.0,0.0,0.0,0.0,0.0,0.0,0.0,0.0,0.0,32.0,3.0,0.0,10.0,3.0,3.0,7.0,9.0,8.0,1.0,0.0,4.0,1.0,14.0,5.0,4.0,10.0,14.0,0.0,0.0,1.0,4.0,3.0,163.0,87.0,3.0,38.0,33.0,9.0,5.0,75.0,80.0,1.0,0.0,80.0,54.0,0.0,0.0,24.0,28.0,4.0,2.0,33.0,38.0,35.0,0.0,296.0,130.0,0.0,1.0,3.0,0.5319169536232948,25.0,274.07061666666664,33.094329833984375,29256.28125,0.0,0.0,DF,67.5
425607,Mohamed Amine BEN HMIDA,43888,Tunisia,TUN,Defender,0.0,0.0,0.0,0.0,0.0,0.0,0.0,,0.0,0.0,0.0,0.0,0.0,0.0,0.0,0.0,0.0,0.0,0.0,4.0,1.0,5.954226175944011,4.0,0.0,0.0,0.0,0.0,30.0,11.0,1.0,0.0,1992.3999328613281,353.15999603271484,9271.130126953125,843.8500366210938,9568.039794921875,30.0,40.0,7.0,3.0,1.0,2.0,0.0,0.0,0.0,0.0,0.0,0.0,0.0,0.0,0.0,0.0,0.0,0.0,0.0,1.0,0.0,54.0,0.0,11.0,30.0,24.0,18.0,19.0,35.0,1.0,0.0,0.0,0.0,1.0,23.0,11.0,5.0,11.0,23.0,0.0,6.0,0.0,15.0,3.0,208.0,84.0,2.0,2.0,0.0,36.0,12.0,26.0,38.0,0.0,0.0,98.0,81.0,0.0,0.0,16.0,1.0,0.0,2.0,16.0,77.0,18.0,0.0,167.0,70.0,1.0,1.0,0.0,0.06906821019947529,4.0,221.79108333333335,33.79536437988281,22028.58056640625,0.0,0.0,DF,82.6530612244898
433361,Anis SLIMANE,43888,Tunisia,TUN,Midfielder,0.0,1.0,0.0,0.0,0.0,0.0,1.0,0.0,0.0,0.0,0.0,0.0,0.0,1.0,1.0,0.0,1.0,0.0,0.0,5.0,2.0,7.162879625956218,3.0,2.0,2.0,4.0,2.0,92.0,5.0,5.0,0.0,4315.4100341796875,441.20997619628906,15214.98046875,1770.89990234375,8915.43994140625,32.0,49.0,5.0,0.0,0.0,5.0,0.0,0.0,0.0,0.0,0.0,0.0,0.0,0.0,0.0,0.0,0.0,0.0,1.0,0.0,0.0,23.0,1.0,2.0,5.0,4.0,1.0,2.0,18.0,2.0,1.0,0.0,1.0,0.0,16.0,13.0,10.0,13.0,16.0,1.0,2.0,0.0,14.0,3.0,162.0,78.0,4.0,57.0,85.0,38.0,149.0,31.0,180.0,2.0,0.0,75.0,59.0,0.0,0.0,42.0,30.0,0.0,9.0,33.0,35.0,42.0,0.0,408.0,123.0,0.0,2.0,0.0,2.3778228983283043,1.0,257.30771666666664,30.265153884887695,30657.939453125,0.11029890179634094,0.0,MF,78.66666666666666
433072,Zeki CELIK,43972,Türkiye,TUR,Defender,0.0,1.0,0.0,0.0,0.0,0.0,0.0,0.0,0.0,0.0,1.0,0.0,0.0,1.0,1.0,0.0,1.0,0.0,0.0,3.0,1.0,4.4049027760823565,2.0,1.0,1.0,1.0,0.0,35.0,9.0,0.0,0.0,2672.2900390625,507.6999816894531,8116.5,1085.4199829101562,6730.919677734375,33.0,44.0,5.0,1.0,0.0,1.0,0.0,0.0,0.0,0.0,0.0,0.0,0.0,0.0,0.0,0.0,0.0,0.0,0.0,1.0,0.0,26.0,0.0,3.0,15.0,13.0,11.0,12.0,21.0,1.0,1.0,0.0,0.0,1.0,10.0,7.0,4.0,6.0,13.0,0.0,2.0,1.0,9.0,2.0,164.0,74.0,10.0,24.0,19.0,31.0,13.0,61.0,74.0,0.0,0.0,79.0,70.0,0.0,0.0,23.0,7.0,3.0,1.0,28.0,42.0,29.0,0.0,224.0,87.0,0.0,2.0,0.0,0.8006115853786469,10.0,173.60865,34.69419860839844,19112.828125,0.10053467750549316,0.0,DF,88.60759493670885
441179,Merih DEMIRAL,43972,Türkiye,TUR,Defender,0.0,6.0,0.0,0.0,0.0,0.0,2.0,0.0,0.0,0.0,4.0,0.0,0.0,3.0,0.0,4.0,2.0,3.0,2.0,2.0,2.0,4.054315567016602,0.0,2.0,0.0,1.0,0.0,9.0,3.0,0.0,0.0,1709.5798950195312,466.260009765625,8665.910400390625,715.300048828125,9654.14013671875,31.0,43.0,3.0,2.0,1.0,0.0,0.0,0.0,0.0,0.0,0.0,0.0,0.0,0.0,0.0,0.0,0.0,0.0,2.0,0.0,0.0,29.0,3.0,5.0,13.0,10.0,4.0,5.0,21.0,5.0,2.0,0.0,2.0,0.0,11.0,9.0,3.0,3.0,12.0,2.0,4.0,0.0,4.0,2.0,273.0,101.0,20.0,17.0,4.0,15.0,19.0,17.0,36.0,3.0,0.0,124.0,119.0,0.0,0.0,16.0,10.0,2.0,6.0,20.0,105.0,26.0,0.0,153.0,57.0,0.0,0.0,0.0,1.5571612119674683,3.0,208.81293333333332,33.81356430053711,21211.189453125,0.23991191387176514,0.0,DF,95.96774193548387
389907,Salih OZCAN,43972,Türkiye,TUR,Midfielder,0.0,0.0,0.0,0.0,0.0,0.0,0.0,,0.0,0.0,0.0,0.0,0.0,0.0,0.0,0.0,0.0,0.0,0.0,0.0,2.0,4.647999445597331,0.0,2.0,0.0,1.0,0.0,33.0,12.0,1.0,0.0,2023.8900451660156,163.53999423980713,5919.5806884765625,848.9700012207031,4244.639831542969,22.0,29.0,5.0,2.0,2.0,1.0,0.0,0.0,0.0,0.0,0.0,0.0,0.0,0.0,0.0,0.0,0.0,0.0,0.0,0.0,0.0,27.0,2.0,2.0,9.0,6.0,4.0,5.0,15.0,3.0,1.0,0.0,1.0,0.0,15.0,8.0,6.0,11.0,19.0,1.0,1.0,0.0,11.0,2.0,133.0,56.0,3.0,1.0,6.0,20.0,23.0,4.0,27.0,0.0,0.0,61.0,52.0,0.0,0.0,8.0,1.0,0.0,1.0,29.0,33.0,30.0,0.0,168.0,60.0,1.0,0.0,0.0,0.3701251298189163,0.0,120.65668333333333,28.62163543701172,13200.6201171875,0.0,0.0,MF,85.24590163934425
433118,Orkun KOKCU,43972,Türkiye,TUR,Midfielder,1.0,3.0,0.0,0.0,0.0,0.0,1.0,0.0,0.0,0.0,2.0,0.0,0.0,2.0,0.0,2.0,0.0,1.0,0.0,5.0,0.0,6.597462336222331,3.0,0.0,2.0,6.0,0.0,37.0,9.0,4.0,0.0,2586.939910888672,317.53000259399414,8746.799682617188,850.8400573730469,6717.910003662109,32.0,59.0,7.0,2.0,4.0,4.0,0.0,0.0,0.0,0.0,0.0,0.0,0.0,0.0,0.0,0.0,0.0,0.0,0.0,0.0,0.0,38.0,1.0,3.0,7.0,3.0,1.0,3.0,21.0,4.0,1.0,1.0,2.0,1.0,27.0,17.0,15.0,22.0,19.0,0.0,2.0,0.0,8.0,3.0,204.0,87.0,13.0,20.0,48.0,37.0,73.0,32.0,105.0,0.0,0.0,85.0,60.0,0.0,0.0,33.0,23.0,2.0,4.0,37.0,57.0,41.0,0.0,207.0,67.0,1.0,2.0,2.0,1.4953924417495728,1.0,172.91901666666666,31.273176193237305,19220.020141601562,0.5604425854980946,0.0,MF,70.58823529411765
369304,Hakan CALHANOGLU,43972,Türkiye,TUR,Midfielder,0.0,11.0,0.0,5.0,0.0,0.0,0.0,1.0,1.0,4.0,6.0,0.0,0.0,2.0,0.0,4.0,2.0,9.0,2.0,5.0,7.0,4.594814459482829,5.0,6.0,8.0,10.0,1.0,28.0,5.0,6.0,0.0,4010.5802001953125,190.1600112915039,11371.4697265625,931.449951171875,7500.3798828125,85.0,109.0,11.0,2.0,1.0,6.0,0.0,0.0,0.0,0.0,0.0,0.0,0.0,0.0,0.0,0.0,0.0,0.0,0.0,0.0,0.0,61.0,1.0,3.0,11.0,9.0,7.0,7.0,48.0,5.0,3.0,0.0,0.0,4.0,45.0,36.0,32.0,37.0,34.0,1.0,1.0,2.0,24.0,2.0,420.0,156.0,32.0,8.0,27.0,44.0,53.0,26.0,79.0,0.0,0.0,190.0,171.0,0.0,0.0,36.0,9.0,2.0,2.0,52.0,145.0,54.0,0.0,319.0,72.0,0.0,0.0,0.0,0.6422556936740875,0.0,208.81293333333332,30.1351375579834,24004.0400390625,0.4027538001537323,0.0,MF,90.0
484065,Eren ELMALI,43972,Türkiye,TUR,Defender,0.0,0.0,0.0,0.0,0.0,0.0,0.0,0.0,0.0,0.0,0.0,0.0,0.0,0.0,0.0,0.0,0.0,0.0,0.0,4.0,1.0,4.453310966491699,3.0,1.0,0.0,4.0,1.0,26.0,3.0,0.0,0.0,1914.7600708007812,528.4699935913086,5540.570068359375,685.0400085449219,5859.3701171875,29.0,40.0,4.0,2.0,1.0,0.0,,,0.0,0.0,0.0,0.0,0.0,0.0,0.0,0.0,0.0,0.0,0.0,0.0,0.0,13.0,0.0,1.0,6.0,5.0,5.0,5.0,11.0,1.0,1.0,1.0,1.0,0.0,6.0,5.0,5.0,5.0,10.0,0.0,0.0,0.0,8.0,2.0,121.0,55.0,5.0,12.0,11.0,3.0,11.0,15.0,26.0,0.0,0.0,59.0,52.0,0.0,0.0,10.0,8.0,3.0,1.0,29.0,23.0,30.0,0.0,135.0,60.0,1.0,0.0,2.0,1.104625940322876,11.0,134.03019999999998,34.75431823730469,14528.21044921875,0.0,1.0,DF,88.13559322033898
484082,Abdulkerim BARDAKCI,43972,Türkiye,TUR,Defender,0.0,3.0,0.0,1.0,0.0,0.0,0.0,0.0,0.0,1.0,2.0,0.0,0.0,1.0,0.0,2.0,0.0,2.0,0.0,5.0,5.0,6.0808664957682295,4.0,3.0,0.0,6.0,2.0,27.0,12.0,10.0,0.0,3037.02001953125,512.8799896240234,12509.739990234375,1178.2899780273438,13181.080078125,42.0,61.0,3.0,1.0,3.0,12.0,0.0,0.0,0.0,0.0,0.0,0.0,0.0,7.0,0.0,0.0,0.0,0.0,0.0,2.0,0.0,82.0,2.0,14.0,29.0,20.0,12.0,13.0,56.0,3.0,1.0,0.0,0.0,1.0,50.0,35.0,26.0,33.0,35.0,0.0,8.0,1.0,19.0,3.0,516.0,184.0,20.0,2.0,1.0,22.0,11.0,14.0,25.0,0.0,0.0,242.0,222.0,0.0,0.0,19.0,2.0,1.0,1.0,23.0,212.0,24.0,0.0,258.0,93.0,0.0,1.0,1.0,0.5645550712943077,1.0,300.14936666666665,31.53774070739746,30419.009765625,0.0696192579343915,0.0,DF,91.73553719008265
406249,Ozan KABAK,43972,Türkiye,TUR,Defender,0.0,0.0,0.0,0.0,0.0,0.0,0.0,0.0,0.0,0.0,0.0,0.0,0.0,0.0,0.0,0.0,0.0,0.0,0.0,2.0,0.0,1.9762053489685059,2.0,0.0,0.0,0.0,0.0,10.0,7.0,2.0,0.0,1145.1300048828125,123.10999298095703,4395.7705078125,431.9100036621094,4270.40966796875,15.0,21.0,3.0,3.0,0.0,2.0,,,0.0,0.0,0.0,0.0,0.0,0.0,0.0,0.0,0.0,0.0,0.0,0.0,0.0,15.0,1.0,1.0,5.0,1.0,1.0,3.0,6.0,2.0,0.0,0.0,0.0,1.0,8.0,5.0,5.0,5.0,6.0,0.0,0.0,0.0,2.0,1.0,73.0,31.0,1.0,0.0,4.0,12.0,9.0,7.0,16.0,0.0,0.0,36.0,26.0,0.0,0.0,8.0,2.0,0.0,2.0,9.0,24.0,11.0,0.0,100.0,33.0,0.0,0.0,2.0,0.07315050065517426,0.0,104.90254999999999,30.81171989440918,10366.330078125,0.0,0.0,DF,72.22222222222221
484092,Ismail YUKSEK,43972,Türkiye,TUR,Midfielder,0.0,5.0,0.0,0.0,1.0,1.0,0.0,0.0,0.0,1.0,2.0,0.0,0.0,3.0,0.0,5.0,0.0,2.0,0.0,5.0,2.0,4.432943026224772,5.0,2.0,0.0,1.0,0.0,34.0,13.0,1.0,0.0,1884.6900024414062,265.6399917602539,7478.43017578125,604.510009765625,6692.7099609375,43.0,57.0,16.0,2.0,0.0,2.0,0.0,0.0,0.0,0.0,0.0,0.0,0.0,0.0,0.0,0.0,0.0,0.0,1.0,1.0,0.0,27.0,0.0,0.0,12.0,10.0,10.0,12.0,21.0,2.0,1.0,0.0,0.0,2.0,13.0,10.0,9.0,11.0,16.0,0.0,0.0,1.0,12.0,2.0,249.0,103.0,19.0,7.0,11.0,30.0,35.0,13.0,48.0,0.0,0.0,111.0,104.0,0.0,0.0,23.0,4.0,2.0,6.0,27.0,85.0,33.0,0.0,156.0,43.0,0.0,2.0,3.0,0.8870571851730347,1.0,153.4686,32.27121353149414,16925.97998046875,0.3157830536365509,0.0,MF,93.69369369369369
430120,Mert MULDUR,43972,Türkiye,TUR,Defender,0.0,3.0,0.0,0.0,0.0,1.0,1.0,1.0,0.0,0.0,0.0,0.0,0.0,3.0,0.0,3.0,0.0,0.0,0.0,4.0,0.0,7.496017138163249,3.0,0.0,0.0,6.0,1.0,10.0,5.0,0.0,0.0,1795.4200744628906,606.610034942627,6361.380279541016,740.9700241088867,5628.910705566406,33.0,54.0,1.0,1.0,2.0,0.0,0.0,0.0,0.0,0.0,0.0,0.0,0.0,0.0,0.0,0.0,0.0,0.0,3.0,0.0,0.0,22.0,1.0,0.0,4.0,4.0,3.0,3.0,21.0,4.0,4.0,1.0,1.0,2.0,14.0,13.0,10.0,11.0,14.0,1.0,0.0,2.0,13.0,3.0,173.0,81.0,13.0,20.0,24.0,8.0,8.0,44.0,52.0,0.0,0.0,81.0,72.0,0.0,0.0,20.0,27.0,2.0,5.0,21.0,52.0,26.0,0.0,145.0,57.0,2.0,0.0,0.0,2.713717997074127,15.0,132.43903333333333,31.549135208129883,15133.289672851562,0.22330784797668457,0.0,DF,88.88888888888889
484113,Ferdi KADIOGLU,43972,Türkiye,TUR,Defender,0.0,1.0,0.0,0.0,0.0,0.0,0.0,0.0,0.0,0.0,1.0,0.0,0.0,0.0,0.0,1.0,0.0,1.0,0.0,6.0,1.0,4.364539464314778,5.0,0.0,0.0,4.0,0.0,16.0,7.0,2.0,0.0,2607.260009765625,491.32000732421875,7930.77001953125,1255.1799926757812,7267.900146484375,65.0,81.0,0.0,0.0,3.0,2.0,0.0,0.0,0.0,0.0,0.0,0.0,0.0,0.0,0.0,0.0,0.0,0.0,0.0,0.0,0.0,64.0,4.0,0.0,10.0,8.0,6.0,6.0,52.0,9.0,7.0,2.0,2.0,3.0,45.0,37.0,32.0,38.0,29.0,2.0,0.0,3.0,20.0,2.0,353.0,136.0,25.0,30.0,33.0,34.0,36.0,61.0,97.0,0.0,0.0,175.0,161.0,0.0,0.0,42.0,32.0,2.0,2.0,39.0,120.0,41.0,0.0,218.0,101.0,0.0,1.0,1.0,0.9389889240264893,22.0,179.68528333333333,32.06250762939453,19552.4306640625,0.039218753576278687,0.0,DF,92.0
419108,Sebastian CACERES,43930,Uruguay,URU,Defender,0.0,3.0,0.0,1.0,0.0,2.0,0.0,0.0,0.0,0.0,1.0,0.0,0.0,2.0,0.0,2.0,0.0,1.0,0.0,6.0,3.0,5.81428337097168,4.0,3.0,0.0,1.0,0.0,31.0,13.0,4.0,0.0,3527.989990234375,572.1700439453125,11989.64013671875,1168.2400207519531,13101.6201171875,23.0,44.0,8.0,2.0,2.0,4.0,0.0,0.0,0.0,0.0,0.0,0.0,0.0,0.0,0.0,0.0,0.0,0.0,2.0,0.0,0.0,62.0,2.0,12.0,27.0,18.0,10.0,13.0,40.0,4.0,2.0,0.0,1.0,1.0,31.0,20.0,11.0,16.0,25.0,1.0,7.0,1.0,10.0,3.0,373.0,136.0,11.0,1.0,0.0,30.0,18.0,13.0,31.0,0.0,0.0,172.0,154.0,0.0,0.0,12.0,4.0,0.0,5.0,15.0,157.0,20.0,0.0,303.0,98.0,0.0,0.0,0.0,0.3446606397628784,0.0,313.2592666666667,32.97467803955078,30359.6611328125,0.13446678034961224,0.0,DF,89.53488372093024
441623,Manuel UGARTE,43930,Uruguay,URU,Midfielder,0.0,3.0,0.0,0.0,0.0,0.0,0.0,0.0,0.0,2.0,1.0,0.0,0.0,0.0,0.0,2.0,1.0,3.0,1.0,3.0,1.0,6.398842175801595,3.0,0.0,0.0,0.0,0.0,40.0,17.0,1.0,0.0,2571.0601196289062,211.06999969482422,9541.66015625,941.9199523925781,7841.6800537109375,66.0,83.0,3.0,1.0,0.0,1.0,0.0,0.0,0.0,0.0,0.0,0.0,0.0,0.0,0.0,0.0,0.0,0.0,0.0,0.0,0.0,43.0,2.0,5.0,10.0,6.0,3.0,3.0,28.0,4.0,2.0,1.0,1.0,1.0,29.0,20.0,16.0,21.0,25.0,0.0,3.0,1.0,15.0,3.0,296.0,102.0,13.0,1.0,20.0,72.0,73.0,20.0,93.0,0.0,0.0,136.0,118.0,0.0,0.0,45.0,4.0,0.0,4.0,57.0,81.0,61.0,0.0,239.0,72.0,0.0,3.0,0.0,0.37901151832193136,0.0,197.5157,31.818552017211914,21107.39013671875,0.08611596375703812,0.0,MF,86.76470588235294
386538,Rodrigo BENTANCUR,43930,Uruguay,URU,Midfielder,0.0,4.0,0.0,1.0,0.0,2.0,0.0,1.0,0.0,0.0,1.0,0.0,0.0,3.0,0.0,2.0,0.0,1.0,0.0,9.0,0.0,6.443106969197591,7.0,0.0,0.0,3.0,0.0,82.0,15.0,2.0,0.0,3875.7401123046875,589.0699920654297,12963.150390625,1817.6400146484375,14399.1591796875,92.0,117.0,9.0,7.0,5.0,2.0,0.0,0.0,0.0,0.0,0.0,0.0,0.0,0.0,0.0,0.0,0.0,0.0,3.0,0.0,0.0,48.0,1.0,4.0,13.0,11.0,7.0,8.0,38.0,2.0,1.0,1.0,1.0,0.0,33.0,26.0,22.0,28.0,24.0,0.0,4.0,0.0,18.0,3.0,396.0,161.0,16.0,23.0,57.0,60.0,111.0,29.0,140.0,0.0,0.0,174.0,157.0,0.0,0.0,50.0,24.0,1.0,16.0,66.0,107.0,82.0,0.0,352.0,145.0,0.0,0.0,4.0,1.119505263864994,1.0,313.2592666666667,32.57386779785156,33644.76171875,0.3159387782216072,1.0,MF,90.22988505747126
402898,Nicolas DE LA CRUZ,43930,Uruguay,URU,Midfielder,0.0,4.0,0.0,1.0,0.0,0.0,0.0,0.0,0.0,0.0,4.0,0.0,0.0,1.0,1.0,1.0,2.0,3.0,1.0,2.0,4.0,6.3265407880147295,2.0,4.0,4.0,4.0,2.0,36.0,6.0,4.0,0.0,2004.3100891113281,283.58999824523926,4896.0103759765625,934.7700042724609,3995.9299926757812,33.0,44.0,7.0,2.0,3.0,4.0,0.0,0.0,0.0,0.0,0.0,0.0,0.0,0.0,0.0,0.0,0.0,0.0,0.0,0.0,0.0,28.0,6.0,0.0,7.0,4.0,1.0,1.0,17.0,7.0,3.0,0.0,1.0,0.0,14.0,10.0,7.0,8.0,11.0,3.0,0.0,0.0,9.0,3.0,130.0,65.0,10.0,15.0,33.0,21.0,47.0,22.0,69.0,0.0,0.0,55.0,45.0,0.0,0.0,22.0,13.0,1.0,1.0,32.0,28.0,33.0,0.0,174.0,65.0,3.0,0.0,0.0,2.1699806451797485,0.0,115.74356666666668,29.894563674926758,12114.610107421875,0.11277077160775661,1.0,MF,81.81818181818183
402884,Federico VALVERDE,43930,Uruguay,URU,Midfielder,0.0,10.0,0.0,0.0,1.0,1.0,0.0,2.0,2.0,1.0,5.0,0.0,0.0,3.0,0.0,8.0,2.0,7.0,2.0,7.0,5.0,5.779733816782634,6.0,5.0,2.0,8.0,0.0,76.0,8.0,3.0,0.0,2620.7000732421875,525.2099914550781,11423.419921875,1149.9400024414062,10197.330322265625,58.0,97.0,19.0,1.0,0.0,3.0,0.0,0.0,0.0,0.0,0.0,0.0,0.0,0.0,0.0,0.0,0.0,0.0,0.0,0.0,0.0,56.0,3.0,2.0,11.0,8.0,5.0,6.0,39.0,12.0,8.0,1.0,2.0,7.0,33.0,23.0,15.0,21.0,42.0,2.0,1.0,5.0,25.0,3.0,281.0,114.0,14.0,24.0,33.0,25.0,37.0,45.0,82.0,0.0,0.0,120.0,98.0,0.0,0.0,26.0,32.0,3.0,0.0,60.0,77.0,60.0,0.0,228.0,99.0,0.0,1.0,2.0,1.7470756769180298,1.0,272.8605166666666,34.8641471862793,25916.59912109375,0.4971671625971794,0.0,MF,81.66666666666667
368660,Guillermo VARELA,43930,Uruguay,URU,Defender,0.0,2.0,0.0,2.0,0.0,0.0,0.0,0.0,0.0,2.0,0.0,0.0,0.0,0.0,0.0,0.0,0.0,2.0,0.0,2.0,1.0,6.272504647572835,1.0,1.0,0.0,10.0,3.0,20.0,5.0,5.0,0.0,4062.1898193359375,795.8100280761719,13502.0,1943.320068359375,12447.47998046875,57.0,74.0,8.0,1.0,1.0,6.0,0.0,0.0,0.0,0.0,0.0,0.0,0.0,0.0,0.0,0.0,0.0,0.0,0.0,1.0,0.0,53.0,3.0,5.0,16.0,14.0,8.0,8.0,43.0,8.0,6.0,3.0,4.0,1.0,29.0,23.0,17.0,20.0,31.0,3.0,3.0,0.0,24.0,3.0,271.0,125.0,11.0,33.0,49.0,33.0,24.0,91.0,115.0,0.0,0.0,134.0,119.0,0.0,0.0,38.0,26.0,4.0,3.0,31.0,79.0,34.0,0.0,352.0,149.0,0.0,0.0,1.0,0.5499331802129745,30.0,313.2592666666667,33.28702926635742,32750.80078125,0.006130552850663662,1.0,DF,88.80597014925374
402876,Agustin CANOBBIO,43930,Uruguay,URU,Midfielder,0.0,4.0,0.0,0.0,1.0,0.0,1.0,0.0,0.0,1.0,1.0,0.0,0.0,4.0,1.0,3.0,1.0,0.0,0.0,14.0,0.0,6.442296822865804,7.0,0.0,0.0,9.0,3.0,107.0,16.0,0.0,1.0,4019.4600219726562,1018.889965057373,11913.689453125,2033.260009765625,9201.029907226562,57.0,84.0,16.0,7.0,5.0,0.0,0.0,0.0,0.0,0.0,0.0,0.0,0.0,0.0,1.0,0.0,1.0,0.0,1.0,0.0,0.0,18.0,0.0,0.0,1.0,1.0,1.0,1.0,15.0,5.0,3.0,3.0,5.0,0.0,12.0,11.0,11.0,12.0,18.0,0.0,0.0,0.0,15.0,3.0,185.0,88.0,14.0,76.0,50.0,15.0,42.0,99.0,141.0,1.0,0.0,68.0,61.0,0.0,0.0,38.0,50.0,9.0,4.0,56.0,37.0,60.0,1.0,348.0,162.0,1.0,0.0,2.0,5.450233697891235,2.0,261.5036166666667,33.399749755859375,28186.330078125,0.749991912394762,0.0,MF,89.70588235294117
402893,Mathias OLIVERA,43930,Uruguay,URU,Defender,0.0,1.0,0.0,1.0,0.0,1.0,0.0,0.0,0.0,0.0,0.0,0.0,0.0,1.0,0.0,0.0,0.0,0.0,0.0,15.0,3.0,6.627143541971843,14.0,3.0,0.0,3.0,0.0,42.0,18.0,3.0,0.0,5609.500244140625,290.37998962402344,14216.62939453125,1872.77001953125,12605.89013671875,81.0,102.0,20.0,3.0,0.0,4.0,0.0,0.0,0.0,0.0,0.0,0.0,0.0,2.0,0.0,0.0,0.0,0.0,1.0,1.0,0.0,63.0,3.0,3.0,25.0,20.0,18.0,19.0,47.0,6.0,3.0,0.0,1.0,2.0,32.0,24.0,20.0,24.0,34.0,1.0,1.0,2.0,22.0,3.0,480.0,165.0,17.0,8.0,8.0,20.0,14.0,22.0,36.0,0.0,0.0,226.0,213.0,0.0,0.0,13.0,10.0,1.0,5.0,35.0,188.0,40.0,0.0,458.0,126.0,0.0,0.0,1.0,0.8262452259659767,1.0,313.2592666666667,28.431596755981445,34595.169921875,0.046209629625082016,1.0,DF,94.24778761061947
419100,Maxi ARAUJO,43930,Uruguay,URU,Midfielder,1.0,4.0,0.0,1.0,0.0,0.0,1.0,0.0,0.0,1.0,1.0,0.0,1.0,3.0,2.0,1.0,3.0,1.0,1.0,14.0,0.0,5.962893962860107,8.0,0.0,10.0,18.0,8.0,79.0,11.0,6.0,0.0,3534.3099975585938,753.2100372314453,10864.02001953125,1641.8499755859375,10849.440185546875,45.0,63.0,10.0,2.0,7.0,6.0,0.0,0.0,0.0,0.0,0.0,0.0,0.0,0.0,2.0,0.0,2.0,0.0,2.0,0.0,0.0,26.0,2.0,2.0,4.0,3.0,0.0,0.0,19.0,7.0,6.0,4.0,4.0,1.0,15.0,10.0,7.0,10.0,15.0,2.0,1.0,0.0,13.0,3.0,174.0,98.0,16.0,74.0,51.0,10.0,72.0,63.0,135.0,6.0,0.0,57.0,50.0,0.0,0.0,31.0,45.0,7.0,9.0,46.0,32.0,55.0,0.0,308.0,129.0,0.0,2.0,7.0,4.8200600147247314,0.0,278.23105,32.41666030883789,27642.830078125,1.0946233123540878,0.0,MF,87.71929824561403
419134,Juan Manuel SANABRIA,43930,Uruguay,URU,Midfielder,0.0,3.0,0.0,0.0,0.0,0.0,0.0,0.0,0.0,2.0,1.0,0.0,0.0,2.0,0.0,2.0,0.0,1.0,0.0,1.0,0.0,6.35026741027832,0.0,0.0,0.0,12.0,0.0,51.0,12.0,0.0,0.0,3729.300048828125,640.8299560546875,9752.219970703125,1709.4300537109375,9262.669677734375,48.0,70.0,9.0,1.0,0.0,0.0,0.0,0.0,0.0,0.0,0.0,0.0,0.0,0.0,0.0,0.0,0.0,0.0,0.0,0.0,0.0,33.0,2.0,3.0,7.0,6.0,2.0,2.0,25.0,4.0,3.0,2.0,2.0,0.0,22.0,16.0,12.0,17.0,17.0,1.0,3.0,0.0,12.0,3.0,230.0,109.0,11.0,64.0,29.0,9.0,28.0,74.0,102.0,1.0,0.0,103.0,89.0,0.0,0.0,27.0,30.0,7.0,3.0,50.0,42.0,53.0,0.0,320.0,129.0,1.0,1.0,0.0,0.9803371354937553,24.0,237.24518333333333,32.570796966552734,25094.44970703125,0.09260819852352142,1.0,MF,86.40776699029125
406280,Sergino DEST,43921,USA,USA,Defender,0.0,3.0,0.0,1.0,0.0,0.0,0.0,1.0,0.0,0.0,2.0,0.0,0.0,1.0,0.0,0.0,1.0,2.0,1.0,20.0,0.0,6.7519989013671875,9.0,0.0,0.0,7.0,2.0,97.0,9.0,0.0,0.0,5226.060119628906,1189.0800323486328,16412.580322265625,2485.750045776367,11604.330261230469,70.0,99.0,14.0,2.0,4.0,0.0,0.0,0.0,0.0,0.0,0.0,0.0,0.0,0.0,0.0,0.0,0.0,0.0,0.0,0.0,0.0,27.0,2.0,0.0,2.0,2.0,0.0,0.0,21.0,14.0,9.0,7.0,12.0,0.0,11.0,10.0,8.0,9.0,16.0,2.0,0.0,0.0,12.0,5.0,248.0,107.0,11.0,70.0,48.0,22.0,63.0,77.0,140.0,0.0,0.0,102.0,89.0,0.0,0.0,47.0,54.0,4.0,6.0,47.0,79.0,53.0,0.0,464.0,210.0,1.0,4.0,9.0,4.56264454126358,5.0,335.66993333333335,33.40660858154297,36917.7998046875,0.2112877368927002,0.0,DF,87.25490196078431
419062,Chris RICHARDS,43921,USA,USA,Defender,0.0,1.0,0.0,0.0,0.0,1.0,0.0,0.0,0.0,0.0,0.0,0.0,0.0,1.0,0.0,1.0,0.0,0.0,0.0,2.0,2.0,4.908599853515625,2.0,2.0,0.0,0.0,0.0,22.0,11.0,1.0,0.0,5923.030029296875,276.9300193786621,20699.66015625,1326.6299591064453,14660.740234375,67.0,78.0,4.0,8.0,3.0,1.0,0.0,0.0,0.0,0.0,0.0,0.0,0.0,0.0,0.0,0.0,0.0,0.0,1.0,0.0,0.0,43.0,2.0,1.0,21.0,17.0,17.0,18.0,30.0,2.0,0.0,0.0,0.0,0.0,20.0,13.0,13.0,17.0,20.0,0.0,0.0,0.0,16.0,4.0,597.0,160.0,8.0,2.0,1.0,29.0,21.0,11.0,32.0,0.0,0.0,291.0,277.0,0.0,0.0,13.0,1.0,0.0,3.0,36.0,252.0,39.0,0.0,486.0,97.0,0.0,0.0,0.0,0.40475698933005333,0.0,419.95593333333335,30.653118133544922,42886.990234375,0.05554919317364693,1.0,DF,95.1890034364261
390238,Tyler ADAMS,43921,USA,USA,Midfielder,0.0,0.0,0.0,0.0,0.0,0.0,0.0,0.0,0.0,0.0,0.0,0.0,0.0,0.0,0.0,0.0,0.0,0.0,0.0,4.0,1.0,5.067898941040039,2.0,1.0,0.0,0.0,0.0,65.0,21.0,14.0,0.0,6862.1195068359375,569.7200012207031,17960.429931640625,2410.3500061035156,14036.14990234375,75.0,90.0,30.0,5.0,6.0,14.0,0.0,0.0,0.0,0.0,0.0,0.0,0.0,0.0,0.0,0.0,0.0,0.0,0.0,0.0,0.0,76.0,4.0,4.0,32.0,26.0,20.0,24.0,60.0,6.0,4.0,0.0,0.0,2.0,38.0,30.0,23.0,28.0,29.0,3.0,3.0,1.0,21.0,4.0,482.0,190.0,10.0,1.0,33.0,166.0,147.0,53.0,200.0,0.0,0.0,231.0,211.0,0.0,0.0,86.0,10.0,0.0,6.0,61.0,158.0,67.0,0.0,566.0,175.0,0.0,1.0,0.0,0.1683664359152317,3.0,397.65656666666666,32.20063018798828,41838.76953125,0.0,1.0,MF,91.34199134199135
441251,Antonee ROBINSON,43921,USA,USA,Defender,0.0,0.0,0.0,0.0,0.0,0.0,0.0,0.0,0.0,0.0,0.0,0.0,0.0,0.0,0.0,0.0,0.0,0.0,0.0,20.0,2.0,5.265262031555176,12.0,1.0,3.0,18.0,4.0,66.0,18.0,8.0,0.0,6461.880126953125,1229.1199645996094,19154.81005859375,2386.0498962402344,14583.620361328125,101.0,142.0,14.0,4.0,1.0,9.0,0.0,0.0,0.0,0.0,0.0,0.0,0.0,0.0,0.0,0.0,0.0,0.0,0.0,1.0,0.0,97.0,7.0,12.0,33.0,17.0,8.0,14.0,57.0,13.0,6.0,3.0,5.0,1.0,51.0,34.0,25.0,31.0,46.0,3.0,6.0,0.0,25.0,4.0,481.0,221.0,11.0,52.0,58.0,53.0,17.0,146.0,163.0,0.0,0.0,221.0,181.0,0.0,0.0,72.0,49.0,10.0,6.0,68.0,137.0,74.0,0.0,556.0,206.0,0.0,2.0,10.0,0.8610363602638245,28.0,399.23064999999997,33.967193603515625,43815.48046875,0.0,1.0,DF,81.90045248868778
390272,Auston TRUSTY,43921,USA,USA,Defender,0.0,3.0,0.0,0.0,0.0,2.0,0.0,0.0,0.0,1.0,0.0,0.0,0.0,3.0,2.0,1.0,2.0,0.0,0.0,0.0,1.0,2.428323745727539,0.0,1.0,0.0,2.0,0.0,31.0,6.0,0.0,0.0,1613.3099670410156,290.9299945831299,6283.0499267578125,574.1600036621094,4083.0900268554688,14.0,26.0,5.0,2.0,0.0,1.0,,,0.0,0.0,0.0,0.0,0.0,0.0,1.0,0.0,1.0,0.0,1.0,1.0,0.0,19.0,1.0,3.0,8.0,5.0,4.0,4.0,9.0,2.0,0.0,0.0,1.0,0.0,9.0,4.0,3.0,5.0,8.0,0.0,1.0,0.0,4.0,2.0,108.0,45.0,5.0,3.0,5.0,10.0,3.0,15.0,18.0,0.0,0.0,50.0,38.0,0.0,0.0,10.0,5.0,2.0,1.0,10.0,33.0,11.0,0.0,145.0,44.0,1.0,0.0,0.0,0.13981543481349945,10.0,123.08418333333333,31.87298583984375,12844.53955078125,0.2703617215156555,0.0,DF,76.0
419068,Giovanni REYNA,43921,USA,USA,Midfielder,0.0,2.0,0.0,0.0,1.0,0.0,0.0,0.0,0.0,1.0,0.0,0.0,0.0,2.0,1.0,1.0,1.0,0.0,0.0,4.0,1.0,8.05734281539917,3.0,1.0,0.0,1.0,0.0,46.0,6.0,6.0,0.0,3699.259979248047,75.88999831676483,9021.720275878906,1076.3300094604492,5330.339866638184,51.0,64.0,8.0,1.0,2.0,6.0,0.0,0.0,0.0,0.0,0.0,0.0,0.0,0.0,1.0,0.0,1.0,0.0,0.0,0.0,0.0,39.0,5.0,1.0,7.0,4.0,1.0,1.0,25.0,9.0,7.0,3.0,3.0,1.0,23.0,14.0,10.0,16.0,23.0,3.0,0.0,1.0,16.0,5.0,192.0,77.0,5.0,9.0,49.0,24.0,53.0,29.0,82.0,0.0,0.0,94.0,79.0,0.0,0.0,35.0,31.0,1.0,5.0,54.0,32.0,59.0,0.0,315.0,71.0,4.0,1.0,1.0,1.1071949433535337,5.0,155.80253333333337,27.252059936523438,19203.540649414062,0.21681375056505203,0.0,MF,84.04255319148936
390259,Weston McKENNIE,43921,USA,USA,Midfielder,0.0,5.0,0.0,1.0,0.0,2.0,1.0,1.0,0.0,0.0,1.0,0.0,0.0,4.0,0.0,3.0,1.0,1.0,1.0,12.0,4.0,6.857326698303223,8.0,3.0,0.0,11.0,3.0,102.0,21.0,0.0,0.0,9515.77978515625,1277.309959411621,23330.849853515625,3164.2501831054688,20285.4091796875,120.0,165.0,22.0,8.0,2.0,0.0,0.0,0.0,0.0,0.0,0.0,0.0,0.0,0.0,0.0,0.0,0.0,0.0,2.0,0.0,0.0,112.0,17.0,5.0,27.0,19.0,5.0,5.0,77.0,27.0,20.0,6.0,6.0,4.0,58.0,38.0,21.0,32.0,60.0,11.0,3.0,3.0,39.0,5.0,497.0,212.0,18.0,94.0,125.0,41.0,139.0,121.0,260.0,0.0,0.0,220.0,173.0,0.0,0.0,82.0,84.0,14.0,11.0,127.0,111.0,138.0,0.0,771.0,236.0,0.0,3.0,6.0,2.658833771944046,5.0,504.27435,32.35579299926758,57573.6005859375,0.6021285653114319,1.0,MF,78.63636363636364
436599,Miles ROBINSON,43921,USA,USA,Defender,0.0,1.0,0.0,1.0,0.0,1.0,0.0,0.0,0.0,0.0,0.0,0.0,0.0,1.0,0.0,0.0,0.0,0.0,0.0,1.0,1.0,1.3621849060058593,1.0,1.0,0.0,0.0,0.0,11.0,5.0,0.0,0.0,1651.219970703125,265.14996337890625,5705.16064453125,582.7999877929688,3704.7197265625,22.0,27.0,6.0,2.0,0.0,0.0,,,0.0,0.0,0.0,0.0,0.0,0.0,0.0,0.0,0.0,0.0,1.0,0.0,0.0,17.0,0.0,3.0,11.0,9.0,8.0,8.0,13.0,0.0,0.0,0.0,0.0,0.0,6.0,4.0,3.0,3.0,11.0,0.0,1.0,0.0,7.0,1.0,129.0,45.0,4.0,0.0,0.0,15.0,10.0,5.0,15.0,0.0,0.0,58.0,54.0,0.0,0.0,10.0,1.0,0.0,1.0,17.0,41.0,18.0,0.0,134.0,43.0,0.0,0.0,0.0,0.07385355979204178,0.0,104.90254999999999,34.33323287963867,11909.0498046875,0.06497886031866074,0.0,DF,93.10344827586206
339510,Tim REAM,43921,USA,USA,Defender,0.0,0.0,0.0,0.0,0.0,0.0,0.0,0.0,0.0,0.0,0.0,0.0,0.0,0.0,0.0,0.0,0.0,0.0,0.0,5.0,5.0,4.356501960754395,5.0,5.0,0.0,0.0,0.0,16.0,6.0,5.0,0.0,4920.5400390625,313.0799865722656,14437.540283203125,1361.009994506836,17031.45068359375,82.0,95.0,3.0,0.0,2.0,5.0,0.0,0.0,0.0,0.0,0.0,0.0,0.0,2.0,0.0,0.0,0.0,0.0,0.0,0.0,0.0,115.0,4.0,20.0,62.0,54.0,38.0,38.0,92.0,6.0,2.0,0.0,0.0,2.0,47.0,36.0,18.0,21.0,50.0,0.0,16.0,2.0,39.0,4.0,622.0,209.0,9.0,0.0,1.0,18.0,6.0,13.0,19.0,0.0,0.0,298.0,281.0,0.0,0.0,10.0,1.0,0.0,1.0,37.0,254.0,38.0,0.0,432.0,109.0,0.0,0.0,2.0,0.24154144152998924,1.0,419.95593333333335,32.26561737060547,38063.6201171875,0.0,0.0,DF,94.29530201342283
499912,Sebastian BERHALTER,43921,USA,USA,Midfielder,1.0,3.0,0.0,0.0,0.0,0.0,0.0,0.0,0.0,3.0,0.0,0.0,0.0,0.0,0.0,2.0,1.0,3.0,1.0,2.0,3.0,7.358397579193115,1.0,2.0,12.0,9.0,7.0,63.0,17.0,9.0,0.0,5421.199859619141,361.5599937438965,12407.129760742188,1614.4399948120117,8333.249938964844,48.0,64.0,9.0,5.0,7.0,9.0,0.0,0.0,0.0,0.0,0.0,0.0,0.0,0.0,1.0,0.0,0.0,1.0,0.0,0.0,0.0,71.0,6.0,6.0,18.0,13.0,6.0,6.0,53.0,10.0,8.0,1.0,1.0,3.0,43.0,32.0,22.0,28.0,33.0,4.0,3.0,3.0,21.0,5.0,307.0,133.0,16.0,6.0,41.0,67.0,83.0,31.0,114.0,0.0,0.0,136.0,114.0,0.0,0.0,43.0,8.0,0.0,6.0,45.0,83.0,51.0,0.0,443.0,111.0,4.0,0.0,1.0,0.8377232737839222,1.0,231.85036666666667,31.04551124572754,28137.580688476562,0.09858417510986328,1.0,MF,83.82352941176471
464542,Alex FREEMAN,43921,USA,USA,Defender,1.0,4.0,0.0,0.0,0.0,1.0,0.0,0.0,0.0,2.0,1.0,0.0,0.0,4.0,1.0,2.0,1.0,0.0,0.0,25.0,4.0,6.463625526428222,22.0,3.0,0.0,4.0,0.0,64.0,20.0,2.0,0.0,6584.670166015625,553.080005645752,21510.17041015625,2162.269973754883,16471.40966796875,106.0,139.0,17.0,1.0,1.0,2.0,0.0,0.0,0.0,0.0,0.0,0.0,0.0,0.0,1.0,0.0,1.0,0.0,3.0,0.0,0.0,112.0,3.0,16.0,55.0,49.0,34.0,36.0,92.0,9.0,6.0,2.0,3.0,3.0,48.0,37.0,20.0,26.0,49.0,2.0,13.0,2.0,42.0,5.0,591.0,221.0,13.0,10.0,34.0,64.0,20.0,88.0,108.0,0.0,0.0,283.0,256.0,0.0,0.0,56.0,22.0,4.0,8.0,68.0,195.0,76.0,0.0,545.0,179.0,1.0,0.0,13.0,0.5199858471751213,33.0,442.47535,34.578704833984375,47281.60009765625,0.7796131931245327,0.0,DF,90.45936395759718
448214,Malik TILLMAN,43921,USA,USA,Midfielder,1.0,8.0,0.0,1.0,0.0,0.0,1.0,2.0,2.0,3.0,2.0,0.0,0.0,5.0,2.0,2.0,4.0,3.0,2.0,22.0,2.0,6.447693824768066,11.0,2.0,10.0,15.0,4.0,115.0,25.0,10.0,0.0,7223.469940185547,919.2999839782715,18429.50946044922,2640.6198654174805,15178.749572753906,92.0,140.0,15.0,3.0,14.0,10.0,0.0,0.0,0.0,0.0,0.0,0.0,0.0,0.0,2.0,2.0,0.0,2.0,0.0,0.0,0.0,77.0,10.0,3.0,15.0,8.0,2.0,2.0,47.0,18.0,9.0,3.0,6.0,2.0,44.0,30.0,22.0,29.0,51.0,4.0,2.0,2.0,32.0,5.0,418.0,213.0,18.0,28.0,73.0,35.0,93.0,43.0,136.0,0.0,0.0,163.0,129.0,0.0,0.0,32.0,68.0,7.0,21.0,97.0,84.0,118.0,0.0,607.0,215.0,1.0,1.0,7.0,2.2201395332813263,10.0,415.9863666666667,32.88147735595703,44391.6494140625,0.7275329530239105,1.0,MF,79.14110429447852
419077,Mark McKENZIE,43921,USA,USA,Defender,0.0,0.0,0.0,0.0,0.0,0.0,0.0,,0.0,0.0,0.0,0.0,0.0,0.0,0.0,0.0,0.0,0.0,0.0,0.0,0.0,1.2968884468078614,0.0,0.0,0.0,0.0,0.0,9.0,1.0,1.0,0.0,1704.5999755859375,240.9800262451172,4728.97998046875,710.2901000976562,3953.14990234375,10.0,13.0,2.0,1.0,1.0,1.0,,,0.0,0.0,0.0,0.0,0.0,0.0,0.0,0.0,0.0,0.0,0.0,0.0,0.0,16.0,1.0,2.0,11.0,9.0,8.0,8.0,11.0,1.0,0.0,0.0,0.0,0.0,4.0,2.0,1.0,1.0,12.0,0.0,1.0,0.0,7.0,1.0,104.0,37.0,2.0,0.0,0.0,2.0,1.0,1.0,2.0,0.0,0.0,51.0,47.0,0.0,0.0,2.0,0.0,0.0,2.0,6.0,42.0,8.0,0.0,148.0,50.0,0.0,0.0,0.0,0.07000381499528885,1.0,104.90254999999999,33.0159912109375,11338.0,0.0,0.0,DF,92.15686274509804
423700,Joe SCALLY,43921,USA,USA,Defender,0.0,0.0,0.0,0.0,0.0,0.0,0.0,,0.0,0.0,0.0,0.0,0.0,0.0,0.0,0.0,0.0,0.0,0.0,0.0,0.0,2.6327821731567385,0.0,0.0,0.0,4.0,1.0,19.0,4.0,0.0,0.0,1766.3500061035156,400.110013961792,4805.000061035156,709.9600372314453,3746.199951171875,19.0,29.0,4.0,0.0,2.0,0.0,,,0.0,0.0,0.0,0.0,0.0,0.0,0.0,0.0,0.0,0.0,0.0,0.0,0.0,19.0,2.0,3.0,10.0,7.0,5.0,5.0,12.0,2.0,1.0,0.0,0.0,0.0,7.0,4.0,2.0,2.0,11.0,1.0,1.0,0.0,4.0,2.0,122.0,56.0,3.0,11.0,17.0,15.0,10.0,33.0,43.0,1.0,0.0,53.0,46.0,0.0,0.0,18.0,10.0,2.0,6.0,19.0,26.0,25.0,0.0,164.0,53.0,1.0,1.0,0.0,0.2718600630760193,9.0,100.61593333333333,31.8419246673584,11427.619506835938,0.0,0.0,DF,86.79245283018868
464924,Abdukodir KHUSANOV,44005,Uzbekistan,UZB,Defender,0.0,0.0,0.0,0.0,0.0,0.0,0.0,,0.0,0.0,0.0,0.0,0.0,0.0,0.0,0.0,0.0,0.0,0.0,0.0,1.0,5.367776075998942,0.0,1.0,0.0,0.0,0.0,23.0,8.0,4.0,0.0,2479.5800170898438,717.3599853515625,11773.02001953125,1025.270004272461,11917.649169921875,33.0,39.0,11.0,6.0,0.0,6.0,0.0,0.0,0.0,0.0,0.0,0.0,0.0,6.0,0.0,0.0,0.0,0.0,0.0,2.0,0.0,45.0,1.0,10.0,30.0,19.0,16.0,19.0,24.0,1.0,0.0,0.0,0.0,0.0,14.0,5.0,2.0,3.0,12.0,0.0,3.0,0.0,7.0,3.0,214.0,111.0,3.0,2.0,1.0,13.0,7.0,9.0,16.0,0.0,0.0,98.0,81.0,0.0,0.0,7.0,1.0,0.0,4.0,27.0,54.0,31.0,0.0,218.0,93.0,0.0,0.0,0.0,0.19275029748678207,5.0,311.9538,36.45697021484375,27912.87890625,0.0,2.0,DF,82.6530612244898
479079,Khojiakbar ALIJONOV,44005,Uzbekistan,UZB,Defender,0.0,0.0,0.0,0.0,0.0,0.0,0.0,0.0,0.0,0.0,0.0,0.0,0.0,0.0,0.0,0.0,0.0,0.0,0.0,7.0,1.0,4.1671295166015625,3.0,0.0,0.0,4.0,0.0,76.0,11.0,0.0,0.0,2635.9600219726562,435.8600158691406,6055.579345703125,1057.4599914550781,5900.9595947265625,25.0,45.0,4.0,2.0,1.0,0.0,,,0.0,0.0,0.0,0.0,0.0,0.0,0.0,0.0,0.0,0.0,0.0,0.0,0.0,18.0,0.0,2.0,4.0,0.0,0.0,2.0,5.0,2.0,0.0,0.0,2.0,0.0,12.0,5.0,5.0,10.0,16.0,0.0,0.0,0.0,4.0,2.0,103.0,53.0,3.0,6.0,9.0,1.0,1.0,15.0,16.0,0.0,0.0,41.0,27.0,0.0,0.0,10.0,19.0,5.0,1.0,40.0,12.0,41.0,0.0,228.0,87.0,1.0,0.0,3.0,0.30925778299570084,4.0,155.18188333333333,32.36539077758789,16085.81982421875,0.0,0.0,DF,65.85365853658537
371415,Rustam ASHURMATOV,44005,Uzbekistan,UZB,Defender,0.0,0.0,0.0,0.0,0.0,0.0,0.0,,0.0,0.0,0.0,0.0,0.0,0.0,0.0,0.0,0.0,0.0,0.0,0.0,1.0,5.618536949157715,0.0,1.0,0.0,0.0,0.0,32.0,9.0,3.0,0.0,3087.77001953125,270.9400100708008,12145.1298828125,907.2200012207031,10600.359619140625,29.0,43.0,17.0,1.0,0.0,3.0,0.0,0.0,0.0,0.0,0.0,0.0,0.0,6.0,0.0,0.0,0.0,0.0,0.0,0.0,0.0,72.0,3.0,13.0,34.0,23.0,16.0,18.0,46.0,4.0,0.0,0.0,1.0,0.0,34.0,23.0,16.0,18.0,37.0,0.0,7.0,0.0,19.0,3.0,243.0,109.0,2.0,0.0,0.0,21.0,2.0,19.0,21.0,0.0,0.0,123.0,101.0,0.0,0.0,14.0,0.0,0.0,1.0,21.0,80.0,22.0,0.0,288.0,80.0,0.0,1.0,0.0,0.1259806714951992,16.0,288.0335333333333,31.439422607421875,27011.419921875,0.0,0.0,DF,82.11382113821138
479106,Akmal MOZGOVOY,44005,Uzbekistan,UZB,Midfielder,1.0,1.0,0.0,0.0,0.0,0.0,0.0,0.0,0.0,0.0,1.0,0.0,0.0,1.0,0.0,1.0,0.0,0.0,0.0,3.0,3.0,6.805649439493815,2.0,2.0,0.0,0.0,0.0,83.0,8.0,0.0,0.0,4178.919921875,261.9100151062012,12365.8095703125,1198.4299011230469,9535.519897460938,46.0,56.0,5.0,0.0,3.0,1.0,0.0,0.0,0.0,0.0,0.0,0.0,0.0,0.0,0.0,0.0,0.0,0.0,0.0,1.0,0.0,39.0,6.0,0.0,8.0,4.0,2.0,2.0,24.0,8.0,4.0,2.0,2.0,0.0,23.0,16.0,14.0,17.0,21.0,2.0,0.0,0.0,13.0,3.0,182.0,78.0,7.0,10.0,80.0,25.0,84.0,31.0,115.0,0.0,0.0,79.0,65.0,0.0,0.0,38.0,16.0,1.0,2.0,38.0,47.0,40.0,0.0,361.0,94.0,1.0,1.0,2.0,0.8306250274181366,0.0,243.95411666666666,32.2230110168457,27540.58935546875,0.08032247424125671,0.0,MF,82.27848101265823
371348,Otabek Shukurov,44005,Uzbekistan,UZB,Midfielder,0.0,2.0,0.0,0.0,0.0,0.0,0.0,,0.0,1.0,1.0,0.0,0.0,0.0,0.0,2.0,0.0,2.0,0.0,8.0,3.0,6.716860453287761,5.0,3.0,0.0,1.0,0.0,96.0,12.0,2.0,0.0,4476.0,221.93999481201172,14356.909912109375,997.9700012207031,9835.349853515625,65.0,82.0,5.0,2.0,5.0,2.0,0.0,0.0,0.0,0.0,0.0,0.0,0.0,0.0,0.0,0.0,0.0,0.0,0.0,0.0,0.0,52.0,1.0,6.0,18.0,16.0,11.0,11.0,38.0,3.0,1.0,0.0,1.0,1.0,31.0,21.0,15.0,23.0,33.0,0.0,5.0,1.0,23.0,3.0,252.0,102.0,6.0,2.0,59.0,54.0,80.0,35.0,115.0,0.0,0.0,117.0,103.0,0.0,0.0,43.0,8.0,0.0,1.0,55.0,68.0,56.0,0.0,378.0,85.0,0.0,2.0,2.0,0.21491197496652603,2.0,268.4691333333333,30.746578216552734,29888.169921875,0.07671507447957993,0.0,MF,88.03418803418803
371345,Odiljon XAMROBEKOV,44005,Uzbekistan,UZB,Midfielder,0.0,1.0,0.0,1.0,0.0,0.0,0.0,0.0,0.0,0.0,1.0,0.0,0.0,1.0,0.0,0.0,0.0,0.0,0.0,0.0,0.0,4.549127260843913,0.0,0.0,0.0,0.0,0.0,39.0,6.0,1.0,0.0,1957.9600219726562,120.63999938964844,4712.920166015625,546.5899963378906,2985.9200439453125,22.0,27.0,7.0,1.0,1.0,1.0,,,0.0,0.0,0.0,0.0,0.0,0.0,0.0,0.0,0.0,0.0,0.0,0.0,0.0,16.0,1.0,1.0,4.0,3.0,2.0,2.0,12.0,1.0,0.0,0.0,0.0,0.0,11.0,9.0,8.0,9.0,11.0,0.0,1.0,0.0,8.0,2.0,93.0,41.0,2.0,2.0,14.0,13.0,25.0,4.0,29.0,0.0,0.0,43.0,38.0,0.0,0.0,12.0,10.0,0.0,2.0,20.0,25.0,22.0,0.0,161.0,39.0,1.0,1.0,0.0,0.4086810350418091,1.0,90.94428333333333,29.501279830932617,10324.02978515625,0.16017822921276093,1.0,MF,88.37209302325581
479075,Sherzod NASRULLAEV,44005,Uzbekistan,UZB,Defender,0.0,1.0,0.0,0.0,0.0,0.0,0.0,0.0,0.0,0.0,1.0,0.0,0.0,1.0,1.0,0.0,1.0,0.0,0.0,4.0,0.0,6.232749938964844,2.0,0.0,0.0,3.0,0.0,42.0,9.0,0.0,0.0,2682.2100830078125,437.2899990081787,8979.02978515625,1180.6599884033203,8272.730102539062,26.0,40.0,5.0,3.0,2.0,0.0,0.0,0.0,0.0,0.0,0.0,0.0,0.0,0.0,0.0,0.0,0.0,0.0,0.0,0.0,0.0,24.0,3.0,3.0,8.0,3.0,2.0,2.0,7.0,5.0,0.0,0.0,2.0,0.0,11.0,4.0,3.0,5.0,20.0,0.0,1.0,0.0,6.0,3.0,118.0,56.0,2.0,9.0,15.0,5.0,5.0,24.0,29.0,0.0,0.0,48.0,35.0,0.0,0.0,9.0,16.0,1.0,2.0,18.0,34.0,20.0,0.0,232.0,95.0,0.0,2.0,1.0,0.6675190106034279,4.0,206.30771666666664,34.1178092956543,21551.9189453125,0.08259384334087372,1.0,DF,72.91666666666666
371393,Dostonbek Khamdamov,44005,Uzbekistan,UZB,Midfielder,0.0,2.0,0.0,0.0,0.0,0.0,0.0,0.0,0.0,0.0,2.0,0.0,0.0,1.0,0.0,1.0,0.0,1.0,0.0,1.0,0.0,4.480712413787842,1.0,0.0,2.0,5.0,3.0,74.0,6.0,1.0,0.0,2105.6000366210938,156.36997985839844,5966.390380859375,855.77001953125,4541.360107421875,20.0,26.0,9.0,1.0,0.0,1.0,0.0,0.0,0.0,0.0,0.0,0.0,0.0,0.0,0.0,0.0,0.0,0.0,1.0,0.0,0.0,7.0,1.0,1.0,3.0,1.0,0.0,1.0,3.0,1.0,0.0,0.0,0.0,0.0,3.0,2.0,1.0,1.0,5.0,0.0,1.0,0.0,1.0,2.0,92.0,46.0,4.0,17.0,13.0,2.0,22.0,10.0,32.0,1.0,0.0,34.0,29.0,0.0,0.0,8.0,20.0,1.0,2.0,20.0,19.0,22.0,0.0,184.0,63.0,1.0,1.0,1.0,2.844704329967499,1.0,120.90943333333333,32.331077575683594,13625.490234375,0.07617298513650894,0.0,MF,85.29411764705883
479042,Abdulla ABDULLAEV,44005,Uzbekistan,UZB,Defender,0.0,0.0,0.0,0.0,0.0,0.0,0.0,,0.0,0.0,0.0,0.0,0.0,0.0,0.0,0.0,0.0,0.0,0.0,2.0,0.0,3.8215853373209634,2.0,0.0,0.0,0.0,0.0,22.0,7.0,6.0,0.0,2184.0999755859375,270.1300163269043,8244.52978515625,714.6799621582031,8348.51953125,12.0,15.0,7.0,5.0,1.0,6.0,0.0,0.0,0.0,0.0,0.0,0.0,0.0,0.0,0.0,0.0,0.0,0.0,0.0,0.0,0.0,26.0,0.0,3.0,13.0,10.0,8.0,10.0,21.0,1.0,1.0,1.0,1.0,0.0,12.0,10.0,8.0,9.0,7.0,0.0,2.0,0.0,5.0,2.0,143.0,64.0,3.0,1.0,1.0,11.0,6.0,7.0,13.0,0.0,0.0,72.0,65.0,0.0,0.0,8.0,0.0,0.0,0.0,7.0,53.0,7.0,0.0,191.0,57.0,0.0,0.0,1.0,0.1051942277699709,8.0,206.89091666666667,32.482940673828125,19761.958984375,0.0,0.0,DF,90.27777777777779
479086,Azizjon GANIEV,44005,Uzbekistan,UZB,Midfielder,0.0,1.0,0.0,1.0,0.0,0.0,0.0,0.0,0.0,0.0,1.0,0.0,0.0,0.0,0.0,0.0,0.0,1.0,0.0,2.0,1.0,4.4934156735738116,2.0,1.0,1.0,6.0,0.0,79.0,11.0,2.0,0.0,2431.81982421875,325.32999420166016,6077.460205078125,1241.1701049804688,5782.3299560546875,30.0,42.0,6.0,2.0,1.0,2.0,,,0.0,0.0,0.0,0.0,0.0,0.0,0.0,0.0,0.0,0.0,0.0,0.0,0.0,23.0,2.0,2.0,7.0,4.0,3.0,3.0,10.0,3.0,0.0,0.0,0.0,1.0,13.0,6.0,5.0,8.0,11.0,0.0,1.0,0.0,6.0,2.0,138.0,58.0,5.0,7.0,23.0,5.0,13.0,22.0,35.0,0.0,0.0,59.0,48.0,0.0,0.0,12.0,19.0,2.0,1.0,27.0,38.0,28.0,0.0,216.0,96.0,1.0,0.0,1.0,0.4871928542852402,0.0,140.93398333333334,29.91533851623535,15858.10986328125,0.01082488801330328,0.0,MF,81.35593220338984
464933,Abbosbek FAYZULLAEV,44005,Uzbekistan,UZB,Midfielder,0.0,3.0,0.0,0.0,0.0,0.0,0.0,1.0,1.0,0.0,1.0,0.0,1.0,2.0,2.0,1.0,2.0,1.0,0.0,3.0,1.0,6.322368462880452,1.0,1.0,5.0,9.0,2.0,137.0,27.0,4.0,0.0,3901.340087890625,650.6900329589844,10233.430419921875,1679.5501098632812,8836.800048828125,20.0,35.0,17.0,6.0,4.0,4.0,0.0,0.0,0.0,0.0,0.0,0.0,0.0,0.0,1.0,0.0,1.0,0.0,1.0,0.0,0.0,14.0,2.0,1.0,4.0,3.0,1.0,1.0,8.0,2.0,1.0,0.0,0.0,0.0,8.0,4.0,2.0,5.0,12.0,1.0,1.0,0.0,7.0,3.0,102.0,57.0,4.0,45.0,52.0,7.0,64.0,40.0,104.0,0.0,0.0,36.0,24.0,0.0,0.0,22.0,30.0,0.0,3.0,30.0,16.0,33.0,0.0,341.0,141.0,0.0,3.0,1.0,3.109407126903534,0.0,240.24848333333333,33.868465423583984,25301.810546875,1.002145178616047,0.0,MF,66.66666666666666
475260,Behruzjon KARIMOV,44005,Uzbekistan,UZB,Defender,0.0,2.0,0.0,0.0,0.0,0.0,0.0,0.0,0.0,2.0,0.0,0.0,0.0,0.0,0.0,1.0,0.0,2.0,0.0,10.0,2.0,4.075649261474609,8.0,0.0,0.0,2.0,1.0,55.0,7.0,1.0,0.0,2788.5399169921875,479.6999816894531,8469.39013671875,1348.0700073242188,7585.41015625,32.0,46.0,5.0,8.0,4.0,1.0,0.0,0.0,0.0,0.0,0.0,0.0,0.0,0.0,0.0,0.0,0.0,0.0,0.0,0.0,0.0,22.0,2.0,3.0,10.0,4.0,4.0,5.0,7.0,3.0,1.0,1.0,1.0,0.0,9.0,2.0,2.0,4.0,13.0,0.0,0.0,0.0,5.0,2.0,125.0,62.0,7.0,8.0,42.0,10.0,7.0,53.0,60.0,0.0,0.0,55.0,43.0,0.0,0.0,22.0,12.0,1.0,0.0,30.0,30.0,30.0,0.0,233.0,107.0,0.0,1.0,5.0,0.3464112877845764,7.0,203.0727,32.19998550415039,20671.1103515625,0.03418218716979027,0.0,DF,78.18181818181819
464906,Jakhongir UROZOV,44005,Uzbekistan,UZB,Defender,0.0,0.0,0.0,0.0,0.0,0.0,0.0,,0.0,0.0,0.0,0.0,0.0,0.0,0.0,0.0,0.0,0.0,0.0,2.0,2.0,4.188459078470866,2.0,2.0,0.0,0.0,0.0,9.0,5.0,3.0,0.0,1348.1199035644531,83.94000244140625,5268.93994140625,481.5800094604492,4280.330017089844,6.0,14.0,2.0,0.0,0.0,3.0,0.0,0.0,0.0,0.0,0.0,0.0,0.0,0.0,0.0,0.0,0.0,0.0,0.0,0.0,0.0,31.0,0.0,11.0,14.0,6.0,3.0,3.0,13.0,1.0,1.0,1.0,1.0,0.0,16.0,6.0,3.0,5.0,8.0,0.0,3.0,0.0,1.0,2.0,87.0,46.0,3.0,0.0,2.0,8.0,4.0,6.0,10.0,0.0,0.0,45.0,31.0,0.0,0.0,3.0,2.0,0.0,1.0,6.0,27.0,7.0,0.0,125.0,39.0,1.0,1.0,0.0,0.09394696354866028,10.0,112.24026666666666,30.773950576782227,11462.909912109375,0.0,0.0,DF,68.88888888888889
