player_id,player_name,team_id,team,team_code,position_raw,assists,shots,attemptatgoalagainstontarget,attemptatgoalblocked,attemptatgoalfromballprogression,attemptatgoalfromcorner,attemptatgoalfromcross,attemptatgoalfromfreekick,attemptatgoalfromfreekicks,attemptatgoalfromother,attemptatgoalfrompass,attemptatgoalfrompenalty,attemptatgoalfromrebound,attemptatgoalinsidethepenaltyarea,attemptatgoalinsidethepenaltyareaontarget,attemptatgoalofftarget,shots_on_target,attemptatgoaloutsidethepenaltyarea,attemptatgoaloutsidethepenaltyareaontarget,attemptedballprogressions,attemptedswitchesofplay,avgspeed,completedballprogressions,completedswitchesofplay,corners,crosses,crossescompleted,defensivepressuresapplied,directdefensivepressuresapplied,directfreekicks,directredcards,distancehighspeedrunning,distancehighspeedsprinting,distancejogging,distancelowspeedsprinting,distancewalking,distributionscompletedunderpressure,distributionsunderpressure,forcedturnovers,foulsagainst,foulsfor,freekicks,gksaves,gksavesontarget,goalkeeperdefensiveactionsinsidepenaltyarea,goalkeeperdefensiveactionsoutsidepenaltyarea,goalkeepersavepercentage,goalkeepersaves,goalkeepersavesontarget,goalkicks,goals,goalsfromdirectfreekicks,goalsinsidethepenaltyarea,goalsoutsidethepenaltyarea,headedattemptatgoal,indirectfreekicks,indirectredcards,linebreaksattempted,linebreaksattemptedalllines,linebreaksattemptedattackingandmidfieldline,linebreaksattemptedattackingline,linebreaksattemptedattackinglinecompleted,linebreaksattemptedattackinglinecompletedonly,linebreaksattemptedattackinglineonly,linebreaksattemptedcompleted,linebreaksattempteddefensiveline,linebreaksattempteddefensivelinecompleted,linebreaksattempteddefensivelinecompletedonly,linebreaksattempteddefensivelineonly,linebreaksattemptedmidfieldanddefensiveline,linebreaksattemptedmidfieldline,linebreaksattemptedmidfieldlinecompleted,linebreaksattemptedmidfieldlinecompletedonly,linebreaksattemptedmidfieldlineonly,linebreaksattemptedunderpressure,linebreakscompletedalllines,linebreakscompletedattackingandmidfieldline,linebreakscompletedmidfieldanddefensiveline,linebreakscompletedunderpressure,matchesplayed,numberofinvolvements,numberofpossessionsequences,numberofshotendingsequences,offerstoreceiveinbehind,offerstoreceiveinbetween,offerstoreceiveinfront,offerstoreceiveinside,offerstoreceiveoutside,offerstoreceivetotal,offsides,owngoals,passes_attempted,passes_completed,penalties,penaltiesscored,receivedofferstoreceive,receptionsbetweenmidfieldanddefensiveline,receptionsinbehind,receptionsunderdirectpressure,receptionsunderindirectpressure,receptionsundernopressure,receptionsunderpressure,redcards,speedruns,sprints,substitutionsin,substitutionsout,takeonscompleted,threat,throwins,minutes,topspeed,totaldistance,xg,yellowcards,position,shot_on_target_rate
379942,Riyad Mahrez,43843,Algeria,ALG,Forward,1.0,6.0,0.0,3.0,0.0,0.0,2.0,1.0,1.0,0.0,3.0,0.0,0.0,4.0,3.0,0.0,3.0,2.0,0.0,6.0,6.0,6.475965976715088,0.0,6.0,5.0,9.0,3.0,102.0,13.0,7.0,0.0,4334.0599365234375,478.13001251220703,12590.450561523438,1807.9100494384766,11897.169921875,85.0,110.0,22.0,1.0,7.0,7.0,0.0,0.0,0.0,0.0,0.0,0.0,0.0,0.0,2.0,0.0,2.0,0.0,0.0,0.0,0.0,40.0,3.0,1.0,6.0,3.0,1.0,2.0,23.0,9.0,6.0,3.0,4.0,2.0,25.0,14.0,11.0,19.0,32.0,2.0,0.0,1.0,17.0,4.0,325.0,137.0,17.0,83.0,59.0,19.0,62.0,99.0,161.0,1.0,0.0,147.0,127.0,0.0,0.0,45.0,51.0,4.0,6.0,67.0,82.0,73.0,0.0,382.0,130.0,1.0,2.0,0.0,5.963317632675171,11.0,288.37985000000003,31.519227981567383,31107.7197265625,1.489458717405796,0.0,FW,50.0
430698,Houssem Aouar,43843,Algeria,ALG,Midfielder,2.0,3.0,0.0,0.0,0.0,0.0,1.0,0.0,0.0,0.0,2.0,0.0,0.0,1.0,0.0,1.0,1.0,2.0,1.0,6.0,0.0,5.032886385917664,4.0,0.0,0.0,1.0,1.0,61.0,7.0,0.0,0.0,3017.2299194335938,204.95000076293945,9432.830444335938,1067.0599822998047,7414.8599853515625,55.0,67.0,8.0,1.0,2.0,0.0,0.0,0.0,0.0,0.0,0.0,0.0,0.0,0.0,0.0,0.0,0.0,0.0,0.0,0.0,0.0,13.0,0.0,0.0,0.0,0.0,0.0,0.0,13.0,3.0,3.0,3.0,3.0,0.0,10.0,10.0,10.0,10.0,9.0,0.0,0.0,0.0,9.0,3.0,185.0,68.0,9.0,43.0,46.0,17.0,62.0,44.0,106.0,0.0,0.0,84.0,79.0,0.0,0.0,31.0,29.0,4.0,5.0,50.0,41.0,55.0,0.0,253.0,83.0,1.0,2.0,1.0,4.637561678886414,3.0,191.86515,31.52810287475586,21136.930908203125,0.23675720393657684,0.0,MF,33.33333333333333
405877,Amine GOUIRI,43843,Algeria,ALG,Forward,0.0,3.0,0.0,0.0,0.0,0.0,0.0,0.0,0.0,0.0,2.0,0.0,0.0,2.0,1.0,1.0,2.0,1.0,1.0,2.0,0.0,6.173721432685852,1.0,0.0,0.0,1.0,0.0,126.0,12.0,0.0,0.0,3884.0698852539062,312.070032119751,10588.050048828125,1673.6300048828125,11330.05029296875,35.0,46.0,7.0,1.0,1.0,0.0,0.0,0.0,0.0,0.0,0.0,0.0,0.0,0.0,1.0,0.0,1.0,0.0,0.0,0.0,0.0,2.0,0.0,0.0,0.0,0.0,0.0,0.0,1.0,0.0,0.0,0.0,0.0,0.0,2.0,1.0,1.0,2.0,2.0,0.0,0.0,0.0,1.0,4.0,137.0,64.0,10.0,69.0,107.0,12.0,139.0,49.0,188.0,0.0,0.0,58.0,51.0,0.0,0.0,40.0,40.0,3.0,3.0,37.0,28.0,40.0,0.0,355.0,131.0,1.0,3.0,1.0,11.556740760803223,0.0,270.77358333333336,29.54066276550293,27787.869384765625,0.6216225028038025,0.0,FW,66.66666666666666
477795,Fares CHAIBI,43843,Algeria,ALG,Midfielder,0.0,9.0,0.0,2.0,2.0,0.0,0.0,1.0,0.0,0.0,6.0,0.0,0.0,4.0,1.0,4.0,3.0,5.0,2.0,10.0,3.0,6.763851761817932,7.0,3.0,4.0,7.0,0.0,140.0,16.0,1.0,0.0,6271.35009765625,775.4499664306641,21186.70947265625,2264.2500915527344,15036.440185546875,112.0,148.0,30.0,3.0,2.0,1.0,0.0,0.0,0.0,0.0,0.0,0.0,0.0,0.0,0.0,0.0,0.0,0.0,1.0,0.0,0.0,65.0,5.0,7.0,20.0,14.0,8.0,8.0,44.0,10.0,5.0,2.0,4.0,1.0,35.0,25.0,18.0,22.0,36.0,2.0,4.0,1.0,16.0,4.0,535.0,195.0,19.0,38.0,84.0,80.0,121.0,81.0,202.0,1.0,0.0,244.0,220.0,0.0,0.0,85.0,46.0,4.0,10.0,92.0,163.0,102.0,0.0,549.0,177.0,0.0,0.0,3.0,2.728266417980194,2.0,403.12651666666665,32.68711853027344,45534.19921875,0.6354444250464439,1.0,MF,33.33333333333333
494291,Ibrahim MAZA,43843,Algeria,ALG,Midfielder,0.0,11.0,0.0,3.0,2.0,0.0,0.0,0.0,0.0,1.0,7.0,0.0,0.0,7.0,2.0,5.0,3.0,4.0,1.0,26.0,1.0,6.852484583854675,17.0,1.0,0.0,1.0,0.0,153.0,14.0,0.0,0.0,6088.31005859375,439.10001373291016,20872.2099609375,1874.6600036621094,15187.16015625,97.0,147.0,25.0,1.0,5.0,0.0,0.0,0.0,0.0,0.0,0.0,0.0,0.0,0.0,0.0,0.0,0.0,0.0,1.0,0.0,0.0,55.0,6.0,0.0,10.0,5.0,2.0,4.0,32.0,13.0,6.0,2.0,6.0,1.0,32.0,21.0,17.0,25.0,47.0,3.0,0.0,1.0,26.0,4.0,342.0,164.0,22.0,39.0,122.0,51.0,153.0,59.0,212.0,0.0,0.0,141.0,111.0,0.0,0.0,69.0,59.0,4.0,14.0,122.0,45.0,136.0,0.0,524.0,152.0,0.0,1.0,12.0,4.392930686473846,2.0,389.37784999999997,32.71076202392578,44461.439453125,1.0575313285226002,0.0,MF,27.27272727272727
332847,Leandro PAREDES,43922,Argentina,ARG,Midfielder,0.0,4.0,0.0,0.0,1.0,0.0,0.0,0.0,0.0,0.0,3.0,0.0,0.0,0.0,0.0,3.0,1.0,4.0,1.0,17.0,7.0,5.311807632446289,16.0,7.0,1.0,2.0,1.0,63.0,19.0,14.0,0.0,6485.859924316406,479.3299903869629,23201.649841308594,1917.3499450683594,22183.950561523438,187.0,217.0,18.0,9.0,3.0,18.0,,,0.0,0.0,0.0,0.0,0.0,0.0,0.0,0.0,0.0,0.0,0.0,4.0,0.0,151.0,6.0,10.0,54.0,46.0,36.0,38.0,128.0,8.0,3.0,0.0,1.0,1.0,89.0,79.0,68.0,72.0,54.0,2.0,8.0,1.0,42.0,7.0,1154.0,303.0,23.0,2.0,40.0,194.0,157.0,79.0,236.0,0.0,0.0,565.0,532.0,0.0,0.0,158.0,9.0,0.0,4.0,54.0,497.0,58.0,0.0,566.0,148.0,3.0,2.0,3.0,0.2941210884600878,4.0,557.6169166666667,30.150081634521484,54268.14013671875,0.06944622471928596,2.0,MF,25.0
416081,Julian ALVAREZ,43922,Argentina,ARG,Forward,0.0,11.0,0.0,0.0,1.0,0.0,0.0,0.0,0.0,3.0,6.0,0.0,1.0,7.0,4.0,5.0,5.0,4.0,1.0,9.0,4.0,6.2349119782447815,6.0,4.0,0.0,1.0,0.0,285.0,37.0,1.0,0.0,8803.819885253906,1676.9800720214844,31846.849365234375,4194.520050048828,24818.369384765625,137.0,183.0,38.0,11.0,4.0,1.0,0.0,0.0,0.0,0.0,0.0,0.0,0.0,0.0,1.0,0.0,0.0,1.0,0.0,0.0,0.0,30.0,0.0,0.0,0.0,0.0,0.0,0.0,23.0,4.0,2.0,1.0,3.0,1.0,26.0,21.0,20.0,25.0,21.0,0.0,0.0,1.0,15.0,8.0,494.0,224.0,30.0,111.0,118.0,70.0,189.0,110.0,299.0,2.0,0.0,215.0,183.0,0.0,0.0,90.0,116.0,3.0,14.0,106.0,124.0,120.0,0.0,787.0,340.0,3.0,3.0,3.0,17.60255491733551,2.0,690.6236666666668,34.976646423339844,71340.54052734375,1.3940788358449936,0.0,FW,45.45454545454545
229397,Lionel MESSI,43922,Argentina,ARG,Forward,4.0,35.0,0.0,5.0,3.0,0.0,1.0,12.0,10.0,3.0,15.0,2.0,1.0,16.0,10.0,11.0,19.0,19.0,9.0,61.0,5.0,4.533356249332428,40.0,4.0,38.0,46.0,18.0,194.0,23.0,30.0,0.0,5803.010070800781,490.8299939632416,14066.86962890625,2724.2799377441406,41334.38146972656,231.0,349.0,26.0,3.0,20.0,30.0,0.0,0.0,0.0,0.0,0.0,0.0,0.0,0.0,8.0,1.0,5.0,3.0,0.0,0.0,0.0,174.0,13.0,3.0,21.0,13.0,4.0,5.0,108.0,36.0,21.0,9.0,10.0,13.0,117.0,74.0,59.0,88.0,116.0,6.0,3.0,6.0,80.0,8.0,899.0,403.0,69.0,59.0,121.0,65.0,157.0,88.0,245.0,5.0,0.0,367.0,288.0,2.0,0.0,130.0,151.0,5.0,28.0,163.0,249.0,191.0,0.0,527.0,204.0,1.0,1.0,25.0,11.439310014247894,1.0,853.23305,30.765869140625,64419.37060546875,6.183634260669351,0.0,FW,54.285714285714285
430631,Nico GONZALEZ,43922,Argentina,ARG,Midfielder,1.0,7.0,0.0,1.0,2.0,3.0,1.0,0.0,0.0,1.0,0.0,0.0,0.0,7.0,1.0,4.0,1.0,0.0,0.0,18.0,0.0,5.322291314601898,9.0,0.0,0.0,9.0,4.0,77.0,7.0,0.0,0.0,4224.52001953125,989.5200119018555,13136.099975585938,1808.6799926757812,12732.7998046875,53.0,89.0,12.0,4.0,3.0,0.0,0.0,0.0,0.0,0.0,0.0,0.0,0.0,0.0,0.0,0.0,0.0,0.0,4.0,0.0,0.0,23.0,3.0,0.0,5.0,1.0,0.0,2.0,10.0,8.0,5.0,4.0,4.0,1.0,10.0,4.0,3.0,6.0,21.0,1.0,0.0,0.0,9.0,7.0,275.0,131.0,22.0,80.0,18.0,4.0,57.0,45.0,102.0,2.0,0.0,109.0,90.0,0.0,0.0,29.0,64.0,23.0,14.0,49.0,75.0,63.0,0.0,322.0,153.0,6.0,1.0,5.0,6.682017773389816,8.0,324.7864,33.51842498779297,32891.620849609375,0.4813296664506197,0.0,MF,14.285714285714285
418975,Thiago ALMADA,43922,Argentina,ARG,Forward,0.0,5.0,0.0,0.0,1.0,0.0,0.0,0.0,0.0,1.0,3.0,0.0,0.0,2.0,2.0,3.0,2.0,3.0,0.0,6.0,2.0,4.397372841835022,4.0,2.0,0.0,1.0,0.0,70.0,11.0,1.0,0.0,4306.4901123046875,778.2600021362305,15176.700073242188,1761.8999786376953,9786.69970703125,117.0,138.0,26.0,2.0,2.0,1.0,0.0,0.0,0.0,0.0,0.0,0.0,0.0,0.0,0.0,0.0,0.0,0.0,0.0,0.0,0.0,30.0,0.0,0.0,4.0,4.0,4.0,4.0,25.0,2.0,1.0,0.0,0.0,2.0,24.0,20.0,19.0,22.0,23.0,0.0,0.0,1.0,19.0,5.0,368.0,119.0,13.0,41.0,85.0,44.0,122.0,48.0,170.0,2.0,0.0,170.0,154.0,0.0,0.0,72.0,52.0,1.0,4.0,85.0,95.0,89.0,0.0,362.0,137.0,2.0,3.0,3.0,4.192815482616425,1.0,267.9313333333334,33.309593200683594,31810.050537109375,0.2542039640247822,1.0,FW,40.0
430628,Alexis MAC ALLISTER,43922,Argentina,ARG,Midfielder,1.0,13.0,0.0,1.0,0.0,2.0,4.0,1.0,0.0,2.0,3.0,0.0,0.0,10.0,3.0,7.0,4.0,3.0,1.0,5.0,3.0,6.233977496623993,3.0,3.0,0.0,1.0,0.0,239.0,37.0,6.0,0.0,11818.340026855469,853.2099924087524,41710.07019042969,3470.0699920654297,32710.079467773438,214.0,259.0,36.0,9.0,12.0,6.0,0.0,0.0,0.0,0.0,0.0,0.0,0.0,0.0,1.0,0.0,1.0,0.0,9.0,0.0,0.0,86.0,1.0,7.0,24.0,21.0,16.0,16.0,69.0,3.0,1.0,0.0,1.0,1.0,59.0,47.0,42.0,50.0,54.0,1.0,4.0,0.0,41.0,8.0,933.0,293.0,26.0,50.0,97.0,122.0,206.0,63.0,269.0,0.0,0.0,430.0,393.0,0.0,0.0,90.0,58.0,4.0,23.0,172.0,266.0,195.0,0.0,1024.0,277.0,1.0,0.0,1.0,4.509000649675727,1.0,869.10485,30.200515747070312,90561.76977539062,1.924832247197628,1.0,MF,30.76923076923077
402920,Lautaro MARTINEZ,43922,Argentina,ARG,Forward,1.0,10.0,0.0,2.0,0.0,0.0,5.0,0.0,0.0,1.0,2.0,1.0,1.0,9.0,4.0,4.0,4.0,1.0,0.0,6.0,0.0,5.3178518414497375,1.0,0.0,0.0,2.0,1.0,181.0,19.0,0.0,0.0,4371.180114746094,716.3900032043457,16530.059448242188,1885.1200256347656,14218.180053710938,33.0,55.0,26.0,8.0,5.0,0.0,0.0,0.0,0.0,0.0,0.0,0.0,0.0,0.0,3.0,0.0,3.0,0.0,2.0,0.0,0.0,4.0,0.0,0.0,1.0,0.0,0.0,1.0,2.0,2.0,1.0,1.0,2.0,0.0,1.0,1.0,1.0,1.0,2.0,0.0,0.0,0.0,1.0,7.0,185.0,99.0,17.0,95.0,70.0,13.0,131.0,47.0,178.0,2.0,0.0,71.0,60.0,1.0,1.0,39.0,58.0,4.0,13.0,47.0,35.0,60.0,0.0,369.0,151.0,3.0,4.0,1.0,31.35360312461853,0.0,368.9436833333334,31.53190040588379,37720.93005371094,2.1727181524038315,1.0,FW,40.0
448252,Enzo FERNANDEZ,43922,Argentina,ARG,Midfielder,0.0,12.0,0.0,3.0,0.0,0.0,1.0,0.0,0.0,4.0,6.0,0.0,1.0,4.0,2.0,5.0,4.0,8.0,2.0,16.0,8.0,5.74476557970047,12.0,7.0,0.0,5.0,2.0,204.0,28.0,5.0,0.0,12078.09033203125,1410.8699951171875,35612.080078125,4210.680023193359,29517.2607421875,227.0,274.0,46.0,12.0,6.0,5.0,0.0,0.0,0.0,0.0,0.0,0.0,0.0,0.0,2.0,0.0,1.0,1.0,2.0,0.0,1.0,150.0,9.0,3.0,40.0,38.0,28.0,28.0,132.0,21.0,15.0,4.0,7.0,5.0,89.0,79.0,65.0,72.0,88.0,7.0,3.0,4.0,75.0,7.0,1122.0,339.0,41.0,51.0,128.0,195.0,226.0,148.0,374.0,1.0,0.0,519.0,480.0,0.0,0.0,193.0,81.0,4.0,13.0,146.0,403.0,159.0,1.0,1054.0,332.0,0.0,1.0,5.0,3.130332864820957,1.0,755.1817000000001,32.559661865234375,82828.98046875,0.9015049934387207,2.0,MF,33.33333333333333
430452,Connor METCALFE,43976,Australia,AUS,Midfielder,0.0,5.0,0.0,1.0,0.0,0.0,0.0,0.0,0.0,3.0,2.0,0.0,0.0,1.0,0.0,2.0,2.0,4.0,2.0,3.0,1.0,6.488139629364014,3.0,0.0,3.0,8.0,1.0,180.0,11.0,0.0,0.0,6013.119812011719,719.1899871826172,16542.730224609375,2184.7300720214844,13065.000244140625,55.0,77.0,28.0,1.0,0.0,0.0,0.0,0.0,0.0,0.0,0.0,0.0,0.0,0.0,1.0,0.0,0.0,1.0,0.0,0.0,0.0,33.0,3.0,1.0,4.0,2.0,0.0,0.0,23.0,7.0,5.0,3.0,4.0,0.0,22.0,16.0,14.0,18.0,27.0,2.0,0.0,0.0,18.0,4.0,199.0,94.0,11.0,34.0,89.0,17.0,80.0,60.0,140.0,0.0,0.0,80.0,65.0,0.0,0.0,41.0,37.0,2.0,7.0,57.0,33.0,64.0,0.0,513.0,175.0,1.0,1.0,3.0,2.1808872669935226,1.0,354.5715,32.272422790527344,38524.7705078125,0.10858610831201077,0.0,MF,40.0
498806,Mohamed TOURE,43976,Australia,AUS,Forward,0.0,4.0,0.0,1.0,1.0,0.0,1.0,0.0,0.0,2.0,0.0,0.0,0.0,4.0,1.0,2.0,1.0,0.0,0.0,8.0,0.0,4.7599745988845825,3.0,0.0,0.0,2.0,0.0,86.0,5.0,0.0,0.0,2478.1099853515625,569.0800170898438,8418.329833984375,842.9199981689453,7199.5902099609375,10.0,26.0,3.0,4.0,2.0,0.0,0.0,0.0,0.0,0.0,0.0,0.0,0.0,0.0,0.0,0.0,0.0,0.0,1.0,0.0,0.0,3.0,0.0,0.0,0.0,0.0,0.0,0.0,2.0,2.0,1.0,1.0,2.0,0.0,1.0,1.0,1.0,1.0,3.0,0.0,0.0,0.0,2.0,3.0,53.0,35.0,6.0,18.0,7.0,0.0,16.0,9.0,25.0,1.0,0.0,16.0,12.0,0.0,0.0,8.0,17.0,6.0,7.0,18.0,4.0,25.0,0.0,217.0,79.0,1.0,2.0,2.0,5.09505832195282,0.0,182.86648333333335,35.7724494934082,19508.02978515625,0.2641667565330863,0.0,FW,25.0
404319,Ajdin HRUSTIC,43976,Australia,AUS,Forward,0.0,3.0,0.0,2.0,1.0,0.0,0.0,0.0,0.0,0.0,2.0,0.0,0.0,2.0,0.0,1.0,0.0,1.0,0.0,1.0,0.0,3.7435765266418457,1.0,0.0,1.0,5.0,2.0,40.0,2.0,2.0,0.0,2129.2100219726562,250.54999542236328,5063.6600341796875,778.239990234375,3238.7301025390625,25.0,34.0,5.0,1.0,0.0,2.0,,,0.0,0.0,0.0,0.0,0.0,0.0,0.0,0.0,0.0,0.0,0.0,0.0,0.0,6.0,0.0,2.0,2.0,0.0,0.0,0.0,1.0,0.0,0.0,0.0,0.0,0.0,4.0,1.0,1.0,2.0,4.0,0.0,0.0,0.0,0.0,2.0,80.0,36.0,8.0,14.0,32.0,5.0,27.0,24.0,51.0,0.0,0.0,31.0,27.0,0.0,0.0,13.0,15.0,2.0,2.0,28.0,8.0,30.0,0.0,183.0,58.0,2.0,0.0,1.0,1.626541793346405,0.0,90.67051666666669,30.186803817749023,11460.39013671875,0.10626549273729324,0.0,FW,0.0
486306,Nestory IRANKUNDA,43976,Australia,AUS,Forward,0.0,6.0,0.0,2.0,2.0,0.0,1.0,0.0,0.0,3.0,0.0,0.0,0.0,4.0,3.0,1.0,3.0,2.0,0.0,8.0,1.0,5.6631035804748535,2.0,0.0,0.0,1.0,0.0,116.0,3.0,0.0,0.0,3133.4500732421875,1169.5499572753906,11031.710327148438,1427.0500030517578,10517.239990234375,21.0,46.0,13.0,4.0,5.0,0.0,0.0,0.0,0.0,0.0,0.0,0.0,0.0,0.0,1.0,0.0,1.0,0.0,1.0,0.0,0.0,5.0,0.0,0.0,0.0,0.0,0.0,0.0,4.0,1.0,1.0,1.0,1.0,0.0,4.0,3.0,3.0,4.0,5.0,0.0,0.0,0.0,4.0,4.0,124.0,72.0,10.0,34.0,20.0,1.0,36.0,19.0,55.0,0.0,0.0,44.0,32.0,0.0,0.0,13.0,43.0,6.0,9.0,42.0,15.0,51.0,0.0,263.0,129.0,1.0,3.0,1.0,8.107731461524963,0.0,285.9299666666667,35.12529754638672,27278.99951171875,0.8129445053637028,0.0,FW,50.0
448015,Cristian VOLPATO,43976,Australia,AUS,Forward,0.0,4.0,0.0,0.0,2.0,0.0,0.0,0.0,0.0,0.0,2.0,0.0,0.0,2.0,1.0,3.0,1.0,2.0,0.0,24.0,0.0,5.162189722061157,15.0,0.0,7.0,13.0,3.0,64.0,4.0,3.0,0.0,3517.1498413085938,233.37999725341797,8590.77001953125,1295.5400390625,7065.2899169921875,52.0,86.0,11.0,1.0,2.0,3.0,,,0.0,0.0,0.0,0.0,0.0,0.0,0.0,0.0,0.0,0.0,0.0,0.0,0.0,24.0,0.0,1.0,1.0,0.0,0.0,0.0,14.0,9.0,5.0,4.0,8.0,1.0,14.0,9.0,8.0,12.0,22.0,0.0,0.0,1.0,12.0,3.0,188.0,98.0,8.0,17.0,52.0,6.0,43.0,32.0,75.0,0.0,0.0,66.0,52.0,0.0,0.0,32.0,58.0,1.0,8.0,62.0,29.0,70.0,0.0,322.0,94.0,1.0,2.0,11.0,2.237772822380066,0.0,180.0079166666667,29.847721099853516,20702.1298828125,0.28057433664798737,0.0,FW,25.0
355775,Jackson IRVINE,43976,Australia,AUS,Midfielder,0.0,3.0,0.0,0.0,0.0,1.0,1.0,0.0,0.0,1.0,0.0,0.0,0.0,3.0,1.0,1.0,1.0,0.0,0.0,4.0,2.0,7.468309164047241,3.0,2.0,0.0,2.0,1.0,80.0,11.0,1.0,0.0,5882.43994140625,353.09000396728516,14632.350158691406,1719.4100952148438,8895.860107421875,73.0,95.0,7.0,3.0,3.0,1.0,0.0,0.0,0.0,0.0,0.0,0.0,0.0,0.0,0.0,0.0,0.0,0.0,1.0,0.0,0.0,38.0,1.0,4.0,13.0,9.0,8.0,8.0,21.0,2.0,0.0,0.0,1.0,0.0,23.0,12.0,11.0,18.0,28.0,0.0,1.0,0.0,13.0,4.0,279.0,113.0,10.0,19.0,43.0,38.0,69.0,31.0,100.0,0.0,0.0,124.0,103.0,0.0,0.0,34.0,25.0,2.0,4.0,63.0,68.0,67.0,0.0,495.0,125.0,2.0,1.0,1.0,1.591385193169117,0.0,255.06915000000004,29.89175796508789,31483.150634765625,0.211469866335392,1.0,MF,33.33333333333333
441088,Nicolas SEIWALD,43934,Austria,AUT,Midfielder,0.0,3.0,0.0,2.0,0.0,0.0,1.0,0.0,0.0,1.0,1.0,0.0,0.0,2.0,0.0,1.0,0.0,1.0,0.0,3.0,1.0,6.6469080448150635,3.0,1.0,0.0,3.0,1.0,64.0,19.0,1.0,0.0,5521.709899902344,676.25,19052.8896484375,1732.1599731445312,12657.140625,66.0,80.0,16.0,1.0,1.0,1.0,0.0,0.0,0.0,0.0,0.0,0.0,0.0,0.0,0.0,0.0,0.0,0.0,0.0,0.0,0.0,37.0,1.0,2.0,14.0,13.0,11.0,11.0,32.0,2.0,2.0,1.0,1.0,0.0,21.0,17.0,15.0,18.0,23.0,1.0,1.0,0.0,20.0,4.0,339.0,121.0,9.0,14.0,45.0,79.0,96.0,42.0,138.0,0.0,0.0,153.0,141.0,0.0,0.0,60.0,10.0,1.0,4.0,53.0,107.0,57.0,0.0,491.0,132.0,0.0,1.0,0.0,0.3798072040081024,0.0,361.2923166666667,32.68146514892578,39640.150390625,0.04821954341605306,0.0,MF,0.0
299200,Marko ARNAUTOVIC,43934,Austria,AUT,Forward,0.0,3.0,0.0,0.0,0.0,0.0,0.0,0.0,0.0,1.0,1.0,1.0,0.0,3.0,3.0,0.0,3.0,0.0,0.0,1.0,0.0,5.435826539993286,1.0,0.0,0.0,1.0,0.0,35.0,1.0,0.0,0.0,1758.3899230957031,196.99999904632568,6100.889892578125,689.1400299072266,7017.4598388671875,17.0,28.0,5.0,3.0,1.0,0.0,0.0,0.0,0.0,0.0,0.0,0.0,0.0,0.0,2.0,0.0,2.0,0.0,0.0,0.0,0.0,1.0,0.0,0.0,0.0,0.0,0.0,0.0,1.0,0.0,0.0,0.0,0.0,0.0,1.0,1.0,1.0,1.0,1.0,0.0,0.0,0.0,1.0,4.0,75.0,40.0,4.0,17.0,8.0,0.0,19.0,6.0,25.0,5.0,0.0,32.0,25.0,1.0,1.0,4.0,25.0,5.0,5.0,25.0,3.0,30.0,0.0,156.0,57.0,3.0,1.0,0.0,13.588975667953491,0.0,173.85736666666665,31.8085880279541,15762.87939453125,1.310304969549179,1.0,FW,100.0
358241,Marcel SABITZER,43934,Austria,AUT,Midfielder,0.0,5.0,0.0,1.0,0.0,0.0,0.0,1.0,1.0,1.0,3.0,0.0,0.0,1.0,0.0,2.0,2.0,4.0,2.0,6.0,1.0,6.026861906051636,4.0,1.0,9.0,30.0,10.0,137.0,10.0,5.0,0.0,5868.320068359375,1128.9600219726562,14751.729736328125,2703.8299560546875,16911.119873046875,70.0,106.0,26.0,2.0,3.0,5.0,0.0,0.0,0.0,0.0,0.0,0.0,0.0,0.0,1.0,0.0,0.0,1.0,0.0,0.0,0.0,70.0,7.0,4.0,13.0,5.0,1.0,2.0,40.0,16.0,11.0,5.0,6.0,3.0,41.0,24.0,18.0,27.0,37.0,4.0,0.0,2.0,23.0,4.0,324.0,156.0,15.0,47.0,66.0,8.0,48.0,73.0,121.0,1.0,0.0,126.0,94.0,0.0,0.0,51.0,80.0,7.0,8.0,68.0,74.0,76.0,0.0,488.0,233.0,0.0,0.0,3.0,2.6924923062324524,3.0,412.32820000000004,33.6202392578125,41363.958984375,0.4572260081768036,1.0,MF,40.0
358120,Kevin DE BRUYNE,43935,Belgium,BEL,Midfielder,0.0,20.0,0.0,4.0,0.0,0.0,1.0,1.0,1.0,5.0,13.0,0.0,0.0,9.0,3.0,10.0,5.0,11.0,2.0,13.0,2.0,5.668224493662517,8.0,2.0,14.0,21.0,5.0,145.0,13.0,6.0,0.0,7110.2098388671875,856.0499572753906,19476.03076171875,2645.7599487304688,16524.849853515625,78.0,129.0,14.0,2.0,4.0,6.0,0.0,0.0,0.0,0.0,0.0,0.0,0.0,0.0,1.0,0.0,0.0,1.0,0.0,0.0,0.0,105.0,13.0,1.0,20.0,11.0,6.0,6.0,61.0,21.0,10.0,2.0,3.0,5.0,64.0,40.0,31.0,45.0,48.0,4.0,1.0,4.0,23.0,5.0,446.0,201.0,37.0,76.0,96.0,51.0,126.0,97.0,223.0,0.0,0.0,185.0,153.0,0.0,0.0,77.0,61.0,6.0,8.0,78.0,129.0,86.0,0.0,573.0,204.0,0.0,5.0,5.0,4.237792909145355,3.0,412.94620000000003,32.18869400024414,46612.90087890625,1.3923572823405266,1.0,MF,25.0
401444,Youri TIELEMANS,43935,Belgium,BEL,Midfielder,0.0,11.0,0.0,1.0,0.0,0.0,2.0,0.0,0.0,3.0,5.0,1.0,0.0,7.0,3.0,5.0,3.0,4.0,0.0,7.0,5.0,5.751233816146851,7.0,3.0,5.0,14.0,3.0,120.0,24.0,12.0,0.0,10137.339599609375,642.6999969482422,29052.2705078125,3485.41015625,18494.949462890625,142.0,183.0,19.0,7.0,10.0,12.0,0.0,0.0,0.0,0.0,0.0,0.0,0.0,0.0,2.0,0.0,2.0,0.0,2.0,0.0,0.0,106.0,5.0,7.0,35.0,29.0,20.0,23.0,74.0,10.0,5.0,0.0,1.0,4.0,61.0,40.0,30.0,45.0,66.0,4.0,5.0,1.0,48.0,5.0,591.0,256.0,33.0,61.0,87.0,100.0,174.0,74.0,248.0,1.0,0.0,255.0,221.0,1.0,1.0,85.0,41.0,3.0,15.0,110.0,158.0,125.0,0.0,862.0,256.0,0.0,1.0,3.0,2.744658514857292,2.0,538.9087666666667,29.80108070373535,61812.669921875,1.4984220210462809,0.0,MF,27.27272727272727
358112,Romelu LUKAKU,43935,Belgium,BEL,Forward,1.0,6.0,0.0,2.0,0.0,0.0,3.0,0.0,0.0,1.0,2.0,0.0,0.0,6.0,3.0,1.0,3.0,0.0,0.0,1.0,0.0,5.466885805130005,1.0,0.0,0.0,0.0,0.0,56.0,1.0,0.0,0.0,2733.6499938964844,378.63001441955566,8704.940185546875,971.5600051879883,10903.010040283203,26.0,38.0,5.0,2.0,0.0,0.0,0.0,0.0,0.0,0.0,0.0,0.0,0.0,0.0,3.0,0.0,3.0,0.0,2.0,0.0,0.0,4.0,0.0,0.0,0.0,0.0,0.0,0.0,3.0,3.0,2.0,2.0,3.0,0.0,1.0,1.0,1.0,1.0,3.0,0.0,0.0,0.0,3.0,6.0,110.0,56.0,12.0,85.0,41.0,3.0,107.0,22.0,129.0,1.0,0.0,42.0,32.0,0.0,0.0,25.0,53.0,1.0,14.0,29.0,16.0,43.0,0.0,227.0,79.0,5.0,1.0,1.0,19.36522388458252,0.0,279.7895666666667,32.417274475097656,23691.7890625,0.767917949706316,1.0,FW,50.0
448355,Leandro TROSSARD,43935,Belgium,BEL,Forward,2.0,17.0,0.0,8.0,2.0,0.0,0.0,0.0,0.0,5.0,10.0,0.0,0.0,10.0,2.0,3.0,4.0,7.0,2.0,17.0,4.0,6.768001000086467,14.0,3.0,0.0,11.0,5.0,168.0,12.0,0.0,0.0,9557.85986328125,1164.8300170898438,28334.719970703125,3519.0402221679688,20572.309814453125,129.0,175.0,26.0,4.0,8.0,0.0,0.0,0.0,0.0,0.0,0.0,0.0,0.0,0.0,2.0,0.0,2.0,0.0,0.0,0.0,0.0,71.0,5.0,6.0,13.0,9.0,2.0,2.0,50.0,11.0,6.0,2.0,2.0,4.0,47.0,35.0,26.0,32.0,57.0,2.0,5.0,2.0,42.0,6.0,500.0,238.0,45.0,84.0,95.0,34.0,105.0,108.0,213.0,1.0,0.0,199.0,171.0,0.0,0.0,54.0,92.0,10.0,14.0,81.0,156.0,95.0,0.0,802.0,276.0,0.0,4.0,10.0,6.285376876592636,5.0,561.80265,33.17099380493164,63148.759765625,1.6696620788425207,0.0,FW,23.52941176470588
448341,Jeremy DOKU,43935,Belgium,BEL,Forward,0.0,3.0,0.0,0.0,1.0,0.0,0.0,0.0,0.0,0.0,2.0,0.0,0.0,3.0,1.0,2.0,1.0,0.0,0.0,53.0,0.0,5.215637922286987,26.0,0.0,0.0,11.0,4.0,134.0,18.0,1.0,0.0,5090.160003662109,746.6000061035156,12011.899597167969,1973.6600799560547,15354.280639648438,92.0,147.0,15.0,4.0,18.0,1.0,0.0,0.0,0.0,0.0,0.0,0.0,0.0,0.0,0.0,0.0,0.0,0.0,0.0,0.0,0.0,45.0,4.0,0.0,6.0,4.0,1.0,2.0,34.0,16.0,13.0,8.0,10.0,2.0,23.0,17.0,12.0,17.0,44.0,3.0,0.0,2.0,34.0,5.0,263.0,146.0,18.0,51.0,73.0,23.0,58.0,89.0,147.0,0.0,0.0,90.0,74.0,0.0,0.0,50.0,88.0,5.0,14.0,73.0,63.0,87.0,0.0,443.0,172.0,1.0,3.0,21.0,3.5786362290382385,2.0,341.66400000000004,34.68144607543945,35176.60009765625,0.1443469524383545,0.0,FW,33.33333333333333
448377,Dodi LUKEBAKIO,43935,Belgium,BEL,Forward,0.0,7.0,0.0,2.0,0.0,0.0,0.0,1.0,0.0,0.0,6.0,0.0,0.0,5.0,0.0,4.0,1.0,2.0,1.0,17.0,1.0,3.158055623372396,12.0,1.0,0.0,7.0,1.0,67.0,3.0,0.0,0.0,2638.919921875,623.9599609375,8444.839965820312,1162.7699890136719,7366.83984375,42.0,68.0,6.0,1.0,2.0,0.0,,,0.0,0.0,0.0,0.0,0.0,0.0,0.0,0.0,0.0,0.0,1.0,0.0,0.0,21.0,1.0,0.0,1.0,0.0,0.0,0.0,13.0,6.0,5.0,2.0,2.0,3.0,14.0,8.0,5.0,10.0,12.0,0.0,0.0,3.0,8.0,3.0,154.0,74.0,14.0,39.0,26.0,18.0,30.0,53.0,83.0,0.0,0.0,55.0,44.0,0.0,0.0,28.0,34.0,1.0,4.0,28.0,50.0,32.0,0.0,232.0,101.0,2.0,1.0,10.0,2.7425538897514343,0.0,194.88106666666664,33.67787170410156,20237.32958984375,0.4116241931915283,0.0,FW,14.285714285714285
448362,Charles DE KETELAERE,43935,Belgium,BEL,Forward,1.0,6.0,0.0,1.0,0.0,1.0,3.0,0.0,0.0,0.0,2.0,0.0,0.0,6.0,5.0,0.0,5.0,0.0,0.0,10.0,1.0,5.318337122599284,7.0,0.0,0.0,5.0,0.0,146.0,18.0,2.0,0.0,5111.500061035156,960.8400344848633,16625.27001953125,2518.370086669922,15710.729614257812,55.0,88.0,19.0,2.0,3.0,2.0,0.0,0.0,0.0,0.0,0.0,0.0,0.0,0.0,3.0,0.0,3.0,0.0,3.0,0.0,0.0,29.0,3.0,0.0,4.0,1.0,0.0,1.0,14.0,13.0,6.0,4.0,8.0,2.0,12.0,7.0,5.0,7.0,22.0,1.0,0.0,1.0,10.0,5.0,230.0,112.0,20.0,101.0,56.0,4.0,105.0,56.0,161.0,2.0,0.0,91.0,72.0,0.0,0.0,46.0,80.0,10.0,23.0,59.0,42.0,82.0,0.0,426.0,217.0,0.0,4.0,3.0,11.600352168083191,2.0,385.95775000000003,33.525020599365234,40926.70947265625,1.511477530002594,0.0,FW,83.33333333333334
448343,Hans VANAKEN,43935,Belgium,BEL,Midfielder,2.0,5.0,0.0,1.0,0.0,0.0,2.0,0.0,0.0,1.0,1.0,0.0,1.0,4.0,0.0,3.0,1.0,1.0,1.0,3.0,2.0,7.104005575180054,3.0,2.0,0.0,3.0,0.0,145.0,8.0,4.0,0.0,6887.769866943359,511.96997261047363,18878.11993408203,2250.979953765869,14073.74008178711,94.0,110.0,12.0,0.0,6.0,5.0,0.0,0.0,0.0,0.0,0.0,0.0,0.0,0.0,1.0,0.0,0.0,1.0,0.0,1.0,0.0,32.0,1.0,1.0,9.0,7.0,7.0,7.0,24.0,2.0,1.0,1.0,1.0,0.0,21.0,16.0,16.0,19.0,18.0,0.0,0.0,0.0,12.0,6.0,362.0,143.0,22.0,20.0,90.0,46.0,111.0,45.0,156.0,0.0,0.0,164.0,153.0,0.0,0.0,51.0,46.0,2.0,8.0,69.0,101.0,77.0,0.0,586.0,159.0,3.0,2.0,1.0,4.42339888215065,0.0,362.2669833333333,30.64732551574707,42602.580078125,0.6424163058400154,0.0,MF,20.0
433092,Alexis SAELEMAEKERS,43935,Belgium,BEL,Midfielder,0.0,4.0,0.0,1.0,0.0,1.0,0.0,0.0,0.0,0.0,3.0,0.0,0.0,3.0,1.0,2.0,1.0,1.0,0.0,8.0,0.0,5.013877073923747,3.0,0.0,1.0,2.0,1.0,25.0,1.0,1.0,0.0,1843.8699493408203,430.99999237060547,4932.550384521484,889.5600051879883,4132.440124511719,26.0,42.0,4.0,0.0,2.0,1.0,,,0.0,0.0,0.0,0.0,0.0,0.0,1.0,0.0,1.0,0.0,0.0,0.0,0.0,15.0,1.0,0.0,1.0,1.0,0.0,0.0,13.0,2.0,2.0,0.0,0.0,1.0,12.0,10.0,8.0,10.0,8.0,1.0,0.0,1.0,7.0,4.0,106.0,50.0,9.0,23.0,37.0,14.0,40.0,34.0,74.0,2.0,0.0,42.0,33.0,0.0,0.0,16.0,29.0,2.0,1.0,17.0,36.0,18.0,0.0,141.0,64.0,3.0,1.0,2.0,3.627330869436264,0.0,107.07663333333335,32.700523376464844,12229.420288085938,0.14261167496442795,0.0,MF,25.0
436743,Ermedin DEMIROVIC,44037,Bosnia and Herzegovina,BIH,Forward,0.0,4.0,0.0,0.0,0.0,0.0,0.0,0.0,0.0,1.0,3.0,0.0,0.0,1.0,1.0,0.0,4.0,3.0,3.0,5.0,0.0,6.093739748001099,1.0,0.0,0.0,0.0,0.0,131.0,15.0,0.0,0.0,4517.669921875,1161.5400085449219,15763.739990234375,2140.350067138672,16839.929931640625,26.0,43.0,19.0,11.0,3.0,0.0,0.0,0.0,0.0,0.0,0.0,0.0,0.0,0.0,0.0,0.0,0.0,0.0,0.0,0.0,0.0,14.0,1.0,0.0,2.0,1.0,1.0,1.0,9.0,5.0,4.0,4.0,4.0,0.0,7.0,4.0,4.0,6.0,14.0,0.0,0.0,0.0,9.0,4.0,112.0,65.0,7.0,67.0,31.0,8.0,82.0,24.0,106.0,1.0,0.0,39.0,29.0,0.0,0.0,13.0,36.0,3.0,15.0,38.0,5.0,53.0,0.0,375.0,176.0,0.0,1.0,1.0,8.724612355232239,0.0,399.8389833333333,32.988956451416016,40423.2294921875,0.08020246773958206,1.0,FW,100.0
300409,Edin DZEKO,44037,Bosnia and Herzegovina,BIH,Forward,0.0,3.0,0.0,1.0,0.0,0.0,0.0,0.0,0.0,1.0,2.0,0.0,0.0,3.0,0.0,1.0,0.0,0.0,0.0,2.0,1.0,4.562768459320068,2.0,1.0,0.0,2.0,1.0,69.0,1.0,0.0,0.0,2368.2900390625,151.7700023651123,7246.189697265625,863.8399963378906,9185.76025390625,26.0,42.0,4.0,1.0,2.0,0.0,,,0.0,0.0,0.0,0.0,0.0,0.0,0.0,0.0,0.0,0.0,0.0,0.0,0.0,10.0,1.0,0.0,3.0,1.0,1.0,2.0,5.0,3.0,2.0,2.0,2.0,0.0,4.0,2.0,2.0,3.0,8.0,0.0,0.0,0.0,3.0,3.0,111.0,52.0,4.0,16.0,33.0,6.0,40.0,15.0,55.0,0.0,0.0,48.0,33.0,0.0,0.0,23.0,22.0,4.0,13.0,23.0,15.0,36.0,0.0,201.0,57.0,0.0,3.0,2.0,5.182246744632721,1.0,196.05156666666664,30.0711612701416,19815.84912109375,0.2020808681845665,1.0,FW,0.0
482974,Ivan BASIC,44037,Bosnia and Herzegovina,BIH,Midfielder,1.0,4.0,0.0,1.0,1.0,0.0,0.0,0.0,0.0,1.0,2.0,0.0,0.0,0.0,0.0,3.0,0.0,4.0,0.0,3.0,3.0,4.872406244277954,3.0,3.0,5.0,12.0,7.0,39.0,8.0,8.0,0.0,3281.39013671875,225.6200065612793,10731.0302734375,876.989990234375,6938.590393066406,54.0,67.0,5.0,2.0,3.0,8.0,0.0,0.0,0.0,0.0,0.0,0.0,0.0,0.0,0.0,0.0,0.0,0.0,0.0,0.0,0.0,35.0,1.0,2.0,8.0,8.0,5.0,5.0,29.0,2.0,1.0,0.0,0.0,1.0,25.0,20.0,17.0,21.0,17.0,1.0,2.0,0.0,14.0,3.0,234.0,90.0,14.0,2.0,22.0,53.0,58.0,19.0,77.0,0.0,0.0,104.0,96.0,0.0,0.0,41.0,7.0,0.0,1.0,36.0,71.0,37.0,0.0,270.0,63.0,1.0,1.0,2.0,0.15302974171936512,0.0,200.80776666666662,31.24757194519043,22053.620849609375,0.1466081440448761,0.0,MF,0.0
494640,Amar MEMIC,44037,Bosnia and Herzegovina,BIH,Midfielder,0.0,3.0,0.0,1.0,0.0,0.0,1.0,0.0,0.0,0.0,1.0,0.0,0.0,2.0,0.0,1.0,1.0,1.0,1.0,9.0,0.0,6.456149458885193,4.0,0.0,0.0,5.0,0.0,54.0,10.0,0.0,0.0,3718.2301330566406,1139.629981994629,10586.020141601562,1793.3400268554688,10225.269897460938,21.0,45.0,13.0,3.0,3.0,1.0,0.0,0.0,0.0,0.0,0.0,0.0,0.0,0.0,0.0,0.0,0.0,0.0,0.0,1.0,0.0,16.0,1.0,1.0,5.0,2.0,2.0,3.0,4.0,4.0,0.0,0.0,3.0,0.0,7.0,2.0,2.0,5.0,11.0,0.0,0.0,0.0,3.0,4.0,135.0,72.0,5.0,38.0,19.0,10.0,22.0,45.0,67.0,0.0,0.0,52.0,39.0,0.0,0.0,9.0,20.0,0.0,8.0,32.0,23.0,40.0,0.0,306.0,152.0,2.0,1.0,1.0,2.2483773827552795,5.0,254.35191666666665,33.93873596191406,27462.490478515625,0.18525573424994946,0.0,MF,33.33333333333333
504990,Kerim ALAJBEGOVIC,44037,Bosnia and Herzegovina,BIH,Forward,0.0,4.0,0.0,2.0,1.0,0.0,0.0,1.0,1.0,1.0,1.0,0.0,0.0,1.0,0.0,1.0,1.0,3.0,1.0,27.0,1.0,6.3456233739852905,17.0,0.0,7.0,16.0,1.0,98.0,8.0,3.0,0.0,4145.560119628906,553.6600074768066,13582.419677734375,1458.7000350952148,13250.639404296875,73.0,116.0,9.0,4.0,6.0,3.0,0.0,0.0,0.0,0.0,0.0,0.0,0.0,0.0,1.0,0.0,0.0,1.0,0.0,0.0,0.0,55.0,4.0,5.0,11.0,5.0,2.0,2.0,31.0,13.0,10.0,5.0,6.0,3.0,31.0,16.0,11.0,19.0,47.0,3.0,0.0,2.0,27.0,4.0,241.0,124.0,14.0,33.0,63.0,19.0,27.0,88.0,115.0,1.0,0.0,90.0,69.0,0.0,0.0,50.0,50.0,2.0,4.0,73.0,45.0,77.0,0.0,365.0,130.0,1.0,2.0,12.0,1.9132866114377975,1.0,312.5353166666667,31.854936599731445,32990.9794921875,0.13792462646961212,0.0,FW,25.0
464566,Esmir BAJRAKTAREVIC,44037,Bosnia and Herzegovina,BIH,Forward,0.0,3.0,0.0,0.0,0.0,0.0,0.0,0.0,0.0,1.0,2.0,0.0,0.0,1.0,1.0,1.0,2.0,2.0,1.0,11.0,0.0,6.4880290031433105,3.0,0.0,1.0,8.0,0.0,85.0,8.0,2.0,0.0,3513.739990234375,888.4999618530273,12784.960571289062,1726.1299896240234,9703.459594726562,49.0,79.0,16.0,1.0,2.0,2.0,0.0,0.0,0.0,0.0,0.0,0.0,0.0,0.0,0.0,0.0,0.0,0.0,0.0,0.0,0.0,13.0,0.0,1.0,3.0,0.0,0.0,2.0,3.0,0.0,0.0,0.0,0.0,0.0,10.0,3.0,3.0,9.0,12.0,0.0,0.0,0.0,3.0,4.0,180.0,92.0,8.0,45.0,48.0,13.0,40.0,66.0,106.0,0.0,0.0,71.0,58.0,0.0,0.0,31.0,35.0,5.0,8.0,53.0,32.0,61.0,0.0,318.0,145.0,2.0,1.0,3.0,3.396824389696121,2.0,262.90709999999996,34.79839324951172,28616.789306640625,0.11128907464444637,0.0,FW,66.66666666666666
308386,CASEMIRO,43924,Brazil,BRA,Midfielder,0.0,4.0,0.0,3.0,0.0,0.0,0.0,0.0,0.0,0.0,4.0,0.0,0.0,2.0,2.0,0.0,2.0,2.0,0.0,5.0,4.0,6.373406887054443,4.0,4.0,0.0,4.0,1.0,103.0,26.0,6.0,0.0,5243.079895019531,375.2700004577637,21921.99951171875,1618.1000213623047,15844.059326171875,98.0,117.0,20.0,6.0,6.0,6.0,0.0,0.0,0.0,0.0,0.0,0.0,0.0,0.0,1.0,0.0,1.0,0.0,2.0,0.0,0.0,59.0,5.0,1.0,13.0,8.0,6.0,7.0,40.0,8.0,4.0,0.0,1.0,2.0,38.0,28.0,24.0,30.0,25.0,2.0,0.0,2.0,17.0,5.0,487.0,177.0,18.0,6.0,37.0,71.0,85.0,29.0,114.0,0.0,0.0,224.0,200.0,0.0,0.0,62.0,15.0,2.0,8.0,71.0,155.0,79.0,0.0,449.0,116.0,0.0,3.0,1.0,0.9670099839568138,0.0,425.69913333333335,29.274982452392578,45002.50927734375,0.6638840772211552,2.0,MF,50.0
405742,VINICIUS JUNIOR,43924,Brazil,BRA,Forward,1.0,17.0,0.0,2.0,4.0,0.0,2.0,0.0,0.0,0.0,10.0,0.0,0.0,14.0,9.0,4.0,11.0,3.0,2.0,53.0,4.0,5.68139009475708,26.0,4.0,2.0,15.0,6.0,172.0,10.0,2.0,0.0,6015.829833984375,1582.0400085449219,14364.039794921875,2978.3699951171875,22908.28955078125,111.0,187.0,24.0,4.0,10.0,2.0,0.0,0.0,0.0,0.0,0.0,0.0,0.0,0.0,4.0,0.0,4.0,0.0,1.0,0.0,0.0,49.0,1.0,0.0,3.0,2.0,1.0,2.0,33.0,21.0,16.0,14.0,17.0,3.0,25.0,15.0,13.0,21.0,40.0,1.0,0.0,1.0,28.0,5.0,397.0,183.0,37.0,104.0,130.0,29.0,113.0,150.0,263.0,3.0,0.0,142.0,116.0,0.0,0.0,98.0,93.0,17.0,8.0,103.0,108.0,111.0,0.0,514.0,253.0,0.0,1.0,23.0,8.12380301952362,1.0,505.95831666666675,34.140018463134766,47848.5693359375,3.2448049187660217,0.0,FW,64.70588235294117
430605,BRUNO GUIMARAES,43924,Brazil,BRA,Midfielder,4.0,8.0,0.0,1.0,0.0,0.0,0.0,0.0,0.0,2.0,5.0,1.0,0.0,5.0,2.0,3.0,2.0,3.0,0.0,6.0,4.0,7.160576629638672,2.0,3.0,8.0,12.0,2.0,159.0,15.0,9.0,0.0,8919.59033203125,252.79000091552734,25567.6796875,2285.6400451660156,17718.42041015625,99.0,143.0,37.0,4.0,7.0,9.0,0.0,0.0,0.0,0.0,0.0,0.0,0.0,0.0,0.0,0.0,0.0,0.0,1.0,0.0,0.0,73.0,6.0,2.0,15.0,12.0,7.0,7.0,44.0,15.0,5.0,2.0,5.0,4.0,43.0,27.0,22.0,31.0,50.0,3.0,2.0,0.0,30.0,5.0,459.0,200.0,27.0,56.0,156.0,127.0,258.0,81.0,339.0,0.0,0.0,200.0,161.0,1.0,0.0,116.0,51.0,5.0,7.0,85.0,129.0,92.0,0.0,739.0,158.0,0.0,4.0,0.0,3.3093692660331726,0.0,458.66215,28.908437728881836,54744.119140625,1.0223325062543154,0.0,MF,25.0
430609,MATHEUS CUNHA,43924,Brazil,BRA,Forward,0.0,10.0,0.0,1.0,1.0,0.0,1.0,0.0,0.0,2.0,6.0,0.0,0.0,5.0,3.0,4.0,4.0,5.0,1.0,14.0,0.0,6.203185749053955,6.0,0.0,3.0,5.0,0.0,133.0,16.0,1.0,0.0,4902.770080566406,545.8000183105469,12030.870361328125,1526.6199645996094,14485.730712890625,60.0,90.0,9.0,1.0,3.0,1.0,0.0,0.0,0.0,0.0,0.0,0.0,0.0,0.0,3.0,0.0,3.0,0.0,1.0,0.0,0.0,36.0,4.0,1.0,5.0,3.0,0.0,0.0,21.0,11.0,4.0,1.0,6.0,1.0,20.0,14.0,10.0,14.0,27.0,2.0,1.0,1.0,14.0,5.0,223.0,103.0,17.0,53.0,92.0,39.0,146.0,38.0,184.0,1.0,0.0,90.0,78.0,0.0,0.0,55.0,46.0,2.0,10.0,61.0,43.0,71.0,0.0,417.0,134.0,1.0,4.0,3.0,6.455537438392639,2.0,324.12940000000003,31.943435668945312,33491.7900390625,1.206252295523882,0.0,FW,40.0
433872,RAPHINHA,43924,Brazil,BRA,Forward,0.0,3.0,0.0,1.0,0.0,0.0,1.0,0.0,0.0,0.0,2.0,0.0,0.0,1.0,1.0,0.0,2.0,2.0,1.0,6.0,0.0,2.59680118560791,2.0,0.0,7.0,10.0,3.0,59.0,7.0,0.0,0.0,2308.0499267578125,788.75,5747.6102294921875,1298.9600219726562,5666.14990234375,25.0,43.0,10.0,1.0,2.0,0.0,0.0,0.0,0.0,0.0,0.0,0.0,0.0,0.0,0.0,0.0,0.0,0.0,0.0,0.0,0.0,11.0,2.0,0.0,2.0,0.0,0.0,0.0,3.0,4.0,1.0,1.0,2.0,0.0,5.0,2.0,2.0,3.0,8.0,0.0,0.0,0.0,3.0,2.0,120.0,60.0,8.0,39.0,41.0,6.0,40.0,46.0,86.0,2.0,0.0,44.0,30.0,0.0,0.0,29.0,28.0,5.0,2.0,35.0,23.0,37.0,0.0,189.0,108.0,0.0,1.0,2.0,3.400457978248596,0.0,143.85648333333336,33.34115982055664,15809.5205078125,0.3370981216430664,0.0,FW,66.66666666666666
463746,ENDRICK,43924,Brazil,BRA,Forward,0.0,3.0,0.0,0.0,0.0,0.0,1.0,0.0,0.0,0.0,2.0,0.0,0.0,2.0,0.0,2.0,0.0,1.0,0.0,3.0,0.0,4.666945838928223,1.0,0.0,0.0,1.0,0.0,53.0,5.0,1.0,0.0,1345.1500244140625,471.70001220703125,4932.290100097656,672.8499984741211,6536.589599609375,9.0,19.0,3.0,1.0,1.0,1.0,,,0.0,0.0,0.0,0.0,0.0,0.0,0.0,0.0,0.0,0.0,0.0,0.0,0.0,11.0,2.0,0.0,4.0,2.0,2.0,2.0,4.0,4.0,1.0,1.0,2.0,0.0,3.0,1.0,1.0,1.0,9.0,0.0,0.0,0.0,2.0,4.0,57.0,30.0,5.0,36.0,12.0,3.0,44.0,7.0,51.0,1.0,0.0,20.0,16.0,0.0,0.0,11.0,18.0,2.0,4.0,16.0,11.0,20.0,0.0,103.0,57.0,4.0,0.0,1.0,9.00159102678299,0.0,146.53865,33.930274963378906,13958.580078125,0.6778774708509445,0.0,FW,0.0
411726,LUCAS PAQUETA,43924,Brazil,BRA,Midfielder,1.0,5.0,0.0,2.0,0.0,0.0,1.0,0.0,0.0,1.0,3.0,0.0,0.0,2.0,1.0,2.0,1.0,3.0,0.0,5.0,1.0,5.1650800704956055,2.0,1.0,1.0,5.0,0.0,104.0,17.0,4.0,0.0,3837.0401611328125,386.36000061035156,11154.709838867188,1582.3900299072266,10600.85986328125,76.0,106.0,9.0,3.0,6.0,4.0,0.0,0.0,0.0,0.0,0.0,0.0,0.0,0.0,0.0,0.0,0.0,0.0,1.0,0.0,0.0,74.0,6.0,3.0,16.0,13.0,7.0,7.0,54.0,8.0,5.0,0.0,0.0,2.0,50.0,36.0,29.0,39.0,43.0,4.0,2.0,1.0,26.0,4.0,412.0,150.0,20.0,22.0,89.0,81.0,110.0,82.0,192.0,0.0,0.0,190.0,162.0,0.0,0.0,84.0,20.0,1.0,9.0,69.0,124.0,78.0,0.0,335.0,123.0,0.0,4.0,2.0,1.6764369755983353,3.0,255.2108166666667,30.863201141357422,27561.36083984375,0.23935385793447495,0.0,MF,20.0
475036,RAYAN,43924,Brazil,BRA,Forward,1.0,5.0,0.0,0.0,1.0,0.0,0.0,1.0,0.0,0.0,3.0,0.0,0.0,3.0,1.0,3.0,2.0,2.0,1.0,9.0,1.0,4.94623498916626,6.0,1.0,1.0,10.0,2.0,112.0,10.0,1.0,0.0,4472.119934082031,680.9700164794922,13074.210205078125,1760.9100036621094,13439.03955078125,79.0,99.0,15.0,5.0,4.0,1.0,,,0.0,0.0,0.0,0.0,0.0,0.0,0.0,0.0,0.0,0.0,1.0,0.0,0.0,18.0,0.0,0.0,0.0,0.0,0.0,0.0,11.0,5.0,5.0,5.0,5.0,0.0,13.0,6.0,6.0,13.0,15.0,0.0,0.0,0.0,10.0,4.0,245.0,110.0,24.0,33.0,19.0,2.0,23.0,31.0,54.0,1.0,0.0,99.0,93.0,0.0,0.0,16.0,75.0,7.0,9.0,67.0,47.0,76.0,0.0,395.0,135.0,1.0,2.0,5.0,4.9733521938323975,4.0,327.07326666666665,33.20985412597656,33427.2509765625,0.7552972547709942,0.0,FW,40.0
477852,KEVIN PINA,43850,Cabo Verde,CPV,Midfielder,0.0,5.0,0.0,0.0,0.0,0.0,0.0,2.0,2.0,1.0,2.0,0.0,0.0,0.0,0.0,4.0,1.0,5.0,1.0,6.0,3.0,6.071072697639465,4.0,2.0,0.0,1.0,0.0,93.0,23.0,9.0,0.0,4678.019836425781,376.3099822998047,19407.63037109375,1465.500015258789,13649.019287109375,75.0,97.0,22.0,5.0,3.0,10.0,0.0,0.0,0.0,0.0,0.0,0.0,0.0,0.0,1.0,1.0,0.0,1.0,0.0,1.0,0.0,51.0,1.0,7.0,23.0,16.0,12.0,15.0,36.0,1.0,0.0,0.0,0.0,0.0,27.0,20.0,16.0,19.0,29.0,0.0,4.0,0.0,18.0,4.0,359.0,167.0,8.0,1.0,26.0,44.0,53.0,18.0,71.0,0.0,0.0,156.0,134.0,0.0,0.0,37.0,5.0,0.0,3.0,63.0,103.0,66.0,0.0,388.0,116.0,0.0,2.0,3.0,0.21570379473268986,0.0,389.87508333333335,30.120616912841797,39576.4794921875,0.08825694676488638,1.0,MF,20.0
401894,JAMIRO MONTEIRO,43850,Cabo Verde,CPV,Midfielder,0.0,5.0,0.0,2.0,0.0,1.0,1.0,1.0,1.0,0.0,2.0,0.0,0.0,2.0,1.0,1.0,1.0,3.0,0.0,7.0,0.0,6.174851298332214,0.0,0.0,4.0,6.0,2.0,110.0,23.0,4.0,0.0,3714.9299926757812,389.32999420166016,14740.099609375,1479.5199890136719,12157.2705078125,52.0,80.0,12.0,4.0,2.0,4.0,0.0,0.0,0.0,0.0,0.0,0.0,0.0,0.0,0.0,0.0,0.0,0.0,0.0,0.0,0.0,21.0,0.0,2.0,4.0,2.0,2.0,2.0,8.0,3.0,1.0,1.0,3.0,0.0,14.0,5.0,5.0,12.0,13.0,0.0,0.0,0.0,2.0,4.0,259.0,117.0,11.0,12.0,73.0,20.0,69.0,36.0,105.0,0.0,0.0,106.0,87.0,0.0,0.0,40.0,17.0,0.0,12.0,53.0,60.0,65.0,0.0,339.0,109.0,1.0,3.0,0.0,0.803690928965807,1.0,314.9173166666667,30.840490341186523,32481.1494140625,0.1935720480978489,0.0,MF,20.0
477827,DEROY DUARTE,43850,Cabo Verde,CPV,Midfielder,0.0,3.0,0.0,0.0,0.0,0.0,0.0,0.0,0.0,2.0,1.0,0.0,0.0,1.0,1.0,1.0,2.0,2.0,1.0,0.0,1.0,6.259343981742859,0.0,1.0,0.0,1.0,1.0,137.0,26.0,0.0,0.0,3795.0398559570312,338.63000106811523,14497.739990234375,894.5099945068359,11526.779541015625,63.0,79.0,13.0,4.0,1.0,0.0,0.0,0.0,0.0,0.0,0.0,0.0,0.0,0.0,1.0,0.0,1.0,0.0,0.0,0.0,0.0,27.0,2.0,2.0,9.0,6.0,3.0,5.0,20.0,2.0,1.0,0.0,0.0,0.0,16.0,13.0,10.0,12.0,18.0,1.0,2.0,0.0,11.0,4.0,228.0,96.0,8.0,11.0,29.0,16.0,41.0,15.0,56.0,0.0,0.0,101.0,87.0,0.0,0.0,19.0,14.0,1.0,6.0,45.0,58.0,51.0,0.0,323.0,73.0,2.0,1.0,0.0,0.3908942751586437,1.0,300.7483500000001,30.875518798828125,31052.700439453125,0.12062074802815914,0.0,MF,66.66666666666666
480966,LAROS DUARTE,43850,Cabo Verde,CPV,Midfielder,0.0,3.0,0.0,0.0,0.0,0.0,0.0,1.0,1.0,0.0,2.0,0.0,0.0,2.0,2.0,0.0,3.0,1.0,1.0,10.0,0.0,6.951534748077393,7.0,0.0,1.0,2.0,2.0,97.0,4.0,1.0,0.0,2696.499969482422,201.57000827789307,11099.70947265625,782.5899658203125,6749.849792480469,34.0,47.0,13.0,0.0,2.0,1.0,0.0,0.0,0.0,0.0,0.0,0.0,0.0,0.0,0.0,0.0,0.0,0.0,0.0,0.0,0.0,13.0,0.0,0.0,2.0,2.0,2.0,2.0,10.0,2.0,1.0,1.0,2.0,0.0,9.0,7.0,7.0,9.0,11.0,0.0,0.0,0.0,8.0,4.0,106.0,50.0,8.0,7.0,65.0,10.0,62.0,20.0,82.0,0.0,0.0,41.0,33.0,0.0,0.0,22.0,16.0,3.0,1.0,33.0,19.0,34.0,0.0,252.0,66.0,2.0,2.0,6.0,1.5177667140960693,0.0,187.66630000000004,31.841169357299805,21530.220703125,0.7005145996809006,0.0,MF,100.0
433724,WILLY SEMEDO,43850,Cabo Verde,CPV,Midfielder,0.0,3.0,0.0,1.0,0.0,0.0,0.0,0.0,0.0,1.0,2.0,0.0,0.0,2.0,0.0,2.0,0.0,1.0,0.0,9.0,0.0,5.150057911872864,1.0,0.0,0.0,2.0,0.0,57.0,6.0,0.0,0.0,2522.0001525878906,444.15999603271484,7570.3197021484375,1199.2100524902344,6066.7401123046875,21.0,34.0,6.0,4.0,2.0,0.0,0.0,0.0,0.0,0.0,0.0,0.0,0.0,0.0,0.0,0.0,0.0,0.0,0.0,0.0,0.0,5.0,0.0,0.0,0.0,0.0,0.0,0.0,1.0,1.0,0.0,0.0,1.0,0.0,4.0,1.0,1.0,4.0,3.0,0.0,0.0,0.0,0.0,3.0,105.0,65.0,6.0,29.0,28.0,4.0,23.0,38.0,61.0,0.0,0.0,33.0,30.0,0.0,0.0,19.0,28.0,1.0,5.0,28.0,26.0,33.0,0.0,207.0,90.0,2.0,1.0,1.0,2.5676233768463135,3.0,156.30538333333334,29.829980850219727,17802.4306640625,0.05679658427834511,0.0,MF,0.0
355642,RYAN MENDES,43850,Cabo Verde,CPV,Forward,1.0,6.0,0.0,3.0,1.0,0.0,0.0,0.0,0.0,4.0,1.0,0.0,0.0,3.0,0.0,3.0,0.0,3.0,0.0,11.0,1.0,6.203289985656738,7.0,1.0,0.0,5.0,0.0,102.0,14.0,0.0,0.0,5260.510009765625,776.9600219726562,14840.820068359375,2169.4300537109375,14782.480224609375,55.0,79.0,24.0,1.0,2.0,0.0,0.0,0.0,0.0,0.0,0.0,0.0,0.0,0.0,0.0,0.0,0.0,0.0,0.0,0.0,0.0,20.0,1.0,1.0,3.0,2.0,0.0,1.0,15.0,4.0,2.0,1.0,3.0,0.0,13.0,11.0,9.0,11.0,15.0,1.0,1.0,0.0,10.0,4.0,211.0,110.0,13.0,52.0,84.0,15.0,50.0,101.0,151.0,2.0,0.0,82.0,70.0,0.0,0.0,47.0,35.0,0.0,8.0,43.0,61.0,51.0,0.0,468.0,170.0,0.0,2.0,6.0,2.222913011908531,1.0,366.04060000000004,33.767303466796875,37830.20068359375,0.06917790789157152,0.0,FW,0.0
477849,HELIO VARELA,43850,Cabo Verde,CPV,Midfielder,0.0,3.0,0.0,0.0,1.0,0.0,0.0,0.0,0.0,1.0,1.0,0.0,0.0,0.0,0.0,2.0,1.0,3.0,1.0,9.0,0.0,4.813289999961853,3.0,0.0,0.0,1.0,0.0,39.0,2.0,0.0,0.0,2035.1300048828125,479.29998779296875,5994.7999267578125,786.1600494384766,4551.9599609375,18.0,31.0,5.0,1.0,2.0,0.0,,,0.0,0.0,0.0,0.0,0.0,0.0,1.0,0.0,0.0,1.0,0.0,0.0,0.0,5.0,0.0,0.0,1.0,1.0,1.0,1.0,4.0,3.0,3.0,3.0,3.0,0.0,1.0,0.0,0.0,1.0,4.0,0.0,0.0,0.0,3.0,3.0,77.0,36.0,7.0,20.0,12.0,2.0,9.0,25.0,34.0,1.0,0.0,29.0,27.0,0.0,0.0,10.0,24.0,2.0,0.0,17.0,26.0,17.0,0.0,179.0,68.0,3.0,0.0,2.0,2.012486308813095,1.0,130.15711666666667,32.288429260253906,13847.349853515625,0.25566137582063675,0.0,MF,33.33333333333333
433635,Stephen EUSTAQUIO,43899,Canada,CAN,Midfielder,0.0,4.0,0.0,0.0,0.0,0.0,0.0,0.0,0.0,3.0,1.0,0.0,0.0,0.0,0.0,2.0,1.0,4.0,1.0,5.0,3.0,7.144162178039551,2.0,3.0,44.0,42.0,16.0,91.0,15.0,25.0,0.0,11989.190063476562,353.04000663757324,21066.829833984375,3460.080032348633,15627.769897460938,129.0,162.0,16.0,2.0,6.0,25.0,0.0,0.0,0.0,0.0,0.0,0.0,0.0,0.0,1.0,0.0,0.0,1.0,0.0,0.0,0.0,113.0,5.0,3.0,16.0,10.0,7.0,8.0,80.0,15.0,9.0,1.0,1.0,9.0,82.0,61.0,52.0,65.0,62.0,2.0,1.0,6.0,46.0,5.0,618.0,293.0,37.0,22.0,76.0,114.0,133.0,79.0,212.0,0.0,0.0,281.0,244.0,0.0,0.0,78.0,31.0,1.0,5.0,122.0,138.0,127.0,0.0,897.0,210.0,1.0,1.0,2.0,1.0640457272529602,1.0,444.18358333333333,29.755699157714844,52496.91064453125,0.09672367572784424,0.0,MF,25.0
390670,Cyle LARIN,43899,Canada,CAN,Forward,0.0,9.0,0.0,2.0,0.0,0.0,3.0,0.0,0.0,1.0,4.0,0.0,1.0,9.0,4.0,2.0,4.0,0.0,0.0,2.0,0.0,4.498317718505859,2.0,0.0,0.0,0.0,0.0,76.0,6.0,0.0,0.0,2334.570083618164,565.1600112915039,7854.6800537109375,1156.8799896240234,8703.7802734375,18.0,30.0,8.0,5.0,1.0,0.0,0.0,0.0,0.0,0.0,0.0,0.0,0.0,0.0,2.0,0.0,2.0,0.0,3.0,0.0,0.0,1.0,0.0,0.0,0.0,0.0,0.0,0.0,0.0,1.0,0.0,0.0,1.0,0.0,0.0,0.0,0.0,0.0,1.0,0.0,0.0,0.0,0.0,4.0,74.0,41.0,13.0,44.0,21.0,11.0,48.0,28.0,76.0,3.0,0.0,23.0,20.0,0.0,0.0,8.0,29.0,1.0,8.0,26.0,5.0,34.0,0.0,216.0,96.0,2.0,1.0,1.0,14.041367292404175,0.0,224.30125,31.79007339477539,20615.069580078125,1.2687686532735825,2.0,FW,44.44444444444444
441257,Jonathan DAVID,43899,Canada,CAN,Forward,0.0,18.0,0.0,3.0,0.0,1.0,3.0,1.0,1.0,5.0,7.0,0.0,1.0,13.0,9.0,6.0,9.0,5.0,0.0,2.0,1.0,6.611299228668213,1.0,1.0,0.0,6.0,0.0,227.0,21.0,1.0,0.0,7539.909912109375,1093.9599914550781,22187.430908203125,3080.510009765625,18312.47021484375,48.0,83.0,45.0,5.0,5.0,1.0,0.0,0.0,0.0,0.0,0.0,0.0,0.0,0.0,3.0,0.0,3.0,0.0,0.0,0.0,0.0,33.0,4.0,1.0,5.0,3.0,0.0,0.0,18.0,10.0,6.0,4.0,5.0,1.0,18.0,9.0,6.0,12.0,20.0,2.0,1.0,0.0,9.0,5.0,307.0,167.0,24.0,64.0,117.0,28.0,133.0,76.0,209.0,0.0,0.0,103.0,76.0,0.0,0.0,74.0,93.0,11.0,17.0,80.0,66.0,97.0,0.0,667.0,256.0,0.0,1.0,1.0,11.683776259422302,1.0,475.85498333333334,32.34904098510742,52214.2802734375,2.709547206759453,1.0,FW,50.0
486929,Tani OLUWASEYI,43899,Canada,CAN,Forward,0.0,8.0,0.0,1.0,1.0,0.0,1.0,1.0,0.0,2.0,3.0,0.0,0.0,8.0,4.0,2.0,4.0,0.0,0.0,7.0,1.0,6.110407829284668,5.0,1.0,0.0,4.0,0.0,104.0,20.0,0.0,0.0,4176.170074462891,1000.0599746704102,11340.240112304688,1905.4000244140625,10935.14990234375,24.0,50.0,11.0,5.0,5.0,0.0,0.0,0.0,0.0,0.0,0.0,0.0,0.0,0.0,0.0,0.0,0.0,0.0,2.0,0.0,0.0,11.0,0.0,0.0,0.0,0.0,0.0,0.0,5.0,4.0,2.0,2.0,4.0,0.0,7.0,3.0,3.0,7.0,9.0,0.0,0.0,0.0,3.0,5.0,131.0,74.0,11.0,94.0,36.0,2.0,107.0,25.0,132.0,1.0,0.0,41.0,27.0,0.0,0.0,19.0,49.0,6.0,18.0,37.0,13.0,55.0,0.0,350.0,172.0,2.0,3.0,4.0,14.984363436698914,1.0,288.7708166666667,34.86909866333008,29357.0205078125,0.990959882736206,0.0,FW,50.0
448411,Jacob SHAFFELBURG,43899,Canada,CAN,Midfielder,0.0,3.0,0.0,0.0,0.0,0.0,0.0,0.0,0.0,3.0,0.0,0.0,0.0,2.0,0.0,3.0,0.0,1.0,0.0,4.0,0.0,7.629818153381348,1.0,0.0,0.0,19.0,3.0,22.0,6.0,0.0,0.0,2575.18994140625,625.2499847412109,6133.43017578125,1434.8000183105469,5057.8599853515625,18.0,41.0,5.0,2.0,1.0,0.0,0.0,0.0,0.0,0.0,0.0,0.0,0.0,0.0,0.0,0.0,0.0,0.0,0.0,0.0,0.0,23.0,1.0,1.0,2.0,1.0,0.0,0.0,14.0,6.0,3.0,1.0,2.0,3.0,15.0,10.0,7.0,10.0,18.0,0.0,1.0,2.0,10.0,5.0,137.0,70.0,13.0,30.0,23.0,9.0,12.0,50.0,62.0,0.0,0.0,41.0,37.0,0.0,0.0,23.0,25.0,6.0,1.0,24.0,44.0,25.0,0.0,202.0,106.0,5.0,0.0,0.0,3.8772242665290833,3.0,126.08015000000003,34.24699401855469,15826.530151367188,0.08965609222650528,0.0,MF,0.0
430138,Tajon BUCHANAN,43899,Canada,CAN,Forward,0.0,6.0,0.0,2.0,1.0,0.0,1.0,0.0,0.0,2.0,2.0,0.0,0.0,3.0,2.0,1.0,3.0,3.0,1.0,23.0,1.0,6.582232570648193,9.0,1.0,1.0,17.0,3.0,136.0,32.0,0.0,0.0,6377.1199951171875,1290.9399871826172,18774.54052734375,2720.0199584960938,14812.669921875,74.0,122.0,29.0,5.0,8.0,0.0,0.0,0.0,0.0,0.0,0.0,0.0,0.0,0.0,0.0,0.0,0.0,0.0,0.0,0.0,0.0,28.0,2.0,1.0,5.0,3.0,2.0,2.0,17.0,9.0,5.0,4.0,7.0,0.0,14.0,9.0,8.0,11.0,22.0,1.0,0.0,0.0,16.0,5.0,262.0,138.0,15.0,55.0,34.0,6.0,25.0,70.0,95.0,2.0,0.0,95.0,76.0,0.0,0.0,36.0,73.0,14.0,6.0,91.0,39.0,97.0,0.0,537.0,213.0,0.0,5.0,6.0,6.925360083580017,9.0,401.87763333333334,34.15131378173828,43975.2890625,0.6788784731179476,0.0,FW,50.0
466687,Ali AHMED,43899,Canada,CAN,Forward,0.0,3.0,0.0,0.0,0.0,0.0,0.0,1.0,1.0,0.0,2.0,0.0,0.0,1.0,1.0,1.0,1.0,2.0,0.0,9.0,1.0,5.23593921661377,5.0,1.0,2.0,15.0,3.0,113.0,12.0,4.0,0.0,3846.9900512695312,838.0900039672852,11289.490112304688,1974.5300903320312,9991.250244140625,47.0,73.0,18.0,1.0,5.0,4.0,0.0,0.0,0.0,0.0,0.0,0.0,0.0,0.0,0.0,0.0,0.0,0.0,0.0,0.0,0.0,28.0,1.0,1.0,2.0,0.0,0.0,0.0,16.0,5.0,2.0,1.0,3.0,1.0,21.0,14.0,13.0,18.0,22.0,0.0,0.0,1.0,13.0,4.0,188.0,103.0,14.0,50.0,60.0,14.0,37.0,87.0,124.0,0.0,0.0,65.0,51.0,0.0,0.0,39.0,45.0,5.0,5.0,40.0,46.0,45.0,0.0,341.0,172.0,1.0,3.0,3.0,3.8473623394966125,2.0,258.05943333333335,34.111061096191406,27940.34912109375,0.28839685022830963,0.0,FW,33.33333333333333
493970,Promise DAVID,43899,Canada,CAN,Forward,1.0,5.0,0.0,0.0,0.0,0.0,1.0,0.0,0.0,1.0,3.0,0.0,0.0,3.0,3.0,2.0,3.0,2.0,0.0,0.0,1.0,4.434744167327881,0.0,1.0,0.0,0.0,0.0,23.0,1.0,0.0,0.0,982.1900024414062,155.93999671936035,3422.1299438476562,483.44000244140625,4750.909851074219,8.0,18.0,6.0,4.0,2.0,0.0,0.0,0.0,0.0,0.0,0.0,0.0,0.0,0.0,1.0,0.0,1.0,0.0,1.0,0.0,0.0,3.0,0.0,0.0,0.0,0.0,0.0,0.0,2.0,1.0,0.0,0.0,1.0,0.0,2.0,2.0,2.0,2.0,3.0,0.0,0.0,0.0,2.0,4.0,46.0,24.0,7.0,15.0,7.0,0.0,18.0,4.0,22.0,0.0,0.0,16.0,8.0,0.0,0.0,3.0,18.0,2.0,9.0,9.0,5.0,18.0,0.0,79.0,41.0,4.0,0.0,0.0,13.904026746749878,0.0,105.79888333333334,30.143360137939453,9794.60986328125,0.7466577552258968,0.0,FW,60.0
423941,Nathan SALIBA,43899,Canada,CAN,Midfielder,2.0,3.0,0.0,0.0,0.0,0.0,1.0,1.0,1.0,0.0,1.0,0.0,0.0,1.0,0.0,0.0,1.0,2.0,1.0,6.0,1.0,4.1238397598266605,5.0,1.0,0.0,4.0,1.0,43.0,12.0,1.0,0.0,4698.7501220703125,368.62998390197754,9828.3701171875,1716.7698974609375,7035.019775390625,49.0,68.0,11.0,5.0,2.0,1.0,,,0.0,0.0,0.0,0.0,0.0,0.0,1.0,1.0,0.0,1.0,1.0,0.0,0.0,42.0,2.0,2.0,7.0,4.0,2.0,3.0,33.0,4.0,3.0,1.0,1.0,1.0,31.0,26.0,23.0,26.0,30.0,1.0,1.0,1.0,23.0,3.0,206.0,90.0,12.0,4.0,13.0,34.0,32.0,19.0,51.0,0.0,0.0,93.0,79.0,0.0,0.0,23.0,8.0,2.0,4.0,36.0,56.0,40.0,0.0,386.0,122.0,1.0,1.0,1.0,1.1534997299313545,0.0,206.59373333333338,32.315528869628906,23647.54150390625,0.2973179817199707,1.0,MF,33.33333333333333
473050,Richard RIOS,43926,Colombia,COL,Midfielder,0.0,5.0,0.0,0.0,1.0,0.0,2.0,0.0,0.0,0.0,2.0,0.0,0.0,2.0,0.0,4.0,1.0,3.0,1.0,6.0,1.0,6.791753196716309,6.0,1.0,0.0,2.0,0.0,55.0,24.0,3.0,0.0,3484.1500549316406,426.37998962402344,7226.719970703125,1350.2099914550781,7308.790222167969,27.0,38.0,4.0,10.0,4.0,3.0,0.0,0.0,0.0,0.0,0.0,0.0,0.0,0.0,0.0,0.0,0.0,0.0,1.0,0.0,0.0,12.0,1.0,0.0,5.0,4.0,3.0,4.0,9.0,1.0,1.0,0.0,0.0,0.0,6.0,4.0,3.0,5.0,10.0,1.0,0.0,0.0,9.0,5.0,130.0,55.0,15.0,17.0,31.0,16.0,38.0,26.0,64.0,0.0,0.0,56.0,47.0,0.0,0.0,19.0,14.0,2.0,4.0,16.0,41.0,20.0,0.0,290.0,111.0,5.0,0.0,3.0,2.185987703502178,0.0,175.17346666666668,31.78512191772461,19796.25,0.368932600133121,1.0,MF,20.0
428886,Luis DIAZ,43926,Colombia,COL,Forward,1.0,19.0,0.0,3.0,2.0,0.0,1.0,0.0,0.0,3.0,13.0,0.0,0.0,15.0,6.0,7.0,7.0,4.0,1.0,20.0,10.0,6.045196533203125,11.0,10.0,3.0,6.0,1.0,103.0,11.0,0.0,0.0,6153.3699951171875,1484.2799377441406,20035.690185546875,2893.009979248047,22428.450439453125,92.0,147.0,29.0,7.0,9.0,0.0,0.0,0.0,0.0,0.0,0.0,0.0,0.0,0.0,1.0,0.0,1.0,0.0,0.0,0.0,0.0,38.0,1.0,1.0,2.0,2.0,0.0,0.0,28.0,14.0,7.0,3.0,10.0,3.0,22.0,19.0,14.0,17.0,28.0,1.0,1.0,3.0,20.0,5.0,415.0,184.0,43.0,148.0,121.0,26.0,130.0,165.0,295.0,9.0,0.0,166.0,145.0,0.0,0.0,100.0,116.0,11.0,12.0,92.0,110.0,104.0,0.0,510.0,248.0,0.0,2.0,7.0,7.86350953578949,9.0,525.3198833333333,35.1251335144043,52994.7998046875,1.4718912541866302,0.0,FW,36.84210526315789
269058,James RODRIGUEZ,43926,Colombia,COL,Midfielder,0.0,6.0,0.0,2.0,0.0,0.0,1.0,0.0,0.0,2.0,3.0,0.0,0.0,2.0,0.0,1.0,3.0,4.0,3.0,3.0,9.0,5.953557109832763,2.0,6.0,11.0,17.0,5.0,146.0,8.0,16.0,0.0,3923.949951171875,38.54999923706055,14375.779541015625,702.7099761962891,14622.090087890625,106.0,142.0,7.0,0.0,5.0,16.0,0.0,0.0,0.0,0.0,0.0,0.0,0.0,0.0,0.0,0.0,0.0,0.0,0.0,0.0,0.0,97.0,7.0,3.0,19.0,14.0,9.0,9.0,69.0,14.0,7.0,1.0,1.0,6.0,64.0,48.0,41.0,48.0,41.0,4.0,1.0,2.0,28.0,5.0,509.0,179.0,23.0,24.0,84.0,49.0,75.0,82.0,157.0,0.0,0.0,237.0,199.0,0.0,0.0,76.0,52.0,3.0,2.0,74.0,168.0,76.0,0.0,357.0,56.0,0.0,5.0,2.0,4.271514296531677,3.0,338.71984999999995,26.813621520996094,33663.08056640625,0.24161341320723295,0.0,MF,50.0
470760,Jhon ARIAS,43926,Colombia,COL,Midfielder,0.0,9.0,0.0,2.0,0.0,0.0,2.0,0.0,0.0,0.0,6.0,0.0,1.0,7.0,3.0,2.0,4.0,2.0,1.0,21.0,3.0,5.934792518615723,16.0,3.0,4.0,6.0,1.0,107.0,27.0,8.0,0.0,4566.6800537109375,849.1800155639648,14945.630126953125,1985.1299438476562,17660.840087890625,150.0,184.0,33.0,5.0,2.0,8.0,0.0,0.0,0.0,0.0,0.0,0.0,0.0,0.0,1.0,0.0,1.0,0.0,0.0,0.0,0.0,57.0,2.0,1.0,13.0,13.0,10.0,10.0,50.0,7.0,5.0,2.0,3.0,2.0,37.0,32.0,28.0,32.0,34.0,2.0,1.0,1.0,29.0,5.0,530.0,198.0,27.0,35.0,80.0,52.0,92.0,75.0,167.0,0.0,0.0,240.0,227.0,0.0,0.0,71.0,54.0,2.0,10.0,105.0,142.0,115.0,0.0,410.0,159.0,0.0,5.0,6.0,2.6438617408275604,2.0,405.9166833333333,31.234655380249023,40007.45947265625,0.9378644875250757,1.0,MF,44.44444444444444
395550,Jefferson LERMA,43926,Colombia,COL,Midfielder,0.0,5.0,0.0,0.0,0.0,0.0,0.0,0.0,0.0,3.0,2.0,0.0,0.0,2.0,0.0,2.0,1.0,3.0,1.0,6.0,1.0,6.5063042640686035,6.0,1.0,0.0,2.0,1.0,77.0,8.0,4.0,0.0,8326.989868164062,467.3699951171875,22340.430419921875,2263.5700073242188,16143.29052734375,100.0,135.0,13.0,6.0,5.0,4.0,0.0,0.0,0.0,0.0,0.0,0.0,0.0,0.0,0.0,0.0,0.0,0.0,0.0,0.0,0.0,65.0,2.0,4.0,28.0,24.0,22.0,22.0,51.0,2.0,0.0,0.0,0.0,0.0,35.0,27.0,25.0,29.0,36.0,0.0,2.0,0.0,23.0,5.0,592.0,211.0,23.0,3.0,44.0,124.0,145.0,26.0,171.0,0.0,0.0,274.0,242.0,0.0,0.0,71.0,14.0,1.0,10.0,80.0,196.0,90.0,0.0,713.0,170.0,0.0,2.0,1.0,0.3074062615633011,0.0,459.2047666666666,32.49641036987305,49541.6494140625,0.24133720993995667,1.0,MF,20.0
356704,Juan QUINTERO,43926,Colombia,COL,Midfielder,1.0,4.0,0.0,0.0,0.0,0.0,0.0,2.0,2.0,0.0,2.0,0.0,0.0,0.0,0.0,4.0,0.0,4.0,0.0,1.0,8.0,5.253473091125488,1.0,7.0,6.0,12.0,4.0,45.0,0.0,7.0,0.0,2037.9800415039062,133.26000785827637,6411.389892578125,673.9600219726562,6533.660217285156,56.0,68.0,3.0,0.0,1.0,7.0,,,0.0,0.0,0.0,0.0,0.0,0.0,0.0,0.0,0.0,0.0,0.0,0.0,0.0,67.0,10.0,3.0,15.0,11.0,2.0,2.0,51.0,11.0,7.0,0.0,1.0,0.0,41.0,33.0,24.0,28.0,42.0,7.0,2.0,0.0,36.0,4.0,202.0,69.0,16.0,10.0,28.0,12.0,27.0,23.0,50.0,0.0,0.0,89.0,74.0,0.0,0.0,31.0,22.0,1.0,0.0,35.0,59.0,35.0,0.0,185.0,45.0,4.0,0.0,1.0,2.024461477994919,0.0,146.56571666666667,31.048961639404297,15790.25,0.13286222517490387,0.0,MF,0.0
405755,Jaminton CAMPAZ,43926,Colombia,COL,Forward,0.0,6.0,0.0,0.0,1.0,0.0,1.0,0.0,0.0,3.0,1.0,0.0,0.0,3.0,1.0,3.0,3.0,3.0,2.0,7.0,2.0,4.049155044555664,5.0,2.0,0.0,3.0,0.0,41.0,5.0,0.0,0.0,1655.4298553466797,224.92000198364258,4122.5902099609375,911.8499908447266,3731.070037841797,15.0,27.0,5.0,2.0,3.0,0.0,0.0,0.0,0.0,0.0,0.0,0.0,0.0,0.0,1.0,0.0,1.0,0.0,1.0,0.0,0.0,11.0,2.0,0.0,3.0,2.0,1.0,1.0,6.0,2.0,1.0,0.0,0.0,0.0,6.0,3.0,2.0,4.0,7.0,1.0,0.0,0.0,3.0,3.0,59.0,28.0,9.0,16.0,21.0,0.0,16.0,21.0,37.0,2.0,0.0,18.0,12.0,0.0,0.0,11.0,13.0,2.0,4.0,10.0,18.0,14.0,0.0,143.0,67.0,3.0,0.0,5.0,4.5983827114105225,0.0,98.95519999999998,29.847793579101562,10645.859741210938,0.6399319767951965,0.0,FW,50.0
428905,Luis SUAREZ,43926,Colombia,COL,Forward,1.0,9.0,0.0,4.0,0.0,0.0,3.0,0.0,0.0,2.0,3.0,0.0,1.0,7.0,0.0,4.0,0.0,2.0,0.0,6.0,0.0,5.344295310974121,3.0,0.0,0.0,3.0,1.0,106.0,15.0,0.0,0.0,3107.880126953125,1169.040023803711,10131.719543457031,1684.8900146484375,16625.0703125,29.0,54.0,13.0,7.0,8.0,0.0,0.0,0.0,0.0,0.0,0.0,0.0,0.0,0.0,0.0,0.0,0.0,0.0,2.0,0.0,0.0,11.0,2.0,0.0,2.0,1.0,0.0,0.0,6.0,2.0,1.0,0.0,0.0,0.0,7.0,4.0,3.0,5.0,10.0,1.0,0.0,0.0,6.0,5.0,148.0,79.0,17.0,81.0,108.0,2.0,167.0,24.0,191.0,1.0,0.0,53.0,39.0,0.0,0.0,38.0,59.0,5.0,13.0,39.0,23.0,52.0,0.0,267.0,155.0,2.0,3.0,2.0,17.8248507976532,0.0,365.92546666666664,35.0510139465332,32718.600830078125,0.9617387559264898,1.0,FW,0.0
424119,Nathanael MBUKU,20014,Congo DR,COD,Midfielder,0.0,3.0,0.0,0.0,0.0,0.0,0.0,0.0,0.0,1.0,2.0,0.0,0.0,0.0,0.0,1.0,2.0,3.0,2.0,12.0,0.0,5.330179214477539,6.0,0.0,5.0,14.0,3.0,67.0,8.0,3.0,0.0,2773.000030517578,349.69001388549805,8952.550109863281,1080.0800323486328,5683.170135498047,34.0,61.0,6.0,4.0,8.0,3.0,,,0.0,0.0,0.0,0.0,0.0,0.0,0.0,0.0,0.0,0.0,0.0,0.0,0.0,21.0,0.0,0.0,0.0,0.0,0.0,0.0,15.0,6.0,5.0,4.0,4.0,2.0,15.0,10.0,9.0,13.0,17.0,0.0,0.0,1.0,13.0,3.0,134.0,71.0,8.0,12.0,26.0,7.0,11.0,34.0,45.0,0.0,0.0,45.0,35.0,0.0,0.0,16.0,27.0,0.0,1.0,35.0,33.0,36.0,0.0,243.0,74.0,1.0,2.0,4.0,1.7431719303131104,0.0,163.2437,32.36287307739258,18838.48974609375,0.1311430037021637,1.0,MF,66.66666666666666
433076,Samuel Moutoussamy,20014,Congo DR,COD,Midfielder,0.0,3.0,0.0,0.0,0.0,0.0,0.0,0.0,0.0,0.0,3.0,0.0,0.0,0.0,0.0,2.0,0.0,3.0,0.0,4.0,4.0,7.173365831375122,2.0,4.0,0.0,1.0,1.0,114.0,31.0,3.0,0.0,7895.9403076171875,539.8299942016602,20526.3701171875,2355.679931640625,11674.899658203125,69.0,91.0,39.0,8.0,1.0,3.0,0.0,0.0,0.0,0.0,0.0,0.0,0.0,0.0,0.0,0.0,0.0,0.0,0.0,0.0,0.0,59.0,5.0,4.0,16.0,9.0,6.0,7.0,35.0,6.0,1.0,0.0,1.0,0.0,37.0,25.0,22.0,28.0,41.0,1.0,2.0,0.0,22.0,4.0,320.0,133.0,11.0,8.0,79.0,59.0,109.0,37.0,146.0,0.0,0.0,147.0,122.0,0.0,0.0,53.0,14.0,1.0,3.0,59.0,91.0,62.0,0.0,613.0,169.0,0.0,3.0,0.0,0.2963726073503494,1.0,360.19883333333337,31.891984939575195,42992.720703125,0.1261865496635437,1.0,MF,0.0
510989,Brian CIPENGA,20014,Congo DR,COD,Forward,0.0,6.0,0.0,1.0,0.0,0.0,0.0,1.0,1.0,0.0,5.0,0.0,0.0,2.0,1.0,3.0,1.0,4.0,0.0,19.0,0.0,3.3445016145706177,8.0,0.0,1.0,11.0,2.0,72.0,14.0,1.0,0.0,2413.9901123046875,390.2200164794922,8130.07958984375,1237.8800659179688,5591.070068359375,29.0,71.0,10.0,2.0,1.0,1.0,,,0.0,0.0,0.0,0.0,0.0,0.0,1.0,0.0,1.0,0.0,0.0,0.0,0.0,21.0,2.0,0.0,3.0,1.0,1.0,1.0,4.0,12.0,1.0,1.0,10.0,0.0,6.0,2.0,2.0,4.0,20.0,0.0,0.0,0.0,4.0,2.0,154.0,89.0,11.0,29.0,11.0,5.0,15.0,30.0,45.0,1.0,0.0,47.0,28.0,0.0,0.0,16.0,49.0,3.0,6.0,42.0,32.0,48.0,0.0,210.0,112.0,0.0,2.0,6.0,1.6366319060325623,1.0,160.4582,33.247589111328125,17763.240234375,0.23134799301624298,0.0,FW,16.666666666666664
336425,Cedric BAKAMBU,20014,Congo DR,COD,Forward,0.0,3.0,0.0,0.0,1.0,1.0,0.0,0.0,0.0,0.0,1.0,0.0,0.0,1.0,0.0,3.0,0.0,2.0,0.0,3.0,0.0,4.6017292737960815,2.0,0.0,0.0,1.0,0.0,80.0,4.0,0.0,0.0,2996.5198974609375,536.5500106811523,7030.260009765625,1296.8799438476562,9657.31005859375,17.0,29.0,7.0,2.0,1.0,0.0,0.0,0.0,0.0,0.0,0.0,0.0,0.0,0.0,0.0,0.0,0.0,0.0,1.0,0.0,0.0,5.0,1.0,0.0,1.0,0.0,0.0,0.0,0.0,1.0,0.0,0.0,0.0,0.0,3.0,0.0,0.0,2.0,5.0,0.0,0.0,0.0,0.0,3.0,63.0,34.0,7.0,91.0,64.0,0.0,128.0,27.0,155.0,4.0,0.0,23.0,16.0,0.0,0.0,22.0,29.0,2.0,7.0,22.0,5.0,29.0,0.0,256.0,117.0,0.0,3.0,2.0,7.7654688358306885,0.0,210.44096666666667,33.228511810302734,21517.5205078125,0.23818808794021606,0.0,FW,0.0
441316,Yoane WISSA,20014,Congo DR,COD,Forward,0.0,11.0,0.0,0.0,0.0,0.0,5.0,1.0,1.0,2.0,2.0,1.0,0.0,7.0,2.0,8.0,3.0,4.0,1.0,8.0,0.0,6.071197867393494,3.0,0.0,0.0,2.0,0.0,118.0,5.0,3.0,0.0,4484.049865722656,786.2800140380859,15492.2802734375,1868.3200073242188,18850.33935546875,49.0,75.0,11.0,5.0,9.0,3.0,0.0,0.0,0.0,0.0,0.0,0.0,0.0,0.0,3.0,0.0,2.0,1.0,2.0,0.0,0.0,15.0,1.0,0.0,2.0,1.0,1.0,1.0,9.0,5.0,2.0,2.0,4.0,0.0,8.0,6.0,6.0,7.0,8.0,0.0,0.0,0.0,5.0,4.0,195.0,111.0,13.0,52.0,64.0,11.0,103.0,24.0,127.0,1.0,0.0,69.0,60.0,1.0,1.0,36.0,50.0,3.0,9.0,72.0,21.0,81.0,0.0,384.0,140.0,0.0,0.0,1.0,5.884992957115173,1.0,409.64515,33.414371490478516,41481.2705078125,1.789876576513052,0.0,FW,27.27272727272727
405175,Seko Fofana,43854,Côte d'Ivoire,CIV,Midfielder,0.0,5.0,0.0,1.0,0.0,1.0,0.0,0.0,0.0,0.0,4.0,0.0,0.0,0.0,0.0,2.0,1.0,5.0,1.0,0.0,0.0,3.37320339679718,0.0,0.0,0.0,0.0,0.0,28.0,1.0,1.0,0.0,2095.560089111328,271.2000045776367,4742.4798583984375,773.7899932861328,3744.679931640625,25.0,35.0,3.0,1.0,0.0,1.0,0.0,0.0,0.0,0.0,0.0,0.0,0.0,0.0,0.0,0.0,0.0,0.0,0.0,0.0,0.0,8.0,0.0,1.0,4.0,3.0,2.0,3.0,5.0,2.0,0.0,0.0,2.0,0.0,2.0,2.0,1.0,1.0,6.0,0.0,1.0,0.0,4.0,2.0,106.0,41.0,8.0,4.0,16.0,4.0,18.0,6.0,24.0,0.0,0.0,45.0,38.0,0.0,0.0,9.0,6.0,1.0,1.0,28.0,23.0,29.0,0.0,168.0,54.0,1.0,1.0,0.0,0.6813928484916687,0.0,103.66388333333335,31.836753845214844,11627.70947265625,0.3966021444648504,1.0,MF,20.0
371609,Franck KESSIE,43854,Côte d'Ivoire,CIV,Midfielder,0.0,4.0,0.0,0.0,0.0,0.0,0.0,0.0,0.0,1.0,3.0,0.0,0.0,4.0,2.0,1.0,2.0,0.0,0.0,5.0,2.0,6.796778559684753,4.0,1.0,1.0,4.0,0.0,135.0,13.0,2.0,0.0,6353.570068359375,821.9299774169922,19833.259765625,2657.0699462890625,14479.119140625,88.0,115.0,13.0,7.0,2.0,2.0,0.0,0.0,0.0,0.0,0.0,0.0,0.0,0.0,1.0,0.0,1.0,0.0,0.0,0.0,0.0,67.0,9.0,2.0,22.0,17.0,10.0,11.0,47.0,13.0,6.0,0.0,3.0,1.0,32.0,24.0,16.0,20.0,35.0,5.0,2.0,1.0,20.0,4.0,413.0,167.0,15.0,27.0,59.0,44.0,101.0,29.0,130.0,1.0,0.0,188.0,165.0,0.0,0.0,35.0,31.0,4.0,13.0,70.0,118.0,83.0,0.0,553.0,184.0,0.0,1.0,2.0,1.8188006430864334,1.0,389.5302333333334,32.13224411010742,44144.9501953125,0.7118004113435745,1.0,MF,50.0
510922,Yan DIOMANDE,43854,Côte d'Ivoire,CIV,Forward,1.0,4.0,0.0,0.0,0.0,0.0,0.0,0.0,0.0,3.0,1.0,0.0,0.0,3.0,0.0,3.0,0.0,1.0,0.0,32.0,1.0,5.708215117454529,17.0,1.0,11.0,21.0,5.0,121.0,20.0,1.0,0.0,4127.260009765625,1492.8799896240234,12804.0205078125,1950.1099853515625,13973.0400390625,107.0,148.0,20.0,2.0,7.0,1.0,0.0,0.0,0.0,0.0,0.0,0.0,0.0,0.0,0.0,0.0,0.0,0.0,1.0,0.0,0.0,38.0,0.0,0.0,2.0,2.0,2.0,2.0,28.0,15.0,8.0,6.0,13.0,2.0,21.0,18.0,16.0,19.0,33.0,0.0,0.0,2.0,24.0,4.0,372.0,177.0,20.0,24.0,92.0,18.0,45.0,89.0,134.0,0.0,0.0,142.0,127.0,0.0,0.0,68.0,88.0,6.0,17.0,89.0,86.0,106.0,0.0,370.0,178.0,0.0,3.0,15.0,2.2322099208831787,1.0,361.77293333333336,34.71274948120117,34347.3095703125,0.25538312643766403,0.0,FW,0.0
464133,Elye WAHI,43854,Côte d'Ivoire,CIV,Forward,0.0,3.0,0.0,0.0,0.0,0.0,1.0,0.0,0.0,0.0,2.0,0.0,0.0,3.0,2.0,1.0,2.0,0.0,0.0,0.0,0.0,4.509110927581787,0.0,0.0,0.0,1.0,0.0,60.0,3.0,0.0,0.0,1944.9400329589844,455.1699905395508,5261.3604736328125,758.0599975585938,4589.9700927734375,11.0,19.0,5.0,0.0,0.0,0.0,0.0,0.0,0.0,0.0,0.0,0.0,0.0,0.0,0.0,0.0,0.0,0.0,0.0,0.0,0.0,4.0,0.0,0.0,0.0,0.0,0.0,0.0,2.0,3.0,1.0,1.0,3.0,0.0,1.0,1.0,1.0,1.0,4.0,0.0,0.0,0.0,2.0,3.0,55.0,26.0,6.0,37.0,19.0,0.0,49.0,7.0,56.0,0.0,0.0,21.0,15.0,0.0,0.0,14.0,24.0,3.0,9.0,13.0,7.0,22.0,0.0,154.0,63.0,2.0,1.0,0.0,10.615766763687134,0.0,127.6534,33.17882537841797,13009.500244140625,0.479935260489583,0.0,FW,66.66666666666666
430822,Amad DIALLO,43854,Côte d'Ivoire,CIV,Forward,0.0,8.0,0.0,2.0,2.0,0.0,2.0,1.0,1.0,0.0,3.0,0.0,0.0,6.0,2.0,2.0,4.0,2.0,2.0,17.0,1.0,6.146854996681213,8.0,1.0,4.0,7.0,2.0,54.0,12.0,1.0,0.0,3100.0,871.5500030517578,7829.0802001953125,1332.8300476074219,8754.909545898438,55.0,76.0,8.0,0.0,2.0,1.0,0.0,0.0,0.0,0.0,0.0,0.0,0.0,0.0,2.0,0.0,2.0,0.0,0.0,0.0,0.0,21.0,1.0,2.0,5.0,5.0,2.0,2.0,18.0,4.0,4.0,3.0,3.0,0.0,12.0,9.0,6.0,9.0,12.0,1.0,2.0,0.0,9.0,4.0,193.0,85.0,14.0,34.0,40.0,21.0,31.0,64.0,95.0,1.0,0.0,73.0,69.0,0.0,0.0,36.0,48.0,3.0,7.0,55.0,36.0,62.0,0.0,270.0,104.0,2.0,2.0,7.0,3.6402066946029663,0.0,211.64278333333334,33.32061004638672,21888.3701171875,1.4370406568050385,0.0,FW,50.0
402261,Nicolas PEPE,43854,Côte d'Ivoire,CIV,Forward,1.0,6.0,0.0,1.0,1.0,0.0,1.0,0.0,0.0,1.0,3.0,0.0,0.0,5.0,3.0,0.0,3.0,1.0,0.0,14.0,0.0,6.052033185958862,9.0,0.0,6.0,10.0,3.0,97.0,15.0,2.0,0.0,3364.689971923828,978.1600189208984,8848.670135498047,2036.2900390625,10010.100219726562,66.0,93.0,19.0,1.0,1.0,2.0,0.0,0.0,0.0,0.0,0.0,0.0,0.0,0.0,2.0,0.0,2.0,0.0,0.0,0.0,0.0,29.0,3.0,1.0,6.0,3.0,2.0,2.0,18.0,10.0,6.0,4.0,6.0,1.0,13.0,9.0,7.0,8.0,14.0,1.0,0.0,1.0,9.0,4.0,267.0,113.0,17.0,51.0,64.0,21.0,88.0,48.0,136.0,1.0,0.0,109.0,93.0,0.0,0.0,53.0,59.0,8.0,15.0,42.0,77.0,57.0,0.0,289.0,154.0,1.0,3.0,5.0,2.9968926906585693,0.0,255.34333333333336,33.773521423339844,25237.911010742188,1.418637752532959,1.0,FW,50.0
339987,Mateo KOVACIC,43938,Croatia,CRO,Midfielder,1.0,5.0,0.0,1.0,2.0,0.0,0.0,0.0,0.0,1.0,2.0,0.0,0.0,1.0,1.0,0.0,4.0,4.0,3.0,9.0,2.0,6.726018786430359,8.0,2.0,0.0,0.0,0.0,95.0,16.0,7.0,0.0,4401.75,519.7400016784668,15169.16064453125,1445.5499725341797,10966.8798828125,105.0,126.0,7.0,3.0,3.0,7.0,0.0,0.0,0.0,0.0,0.0,0.0,0.0,0.0,0.0,0.0,0.0,0.0,0.0,0.0,0.0,47.0,2.0,0.0,18.0,16.0,15.0,16.0,41.0,3.0,2.0,1.0,1.0,0.0,26.0,23.0,22.0,24.0,30.0,1.0,0.0,0.0,24.0,4.0,442.0,143.0,12.0,4.0,27.0,57.0,60.0,28.0,88.0,0.0,0.0,208.0,198.0,0.0,0.0,48.0,15.0,1.0,4.0,82.0,130.0,86.0,0.0,354.0,108.0,1.0,3.0,2.0,0.28778357058763504,1.0,293.71925,32.16201400756836,32503.07958984375,0.4644425418227911,0.0,MF,80.0
430070,Ante BUDIMIR,43938,Croatia,CRO,Forward,0.0,3.0,0.0,0.0,0.0,0.0,2.0,0.0,0.0,0.0,1.0,0.0,0.0,3.0,1.0,2.0,1.0,0.0,0.0,1.0,0.0,4.987508058547974,1.0,0.0,0.0,0.0,0.0,76.0,13.0,0.0,0.0,1967.56005859375,432.86002349853516,8176.900146484375,1180.8999938964844,6964.0699462890625,3.0,11.0,13.0,6.0,4.0,0.0,,,0.0,0.0,0.0,0.0,0.0,0.0,1.0,0.0,1.0,0.0,1.0,0.0,0.0,2.0,0.0,0.0,0.0,0.0,0.0,0.0,0.0,2.0,0.0,0.0,2.0,0.0,0.0,0.0,0.0,0.0,2.0,0.0,0.0,0.0,0.0,3.0,37.0,24.0,4.0,65.0,10.0,1.0,68.0,8.0,76.0,0.0,0.0,10.0,6.0,0.0,0.0,10.0,14.0,1.0,3.0,13.0,5.0,16.0,0.0,180.0,94.0,1.0,2.0,0.0,6.666761875152588,0.0,168.35075,32.057735443115234,18722.2900390625,0.4586486220359802,0.0,FW,33.33333333333333
409191,Nikola VLASIC,43938,Croatia,CRO,Midfielder,0.0,3.0,0.0,0.0,0.0,1.0,0.0,0.0,0.0,1.0,1.0,0.0,0.0,2.0,1.0,2.0,1.0,1.0,0.0,2.0,0.0,5.149752855300903,2.0,0.0,0.0,3.0,2.0,82.0,9.0,0.0,0.0,2961.209930419922,538.0400085449219,8909.070129394531,1350.5900421142578,8252.50048828125,35.0,46.0,14.0,5.0,0.0,0.0,0.0,0.0,0.0,0.0,0.0,0.0,0.0,0.0,1.0,0.0,1.0,0.0,1.0,0.0,0.0,12.0,1.0,0.0,1.0,0.0,0.0,0.0,6.0,3.0,2.0,2.0,2.0,0.0,8.0,4.0,4.0,7.0,12.0,0.0,0.0,0.0,6.0,3.0,105.0,48.0,8.0,30.0,28.0,9.0,38.0,29.0,67.0,2.0,0.0,40.0,33.0,0.0,0.0,20.0,22.0,1.0,5.0,40.0,8.0,45.0,0.0,263.0,96.0,1.0,2.0,2.0,2.8349363803863525,0.0,204.13228333333333,32.608787536621094,22011.41015625,0.1971585862338543,0.0,MF,33.33333333333333
380005,Mario PASALIC,43938,Croatia,CRO,Midfielder,0.0,4.0,0.0,1.0,0.0,0.0,1.0,0.0,0.0,0.0,3.0,0.0,0.0,1.0,0.0,2.0,1.0,3.0,1.0,1.0,0.0,6.432070374488831,0.0,0.0,0.0,0.0,0.0,23.0,8.0,1.0,0.0,2381.5000610351562,332.3800129890442,6305.669860839844,1163.3400039672852,6134.350189208984,26.0,35.0,7.0,2.0,0.0,1.0,0.0,0.0,0.0,0.0,0.0,0.0,0.0,0.0,0.0,0.0,0.0,0.0,1.0,0.0,0.0,11.0,0.0,1.0,3.0,3.0,2.0,2.0,11.0,1.0,1.0,0.0,0.0,1.0,7.0,7.0,5.0,5.0,4.0,0.0,1.0,1.0,4.0,4.0,119.0,51.0,6.0,3.0,17.0,11.0,23.0,8.0,31.0,1.0,0.0,50.0,45.0,0.0,0.0,10.0,9.0,0.0,4.0,18.0,33.0,22.0,0.0,218.0,78.0,3.0,1.0,0.0,1.9928991794586182,0.0,158.91989999999998,31.888023376464844,16317.239868164062,0.35576955415308475,0.0,MF,25.0
482774,Martin BATURINA,43938,Croatia,CRO,Midfielder,0.0,3.0,0.0,1.0,0.0,0.0,0.0,0.0,0.0,0.0,3.0,0.0,0.0,0.0,0.0,1.0,1.0,3.0,1.0,16.0,1.0,6.583574056625366,10.0,1.0,2.0,10.0,2.0,119.0,8.0,1.0,0.0,5665.070068359375,693.7899475097656,16578.85986328125,2335.9500732421875,12532.0,63.0,90.0,17.0,1.0,14.0,1.0,0.0,0.0,0.0,0.0,0.0,0.0,0.0,0.0,1.0,0.0,0.0,1.0,0.0,0.0,0.0,28.0,3.0,1.0,4.0,0.0,0.0,0.0,12.0,8.0,4.0,3.0,4.0,1.0,16.0,8.0,7.0,11.0,18.0,0.0,0.0,1.0,8.0,4.0,240.0,113.0,10.0,40.0,62.0,17.0,59.0,60.0,119.0,0.0,0.0,93.0,80.0,0.0,0.0,43.0,53.0,3.0,9.0,65.0,57.0,74.0,0.0,489.0,175.0,0.0,3.0,8.0,2.9426292777061462,2.0,344.2972500000001,33.58800506591797,37805.6708984375,0.09824090264737606,0.0,MF,33.33333333333333
485066,Petar SUCIC,43938,Croatia,CRO,Midfielder,1.0,3.0,0.0,0.0,0.0,0.0,0.0,0.0,0.0,1.0,2.0,0.0,0.0,1.0,1.0,1.0,2.0,2.0,1.0,11.0,1.0,7.000210881233215,7.0,1.0,0.0,6.0,1.0,152.0,25.0,1.0,0.0,6174.3502197265625,670.2799987792969,18598.810302734375,2391.4100494384766,11609.850158691406,71.0,100.0,11.0,7.0,6.0,1.0,0.0,0.0,0.0,0.0,0.0,0.0,0.0,0.0,1.0,0.0,0.0,1.0,0.0,0.0,0.0,33.0,1.0,1.0,9.0,7.0,6.0,7.0,20.0,5.0,1.0,1.0,3.0,1.0,19.0,12.0,11.0,16.0,20.0,0.0,1.0,0.0,13.0,4.0,294.0,124.0,12.0,44.0,73.0,47.0,98.0,66.0,164.0,1.0,0.0,127.0,110.0,0.0,0.0,57.0,43.0,6.0,7.0,55.0,88.0,62.0,0.0,548.0,158.0,1.0,0.0,2.0,2.090537156909704,0.0,338.9916666666667,31.829389572143555,39444.69970703125,0.14143357053399086,1.0,MF,66.66666666666666
485068,Igor MATANOVIC,43938,Croatia,CRO,Forward,0.0,4.0,0.0,1.0,2.0,2.0,0.0,0.0,0.0,0.0,0.0,0.0,0.0,3.0,1.0,1.0,2.0,1.0,1.0,5.0,0.0,4.631386876106262,2.0,0.0,0.0,0.0,0.0,49.0,10.0,0.0,0.0,1913.8700561523438,280.3299865722656,5378.4801025390625,901.5400085449219,4292.570129394531,8.0,17.0,6.0,4.0,3.0,0.0,0.0,0.0,0.0,0.0,0.0,0.0,0.0,0.0,0.0,0.0,0.0,0.0,2.0,0.0,0.0,2.0,0.0,0.0,0.0,0.0,0.0,0.0,1.0,0.0,0.0,0.0,0.0,0.0,2.0,1.0,1.0,2.0,2.0,0.0,0.0,0.0,1.0,3.0,44.0,29.0,5.0,15.0,19.0,2.0,33.0,3.0,36.0,1.0,0.0,14.0,11.0,0.0,0.0,5.0,22.0,0.0,3.0,13.0,8.0,16.0,0.0,164.0,73.0,3.0,0.0,2.0,7.379687786102295,0.0,125.78868333333332,30.452579498291016,12766.7900390625,0.12257864698767662,0.0,FW,50.0
482931,Marco PASALIC,43938,Croatia,CRO,Forward,0.0,3.0,0.0,0.0,0.0,0.0,0.0,0.0,0.0,0.0,2.0,0.0,1.0,3.0,2.0,1.0,2.0,0.0,0.0,12.0,2.0,5.436052441596985,10.0,1.0,1.0,12.0,1.0,40.0,7.0,0.0,0.0,1748.6499938964844,472.56003189086914,5442.350036621094,1088.390037536621,4206.510070800781,27.0,52.0,5.0,0.0,2.0,0.0,0.0,0.0,0.0,0.0,0.0,0.0,0.0,0.0,0.0,0.0,0.0,0.0,0.0,0.0,0.0,22.0,2.0,1.0,4.0,1.0,0.0,1.0,14.0,9.0,8.0,5.0,5.0,2.0,9.0,5.0,2.0,4.0,17.0,1.0,0.0,2.0,11.0,3.0,115.0,55.0,6.0,21.0,17.0,4.0,9.0,33.0,42.0,2.0,0.0,37.0,23.0,0.0,0.0,18.0,33.0,6.0,2.0,30.0,25.0,32.0,0.0,142.0,82.0,2.0,1.0,8.0,3.6344598531723022,1.0,114.96139999999997,33.335784912109375,12958.459838867188,0.5211476273834705,0.0,FW,66.66666666666666
466317,Juninho BACUNA,1895293,Curaçao,CUW,Midfielder,0.0,5.0,0.0,0.0,0.0,0.0,0.0,0.0,0.0,0.0,4.0,0.0,0.0,2.0,0.0,3.0,1.0,3.0,1.0,20.0,1.0,6.170010566711426,9.0,1.0,2.0,5.0,1.0,148.0,21.0,2.0,0.0,3861.90966796875,804.9200134277344,10980.170166015625,1727.4800415039062,11370.469970703125,55.0,87.0,16.0,6.0,3.0,2.0,0.0,0.0,0.0,0.0,0.0,0.0,0.0,0.0,0.0,0.0,0.0,0.0,1.0,0.0,0.0,31.0,1.0,2.0,8.0,6.0,5.0,5.0,19.0,4.0,1.0,1.0,3.0,0.0,19.0,12.0,11.0,16.0,25.0,0.0,1.0,0.0,16.0,3.0,201.0,101.0,13.0,13.0,27.0,5.0,25.0,20.0,45.0,0.0,0.0,75.0,60.0,0.0,0.0,17.0,36.0,4.0,5.0,66.0,37.0,71.0,0.0,305.0,142.0,0.0,1.0,7.0,1.2976018339395523,1.0,280.02955,32.07666778564453,28744.94921875,0.3316208943724632,2.0,MF,20.0
494989,Livano COMENENCIA,1895293,Curaçao,CUW,Midfielder,0.0,5.0,0.0,1.0,1.0,0.0,0.0,0.0,0.0,2.0,2.0,0.0,0.0,2.0,2.0,1.0,2.0,3.0,0.0,8.0,0.0,6.8844858805338545,5.0,0.0,0.0,1.0,1.0,102.0,19.0,1.0,0.0,3932.0,546.7400054931641,12905.770263671875,1594.47998046875,9829.070068359375,41.0,62.0,13.0,4.0,1.0,1.0,0.0,0.0,0.0,0.0,0.0,0.0,0.0,0.0,1.0,0.0,1.0,0.0,0.0,0.0,0.0,23.0,3.0,0.0,7.0,3.0,2.0,4.0,14.0,4.0,2.0,1.0,1.0,0.0,12.0,9.0,8.0,9.0,23.0,1.0,0.0,0.0,14.0,3.0,160.0,82.0,12.0,6.0,42.0,21.0,50.0,19.0,69.0,0.0,0.0,62.0,50.0,0.0,0.0,19.0,11.0,1.0,3.0,41.0,35.0,44.0,0.0,342.0,117.0,0.0,2.0,2.0,0.43141064047813416,0.0,253.00663333333333,32.029964447021484,28808.060546875,0.3072870075702667,1.0,MF,40.0
466340,Leandro BACUNA,1895293,Curaçao,CUW,Midfielder,0.0,6.0,0.0,0.0,1.0,0.0,0.0,2.0,0.0,1.0,2.0,0.0,0.0,3.0,0.0,4.0,1.0,3.0,1.0,11.0,1.0,5.883925755818685,6.0,1.0,1.0,4.0,0.0,110.0,17.0,12.0,0.0,3399.9898681640625,454.6899871826172,12948.1201171875,1235.4599914550781,11417.550048828125,69.0,88.0,18.0,3.0,3.0,12.0,0.0,0.0,0.0,0.0,0.0,0.0,0.0,0.0,0.0,0.0,0.0,0.0,2.0,0.0,0.0,44.0,2.0,3.0,18.0,14.0,13.0,13.0,27.0,4.0,1.0,0.0,0.0,2.0,22.0,12.0,10.0,15.0,18.0,0.0,1.0,1.0,16.0,3.0,291.0,123.0,11.0,5.0,33.0,24.0,41.0,21.0,62.0,0.0,0.0,125.0,108.0,0.0,0.0,28.0,24.0,0.0,6.0,54.0,74.0,60.0,0.0,315.0,88.0,0.0,0.0,4.0,0.20827167853713036,1.0,300.2891666666667,31.84943389892578,29455.810546875,0.32688649371266365,1.0,MF,16.666666666666664
485347,Tahith CHONG,1895293,Curaçao,CUW,Midfielder,0.0,4.0,0.0,0.0,1.0,0.0,0.0,0.0,0.0,1.0,2.0,0.0,0.0,2.0,1.0,2.0,2.0,2.0,1.0,20.0,0.0,6.136241912841797,11.0,0.0,0.0,0.0,0.0,113.0,9.0,1.0,0.0,3368.16015625,790.7799987792969,8895.459716796875,1477.2400512695312,12786.439453125,51.0,73.0,5.0,3.0,13.0,1.0,0.0,0.0,0.0,0.0,0.0,0.0,0.0,0.0,0.0,0.0,0.0,0.0,0.0,0.0,0.0,29.0,2.0,0.0,4.0,3.0,2.0,2.0,20.0,11.0,7.0,3.0,6.0,3.0,14.0,10.0,6.0,9.0,18.0,1.0,0.0,3.0,13.0,3.0,169.0,97.0,9.0,31.0,78.0,7.0,73.0,43.0,116.0,0.0,0.0,61.0,51.0,0.0,0.0,43.0,38.0,4.0,10.0,68.0,16.0,78.0,0.0,293.0,107.0,0.0,2.0,9.0,1.49905326962471,0.0,267.53009999999995,33.973506927490234,27318.078125,0.19616780430078506,0.0,MF,50.0
433754,Adam HLOZEK,43995,Czechia,CZE,Forward,0.0,3.0,0.0,0.0,0.0,0.0,1.0,1.0,1.0,1.0,0.0,0.0,0.0,2.0,1.0,1.0,1.0,1.0,0.0,8.0,0.0,6.767307758331299,5.0,0.0,0.0,1.0,1.0,92.0,7.0,1.0,0.0,2690.3201293945312,379.2099914550781,8423.219604492188,1051.4400329589844,6876.2603759765625,16.0,31.0,6.0,4.0,4.0,1.0,0.0,0.0,0.0,0.0,0.0,0.0,0.0,0.0,0.0,0.0,0.0,0.0,0.0,0.0,0.0,8.0,1.0,0.0,1.0,1.0,0.0,0.0,6.0,1.0,1.0,0.0,0.0,0.0,6.0,4.0,3.0,5.0,5.0,1.0,0.0,0.0,3.0,3.0,70.0,42.0,8.0,20.0,20.0,4.0,32.0,12.0,44.0,0.0,0.0,26.0,18.0,0.0,0.0,17.0,26.0,4.0,8.0,23.0,8.0,31.0,0.0,251.0,94.0,1.0,2.0,3.0,4.6315436363220215,0.0,172.08943333333337,32.71700668334961,19420.4501953125,0.31470974907279015,0.0,FW,33.33333333333333
486081,Lukas CERV,43995,Czechia,CZE,Midfielder,0.0,3.0,0.0,0.0,0.0,0.0,0.0,0.0,0.0,3.0,0.0,0.0,0.0,1.0,1.0,0.0,2.0,2.0,1.0,5.0,1.0,4.243162473042806,3.0,1.0,0.0,1.0,0.0,27.0,11.0,0.0,0.0,2561.1199951171875,89.80999946594238,8678.509765625,767.1199951171875,6129.68994140625,20.0,27.0,6.0,3.0,3.0,0.0,,,0.0,0.0,0.0,0.0,0.0,0.0,0.0,0.0,0.0,0.0,0.0,0.0,0.0,19.0,2.0,3.0,6.0,2.0,1.0,1.0,9.0,2.0,0.0,0.0,0.0,0.0,11.0,7.0,6.0,6.0,9.0,0.0,1.0,0.0,7.0,2.0,97.0,45.0,4.0,2.0,28.0,37.0,54.0,13.0,67.0,0.0,0.0,42.0,36.0,0.0,0.0,23.0,4.0,0.0,0.0,18.0,31.0,18.0,0.0,204.0,53.0,0.0,2.0,1.0,0.19350719451904297,0.0,172.187,28.67286491394043,18226.25,0.06248646043241024,0.0,MF,66.66666666666666
433668,Michal SADILEK,43995,Czechia,CZE,Midfielder,0.0,7.0,0.0,1.0,0.0,0.0,0.0,0.0,0.0,2.0,4.0,0.0,0.0,5.0,2.0,2.0,3.0,2.0,1.0,0.0,2.0,7.161083221435547,0.0,2.0,5.0,11.0,2.0,75.0,4.0,11.0,0.0,4412.23974609375,477.73998260498047,11258.480224609375,1527.4501037597656,6536.6397705078125,28.0,43.0,10.0,0.0,3.0,11.0,0.0,0.0,0.0,0.0,0.0,0.0,0.0,0.0,1.0,0.0,1.0,0.0,1.0,0.0,0.0,35.0,3.0,2.0,9.0,6.0,4.0,4.0,21.0,4.0,2.0,0.0,0.0,1.0,22.0,13.0,10.0,16.0,18.0,1.0,1.0,1.0,11.0,3.0,201.0,94.0,12.0,15.0,26.0,26.0,35.0,32.0,67.0,0.0,0.0,84.0,69.0,0.0,0.0,23.0,16.0,2.0,3.0,33.0,50.0,36.0,0.0,385.0,125.0,1.0,1.0,0.0,0.6401607915759087,0.0,204.00071666666668,29.79463005065918,24212.549560546875,0.7041301503777504,0.0,MF,42.857142857142854
405920,John YEBOAH,43927,Ecuador,ECU,Forward,0.0,8.0,0.0,0.0,2.0,0.0,0.0,0.0,0.0,2.0,4.0,0.0,0.0,4.0,2.0,5.0,3.0,4.0,1.0,15.0,1.0,5.743861198425293,12.0,0.0,3.0,9.0,4.0,73.0,20.0,0.0,0.0,4266.850158691406,898.7199935913086,12046.64990234375,1967.239990234375,12321.389892578125,84.0,119.0,44.0,0.0,4.0,0.0,0.0,0.0,0.0,0.0,0.0,0.0,0.0,0.0,0.0,0.0,0.0,0.0,0.0,0.0,0.0,31.0,2.0,0.0,4.0,2.0,1.0,2.0,18.0,9.0,6.0,5.0,6.0,1.0,18.0,10.0,9.0,15.0,28.0,1.0,0.0,0.0,16.0,4.0,262.0,132.0,18.0,39.0,55.0,20.0,43.0,71.0,114.0,0.0,0.0,104.0,85.0,0.0,0.0,44.0,52.0,3.0,7.0,79.0,44.0,86.0,0.0,395.0,169.0,0.0,4.0,9.0,2.3249058723449707,2.0,330.2797333333333,33.86237335205078,31500.849609375,0.7209831476211548,0.0,FW,37.5
448310,Kevin RODRIGUEZ,43927,Ecuador,ECU,Forward,1.0,6.0,0.0,1.0,1.0,2.0,1.0,0.0,0.0,0.0,2.0,0.0,0.0,6.0,1.0,4.0,1.0,0.0,0.0,4.0,0.0,6.302146077156067,3.0,0.0,0.0,1.0,0.0,26.0,6.0,0.0,0.0,2383.2998962402344,378.84998321533203,5477.860107421875,1004.3199768066406,5893.430114746094,19.0,32.0,2.0,3.0,1.0,0.0,0.0,0.0,0.0,0.0,0.0,0.0,0.0,0.0,0.0,0.0,0.0,0.0,2.0,0.0,0.0,6.0,0.0,0.0,0.0,0.0,0.0,0.0,5.0,3.0,2.0,1.0,2.0,1.0,3.0,3.0,2.0,2.0,6.0,0.0,0.0,1.0,5.0,4.0,79.0,43.0,14.0,33.0,15.0,1.0,38.0,11.0,49.0,0.0,0.0,27.0,23.0,0.0,0.0,13.0,35.0,3.0,20.0,15.0,8.0,35.0,0.0,187.0,89.0,4.0,0.0,1.0,15.190703868865967,0.0,146.07506666666666,33.36056137084961,15137.759521484375,0.6800341904163361,0.0,FW,16.666666666666664
373400,Enner VALENCIA,43927,Ecuador,ECU,Forward,0.0,10.0,0.0,2.0,0.0,0.0,3.0,0.0,0.0,2.0,5.0,0.0,0.0,9.0,5.0,2.0,6.0,1.0,1.0,4.0,0.0,5.714276075363159,2.0,0.0,0.0,1.0,0.0,91.0,11.0,0.0,0.0,2575.0099487304688,523.2800216674805,12350.689453125,1345.3500061035156,12695.56005859375,18.0,35.0,8.0,4.0,7.0,0.0,0.0,0.0,0.0,0.0,0.0,0.0,0.0,0.0,0.0,0.0,0.0,0.0,2.0,0.0,0.0,5.0,0.0,0.0,0.0,0.0,0.0,0.0,3.0,1.0,0.0,0.0,1.0,0.0,4.0,3.0,3.0,4.0,4.0,0.0,0.0,0.0,2.0,4.0,125.0,73.0,15.0,56.0,35.0,7.0,64.0,34.0,98.0,2.0,0.0,40.0,33.0,0.0,0.0,27.0,42.0,9.0,12.0,31.0,21.0,43.0,0.0,233.0,108.0,0.0,3.0,2.0,14.409197807312012,0.0,311.66519999999997,33.107608795166016,29489.89013671875,1.5254123359918594,0.0,FW,60.0
424036,Pedro VITE,43927,Ecuador,ECU,Midfielder,1.0,4.0,0.0,0.0,1.0,0.0,0.0,0.0,0.0,0.0,3.0,0.0,0.0,1.0,0.0,3.0,1.0,3.0,1.0,5.0,2.0,6.381994724273682,3.0,2.0,2.0,7.0,3.0,119.0,29.0,10.0,0.0,7556.500244140625,324.4300079345703,17603.62158203125,2599.3300170898438,15290.72021484375,115.0,139.0,34.0,2.0,5.0,10.0,0.0,0.0,0.0,0.0,0.0,0.0,0.0,0.0,0.0,0.0,0.0,0.0,0.0,0.0,0.0,106.0,6.0,7.0,34.0,29.0,20.0,21.0,88.0,9.0,5.0,1.0,1.0,2.0,63.0,54.0,44.0,48.0,44.0,3.0,6.0,1.0,39.0,4.0,640.0,214.0,20.0,11.0,108.0,142.0,153.0,108.0,261.0,0.0,0.0,297.0,269.0,0.0,0.0,110.0,27.0,1.0,8.0,75.0,227.0,83.0,0.0,648.0,177.0,0.0,0.0,1.0,0.6004096381366253,0.0,407.5486833333333,30.89681625366211,43374.6015625,0.22573496028780937,0.0,MF,25.0
419020,Gonzalo PLATA,43927,Ecuador,ECU,Forward,0.0,8.0,0.0,1.0,0.0,0.0,1.0,0.0,0.0,2.0,5.0,0.0,0.0,4.0,2.0,3.0,5.0,4.0,3.0,23.0,1.0,6.520750522613525,13.0,1.0,4.0,9.0,1.0,135.0,11.0,2.0,0.0,5806.349853515625,750.6700057983398,19192.55029296875,2531.929931640625,16020.5595703125,96.0,143.0,14.0,5.0,4.0,2.0,0.0,0.0,0.0,0.0,0.0,0.0,0.0,0.0,1.0,0.0,1.0,0.0,1.0,0.0,0.0,44.0,2.0,1.0,5.0,4.0,2.0,2.0,25.0,8.0,3.0,2.0,6.0,0.0,31.0,18.0,16.0,28.0,33.0,1.0,1.0,0.0,17.0,4.0,362.0,178.0,22.0,31.0,119.0,24.0,112.0,62.0,174.0,0.0,0.0,147.0,118.0,0.0,0.0,67.0,86.0,3.0,13.0,95.0,76.0,108.0,0.0,494.0,187.0,0.0,0.0,8.0,5.2335004806518555,4.0,407.5486833333333,32.20136642456055,44302.0615234375,1.1636640131473541,1.0,FW,62.5
428885,Moises CAICEDO,43927,Ecuador,ECU,Midfielder,0.0,4.0,0.0,0.0,0.0,1.0,0.0,0.0,0.0,1.0,2.0,0.0,0.0,1.0,0.0,3.0,1.0,3.0,1.0,4.0,3.0,6.23280668258667,1.0,3.0,8.0,16.0,7.0,83.0,28.0,13.0,0.0,6032.77001953125,554.8499908447266,18144.7197265625,1910.1298522949219,15710.930419921875,112.0,130.0,16.0,5.0,4.0,13.0,0.0,0.0,0.0,0.0,0.0,0.0,0.0,0.0,0.0,0.0,0.0,0.0,1.0,0.0,0.0,105.0,9.0,9.0,30.0,22.0,11.0,12.0,74.0,13.0,7.0,0.0,1.0,3.0,62.0,45.0,32.0,41.0,27.0,5.0,6.0,2.0,20.0,4.0,640.0,236.0,24.0,7.0,58.0,83.0,110.0,38.0,148.0,0.0,0.0,295.0,264.0,0.0,0.0,73.0,24.0,0.0,5.0,59.0,238.0,64.0,0.0,505.0,134.0,0.0,0.0,0.0,0.39599914103746414,1.0,407.5486833333333,34.485877990722656,42353.4013671875,0.1861892780289054,1.0,MF,25.0
363863,TREZEGUET,43855,Egypt,EGY,Forward,1.0,8.0,0.0,2.0,0.0,2.0,1.0,0.0,0.0,1.0,4.0,0.0,0.0,6.0,2.0,2.0,3.0,2.0,1.0,11.0,1.0,5.531786155700684,6.0,1.0,0.0,3.0,0.0,46.0,4.0,0.0,0.0,3844.3597106933594,544.4400329589844,8760.410888671875,1682.6601104736328,8605.800903320312,43.0,70.0,6.0,3.0,2.0,0.0,,,0.0,0.0,0.0,0.0,0.0,0.0,1.0,0.0,1.0,0.0,3.0,0.0,0.0,23.0,2.0,1.0,3.0,1.0,0.0,0.0,9.0,5.0,2.0,1.0,2.0,1.0,15.0,6.0,4.0,11.0,20.0,0.0,1.0,1.0,7.0,4.0,204.0,95.0,14.0,33.0,28.0,17.0,35.0,43.0,78.0,0.0,0.0,81.0,68.0,0.0,0.0,25.0,41.0,8.0,5.0,47.0,49.0,52.0,0.0,331.0,136.0,3.0,0.0,4.0,4.678156495094299,6.0,204.59315000000004,32.72580337524414,23437.669189453125,0.7141620516777039,0.0,FW,37.5
430482,EMAM ASHOUR,43855,Egypt,EGY,Midfielder,0.0,10.0,0.0,1.0,0.0,0.0,1.0,1.0,0.0,3.0,5.0,0.0,0.0,5.0,1.0,6.0,2.0,5.0,1.0,18.0,3.0,6.4780675888061525,6.0,3.0,4.0,3.0,0.0,72.0,12.0,2.0,0.0,6050.619873046875,755.2099952697754,18351.3505859375,2493.770034790039,15189.569946289062,98.0,142.0,19.0,2.0,13.0,2.0,0.0,0.0,0.0,0.0,0.0,0.0,0.0,0.0,2.0,0.0,1.0,1.0,1.0,0.0,0.0,54.0,4.0,2.0,13.0,5.0,3.0,7.0,31.0,7.0,4.0,2.0,3.0,0.0,34.0,22.0,20.0,28.0,32.0,2.0,0.0,0.0,18.0,5.0,471.0,191.0,27.0,49.0,128.0,64.0,114.0,127.0,241.0,0.0,0.0,207.0,176.0,0.0,0.0,101.0,50.0,5.0,7.0,78.0,153.0,85.0,0.0,522.0,185.0,0.0,4.0,3.0,3.034841626882553,3.0,395.8297,33.45850372314453,42840.52197265625,1.0569224655628204,0.0,MF,20.0
344654,MOHAMED SALAH,43855,Egypt,EGY,Forward,2.0,9.0,0.0,0.0,0.0,0.0,2.0,0.0,0.0,2.0,4.0,0.0,0.0,7.0,4.0,5.0,4.0,2.0,0.0,20.0,0.0,6.31946964263916,9.0,0.0,15.0,16.0,3.0,150.0,9.0,7.0,0.0,5571.9903564453125,1014.7300109863281,22244.91015625,2463.110076904297,17867.29052734375,69.0,115.0,18.0,5.0,13.0,7.0,0.0,0.0,0.0,0.0,0.0,0.0,0.0,0.0,1.0,0.0,1.0,0.0,1.0,0.0,0.0,41.0,4.0,0.0,4.0,1.0,0.0,0.0,24.0,9.0,4.0,2.0,4.0,1.0,28.0,19.0,17.0,23.0,27.0,1.0,0.0,1.0,18.0,5.0,339.0,176.0,36.0,68.0,112.0,17.0,112.0,85.0,197.0,1.0,0.0,136.0,112.0,0.0,0.0,74.0,93.0,5.0,16.0,76.0,78.0,92.0,0.0,493.0,201.0,0.0,3.0,4.0,8.512283086776733,1.0,469.05441666666667,33.60222625732422,49162.029296875,0.9537266492843628,0.0,FW,44.44444444444444
483161,MOSTAFA ZICO,43855,Egypt,EGY,Midfielder,1.0,8.0,0.0,3.0,0.0,0.0,5.0,0.0,0.0,0.0,3.0,0.0,0.0,7.0,3.0,2.0,3.0,1.0,0.0,4.0,1.0,7.405750274658203,1.0,1.0,0.0,2.0,1.0,192.0,31.0,2.0,0.0,8625.230102539062,953.7599868774414,22693.02001953125,2933.7300415039062,13948.729736328125,30.0,59.0,15.0,6.0,5.0,2.0,0.0,0.0,0.0,0.0,0.0,0.0,0.0,0.0,2.0,0.0,2.0,0.0,2.0,0.0,0.0,30.0,4.0,0.0,7.0,4.0,2.0,3.0,17.0,7.0,3.0,1.0,2.0,1.0,16.0,10.0,8.0,11.0,19.0,2.0,0.0,0.0,7.0,5.0,215.0,112.0,17.0,83.0,68.0,15.0,99.0,67.0,166.0,2.0,0.0,83.0,57.0,0.0,0.0,34.0,61.0,6.0,20.0,36.0,52.0,56.0,0.0,726.0,225.0,0.0,5.0,0.0,10.087070107460022,2.0,398.27098333333333,32.44748306274414,49154.4697265625,1.099982164800167,0.0,MF,37.5
461788,MARAWAN ATTIA,43855,Egypt,EGY,Midfielder,1.0,4.0,0.0,3.0,0.0,0.0,0.0,0.0,0.0,2.0,2.0,0.0,0.0,1.0,0.0,0.0,1.0,3.0,1.0,4.0,8.0,6.852517700195312,3.0,8.0,0.0,8.0,3.0,182.0,29.0,11.0,0.0,9897.7001953125,1065.3100051879883,24071.999755859375,3215.93017578125,18329.330200195312,139.0,184.0,18.0,8.0,1.0,12.0,0.0,0.0,0.0,0.0,0.0,0.0,0.0,0.0,0.0,0.0,0.0,0.0,0.0,1.0,0.0,159.0,10.0,7.0,52.0,34.0,29.0,35.0,103.0,15.0,7.0,0.0,0.0,5.0,92.0,62.0,52.0,70.0,99.0,2.0,3.0,5.0,54.0,5.0,749.0,253.0,27.0,8.0,79.0,158.0,140.0,105.0,245.0,0.0,0.0,357.0,313.0,0.0,0.0,120.0,22.0,0.0,1.0,118.0,244.0,119.0,0.0,829.0,260.0,1.0,1.0,0.0,0.29724455066025257,4.0,495.5316333333334,33.03301239013672,56580.27001953125,0.05039655417203903,2.0,MF,25.0
430476,OMAR MARMOUSH,43855,Egypt,EGY,Forward,0.0,11.0,0.0,4.0,3.0,0.0,0.0,0.0,0.0,2.0,5.0,0.0,0.0,8.0,0.0,6.0,1.0,3.0,1.0,18.0,3.0,5.728166007995606,10.0,3.0,3.0,5.0,0.0,109.0,11.0,3.0,0.0,3728.349822998047,1051.2100067138672,13495.19970703125,1770.8399963378906,15430.7607421875,50.0,85.0,27.0,3.0,8.0,3.0,0.0,0.0,0.0,0.0,0.0,0.0,0.0,0.0,0.0,0.0,0.0,0.0,0.0,0.0,0.0,34.0,4.0,0.0,4.0,3.0,0.0,0.0,25.0,12.0,9.0,4.0,6.0,2.0,18.0,13.0,8.0,12.0,30.0,3.0,0.0,2.0,22.0,5.0,218.0,124.0,19.0,73.0,79.0,14.0,93.0,73.0,166.0,0.0,0.0,77.0,65.0,0.0,0.0,47.0,58.0,5.0,15.0,69.0,31.0,84.0,0.0,321.0,165.0,2.0,2.0,6.0,7.036629498004913,2.0,369.5523166666667,35.17372131347656,35476.360107421875,0.9069126546382904,0.0,FW,9.090909090909092
433097,Declan RICE,43942,England,ENG,Midfielder,2.0,6.0,0.0,0.0,1.0,0.0,1.0,0.0,0.0,1.0,2.0,0.0,0.0,3.0,1.0,3.0,3.0,3.0,2.0,9.0,4.0,5.6366007924079895,9.0,3.0,30.0,40.0,15.0,120.0,18.0,20.0,0.0,8534.810180664062,1313.7599906921387,29732.96923828125,3106.179962158203,24066.899658203125,150.0,181.0,11.0,4.0,0.0,20.0,0.0,0.0,0.0,0.0,0.0,0.0,0.0,0.0,1.0,0.0,0.0,1.0,1.0,0.0,0.0,113.0,5.0,3.0,32.0,28.0,24.0,24.0,88.0,12.0,6.0,2.0,5.0,2.0,69.0,54.0,49.0,59.0,49.0,3.0,1.0,1.0,36.0,7.0,742.0,310.0,37.0,31.0,88.0,155.0,175.0,99.0,274.0,1.0,0.0,340.0,312.0,0.0,0.0,112.0,28.0,3.0,10.0,102.0,213.0,112.0,0.0,709.0,233.0,0.0,4.0,2.0,1.9544944949448109,2.0,622.0375333333334,33.055171966552734,66754.6201171875,0.3091347273439169,2.0,MF,50.0
448196,Bukayo SAKA,43942,England,ENG,Forward,3.0,13.0,0.0,3.0,4.0,0.0,1.0,0.0,0.0,1.0,5.0,1.0,1.0,11.0,5.0,4.0,7.0,2.0,2.0,21.0,2.0,5.47584342956543,14.0,2.0,5.0,23.0,5.0,85.0,21.0,1.0,0.0,5968.399932861328,1174.0599784851074,15510.869506835938,2655.5500869750977,16701.84979248047,66.0,111.0,7.0,4.0,9.0,1.0,0.0,0.0,0.0,0.0,0.0,0.0,0.0,0.0,3.0,0.0,2.0,1.0,1.0,0.0,0.0,34.0,4.0,1.0,6.0,5.0,1.0,1.0,24.0,11.0,8.0,3.0,4.0,3.0,17.0,11.0,5.0,9.0,22.0,3.0,1.0,2.0,14.0,7.0,303.0,151.0,26.0,56.0,41.0,15.0,50.0,62.0,112.0,4.0,0.0,101.0,81.0,1.0,1.0,50.0,70.0,21.0,13.0,49.0,94.0,62.0,0.0,518.0,213.0,4.0,2.0,12.0,8.668764054775238,3.0,411.64058333333327,33.01069259643555,42010.729736328125,1.7217089235782623,0.0,FW,53.84615384615385
481610,Elliot ANDERSON,43942,England,ENG,Midfielder,1.0,7.0,0.0,2.0,0.0,1.0,0.0,1.0,0.0,2.0,3.0,0.0,0.0,3.0,0.0,4.0,1.0,4.0,1.0,9.0,10.0,6.5973018407821655,8.0,9.0,3.0,6.0,3.0,191.0,60.0,13.0,0.0,11896.210144042969,784.140007019043,36039.58947753906,3870.0399475097656,26107.989685058594,221.0,267.0,34.0,9.0,13.0,14.0,0.0,0.0,0.0,0.0,0.0,0.0,0.0,0.0,0.0,0.0,0.0,0.0,2.0,1.0,0.0,151.0,7.0,17.0,51.0,41.0,26.0,27.0,114.0,17.0,12.0,1.0,1.0,9.0,83.0,61.0,39.0,50.0,67.0,4.0,11.0,7.0,50.0,8.0,975.0,354.0,20.0,21.0,84.0,269.0,271.0,103.0,374.0,0.0,0.0,445.0,396.0,0.0,0.0,160.0,15.0,2.0,18.0,170.0,280.0,188.0,0.0,1006.0,282.0,1.0,3.0,1.0,0.6355702355504036,3.0,713.3772166666666,29.875505447387695,78697.9716796875,0.37513546273112297,1.0,MF,14.285714285714285
369419,Harry KANE,43942,England,ENG,Forward,1.0,23.0,0.0,3.0,1.0,2.0,4.0,2.0,1.0,4.0,8.0,2.0,1.0,18.0,10.0,8.0,11.0,5.0,1.0,9.0,2.0,5.6434525847435,3.0,2.0,0.0,3.0,1.0,262.0,22.0,2.0,0.0,10316.829345703125,1011.8899765014648,32799.66943359375,4078.2699584960938,30358.029541015625,50.0,93.0,25.0,8.0,9.0,3.0,0.0,0.0,0.0,0.0,0.0,0.0,0.0,0.0,6.0,0.0,6.0,0.0,5.0,1.0,0.0,58.0,8.0,4.0,14.0,6.0,2.0,2.0,33.0,11.0,6.0,1.0,1.0,2.0,33.0,21.0,15.0,19.0,27.0,3.0,1.0,2.0,22.0,7.0,276.0,150.0,31.0,44.0,64.0,26.0,111.0,23.0,134.0,2.0,0.0,99.0,73.0,2.0,2.0,42.0,70.0,6.0,17.0,64.0,64.0,81.0,0.0,859.0,260.0,0.0,2.0,1.0,19.146304845809937,1.0,732.08485,32.36048889160156,78564.689453125,3.686707140877843,0.0,FW,47.82608695652174
448202,Jude BELLINGHAM,43942,England,ENG,Midfielder,1.0,19.0,0.0,2.0,3.0,2.0,4.0,0.0,0.0,3.0,6.0,0.0,1.0,16.0,12.0,3.0,13.0,3.0,1.0,31.0,6.0,6.371411859989166,21.0,6.0,0.0,9.0,1.0,234.0,31.0,4.0,0.0,11589.820190429688,1803.8099899291992,24808.97998046875,5170.980041503906,29881.160522460938,135.0,210.0,22.0,9.0,17.0,4.0,0.0,0.0,0.0,0.0,0.0,0.0,0.0,0.0,7.0,0.0,7.0,0.0,4.0,0.0,0.0,89.0,12.0,0.0,13.0,7.0,1.0,1.0,56.0,21.0,10.0,3.0,7.0,2.0,55.0,39.0,32.0,41.0,68.0,6.0,0.0,1.0,37.0,8.0,580.0,260.0,35.0,130.0,258.0,97.0,367.0,118.0,485.0,1.0,0.0,231.0,191.0,0.0,0.0,141.0,93.0,12.0,24.0,159.0,116.0,183.0,0.0,947.0,403.0,1.0,4.0,14.0,8.081122905015945,0.0,698.7366166666665,32.38360595703125,73254.74829101562,3.919474735856056,1.0,MF,68.42105263157895
401470,Marcus RASHFORD,43942,England,ENG,Forward,1.0,12.0,0.0,1.0,3.0,0.0,3.0,1.0,1.0,1.0,4.0,0.0,0.0,9.0,3.0,7.0,5.0,3.0,2.0,17.0,1.0,5.178852796554565,10.0,1.0,0.0,19.0,2.0,60.0,3.0,2.0,0.0,3247.2299194335938,1301.2500343322754,12068.099884033203,1703.6900253295898,10469.969818115234,74.0,118.0,2.0,5.0,1.0,2.0,0.0,0.0,0.0,0.0,0.0,0.0,0.0,0.0,1.0,0.0,1.0,0.0,2.0,0.0,0.0,51.0,4.0,1.0,5.0,4.0,0.0,0.0,34.0,19.0,15.0,9.0,12.0,3.0,27.0,15.0,9.0,19.0,41.0,4.0,0.0,2.0,26.0,6.0,284.0,123.0,21.0,85.0,48.0,17.0,50.0,100.0,150.0,1.0,0.0,104.0,92.0,0.0,0.0,62.0,71.0,15.0,4.0,66.0,75.0,70.0,0.0,285.0,147.0,3.0,2.0,7.0,6.511933743953705,3.0,258.79611666666665,35.17277908325195,28790.240356445312,1.0302152037620544,0.0,FW,41.66666666666667
492716,Morgan ROGERS,43942,England,ENG,Midfielder,1.0,3.0,0.0,2.0,0.0,0.0,0.0,0.0,0.0,1.0,1.0,0.0,1.0,1.0,0.0,0.0,1.0,2.0,1.0,13.0,3.0,6.394670307636261,9.0,3.0,0.0,6.0,1.0,162.0,24.0,1.0,0.0,7387.040008544922,1162.7900276184082,19488.080139160156,2887.9899673461914,16120.480163574219,75.0,107.0,20.0,5.0,5.0,1.0,0.0,0.0,0.0,0.0,0.0,0.0,0.0,0.0,0.0,0.0,0.0,0.0,0.0,0.0,0.0,35.0,3.0,0.0,5.0,3.0,2.0,2.0,27.0,13.0,10.0,7.0,8.0,2.0,17.0,14.0,11.0,12.0,26.0,1.0,0.0,2.0,19.0,7.0,284.0,131.0,18.0,72.0,81.0,34.0,138.0,49.0,187.0,2.0,0.0,121.0,102.0,0.0,0.0,53.0,59.0,6.0,18.0,62.0,65.0,80.0,0.0,608.0,227.0,4.0,0.0,5.0,6.593590900301933,0.0,411.6862666666666,33.63362121582031,47046.37805175781,0.1332038678228855,0.0,MF,33.33333333333333
448189,Anthony GORDON,43942,England,ENG,Forward,3.0,6.0,0.0,1.0,1.0,0.0,2.0,0.0,0.0,0.0,2.0,0.0,1.0,6.0,4.0,0.0,4.0,0.0,0.0,34.0,0.0,4.456407070159912,13.0,0.0,0.0,10.0,2.0,151.0,15.0,1.0,0.0,5669.170166015625,1687.3700637817383,13832.139282226562,2659.929962158203,19838.110473632812,82.0,131.0,27.0,4.0,10.0,1.0,0.0,0.0,0.0,0.0,0.0,0.0,0.0,0.0,1.0,0.0,1.0,0.0,2.0,0.0,0.0,55.0,5.0,1.0,7.0,3.0,0.0,1.0,36.0,18.0,13.0,9.0,11.0,2.0,30.0,20.0,15.0,22.0,47.0,2.0,1.0,2.0,32.0,6.0,299.0,153.0,20.0,80.0,86.0,39.0,92.0,113.0,205.0,0.0,0.0,113.0,96.0,0.0,0.0,80.0,85.0,13.0,6.0,100.0,54.0,106.0,0.0,474.0,232.0,1.0,4.0,10.0,5.855684369802475,9.0,442.2114,35.794219970703125,43686.720703125,0.6987881474196911,0.0,FW,66.66666666666666
489732,Noni MADUEKE,43942,England,ENG,Forward,0.0,6.0,0.0,2.0,0.0,0.0,0.0,0.0,0.0,2.0,4.0,0.0,0.0,4.0,1.0,3.0,1.0,2.0,0.0,22.0,0.0,3.658501446247101,12.0,0.0,0.0,22.0,9.0,80.0,16.0,0.0,0.0,3925.279998779297,1159.229965209961,10296.809814453125,1718.7599792480469,13478.100463867188,60.0,97.0,9.0,2.0,3.0,0.0,0.0,0.0,0.0,0.0,0.0,0.0,0.0,0.0,0.0,0.0,0.0,0.0,0.0,0.0,0.0,40.0,3.0,1.0,5.0,2.0,0.0,1.0,28.0,14.0,11.0,8.0,10.0,1.0,21.0,15.0,12.0,16.0,24.0,2.0,0.0,1.0,16.0,5.0,277.0,132.0,18.0,80.0,75.0,20.0,38.0,137.0,175.0,1.0,0.0,94.0,82.0,0.0,0.0,52.0,68.0,17.0,7.0,33.0,106.0,40.0,0.0,335.0,147.0,1.0,4.0,10.0,4.199827134609222,4.0,315.5636666666667,34.30588912963867,30578.1796875,0.606085002887994,0.0,FW,16.666666666666664
473113,Eberechi EZE,43942,England,ENG,Midfielder,1.0,5.0,0.0,2.0,1.0,0.0,0.0,1.0,1.0,0.0,3.0,0.0,0.0,2.0,0.0,2.0,0.0,3.0,0.0,10.0,1.0,3.936962604522705,7.0,1.0,1.0,3.0,1.0,59.0,0.0,2.0,0.0,3797.5200958251953,351.40001106262207,10762.429626464844,1423.9199905395508,9239.990417480469,61.0,78.0,6.0,2.0,4.0,2.0,,,0.0,0.0,0.0,0.0,0.0,0.0,0.0,0.0,0.0,0.0,0.0,0.0,0.0,28.0,3.0,1.0,6.0,6.0,2.0,2.0,26.0,7.0,7.0,3.0,3.0,1.0,15.0,13.0,8.0,10.0,12.0,3.0,1.0,1.0,10.0,5.0,222.0,92.0,13.0,22.0,31.0,18.0,57.0,14.0,71.0,1.0,0.0,97.0,89.0,0.0,0.0,28.0,32.0,2.0,10.0,47.0,56.0,57.0,0.0,325.0,106.0,4.0,1.0,5.0,5.6819025576114655,1.0,247.7011333333333,32.27011489868164,25575.259033203125,0.2810502052307129,0.0,MF,0.0
485677,Manu KONE,43946,France,FRA,Midfielder,0.0,6.0,0.0,1.0,0.0,0.0,0.0,0.0,0.0,2.0,4.0,0.0,0.0,1.0,1.0,3.0,2.0,5.0,1.0,14.0,2.0,4.025782942771912,9.0,1.0,0.0,1.0,0.0,91.0,23.0,1.0,0.0,7491.2901611328125,357.97999572753906,19970.889892578125,1599.8599548339844,15917.030151367188,103.0,134.0,24.0,6.0,7.0,1.0,,,0.0,0.0,0.0,0.0,0.0,0.0,0.0,0.0,0.0,0.0,0.0,0.0,0.0,58.0,2.0,4.0,16.0,13.0,9.0,10.0,50.0,3.0,3.0,0.0,0.0,1.0,39.0,34.0,29.0,32.0,22.0,2.0,2.0,1.0,17.0,5.0,586.0,225.0,26.0,3.0,24.0,63.0,63.0,27.0,90.0,0.0,0.0,263.0,242.0,0.0,0.0,42.0,12.0,1.0,10.0,86.0,191.0,96.0,0.0,590.0,110.0,1.0,1.0,2.0,0.9289012849330902,0.0,426.23925,30.279003143310547,45337.05078125,0.18647444806993008,1.0,MF,33.33333333333333
398680,Ousmane DEMBELE,43946,France,FRA,Forward,2.0,20.0,0.0,2.0,0.0,1.0,1.0,1.0,0.0,1.0,16.0,0.0,1.0,13.0,8.0,8.0,10.0,7.0,2.0,18.0,6.0,6.2141618728637695,12.0,5.0,17.0,36.0,6.0,257.0,16.0,5.0,0.0,9652.249938964844,825.2299995422363,25952.5,4281.030029296875,26791.889892578125,163.0,249.0,28.0,0.0,4.0,5.0,0.0,0.0,0.0,0.0,0.0,0.0,0.0,0.0,6.0,0.0,4.0,2.0,1.0,0.0,0.0,107.0,11.0,0.0,16.0,9.0,4.0,5.0,63.0,29.0,18.0,9.0,13.0,5.0,62.0,36.0,27.0,46.0,71.0,5.0,0.0,4.0,40.0,8.0,734.0,311.0,54.0,68.0,88.0,39.0,79.0,116.0,195.0,3.0,0.0,297.0,236.0,0.0,0.0,91.0,176.0,11.0,12.0,137.0,210.0,149.0,0.0,817.0,274.0,1.0,5.0,9.0,12.290518581867218,3.0,648.6526333333333,30.50511932373047,67502.90087890625,2.098707055673003,0.0,FW,50.0
405893,Aurelien TCHOUAMENI,43946,France,FRA,Midfielder,1.0,3.0,0.0,0.0,0.0,1.0,0.0,0.0,0.0,0.0,2.0,0.0,0.0,1.0,0.0,3.0,0.0,2.0,0.0,1.0,2.0,3.316187262535095,1.0,2.0,0.0,2.0,0.0,68.0,20.0,8.0,0.0,7620.260009765625,477.1299934387207,18125.159912109375,2070.6099243164062,16789.66015625,93.0,107.0,23.0,4.0,3.0,12.0,0.0,0.0,0.0,0.0,0.0,0.0,0.0,0.0,0.0,0.0,0.0,0.0,0.0,4.0,0.0,52.0,0.0,5.0,27.0,26.0,22.0,22.0,46.0,1.0,1.0,0.0,0.0,1.0,24.0,19.0,14.0,18.0,27.0,0.0,4.0,1.0,22.0,4.0,537.0,191.0,21.0,2.0,35.0,141.0,137.0,41.0,178.0,0.0,0.0,254.0,239.0,0.0,0.0,83.0,8.0,1.0,7.0,57.0,185.0,64.0,0.0,637.0,155.0,0.0,0.0,0.0,0.4442046284675598,1.0,407.2889666666666,31.407251358032227,45082.818359375,0.10632163845002651,1.0,MF,0.0
389867,Kylian MBAPPE,43946,France,FRA,Forward,4.0,41.0,0.0,4.0,5.0,0.0,1.0,1.0,1.0,4.0,27.0,2.0,1.0,27.0,17.0,14.0,23.0,14.0,6.0,74.0,12.0,5.208929717540741,40.0,11.0,5.0,10.0,1.0,166.0,15.0,3.0,0.0,6312.500244140625,1960.5999908447266,22441.070068359375,2811.740020751953,33200.6591796875,166.0,281.0,18.0,6.0,9.0,3.0,0.0,0.0,0.0,0.0,0.0,0.0,0.0,0.0,10.0,0.0,8.0,2.0,0.0,0.0,0.0,98.0,8.0,1.0,10.0,8.0,1.0,1.0,80.0,31.0,25.0,15.0,18.0,5.0,57.0,47.0,36.0,43.0,75.0,6.0,1.0,4.0,58.0,8.0,626.0,292.0,73.0,191.0,163.0,77.0,282.0,149.0,431.0,7.0,0.0,232.0,201.0,2.0,1.0,160.0,165.0,29.0,14.0,170.0,149.0,184.0,0.0,529.0,250.0,0.0,4.0,28.0,23.280168771743774,1.0,769.7895666666667,37.61482620239258,66726.5693359375,6.53784866631031,1.0,FW,56.09756097560976
485655,Michael OLISE,43946,France,FRA,Forward,7.0,20.0,0.0,5.0,2.0,0.0,2.0,0.0,0.0,3.0,13.0,0.0,0.0,10.0,2.0,10.0,5.0,10.0,3.0,47.0,3.0,7.074130892753601,29.0,3.0,25.0,20.0,5.0,289.0,32.0,15.0,0.0,12546.749877929688,2236.890007019043,37367.96875,5484.989990234375,26862.97998046875,278.0,361.0,50.0,5.0,16.0,15.0,0.0,0.0,0.0,0.0,0.0,0.0,0.0,0.0,0.0,0.0,0.0,0.0,0.0,0.0,0.0,162.0,8.0,4.0,22.0,17.0,10.0,10.0,121.0,28.0,21.0,10.0,11.0,9.0,112.0,83.0,69.0,91.0,108.0,4.0,3.0,7.0,85.0,8.0,952.0,416.0,69.0,75.0,199.0,91.0,234.0,131.0,365.0,0.0,0.0,417.0,362.0,0.0,0.0,149.0,140.0,9.0,17.0,211.0,244.0,228.0,0.0,1054.0,388.0,0.0,4.0,17.0,8.259577333927155,4.0,719.9583500000001,34.65202713012695,84499.5771484375,2.336453005671501,1.0,FW,25.0
484860,Bradley BARCOLA,43946,France,FRA,Forward,1.0,10.0,0.0,0.0,3.0,0.0,1.0,0.0,0.0,1.0,5.0,0.0,0.0,7.0,5.0,4.0,5.0,3.0,0.0,30.0,0.0,6.032448470592499,17.0,0.0,0.0,7.0,1.0,134.0,25.0,1.0,0.0,4252.330139160156,1595.9500427246094,16086.310485839844,1987.939956665039,18848.049560546875,92.0,135.0,21.0,5.0,1.0,1.0,0.0,0.0,0.0,0.0,0.0,0.0,0.0,0.0,3.0,0.0,3.0,0.0,1.0,0.0,0.0,28.0,0.0,0.0,0.0,0.0,0.0,0.0,21.0,11.0,8.0,6.0,8.0,3.0,17.0,13.0,11.0,14.0,23.0,0.0,0.0,2.0,18.0,8.0,313.0,156.0,30.0,73.0,35.0,15.0,55.0,68.0,123.0,1.0,0.0,117.0,106.0,0.0,0.0,43.0,93.0,16.0,7.0,77.0,74.0,84.0,0.0,340.0,165.0,4.0,3.0,11.0,9.82173466682434,0.0,432.7750833333334,36.31654357910156,42770.58056640625,1.9850478013977408,1.0,FW,50.0
402047,Adrien RABIOT,43946,France,FRA,Midfielder,1.0,9.0,0.0,0.0,0.0,0.0,1.0,0.0,0.0,2.0,5.0,0.0,1.0,4.0,1.0,8.0,1.0,5.0,0.0,17.0,1.0,5.669568061828613,15.0,1.0,0.0,2.0,0.0,143.0,38.0,10.0,0.0,9515.799865722656,728.619987487793,29071.88037109375,3485.2899475097656,28461.4677734375,149.0,190.0,14.0,13.0,4.0,11.0,0.0,0.0,0.0,0.0,0.0,0.0,0.0,0.0,0.0,0.0,0.0,0.0,2.0,1.0,0.0,117.0,6.0,3.0,28.0,26.0,18.0,19.0,104.0,13.0,10.0,2.0,3.0,4.0,76.0,68.0,57.0,63.0,51.0,5.0,3.0,3.0,44.0,7.0,769.0,297.0,35.0,65.0,58.0,112.0,160.0,75.0,235.0,1.0,0.0,351.0,323.0,0.0,0.0,69.0,36.0,8.0,20.0,101.0,244.0,121.0,0.0,816.0,248.0,0.0,1.0,2.0,3.6440359354019165,0.0,657.8955333333333,30.836036682128906,71263.05810546875,0.961873484775424,1.0,MF,11.11111111111111
464114,Desire DOUE,43946,France,FRA,Forward,1.0,13.0,0.0,4.0,1.0,0.0,1.0,0.0,0.0,3.0,8.0,0.0,0.0,4.0,4.0,1.0,8.0,9.0,4.0,40.0,3.0,6.622868061065674,16.0,3.0,2.0,5.0,2.0,202.0,23.0,2.0,0.0,7095.109832763672,1517.880027770996,19550.750122070312,3391.949996948242,17528.879760742188,104.0,167.0,14.0,4.0,8.0,2.0,0.0,0.0,0.0,0.0,0.0,0.0,0.0,0.0,1.0,0.0,1.0,0.0,1.0,0.0,0.0,61.0,4.0,0.0,10.0,6.0,4.0,6.0,39.0,15.0,7.0,5.0,9.0,2.0,36.0,26.0,24.0,30.0,30.0,2.0,0.0,0.0,20.0,8.0,474.0,220.0,37.0,63.0,101.0,48.0,80.0,132.0,212.0,0.0,0.0,196.0,167.0,0.0,0.0,72.0,91.0,12.0,13.0,82.0,157.0,95.0,0.0,587.0,269.0,4.0,3.0,10.0,5.476234167814255,3.0,449.67855000000003,33.4975700378418,49084.56884765625,0.7101585865020752,0.0,FW,61.53846153846154
484849,Aleksandar PAVLOVIC,43948,Germany,GER,Midfielder,0.0,4.0,0.0,2.0,0.0,0.0,0.0,0.0,0.0,1.0,3.0,0.0,0.0,1.0,1.0,2.0,1.0,3.0,0.0,5.0,1.0,7.638623356819153,4.0,1.0,0.0,1.0,0.0,76.0,20.0,3.0,0.0,7095.75,573.2300033569336,18120.639892578125,2406.8099975585938,9821.670043945312,95.0,115.0,27.0,13.0,4.0,4.0,0.0,0.0,0.0,0.0,0.0,0.0,0.0,0.0,0.0,0.0,0.0,0.0,0.0,1.0,0.0,67.0,1.0,3.0,27.0,24.0,22.0,23.0,58.0,1.0,0.0,0.0,0.0,0.0,39.0,34.0,32.0,35.0,27.0,0.0,2.0,0.0,21.0,4.0,548.0,181.0,19.0,4.0,54.0,100.0,119.0,39.0,158.0,0.0,0.0,260.0,240.0,0.0,0.0,78.0,20.0,0.0,2.0,65.0,202.0,67.0,0.0,597.0,165.0,0.0,3.0,1.0,0.6643166244029999,1.0,300.04376666666667,31.392236709594727,38018.099609375,0.37491461634635925,1.0,MF,25.0
411367,Kai HAVERTZ,43948,Germany,GER,Forward,0.0,12.0,0.0,2.0,0.0,1.0,4.0,0.0,0.0,1.0,5.0,1.0,0.0,11.0,7.0,2.0,7.0,1.0,0.0,8.0,0.0,6.92644727230072,2.0,0.0,0.0,3.0,2.0,99.0,14.0,1.0,0.0,6891.630126953125,1075.4299774169922,18215.090087890625,2780.0499267578125,15934.829833984375,67.0,98.0,19.0,3.0,4.0,1.0,0.0,0.0,0.0,0.0,0.0,0.0,0.0,0.0,3.0,0.0,3.0,0.0,7.0,0.0,0.0,10.0,0.0,1.0,1.0,0.0,0.0,0.0,6.0,2.0,0.0,0.0,2.0,0.0,7.0,6.0,6.0,6.0,6.0,0.0,0.0,0.0,2.0,4.0,290.0,144.0,22.0,95.0,88.0,21.0,127.0,77.0,204.0,1.0,0.0,117.0,101.0,1.0,1.0,58.0,80.0,8.0,19.0,59.0,73.0,78.0,0.0,577.0,202.0,0.0,2.0,1.0,14.436632633209229,1.0,392.96203333333335,32.925559997558594,44897.02978515625,1.9972049295902252,1.0,FW,58.333333333333336
429642,Jamal MUSIALA,43948,Germany,GER,Midfielder,0.0,6.0,0.0,2.0,1.0,0.0,0.0,0.0,0.0,1.0,4.0,0.0,0.0,4.0,1.0,2.0,1.0,2.0,0.0,24.0,0.0,6.605733275413513,13.0,0.0,0.0,8.0,0.0,107.0,19.0,0.0,0.0,4875.219970703125,631.4400024414062,14592.239990234375,1818.9499816894531,11628.66064453125,87.0,131.0,13.0,5.0,11.0,0.0,0.0,0.0,0.0,0.0,0.0,0.0,0.0,0.0,1.0,0.0,1.0,0.0,0.0,0.0,0.0,29.0,3.0,0.0,3.0,2.0,0.0,0.0,23.0,9.0,6.0,4.0,6.0,0.0,17.0,15.0,13.0,14.0,28.0,2.0,0.0,0.0,22.0,4.0,288.0,147.0,15.0,32.0,113.0,35.0,121.0,59.0,180.0,0.0,0.0,104.0,86.0,0.0,0.0,73.0,65.0,6.0,15.0,116.0,29.0,131.0,0.0,412.0,140.0,1.0,2.0,10.0,5.284891963005066,2.0,305.8442,32.34675979614258,33546.51025390625,0.34200455620884895,1.0,MF,16.666666666666664
430669,Florian WIRTZ,43948,Germany,GER,Midfielder,3.0,10.0,0.0,5.0,3.0,0.0,1.0,1.0,1.0,2.0,3.0,0.0,0.0,5.0,1.0,4.0,1.0,5.0,0.0,25.0,2.0,6.852266788482666,18.0,2.0,5.0,12.0,5.0,123.0,18.0,2.0,0.0,7143.9698486328125,954.0199890136719,20910.25048828125,3165.3900756835938,14242.249267578125,134.0,182.0,17.0,1.0,3.0,2.0,0.0,0.0,0.0,0.0,0.0,0.0,0.0,0.0,0.0,0.0,0.0,0.0,0.0,0.0,0.0,82.0,5.0,1.0,10.0,5.0,2.0,4.0,54.0,15.0,10.0,8.0,9.0,1.0,57.0,39.0,36.0,50.0,47.0,2.0,1.0,0.0,33.0,4.0,599.0,243.0,34.0,71.0,100.0,47.0,96.0,122.0,218.0,1.0,0.0,271.0,223.0,0.0,0.0,73.0,117.0,4.0,8.0,91.0,191.0,99.0,0.0,653.0,229.0,0.0,2.0,14.0,3.4748141765594482,14.0,405.9256833333334,33.027687072753906,46415.8798828125,0.9657626114785671,0.0,MF,10.0
404353,Leroy SANE,43948,Germany,GER,Midfielder,0.0,6.0,0.0,1.0,2.0,0.0,0.0,1.0,1.0,0.0,3.0,0.0,0.0,5.0,2.0,3.0,2.0,1.0,0.0,24.0,0.0,6.380283713340759,12.0,0.0,1.0,11.0,2.0,84.0,15.0,1.0,0.0,6099.059814453125,1733.8399658203125,13004.98095703125,2896.3700561523438,14325.77978515625,113.0,167.0,10.0,3.0,2.0,1.0,0.0,0.0,0.0,0.0,0.0,0.0,0.0,0.0,1.0,0.0,1.0,0.0,0.0,0.0,0.0,41.0,2.0,0.0,5.0,4.0,3.0,3.0,22.0,9.0,4.0,2.0,6.0,1.0,27.0,14.0,12.0,24.0,28.0,1.0,0.0,1.0,10.0,4.0,439.0,176.0,16.0,55.0,73.0,20.0,36.0,112.0,148.0,1.0,0.0,189.0,161.0,0.0,0.0,63.0,94.0,2.0,8.0,114.0,99.0,122.0,0.0,477.0,221.0,0.0,2.0,7.0,4.060631513595581,2.0,360.78805000000006,34.41828536987305,38060.0302734375,1.5747145526111126,0.0,MF,33.33333333333333
492363,Felix NMECHA,43948,Germany,GER,Midfielder,1.0,8.0,0.0,1.0,1.0,0.0,0.0,1.0,0.0,1.0,5.0,0.0,0.0,3.0,3.0,4.0,3.0,5.0,0.0,14.0,1.0,6.643768668174744,9.0,0.0,0.0,2.0,0.0,74.0,21.0,1.0,0.0,4995.7398681640625,659.6700286865234,13835.95947265625,1878.0599975585938,11955.709594726562,68.0,97.0,9.0,3.0,3.0,1.0,0.0,0.0,0.0,0.0,0.0,0.0,0.0,0.0,1.0,0.0,1.0,0.0,0.0,0.0,0.0,34.0,0.0,1.0,7.0,6.0,6.0,6.0,29.0,4.0,3.0,2.0,2.0,2.0,23.0,20.0,19.0,20.0,20.0,0.0,0.0,1.0,17.0,4.0,313.0,132.0,15.0,38.0,47.0,28.0,73.0,40.0,113.0,0.0,0.0,131.0,120.0,0.0,0.0,37.0,26.0,3.0,5.0,61.0,94.0,66.0,0.0,442.0,141.0,0.0,3.0,5.0,2.0116825699806213,0.0,299.98248333333333,34.966773986816406,33325.14013671875,0.49138012900948524,0.0,MF,37.5
484851,Deniz UNDAV,43948,Germany,GER,Forward,2.0,6.0,0.0,0.0,0.0,0.0,1.0,0.0,0.0,0.0,5.0,0.0,0.0,5.0,3.0,2.0,4.0,1.0,1.0,1.0,0.0,6.026781439781189,0.0,0.0,0.0,2.0,0.0,53.0,7.0,0.0,0.0,2348.699951171875,127.02000045776367,7739.080078125,809.5299987792969,6380.0400390625,20.0,35.0,6.0,3.0,0.0,0.0,0.0,0.0,0.0,0.0,0.0,0.0,0.0,0.0,3.0,0.0,3.0,0.0,0.0,0.0,0.0,7.0,1.0,0.0,1.0,1.0,0.0,0.0,4.0,4.0,2.0,1.0,3.0,0.0,2.0,1.0,0.0,1.0,6.0,1.0,0.0,0.0,4.0,4.0,85.0,44.0,12.0,12.0,7.0,0.0,13.0,6.0,19.0,0.0,0.0,31.0,23.0,0.0,0.0,11.0,27.0,5.0,8.0,22.0,13.0,30.0,0.0,205.0,59.0,3.0,1.0,0.0,16.503329515457153,0.0,174.76788333333337,28.92000389099121,17404.369873046875,1.426492877304554,0.0,FW,66.66666666666666
441342,Abdul FATAWU,43860,Ghana,GHA,Forward,0.0,3.0,0.0,0.0,1.0,0.0,0.0,0.0,0.0,1.0,1.0,0.0,0.0,1.0,0.0,3.0,0.0,2.0,0.0,22.0,1.0,6.211441278457642,11.0,1.0,2.0,7.0,1.0,50.0,5.0,1.0,0.0,2578.7399291992188,451.5600128173828,6319.9600830078125,1156.6399993896484,6309.719970703125,22.0,43.0,11.0,1.0,8.0,1.0,0.0,0.0,0.0,0.0,0.0,0.0,0.0,0.0,0.0,0.0,0.0,0.0,0.0,0.0,0.0,28.0,4.0,1.0,9.0,4.0,2.0,4.0,14.0,8.0,4.0,2.0,3.0,1.0,11.0,6.0,4.0,5.0,22.0,2.0,0.0,0.0,14.0,4.0,90.0,61.0,4.0,19.0,23.0,3.0,4.0,41.0,45.0,0.0,0.0,22.0,18.0,0.0,0.0,20.0,24.0,3.0,0.0,38.0,12.0,38.0,0.0,211.0,93.0,4.0,0.0,7.0,1.359874203801155,2.0,163.103,32.85761260986328,16816.6201171875,0.09803635440766811,1.0,FW,0.0
448531,Antoine SEMENYO,43860,Ghana,GHA,Midfielder,0.0,6.0,0.0,3.0,2.0,0.0,0.0,0.0,0.0,1.0,2.0,0.0,0.0,3.0,0.0,2.0,0.0,3.0,0.0,18.0,0.0,5.779487133026123,12.0,0.0,0.0,5.0,0.0,123.0,20.0,0.0,0.0,3455.969970703125,1450.3300170898438,13653.8798828125,1929.4499206542969,19444.21044921875,42.0,76.0,26.0,6.0,4.0,0.0,0.0,0.0,0.0,0.0,0.0,0.0,0.0,0.0,0.0,0.0,0.0,0.0,1.0,0.0,0.0,19.0,1.0,1.0,3.0,3.0,1.0,1.0,15.0,5.0,3.0,2.0,4.0,0.0,11.0,9.0,7.0,9.0,18.0,1.0,1.0,0.0,14.0,4.0,176.0,91.0,7.0,45.0,33.0,14.0,54.0,38.0,92.0,4.0,0.0,68.0,52.0,0.0,0.0,32.0,44.0,3.0,15.0,35.0,44.0,50.0,0.0,285.0,167.0,0.0,0.0,5.0,4.3084876537323,8.0,414.31466666666665,35.1153678894043,39933.83984375,0.26289152354002,0.0,MF,0.0
411376,Inaki WILLIAMS,43860,Ghana,GHA,Forward,0.0,3.0,0.0,2.0,0.0,0.0,0.0,,0.0,1.0,2.0,0.0,0.0,1.0,0.0,1.0,0.0,2.0,0.0,2.0,0.0,2.7460535764694214,1.0,0.0,0.0,4.0,1.0,43.0,3.0,1.0,0.0,1337.8700561523438,379.4200134277344,4269.02001953125,830.7299499511719,6039.649658203125,14.0,28.0,3.0,2.0,1.0,1.0,,,0.0,0.0,0.0,0.0,0.0,0.0,0.0,0.0,0.0,0.0,0.0,0.0,0.0,8.0,1.0,1.0,3.0,2.0,1.0,1.0,5.0,3.0,2.0,2.0,2.0,0.0,2.0,1.0,0.0,0.0,7.0,0.0,1.0,0.0,4.0,2.0,67.0,34.0,3.0,26.0,12.0,0.0,17.0,21.0,38.0,1.0,0.0,23.0,15.0,0.0,0.0,9.0,23.0,0.0,0.0,25.0,8.0,25.0,0.0,117.0,64.0,0.0,2.0,1.0,2.045167028903961,0.0,140.27208333333334,33.52684020996094,12856.689453125,0.05741962417960167,1.0,FW,0.0
430697,Jean-Ricner Bellegarde,43908,Haiti,HAI,Midfielder,0.0,6.0,0.0,3.0,0.0,1.0,0.0,2.0,2.0,0.0,3.0,0.0,0.0,1.0,0.0,3.0,0.0,5.0,0.0,9.0,4.0,6.6360249519348145,6.0,4.0,5.0,12.0,3.0,89.0,17.0,15.0,0.0,5145.4600830078125,276.74999237060547,14815.9501953125,1332.9899597167969,10798.8701171875,54.0,79.0,13.0,4.0,5.0,17.0,0.0,0.0,0.0,0.0,0.0,0.0,0.0,0.0,0.0,0.0,0.0,0.0,1.0,2.0,0.0,58.0,4.0,4.0,13.0,10.0,5.0,5.0,38.0,5.0,3.0,0.0,0.0,1.0,40.0,25.0,20.0,31.0,37.0,3.0,2.0,0.0,27.0,3.0,299.0,135.0,14.0,8.0,53.0,48.0,82.0,27.0,109.0,0.0,0.0,130.0,112.0,0.0,0.0,45.0,17.0,0.0,5.0,53.0,83.0,58.0,0.0,431.0,112.0,0.0,1.0,1.0,0.36849648505449295,0.0,292.5059666666667,34.21611404418945,32370.0205078125,0.2871517390012741,1.0,MF,0.0
485664,Ruben PROVIDENCE,43908,Haiti,HAI,Forward,0.0,4.0,0.0,0.0,0.0,0.0,0.0,0.0,0.0,3.0,1.0,0.0,0.0,4.0,1.0,2.0,1.0,0.0,0.0,14.0,0.0,6.085875829060872,5.0,0.0,1.0,7.0,2.0,100.0,9.0,0.0,0.0,3467.5,640.0899963378906,9584.269775390625,1489.0499877929688,8824.470458984375,41.0,64.0,7.0,3.0,4.0,0.0,0.0,0.0,0.0,0.0,0.0,0.0,0.0,0.0,0.0,0.0,0.0,0.0,0.0,0.0,0.0,8.0,0.0,0.0,0.0,0.0,0.0,0.0,5.0,3.0,2.0,2.0,2.0,1.0,5.0,3.0,3.0,4.0,7.0,0.0,0.0,0.0,4.0,3.0,144.0,75.0,6.0,31.0,61.0,8.0,44.0,56.0,100.0,0.0,0.0,48.0,42.0,0.0,0.0,29.0,27.0,4.0,6.0,41.0,32.0,47.0,0.0,312.0,115.0,0.0,3.0,4.0,1.6713459491729736,1.0,237.10235,33.96805191040039,24005.380859375,0.19399201311171055,0.0,FW,25.0
405879,Wilson Isidor,43908,Haiti,HAI,Forward,0.0,5.0,0.0,1.0,0.0,0.0,0.0,1.0,0.0,1.0,3.0,0.0,0.0,2.0,1.0,2.0,2.0,3.0,1.0,2.0,0.0,6.780791441599528,0.0,0.0,0.0,0.0,0.0,88.0,1.0,0.0,0.0,3298.6400146484375,624.6700134277344,8665.040283203125,1430.1300048828125,8681.11962890625,12.0,21.0,7.0,3.0,2.0,0.0,0.0,0.0,0.0,0.0,0.0,0.0,0.0,0.0,1.0,0.0,0.0,1.0,1.0,0.0,0.0,8.0,0.0,1.0,1.0,0.0,0.0,0.0,6.0,1.0,1.0,1.0,1.0,0.0,6.0,5.0,5.0,5.0,5.0,0.0,0.0,0.0,5.0,3.0,64.0,39.0,7.0,34.0,18.0,3.0,44.0,11.0,55.0,1.0,0.0,21.0,18.0,0.0,0.0,9.0,18.0,1.0,9.0,13.0,13.0,22.0,0.0,287.0,110.0,1.0,2.0,0.0,5.749718010425568,0.0,201.41621666666666,33.68587112426758,22699.599609375,0.14990947302430868,0.0,FW,40.0
431693,Frantzdy Pierrot,43908,Haiti,HAI,Forward,0.0,3.0,0.0,1.0,0.0,0.0,1.0,0.0,0.0,0.0,1.0,0.0,1.0,3.0,1.0,1.0,1.0,0.0,0.0,2.0,0.0,5.980687618255615,0.0,0.0,0.0,0.0,0.0,41.0,3.0,0.0,0.0,2255.430000305176,257.05998706817627,8910.169921875,897.0899810791016,5662.820098876953,11.0,20.0,3.0,5.0,4.0,0.0,0.0,0.0,0.0,0.0,0.0,0.0,0.0,0.0,0.0,0.0,0.0,0.0,1.0,0.0,0.0,0.0,0.0,0.0,0.0,0.0,0.0,0.0,0.0,0.0,0.0,0.0,0.0,0.0,0.0,0.0,0.0,0.0,0.0,0.0,0.0,0.0,0.0,3.0,48.0,26.0,5.0,19.0,8.0,1.0,22.0,6.0,28.0,2.0,0.0,17.0,13.0,0.0,0.0,5.0,23.0,1.0,12.0,13.0,3.0,25.0,0.0,210.0,61.0,1.0,1.0,0.0,9.223032474517822,0.0,168.96856666666667,30.473539352416992,17982.570434570312,0.24790982902050018,1.0,FW,33.33333333333333
371736,Saeid EZATOLAHI,43817,IR Iran,IRN,Midfielder,0.0,6.0,0.0,0.0,0.0,1.0,1.0,0.0,0.0,2.0,2.0,0.0,0.0,2.0,0.0,4.0,2.0,4.0,2.0,4.0,0.0,6.596081256866455,3.0,0.0,0.0,0.0,0.0,96.0,22.0,3.0,0.0,4763.080078125,64.03000164031982,15067.4599609375,988.8599548339844,11952.96923828125,43.0,60.0,22.0,7.0,4.0,3.0,0.0,0.0,0.0,0.0,0.0,0.0,0.0,0.0,0.0,0.0,0.0,0.0,2.0,0.0,0.0,43.0,2.0,2.0,15.0,12.0,9.0,11.0,29.0,4.0,2.0,0.0,0.0,2.0,24.0,15.0,11.0,18.0,20.0,1.0,2.0,1.0,15.0,3.0,227.0,105.0,8.0,1.0,22.0,37.0,50.0,10.0,60.0,0.0,0.0,99.0,78.0,0.0,0.0,19.0,6.0,0.0,6.0,34.0,64.0,40.0,0.0,406.0,65.0,0.0,1.0,1.0,0.27945346385240555,1.0,298.6881666666667,26.68060874938965,32836.3984375,0.49396052211523056,2.0,MF,33.33333333333333
388475,Mehdi TAREMI,43817,IR Iran,IRN,Forward,0.0,5.0,0.0,1.0,0.0,0.0,1.0,0.0,0.0,0.0,3.0,1.0,0.0,4.0,2.0,2.0,2.0,1.0,0.0,11.0,0.0,6.22947343190511,4.0,0.0,0.0,2.0,0.0,100.0,7.0,0.0,0.0,3893.35009765625,774.3900146484375,12374.650390625,1935.75,11427.2001953125,51.0,78.0,17.0,3.0,5.0,0.0,0.0,0.0,0.0,0.0,0.0,0.0,0.0,0.0,0.0,0.0,0.0,0.0,1.0,0.0,0.0,12.0,1.0,0.0,2.0,1.0,1.0,1.0,4.0,4.0,1.0,1.0,3.0,0.0,6.0,2.0,2.0,5.0,12.0,0.0,0.0,0.0,4.0,3.0,185.0,93.0,11.0,53.0,29.0,12.0,63.0,31.0,94.0,2.0,0.0,71.0,58.0,1.0,0.0,26.0,55.0,3.0,13.0,56.0,29.0,69.0,0.0,345.0,156.0,0.0,1.0,3.0,4.506830930709839,0.0,293.7564,34.049766540527344,30405.33984375,1.337745487689972,0.0,FW,40.0
411644,Saman GHODDOS,43817,IR Iran,IRN,Midfielder,0.0,4.0,0.0,1.0,0.0,0.0,0.0,0.0,0.0,4.0,0.0,0.0,0.0,2.0,0.0,2.0,0.0,2.0,0.0,5.0,2.0,6.898701985677083,4.0,2.0,0.0,1.0,1.0,102.0,18.0,0.0,0.0,4151.5599365234375,223.27998733520508,12870.449951171875,1311.5900573730469,7649.90966796875,36.0,51.0,9.0,3.0,0.0,0.0,0.0,0.0,0.0,0.0,0.0,0.0,0.0,0.0,0.0,0.0,0.0,0.0,0.0,0.0,0.0,31.0,2.0,5.0,8.0,4.0,1.0,1.0,17.0,6.0,3.0,1.0,3.0,1.0,17.0,10.0,6.0,9.0,19.0,1.0,2.0,1.0,13.0,3.0,162.0,84.0,7.0,7.0,15.0,19.0,30.0,11.0,41.0,1.0,0.0,64.0,45.0,0.0,0.0,15.0,20.0,1.0,5.0,33.0,39.0,38.0,0.0,338.0,99.0,0.0,3.0,3.0,0.9422297403216362,0.0,228.77519999999998,29.378747940063477,26206.7900390625,0.16017034277319908,0.0,MF,0.0
481180,Shahriyar MOGHANLOO,43817,IR Iran,IRN,Forward,0.0,3.0,0.0,0.0,0.0,0.0,0.0,0.0,0.0,1.0,2.0,0.0,0.0,2.0,0.0,2.0,0.0,1.0,0.0,1.0,1.0,7.096232096354167,0.0,0.0,0.0,2.0,0.0,52.0,4.0,0.0,0.0,1949.8799133300781,149.520005941391,5223.0899658203125,691.1199798583984,4240.549987792969,8.0,21.0,6.0,1.0,1.0,0.0,0.0,0.0,0.0,0.0,0.0,0.0,0.0,0.0,0.0,0.0,0.0,0.0,1.0,0.0,0.0,6.0,1.0,0.0,1.0,0.0,0.0,0.0,1.0,2.0,1.0,1.0,1.0,0.0,3.0,0.0,0.0,2.0,3.0,0.0,0.0,0.0,1.0,3.0,66.0,33.0,7.0,13.0,6.0,0.0,15.0,4.0,19.0,1.0,0.0,25.0,15.0,0.0,0.0,7.0,22.0,4.0,9.0,8.0,14.0,17.0,0.0,168.0,47.0,2.0,1.0,0.0,7.781891107559204,1.0,108.96733333333334,28.93494987487793,12254.159912109375,0.5085563063621521,0.0,FW,0.0
436628,ALI ALHAMADI,43818,Iraq,IRQ,Forward,0.0,6.0,0.0,1.0,0.0,0.0,2.0,0.0,0.0,0.0,4.0,0.0,0.0,4.0,0.0,4.0,0.0,2.0,0.0,4.0,0.0,6.7618279457092285,2.0,0.0,0.0,0.0,0.0,71.0,11.0,0.0,0.0,2786.0499877929688,406.9199905395508,10700.489990234375,1332.5,7445.31982421875,16.0,30.0,13.0,1.0,5.0,0.0,0.0,0.0,0.0,0.0,0.0,0.0,0.0,0.0,0.0,0.0,0.0,0.0,2.0,0.0,0.0,2.0,0.0,0.0,0.0,0.0,0.0,0.0,2.0,0.0,0.0,0.0,0.0,0.0,2.0,2.0,2.0,2.0,2.0,0.0,0.0,0.0,2.0,3.0,90.0,52.0,8.0,53.0,45.0,2.0,79.0,21.0,100.0,0.0,0.0,35.0,26.0,0.0,0.0,18.0,23.0,5.0,10.0,23.0,14.0,33.0,0.0,258.0,112.0,1.0,2.0,1.0,4.855597615242004,1.0,201.13346666666666,33.53158187866211,22671.27978515625,0.9496111869812012,0.0,FW,0.0
464457,ALI JASIM,43818,Iraq,IRQ,Forward,0.0,4.0,0.0,2.0,0.0,0.0,0.0,1.0,1.0,2.0,1.0,0.0,0.0,0.0,0.0,1.0,1.0,4.0,1.0,3.0,1.0,4.456088860829671,1.0,1.0,3.0,5.0,0.0,58.0,8.0,1.0,0.0,3034.3099365234375,247.05998992919922,6645.27001953125,1244.1798706054688,4532.77001953125,23.0,37.0,27.0,1.0,0.0,1.0,0.0,0.0,0.0,0.0,0.0,0.0,0.0,0.0,0.0,0.0,0.0,0.0,0.0,0.0,0.0,13.0,2.0,0.0,3.0,2.0,1.0,1.0,9.0,4.0,3.0,2.0,2.0,0.0,6.0,4.0,3.0,4.0,11.0,1.0,0.0,0.0,7.0,2.0,96.0,50.0,7.0,16.0,32.0,7.0,21.0,34.0,55.0,0.0,0.0,36.0,29.0,0.0,0.0,18.0,23.0,4.0,4.0,35.0,8.0,39.0,0.0,252.0,92.0,0.0,2.0,1.0,0.9581986665725708,1.0,144.94455,29.567298889160156,15703.5908203125,0.11392314732074738,0.0,FW,25.0
395186,AYMEN HUSSEIN,43818,Iraq,IRQ,Forward,0.0,3.0,0.0,0.0,0.0,0.0,1.0,0.0,0.0,1.0,1.0,0.0,0.0,3.0,1.0,2.0,1.0,0.0,0.0,0.0,0.0,3.965918858846029,0.0,0.0,0.0,0.0,0.0,60.0,3.0,0.0,0.0,1424.530014038086,308.74999237060547,4519.470031738281,573.5699996948242,5731.5494384765625,10.0,16.0,5.0,2.0,1.0,0.0,0.0,0.0,0.0,0.0,0.0,0.0,0.0,0.0,1.0,0.0,1.0,0.0,3.0,0.0,0.0,3.0,0.0,0.0,0.0,0.0,0.0,0.0,2.0,3.0,2.0,2.0,3.0,0.0,0.0,0.0,0.0,0.0,2.0,0.0,0.0,0.0,2.0,2.0,43.0,24.0,4.0,47.0,28.0,3.0,59.0,19.0,78.0,0.0,1.0,16.0,12.0,0.0,0.0,13.0,20.0,1.0,8.0,10.0,4.0,18.0,0.0,126.0,54.0,0.0,1.0,0.0,2.3242486119270325,0.0,128.68598333333333,31.1744327545166,12557.869140625,0.18466627597808838,0.0,FW,33.33333333333333
405522,Keito Nakamura,43819,Japan,JPN,Midfielder,1.0,5.0,0.0,1.0,0.0,1.0,1.0,0.0,0.0,0.0,3.0,0.0,0.0,2.0,1.0,2.0,2.0,3.0,1.0,10.0,0.0,6.716113924980164,6.0,0.0,0.0,9.0,3.0,80.0,11.0,0.0,0.0,5967.809814453125,612.7399826049805,15321.570068359375,2205.409942626953,12838.48974609375,69.0,99.0,9.0,3.0,1.0,0.0,0.0,0.0,0.0,0.0,0.0,0.0,0.0,0.0,1.0,0.0,0.0,1.0,0.0,0.0,0.0,35.0,3.0,0.0,7.0,6.0,3.0,4.0,29.0,10.0,8.0,4.0,6.0,1.0,18.0,15.0,11.0,14.0,18.0,3.0,0.0,1.0,13.0,4.0,272.0,119.0,15.0,52.0,85.0,18.0,32.0,123.0,155.0,1.0,0.0,117.0,100.0,0.0,0.0,57.0,56.0,4.0,5.0,67.0,60.0,72.0,0.0,497.0,180.0,0.0,3.0,5.0,1.1910546720027924,8.0,330.25921666666665,33.14606475830078,36946.01953125,0.16725378576666117,0.0,MF,40.0
395321,Junya ITO,43819,Japan,JPN,Midfielder,0.0,3.0,0.0,2.0,1.0,0.0,0.0,0.0,0.0,0.0,2.0,0.0,0.0,2.0,1.0,0.0,1.0,1.0,0.0,15.0,1.0,5.87670361995697,7.0,1.0,11.0,17.0,6.0,77.0,5.0,2.0,0.0,2879.119903564453,611.4700241088867,10399.979370117188,1333.4800262451172,9197.880126953125,41.0,74.0,6.0,2.0,5.0,2.0,0.0,0.0,0.0,0.0,0.0,0.0,0.0,0.0,1.0,0.0,1.0,0.0,0.0,0.0,0.0,33.0,3.0,0.0,5.0,1.0,0.0,2.0,17.0,10.0,6.0,5.0,6.0,1.0,18.0,10.0,9.0,14.0,22.0,1.0,0.0,0.0,11.0,4.0,215.0,104.0,10.0,36.0,86.0,21.0,80.0,63.0,143.0,0.0,0.0,85.0,65.0,0.0,0.0,48.0,45.0,4.0,1.0,53.0,52.0,54.0,0.0,233.0,108.0,2.0,1.0,3.0,2.8914762437343597,3.0,242.72113333333328,33.3001594543457,24421.929931640625,0.6722526885569096,0.0,MF,33.33333333333333
430413,Ayase UEDA,43819,Japan,JPN,Forward,1.0,9.0,0.0,0.0,0.0,1.0,1.0,0.0,0.0,1.0,6.0,0.0,0.0,5.0,3.0,5.0,4.0,4.0,1.0,4.0,0.0,6.283432126045227,4.0,0.0,0.0,1.0,0.0,173.0,9.0,0.0,0.0,4503.6500244140625,676.3400115966797,15875.0302734375,1799.2500305175781,13753.66015625,28.0,46.0,11.0,6.0,4.0,0.0,0.0,0.0,0.0,0.0,0.0,0.0,0.0,0.0,2.0,0.0,1.0,1.0,2.0,0.0,0.0,10.0,2.0,0.0,2.0,2.0,0.0,0.0,7.0,4.0,2.0,0.0,2.0,0.0,4.0,3.0,1.0,2.0,9.0,2.0,0.0,0.0,6.0,4.0,117.0,67.0,15.0,82.0,80.0,3.0,141.0,24.0,165.0,1.0,0.0,35.0,26.0,0.0,0.0,25.0,45.0,2.0,24.0,35.0,8.0,59.0,0.0,385.0,141.0,0.0,3.0,4.0,9.73533308506012,0.0,349.8537166666666,33.3029670715332,36607.9306640625,0.6344259157776833,0.0,FW,44.44444444444444
431212,ALI OLWAN,43820,Jordan,JOR,Forward,0.0,6.0,0.0,1.0,1.0,0.0,1.0,0.0,0.0,1.0,3.0,0.0,0.0,4.0,2.0,2.0,3.0,2.0,1.0,16.0,1.0,6.785743713378906,8.0,1.0,0.0,8.0,3.0,154.0,7.0,0.0,0.0,4650.580078125,804.1400451660156,14692.259765625,1773.1800842285156,11652.37060546875,34.0,61.0,11.0,1.0,4.0,0.0,0.0,0.0,0.0,0.0,0.0,0.0,0.0,0.0,1.0,0.0,1.0,0.0,1.0,0.0,0.0,14.0,2.0,0.0,2.0,0.0,0.0,0.0,6.0,4.0,2.0,2.0,2.0,0.0,8.0,4.0,4.0,6.0,10.0,0.0,0.0,0.0,5.0,3.0,147.0,84.0,10.0,22.0,36.0,5.0,30.0,33.0,63.0,1.0,0.0,48.0,36.0,0.0,0.0,19.0,40.0,12.0,10.0,37.0,33.0,47.0,0.0,411.0,138.0,0.0,2.0,6.0,2.074110746383667,1.0,297.3423833333334,33.425907135009766,33572.53125,0.2544851303100586,0.0,FW,50.0
431211,MOUSA ALTAMARI,43820,Jordan,JOR,Forward,1.0,8.0,0.0,2.0,1.0,0.0,2.0,0.0,0.0,0.0,3.0,0.0,1.0,4.0,1.0,2.0,3.0,4.0,2.0,12.0,0.0,6.069408098856608,6.0,0.0,0.0,1.0,1.0,82.0,7.0,1.0,0.0,2809.6199951171875,1055.0600128173828,8510.849975585938,1421.1800231933594,9323.23974609375,26.0,47.0,10.0,2.0,3.0,1.0,0.0,0.0,0.0,0.0,0.0,0.0,0.0,0.0,1.0,0.0,1.0,0.0,0.0,0.0,0.0,11.0,1.0,0.0,1.0,1.0,0.0,0.0,8.0,4.0,3.0,2.0,3.0,0.0,6.0,4.0,3.0,5.0,11.0,1.0,0.0,0.0,8.0,3.0,102.0,55.0,10.0,47.0,25.0,9.0,50.0,31.0,81.0,1.0,0.0,36.0,28.0,0.0,0.0,23.0,33.0,6.0,8.0,37.0,10.0,45.0,0.0,243.0,120.0,1.0,2.0,3.0,3.863259732723236,0.0,230.20638333333335,34.58567428588867,23119.94873046875,1.1261674389243126,0.0,FW,37.5
395084,HWANG Inbeom,43822,Korea Republic,KOR,Midfielder,1.0,4.0,0.0,1.0,0.0,0.0,0.0,0.0,0.0,1.0,3.0,0.0,0.0,2.0,2.0,1.0,2.0,2.0,0.0,3.0,2.0,6.781483809153239,1.0,2.0,0.0,3.0,2.0,62.0,10.0,6.0,0.0,4235.31005859375,308.88999938964844,16509.47021484375,1271.93994140625,10162.430419921875,88.0,114.0,20.0,1.0,1.0,6.0,0.0,0.0,0.0,0.0,0.0,0.0,0.0,0.0,1.0,0.0,1.0,0.0,0.0,0.0,0.0,57.0,2.0,3.0,15.0,10.0,9.0,10.0,43.0,5.0,4.0,0.0,0.0,3.0,37.0,29.0,25.0,29.0,37.0,1.0,0.0,3.0,24.0,3.0,459.0,145.0,14.0,12.0,64.0,101.0,135.0,42.0,177.0,0.0,0.0,218.0,193.0,0.0,0.0,89.0,11.0,3.0,2.0,66.0,152.0,68.0,0.0,372.0,97.0,0.0,1.0,1.0,0.5171063467860222,2.0,286.9562166666667,30.604387283325195,32488.0400390625,0.3653166303411126,0.0,MF,50.0
307849,SON Heungmin,43822,Korea Republic,KOR,Forward,0.0,7.0,0.0,2.0,0.0,0.0,2.0,0.0,0.0,0.0,5.0,0.0,0.0,4.0,1.0,3.0,1.0,3.0,0.0,6.0,0.0,6.139447371164958,5.0,0.0,3.0,3.0,1.0,54.0,0.0,2.0,0.0,1901.06982421875,730.3300094604492,7422.639892578125,1220.2900085449219,7483.05029296875,39.0,57.0,9.0,0.0,4.0,2.0,0.0,0.0,0.0,0.0,0.0,0.0,0.0,0.0,0.0,0.0,0.0,0.0,0.0,0.0,0.0,9.0,0.0,1.0,1.0,1.0,0.0,0.0,7.0,2.0,1.0,1.0,2.0,0.0,6.0,5.0,4.0,5.0,7.0,0.0,1.0,0.0,6.0,3.0,142.0,71.0,15.0,51.0,34.0,12.0,70.0,27.0,97.0,2.0,0.0,58.0,49.0,0.0,0.0,29.0,35.0,6.0,6.0,44.0,19.0,50.0,0.0,169.0,96.0,1.0,2.0,4.0,6.9321677684783936,1.0,183.8744666666667,35.170654296875,18757.3798828125,0.8106910549104214,0.0,FW,14.285714285714285
448586,OH Hyeongyu,43822,Korea Republic,KOR,Forward,0.0,4.0,0.0,0.0,0.0,1.0,3.0,0.0,0.0,0.0,0.0,0.0,0.0,4.0,2.0,0.0,2.0,0.0,0.0,5.0,0.0,6.258803844451904,1.0,0.0,0.0,1.0,0.0,51.0,5.0,0.0,0.0,1760.4800109863281,202.74999618530273,6232.2999267578125,739.8700103759766,6080.8101806640625,14.0,29.0,4.0,0.0,1.0,0.0,0.0,0.0,0.0,0.0,0.0,0.0,0.0,0.0,1.0,0.0,1.0,0.0,2.0,0.0,0.0,2.0,0.0,0.0,0.0,0.0,0.0,0.0,1.0,2.0,1.0,1.0,2.0,0.0,0.0,0.0,0.0,0.0,2.0,0.0,0.0,0.0,1.0,3.0,62.0,31.0,7.0,35.0,27.0,3.0,52.0,13.0,65.0,0.0,0.0,22.0,15.0,0.0,0.0,13.0,22.0,3.0,8.0,18.0,7.0,26.0,0.0,158.0,64.0,2.0,1.0,1.0,10.506032705307007,0.0,145.04273333333333,29.747711181640625,15016.2099609375,0.5999459102749825,0.0,FW,50.0
418490,LEE Kangin,43822,Korea Republic,KOR,Midfielder,1.0,4.0,0.0,1.0,0.0,0.0,1.0,0.0,0.0,0.0,3.0,0.0,0.0,1.0,0.0,2.0,1.0,3.0,1.0,15.0,7.0,5.68454122543335,9.0,6.0,9.0,20.0,5.0,81.0,4.0,3.0,0.0,3064.1099243164062,128.0300006866455,12236.97021484375,884.7500305175781,12119.66943359375,123.0,154.0,11.0,1.0,7.0,3.0,0.0,0.0,0.0,0.0,0.0,0.0,0.0,0.0,0.0,0.0,0.0,0.0,0.0,0.0,0.0,68.0,6.0,7.0,16.0,13.0,2.0,3.0,51.0,12.0,9.0,2.0,2.0,4.0,40.0,29.0,16.0,23.0,45.0,5.0,6.0,2.0,35.0,3.0,376.0,139.0,18.0,12.0,71.0,78.0,62.0,99.0,161.0,0.0,0.0,159.0,140.0,0.0,0.0,83.0,42.0,0.0,7.0,101.0,77.0,108.0,0.0,264.0,69.0,0.0,0.0,9.0,1.7249850630760193,4.0,300.0228,28.777650833129883,28433.529296875,0.1500717345625162,1.0,MF,25.0
430763,Luis ROMO,43911,Mexico,MEX,Midfielder,1.0,3.0,0.0,0.0,0.0,0.0,0.0,0.0,0.0,1.0,2.0,0.0,0.0,1.0,1.0,2.0,1.0,2.0,0.0,0.0,0.0,5.5260009765625,0.0,0.0,0.0,2.0,1.0,71.0,12.0,2.0,0.0,5732.0902099609375,568.5099945068359,13684.990234375,1896.2699890136719,10933.150146484375,49.0,59.0,14.0,1.0,3.0,2.0,,,0.0,0.0,0.0,0.0,0.0,0.0,1.0,0.0,1.0,0.0,0.0,0.0,0.0,41.0,3.0,3.0,13.0,9.0,6.0,7.0,27.0,5.0,2.0,1.0,1.0,1.0,23.0,16.0,13.0,16.0,17.0,1.0,2.0,0.0,12.0,4.0,242.0,104.0,14.0,41.0,70.0,42.0,119.0,34.0,153.0,0.0,0.0,106.0,93.0,0.0,0.0,53.0,21.0,2.0,9.0,53.0,58.0,62.0,0.0,483.0,143.0,0.0,4.0,0.0,2.263055592775345,0.0,284.68021666666664,32.1667594909668,32815.009765625,0.09950391575694084,0.0,MF,33.33333333333333
416576,Alvaro FIDALGO,43911,Mexico,MEX,Midfielder,0.0,3.0,0.0,0.0,0.0,0.0,0.0,0.0,0.0,1.0,2.0,0.0,0.0,2.0,1.0,1.0,2.0,1.0,1.0,6.0,2.0,4.718162536621094,4.0,2.0,0.0,3.0,0.0,35.0,4.0,1.0,0.0,2892.6500244140625,446.3000183105469,6175.7698974609375,1051.7899780273438,4489.819885253906,31.0,44.0,6.0,0.0,2.0,1.0,0.0,0.0,0.0,0.0,0.0,0.0,0.0,0.0,1.0,0.0,1.0,0.0,0.0,0.0,0.0,30.0,3.0,0.0,4.0,1.0,1.0,1.0,19.0,3.0,0.0,0.0,0.0,0.0,23.0,18.0,18.0,20.0,14.0,0.0,0.0,0.0,8.0,3.0,172.0,61.0,12.0,9.0,40.0,41.0,39.0,51.0,90.0,0.0,0.0,77.0,72.0,0.0,0.0,36.0,16.0,0.0,3.0,12.0,70.0,15.0,0.0,232.0,87.0,2.0,1.0,0.0,0.8242112398147583,1.0,117.45150000000001,31.448652267456055,15056.330078125,0.35098468884825706,0.0,MF,66.66666666666666
356731,Raul JIMENEZ,43911,Mexico,MEX,Forward,0.0,18.0,0.0,5.0,1.0,1.0,7.0,1.0,1.0,1.0,6.0,1.0,0.0,13.0,6.0,6.0,7.0,5.0,1.0,3.0,0.0,4.43235559463501,2.0,0.0,0.0,1.0,0.0,87.0,10.0,1.0,0.0,3798.9400024414062,630.1600341796875,11180.309814453125,1542.3500061035156,14931.58984375,38.0,68.0,27.0,7.0,2.0,1.0,0.0,0.0,0.0,0.0,0.0,0.0,0.0,0.0,3.0,0.0,2.0,1.0,7.0,0.0,0.0,19.0,2.0,0.0,2.0,1.0,0.0,0.0,12.0,8.0,5.0,3.0,5.0,1.0,9.0,6.0,4.0,6.0,13.0,1.0,0.0,1.0,7.0,4.0,190.0,99.0,25.0,73.0,72.0,4.0,107.0,42.0,149.0,2.0,0.0,66.0,48.0,1.0,1.0,42.0,75.0,6.0,20.0,54.0,28.0,74.0,0.0,295.0,141.0,0.0,3.0,1.0,11.6461763381958,1.0,348.98519999999996,33.30720520019531,32083.349609375,3.0022560581564903,0.0,FW,38.88888888888889
429157,Julian QUINONES,43911,Mexico,MEX,Forward,1.0,14.0,0.0,2.0,1.0,0.0,2.0,0.0,0.0,4.0,7.0,0.0,0.0,8.0,5.0,6.0,6.0,6.0,1.0,9.0,2.0,6.4308762550354,6.0,2.0,0.0,4.0,2.0,162.0,12.0,0.0,0.0,6575.940185546875,1235.1200256347656,19021.800048828125,2983.2899780273438,17458.73974609375,95.0,136.0,13.0,5.0,7.0,0.0,0.0,0.0,0.0,0.0,0.0,0.0,0.0,0.0,4.0,0.0,4.0,0.0,2.0,0.0,0.0,38.0,4.0,0.0,5.0,5.0,1.0,1.0,34.0,7.0,7.0,2.0,2.0,1.0,26.0,22.0,17.0,21.0,28.0,4.0,0.0,1.0,25.0,5.0,355.0,168.0,31.0,99.0,115.0,34.0,120.0,128.0,248.0,1.0,0.0,135.0,111.0,0.0,0.0,81.0,84.0,6.0,17.0,124.0,44.0,141.0,0.0,581.0,251.0,0.0,4.0,5.0,5.568570256233215,2.0,440.15866666666665,33.01201248168945,47274.888671875,2.2698412612080574,0.0,FW,42.857142857142854
500037,Gilberto MORA,43911,Mexico,MEX,Midfielder,0.0,5.0,0.0,3.0,0.0,0.0,0.0,0.0,0.0,1.0,4.0,0.0,0.0,3.0,0.0,2.0,0.0,2.0,0.0,11.0,1.0,5.164795017242431,4.0,1.0,2.0,5.0,1.0,96.0,9.0,1.0,0.0,4152.009765625,304.4099998474121,10688.030029296875,1527.020004272461,9128.780151367188,62.0,85.0,15.0,3.0,3.0,1.0,0.0,0.0,0.0,0.0,0.0,0.0,0.0,0.0,0.0,0.0,0.0,0.0,0.0,0.0,0.0,27.0,1.0,2.0,5.0,4.0,2.0,2.0,23.0,5.0,4.0,1.0,2.0,2.0,17.0,15.0,11.0,12.0,21.0,1.0,1.0,2.0,17.0,4.0,209.0,89.0,16.0,34.0,83.0,31.0,96.0,52.0,148.0,0.0,0.0,87.0,79.0,0.0,0.0,48.0,37.0,2.0,6.0,46.0,54.0,52.0,0.0,370.0,125.0,1.0,3.0,2.0,4.25630247592926,1.0,236.43435000000002,29.54281234741211,25800.250732421875,0.12730319052934647,0.0,MF,0.0
403585,Roberto ALVARADO,43911,Mexico,MEX,Forward,3.0,5.0,0.0,1.0,0.0,0.0,0.0,0.0,0.0,1.0,4.0,0.0,0.0,2.0,0.0,4.0,0.0,3.0,0.0,12.0,1.0,6.342100429534912,9.0,1.0,14.0,34.0,11.0,75.0,13.0,7.0,0.0,6637.3699951171875,624.4399681091309,21798.7900390625,2620.1300354003906,18616.05908203125,134.0,183.0,6.0,3.0,5.0,7.0,0.0,0.0,0.0,0.0,0.0,0.0,0.0,0.0,0.0,0.0,0.0,0.0,0.0,0.0,0.0,89.0,9.0,4.0,19.0,11.0,5.0,6.0,46.0,17.0,8.0,4.0,7.0,1.0,53.0,27.0,21.0,39.0,61.0,4.0,2.0,0.0,32.0,5.0,477.0,209.0,32.0,57.0,100.0,41.0,74.0,124.0,198.0,1.0,0.0,201.0,163.0,0.0,0.0,76.0,82.0,3.0,8.0,94.0,121.0,102.0,0.0,567.0,185.0,0.0,2.0,7.0,2.163157120347023,6.0,476.7946333333333,33.212284088134766,50296.7900390625,0.277822682633996,0.0,FW,0.0
464533,Brian GUTIERREZ,43911,Mexico,MEX,Midfielder,0.0,6.0,0.0,3.0,0.0,0.0,0.0,1.0,1.0,1.0,4.0,0.0,0.0,3.0,0.0,3.0,0.0,3.0,0.0,5.0,1.0,5.153861236572266,3.0,1.0,3.0,6.0,0.0,69.0,9.0,2.0,0.0,3755.6700439453125,496.35998916625977,9762.77978515625,1255.1299438476562,9183.630249023438,35.0,48.0,16.0,5.0,3.0,2.0,0.0,0.0,0.0,0.0,0.0,0.0,0.0,0.0,0.0,0.0,0.0,0.0,0.0,0.0,0.0,17.0,0.0,0.0,0.0,0.0,0.0,0.0,13.0,2.0,1.0,1.0,2.0,0.0,15.0,12.0,12.0,15.0,7.0,0.0,0.0,0.0,5.0,4.0,153.0,78.0,12.0,33.0,63.0,29.0,82.0,43.0,125.0,0.0,0.0,60.0,53.0,0.0,0.0,40.0,29.0,4.0,6.0,32.0,40.0,38.0,0.0,334.0,112.0,2.0,2.0,1.0,2.821799635887146,0.0,226.1673166666667,34.84904098510742,24453.57080078125,0.35372670367360115,1.0,MF,0.0
485760,Ayyoub BOUADDI,43872,Morocco,MAR,Midfielder,0.0,3.0,0.0,1.0,0.0,0.0,0.0,0.0,0.0,1.0,2.0,0.0,0.0,0.0,0.0,2.0,0.0,3.0,0.0,14.0,1.0,5.574183305104573,10.0,1.0,0.0,0.0,0.0,113.0,36.0,8.0,0.0,6818.4300537109375,834.910026550293,23305.330810546875,2189.1500244140625,14339.83984375,104.0,136.0,23.0,3.0,6.0,9.0,0.0,0.0,0.0,0.0,0.0,0.0,0.0,0.0,0.0,0.0,0.0,0.0,0.0,1.0,0.0,41.0,1.0,1.0,14.0,12.0,10.0,12.0,31.0,1.0,1.0,0.0,0.0,0.0,26.0,18.0,16.0,24.0,25.0,1.0,1.0,0.0,16.0,5.0,578.0,200.0,10.0,19.0,51.0,104.0,117.0,57.0,174.0,0.0,0.0,264.0,237.0,0.0,0.0,70.0,19.0,0.0,7.0,104.0,166.0,111.0,0.0,586.0,166.0,0.0,3.0,6.0,0.34943499602377415,2.0,425.1304,31.55461883544922,47487.6591796875,0.1367120984941721,0.0,MF,0.0
441307,Azzedine OUNAHI,43872,Morocco,MAR,Midfielder,0.0,5.0,0.0,1.0,0.0,0.0,0.0,2.0,0.0,2.0,1.0,0.0,0.0,1.0,1.0,1.0,3.0,4.0,2.0,29.0,3.0,6.592764377593994,17.0,3.0,2.0,6.0,2.0,199.0,17.0,1.0,0.0,7799.789794921875,1171.2499694824219,23436.41015625,3698.5800018310547,17347.160217285156,184.0,235.0,26.0,3.0,7.0,1.0,0.0,0.0,0.0,0.0,0.0,0.0,0.0,0.0,2.0,0.0,1.0,1.0,0.0,0.0,0.0,104.0,10.0,1.0,25.0,19.0,13.0,14.0,80.0,17.0,11.0,2.0,4.0,3.0,62.0,50.0,41.0,48.0,62.0,6.0,0.0,3.0,45.0,6.0,683.0,216.0,18.0,51.0,144.0,121.0,177.0,139.0,316.0,0.0,0.0,315.0,281.0,0.0,0.0,157.0,81.0,2.0,9.0,117.0,217.0,126.0,0.0,654.0,266.0,1.0,4.0,8.0,3.4892125725746155,1.0,477.21636666666666,33.265472412109375,53453.191162109375,0.3262738659977913,1.0,MF,60.0
433426,Soufiane RAHIMI,43872,Morocco,MAR,Forward,1.0,6.0,0.0,0.0,1.0,1.0,1.0,0.0,0.0,0.0,2.0,0.0,0.0,5.0,3.0,2.0,4.0,1.0,1.0,7.0,0.0,7.268104791641235,3.0,0.0,0.0,5.0,2.0,73.0,11.0,0.0,0.0,3989.1300354003906,952.4899864196777,9866.620208740234,1877.740005493164,8642.459747314453,18.0,37.0,5.0,5.0,6.0,0.0,0.0,0.0,0.0,0.0,0.0,0.0,0.0,0.0,2.0,0.0,2.0,0.0,2.0,0.0,0.0,11.0,1.0,0.0,1.0,0.0,0.0,0.0,3.0,5.0,2.0,2.0,4.0,0.0,5.0,1.0,1.0,4.0,9.0,0.0,0.0,0.0,2.0,6.0,112.0,54.0,8.0,69.0,26.0,5.0,78.0,22.0,100.0,2.0,0.0,37.0,27.0,0.0,0.0,25.0,32.0,11.0,10.0,23.0,23.0,33.0,0.0,317.0,137.0,6.0,0.0,2.0,22.010715007781982,0.0,215.49868333333336,34.5766487121582,25328.439575195312,1.5900229960680008,0.0,FW,66.66666666666666
430740,Brahim DIAZ,43872,Morocco,MAR,Forward,4.0,6.0,0.0,4.0,0.0,0.0,0.0,0.0,0.0,1.0,5.0,0.0,0.0,4.0,1.0,1.0,1.0,2.0,0.0,33.0,0.0,5.881594340006511,19.0,0.0,1.0,8.0,3.0,156.0,24.0,0.0,0.0,6253.2098388671875,947.8199996948242,17920.27001953125,2963.5900268554688,20919.120361328125,117.0,163.0,15.0,3.0,10.0,0.0,0.0,0.0,0.0,0.0,0.0,0.0,0.0,0.0,0.0,0.0,0.0,0.0,0.0,0.0,0.0,51.0,3.0,0.0,6.0,3.0,1.0,3.0,29.0,13.0,6.0,3.0,7.0,3.0,32.0,20.0,17.0,26.0,45.0,2.0,0.0,1.0,25.0,6.0,414.0,181.0,18.0,68.0,100.0,29.0,103.0,94.0,197.0,0.0,0.0,165.0,142.0,0.0,0.0,74.0,86.0,6.0,12.0,119.0,89.0,131.0,0.0,524.0,225.0,0.0,5.0,15.0,5.907342731952667,1.0,500.45925,33.06761932373047,49004.00927734375,0.30506572406738997,0.0,FW,16.666666666666664
448598,Ismael SAIBARI,43872,Morocco,MAR,Midfielder,0.0,10.0,0.0,3.0,0.0,0.0,4.0,0.0,0.0,0.0,6.0,0.0,0.0,7.0,2.0,4.0,3.0,3.0,1.0,11.0,1.0,5.535517930984497,6.0,1.0,0.0,7.0,2.0,181.0,17.0,0.0,0.0,7164.600128173828,1808.1798706054688,18488.460083007812,3977.629898071289,13777.989868164062,74.0,110.0,32.0,8.0,3.0,0.0,0.0,0.0,0.0,0.0,0.0,0.0,0.0,0.0,3.0,0.0,2.0,1.0,1.0,0.0,0.0,19.0,3.0,0.0,3.0,2.0,0.0,0.0,15.0,8.0,6.0,4.0,5.0,0.0,8.0,7.0,5.0,5.0,16.0,2.0,0.0,0.0,12.0,5.0,246.0,109.0,15.0,151.0,117.0,30.0,182.0,116.0,298.0,3.0,0.0,95.0,80.0,0.0,0.0,65.0,67.0,9.0,13.0,81.0,35.0,94.0,0.0,615.0,315.0,0.0,4.0,4.0,9.693505048751831,0.0,411.81245,33.66965103149414,45216.861328125,1.0104803293943405,0.0,MF,30.0
448612,Bilal EL KHANNOUSS,43872,Morocco,MAR,Midfielder,0.0,6.0,0.0,1.0,0.0,1.0,0.0,0.0,0.0,2.0,3.0,0.0,0.0,2.0,1.0,1.0,4.0,4.0,3.0,18.0,2.0,6.1079747676849365,9.0,2.0,2.0,14.0,2.0,127.0,19.0,4.0,0.0,6064.2203369140625,1300.7600326538086,16980.620849609375,2936.7000122070312,23651.04052734375,135.0,200.0,15.0,5.0,5.0,4.0,0.0,0.0,0.0,0.0,0.0,0.0,0.0,0.0,0.0,0.0,0.0,0.0,1.0,0.0,0.0,93.0,12.0,2.0,16.0,11.0,2.0,2.0,63.0,23.0,15.0,6.0,8.0,3.0,54.0,37.0,26.0,37.0,63.0,7.0,2.0,2.0,46.0,6.0,543.0,231.0,20.0,49.0,88.0,20.0,61.0,96.0,157.0,0.0,0.0,238.0,186.0,0.0,0.0,53.0,80.0,8.0,15.0,104.0,142.0,119.0,0.0,554.0,226.0,0.0,5.0,6.0,2.9001502990722656,10.0,501.40958333333333,34.61970901489258,50933.34033203125,0.28266880102455616,1.0,MF,66.66666666666666
485740,Neil EL AYNAOUI,43872,Morocco,MAR,Midfielder,0.0,7.0,0.0,0.0,0.0,2.0,0.0,2.0,0.0,2.0,1.0,0.0,0.0,5.0,2.0,3.0,2.0,2.0,0.0,8.0,3.0,6.688276847203572,2.0,2.0,1.0,0.0,0.0,132.0,48.0,15.0,0.0,10702.849609375,1781.1699981689453,31778.50048828125,3630.8900146484375,22581.28955078125,165.0,196.0,51.0,15.0,7.0,15.0,0.0,0.0,0.0,0.0,0.0,0.0,0.0,0.0,0.0,0.0,0.0,0.0,4.0,0.0,0.0,82.0,2.0,6.0,27.0,23.0,18.0,19.0,63.0,3.0,0.0,0.0,1.0,0.0,52.0,40.0,35.0,44.0,50.0,0.0,5.0,0.0,36.0,6.0,918.0,282.0,19.0,37.0,99.0,198.0,250.0,84.0,334.0,0.0,0.0,433.0,405.0,0.0,0.0,128.0,25.0,1.0,7.0,147.0,294.0,154.0,0.0,836.0,276.0,0.0,1.0,1.0,1.5980797559022903,1.0,634.7040666666667,34.11550521850586,70474.7001953125,0.5974395982921124,0.0,MF,28.57142857142857
430176,Ryan GRAVENBERCH,43960,Netherlands,NED,Midfielder,2.0,5.0,0.0,2.0,0.0,0.0,0.0,0.0,0.0,2.0,3.0,0.0,0.0,2.0,0.0,3.0,0.0,3.0,0.0,12.0,0.0,5.992980360984802,8.0,0.0,0.0,5.0,1.0,54.0,15.0,0.0,0.0,4996.510009765625,453.47999572753906,15233.839599609375,1737.4700317382812,15011.5693359375,78.0,106.0,11.0,5.0,3.0,0.0,0.0,0.0,0.0,0.0,0.0,0.0,0.0,0.0,0.0,0.0,0.0,0.0,0.0,0.0,0.0,47.0,2.0,3.0,13.0,9.0,6.0,8.0,33.0,3.0,2.0,0.0,0.0,1.0,31.0,22.0,18.0,25.0,42.0,1.0,2.0,1.0,29.0,4.0,308.0,140.0,16.0,29.0,62.0,39.0,89.0,41.0,130.0,0.0,0.0,126.0,111.0,0.0,0.0,38.0,32.0,3.0,15.0,72.0,69.0,87.0,0.0,443.0,129.0,0.0,2.0,5.0,1.2993140518665314,0.0,374.26675,35.61319351196289,37432.87109375,0.25094314850866795,0.0,MF,0.0
448152,Cody GAKPO,43960,Netherlands,NED,Forward,1.0,10.0,0.0,1.0,2.0,0.0,3.0,0.0,0.0,0.0,4.0,0.0,0.0,8.0,5.0,1.0,6.0,2.0,1.0,15.0,1.0,5.977567195892334,8.0,0.0,1.0,10.0,1.0,127.0,7.0,0.0,0.0,4527.520263671875,914.3599853515625,15381.869873046875,2307.4099731445312,16095.840087890625,74.0,120.0,15.0,3.0,3.0,0.0,0.0,0.0,0.0,0.0,0.0,0.0,0.0,0.0,3.0,0.0,3.0,0.0,2.0,0.0,0.0,41.0,4.0,0.0,4.0,1.0,0.0,0.0,21.0,18.0,12.0,8.0,11.0,3.0,19.0,8.0,4.0,12.0,38.0,1.0,0.0,3.0,19.0,4.0,257.0,127.0,14.0,56.0,39.0,8.0,54.0,49.0,103.0,3.0,0.0,100.0,79.0,0.0,0.0,30.0,86.0,5.0,5.0,67.0,63.0,72.0,0.0,418.0,177.0,0.0,4.0,7.0,4.651883602142334,1.0,394.13865000000004,33.16389846801758,39227.0009765625,1.3463682904839516,0.0,FW,60.0
483526,Tijjani REIJNDERS,43960,Netherlands,NED,Midfielder,1.0,4.0,0.0,0.0,0.0,0.0,0.0,0.0,0.0,4.0,0.0,0.0,0.0,3.0,1.0,2.0,2.0,1.0,1.0,2.0,0.0,4.970436334609985,1.0,0.0,10.0,15.0,6.0,34.0,5.0,5.0,0.0,3287.7900390625,423.2099914550781,9918.860107421875,1332.2899780273438,8338.229736328125,23.0,39.0,7.0,0.0,3.0,5.0,0.0,0.0,0.0,0.0,0.0,0.0,0.0,0.0,0.0,0.0,0.0,0.0,0.0,0.0,0.0,22.0,0.0,0.0,2.0,0.0,0.0,2.0,13.0,4.0,2.0,1.0,3.0,1.0,16.0,11.0,10.0,15.0,9.0,0.0,0.0,1.0,5.0,3.0,166.0,85.0,14.0,51.0,68.0,46.0,118.0,47.0,165.0,1.0,0.0,67.0,53.0,0.0,0.0,28.0,26.0,3.0,7.0,28.0,38.0,35.0,0.0,286.0,95.0,0.0,3.0,0.0,3.5176697969436646,2.0,211.23113333333333,30.11248016357422,23300.37939453125,0.4791620820760727,0.0,MF,50.0
433066,Donyell Malen,43960,Netherlands,NED,Forward,0.0,4.0,0.0,0.0,1.0,2.0,0.0,0.0,0.0,1.0,0.0,0.0,0.0,2.0,2.0,1.0,2.0,2.0,0.0,15.0,0.0,4.338578224182129,7.0,0.0,0.0,8.0,2.0,47.0,7.0,0.0,0.0,2058.3700561523438,297.05999755859375,7497.68017578125,995.7799682617188,8058.179931640625,28.0,53.0,8.0,0.0,2.0,0.0,0.0,0.0,0.0,0.0,0.0,0.0,0.0,0.0,0.0,0.0,0.0,0.0,1.0,0.0,0.0,8.0,1.0,0.0,1.0,1.0,0.0,0.0,6.0,5.0,3.0,2.0,4.0,0.0,2.0,2.0,1.0,1.0,4.0,1.0,0.0,0.0,2.0,3.0,107.0,58.0,10.0,40.0,30.0,12.0,46.0,36.0,82.0,0.0,0.0,34.0,27.0,0.0,0.0,15.0,42.0,4.0,6.0,32.0,21.0,38.0,0.0,178.0,81.0,0.0,3.0,5.0,11.072890281677246,0.0,197.08256666666665,31.573936462402344,18907.0703125,0.221205934882164,0.0,FW,50.0
424051,Brian BROBBEY,43960,Netherlands,NED,Forward,0.0,4.0,0.0,1.0,0.0,0.0,2.0,0.0,0.0,0.0,2.0,0.0,0.0,4.0,3.0,0.0,3.0,0.0,0.0,1.0,0.0,5.723860740661621,1.0,0.0,0.0,1.0,0.0,53.0,2.0,0.0,0.0,2653.390106201172,424.45001101493835,8080.779846191406,901.7199821472168,10468.38003540039,17.0,24.0,18.0,4.0,3.0,0.0,0.0,0.0,0.0,0.0,0.0,0.0,0.0,0.0,3.0,0.0,3.0,0.0,0.0,0.0,0.0,2.0,0.0,0.0,0.0,0.0,0.0,0.0,2.0,0.0,0.0,0.0,0.0,0.0,2.0,2.0,2.0,2.0,2.0,0.0,0.0,0.0,2.0,4.0,61.0,34.0,9.0,75.0,13.0,3.0,77.0,14.0,91.0,2.0,0.0,21.0,18.0,0.0,0.0,11.0,25.0,5.0,14.0,14.0,5.0,28.0,0.0,226.0,77.0,1.0,3.0,1.0,17.72401762008667,0.0,245.16461666666672,33.604190826416016,22528.719970703125,1.3987680971622467,0.0,FW,75.0
423595,Marko STAMENIC,43978,New Zealand,NZL,Midfielder,0.0,3.0,0.0,1.0,1.0,0.0,0.0,0.0,0.0,1.0,1.0,0.0,0.0,1.0,0.0,1.0,0.0,2.0,0.0,5.0,1.0,6.520412604014079,5.0,1.0,0.0,2.0,1.0,67.0,18.0,0.0,0.0,4931.360107421875,653.1100006103516,14093.83984375,1905.949951171875,11314.030517578125,67.0,84.0,10.0,4.0,0.0,0.0,0.0,0.0,0.0,0.0,0.0,0.0,0.0,0.0,0.0,0.0,0.0,0.0,0.0,0.0,0.0,64.0,7.0,2.0,26.0,22.0,16.0,17.0,47.0,9.0,4.0,0.0,1.0,1.0,29.0,21.0,15.0,19.0,27.0,4.0,2.0,0.0,19.0,3.0,364.0,117.0,8.0,6.0,26.0,66.0,66.0,32.0,98.0,0.0,0.0,171.0,156.0,0.0,0.0,58.0,9.0,0.0,6.0,47.0,126.0,53.0,0.0,415.0,133.0,0.0,1.0,2.0,0.29543437063694,3.0,302.8543666666667,32.28368377685547,32898.2880859375,0.08501002565026283,1.0,MF,0.0
274078,Chris WOOD,43978,New Zealand,NZL,Forward,2.0,5.0,0.0,0.0,1.0,0.0,2.0,1.0,1.0,1.0,0.0,0.0,0.0,3.0,1.0,2.0,2.0,2.0,1.0,2.0,0.0,6.105215867360433,2.0,0.0,0.0,0.0,0.0,88.0,5.0,1.0,0.0,3775.119873046875,479.75,12395.0302734375,1844.4599609375,12700.9404296875,29.0,42.0,8.0,2.0,1.0,1.0,0.0,0.0,0.0,0.0,0.0,0.0,0.0,0.0,0.0,0.0,0.0,0.0,2.0,0.0,0.0,15.0,3.0,0.0,3.0,0.0,0.0,0.0,2.0,8.0,1.0,1.0,5.0,0.0,4.0,1.0,1.0,1.0,11.0,0.0,0.0,0.0,2.0,3.0,119.0,70.0,13.0,48.0,59.0,1.0,77.0,31.0,108.0,4.0,0.0,47.0,36.0,0.0,0.0,20.0,54.0,0.0,18.0,37.0,11.0,55.0,0.0,333.0,144.0,0.0,0.0,2.0,7.812318325042725,0.0,306.77251666666666,31.889423370361328,31195.30078125,0.4683827646076679,0.0,FW,40.0
390209,Sarpreet SINGH,43978,New Zealand,NZL,Midfielder,0.0,4.0,0.0,0.0,1.0,0.0,0.0,0.0,0.0,0.0,2.0,0.0,0.0,2.0,1.0,2.0,2.0,2.0,1.0,4.0,2.0,7.243927160898845,3.0,2.0,0.0,7.0,0.0,104.0,7.0,2.0,0.0,4255.010009765625,408.64999771118164,13253.9697265625,1590.3599243164062,7898.530029296875,47.0,69.0,10.0,2.0,2.0,2.0,0.0,0.0,0.0,0.0,0.0,0.0,0.0,0.0,0.0,0.0,0.0,0.0,0.0,0.0,0.0,30.0,3.0,2.0,6.0,1.0,0.0,1.0,9.0,6.0,1.0,0.0,2.0,1.0,18.0,7.0,6.0,12.0,17.0,1.0,0.0,0.0,4.0,3.0,196.0,97.0,10.0,39.0,77.0,23.0,65.0,74.0,139.0,0.0,0.0,76.0,58.0,0.0,0.0,52.0,54.0,1.0,7.0,56.0,38.0,63.0,0.0,381.0,118.0,0.0,3.0,3.0,2.4625755548477173,1.0,227.70136666666667,31.467195510864258,27406.51904296875,0.22281081974506378,1.0,MF,50.0
405454,Elijah JUST,43978,New Zealand,NZL,Midfielder,0.0,7.0,0.0,1.0,0.0,0.0,0.0,0.0,0.0,3.0,4.0,0.0,0.0,5.0,4.0,1.0,5.0,2.0,1.0,15.0,2.0,6.8773830731709795,9.0,1.0,0.0,1.0,0.0,152.0,18.0,2.0,0.0,5286.0599365234375,909.7100372314453,14440.36962890625,2245.75,10548.41015625,65.0,97.0,19.0,3.0,2.0,2.0,0.0,0.0,0.0,0.0,0.0,0.0,0.0,0.0,3.0,0.0,3.0,0.0,0.0,0.0,0.0,44.0,3.0,4.0,11.0,7.0,2.0,4.0,33.0,5.0,1.0,0.0,2.0,0.0,28.0,25.0,20.0,21.0,31.0,1.0,4.0,0.0,21.0,3.0,236.0,109.0,13.0,36.0,101.0,25.0,100.0,62.0,162.0,0.0,0.0,99.0,85.0,0.0,0.0,44.0,35.0,2.0,2.0,70.0,42.0,72.0,0.0,460.0,178.0,0.0,1.0,4.0,1.552158385515213,5.0,291.59950000000003,31.595182418823242,33430.298828125,0.8625682815909386,1.0,MF,71.42857142857143
390196,Callum McCOWATT,43978,New Zealand,NZL,Midfielder,0.0,4.0,0.0,0.0,1.0,0.0,1.0,0.0,0.0,2.0,0.0,0.0,0.0,3.0,2.0,0.0,3.0,1.0,1.0,2.0,0.0,7.235505104064941,1.0,0.0,0.0,2.0,0.0,55.0,11.0,0.0,0.0,3571.369873046875,592.0599899291992,8361.379516601562,1541.2999877929688,6897.459716796875,52.0,73.0,9.0,4.0,1.0,0.0,0.0,0.0,0.0,0.0,0.0,0.0,0.0,0.0,0.0,0.0,0.0,0.0,1.0,0.0,0.0,20.0,2.0,0.0,4.0,3.0,2.0,2.0,13.0,3.0,1.0,0.0,0.0,1.0,13.0,9.0,8.0,10.0,16.0,1.0,0.0,0.0,9.0,3.0,205.0,78.0,7.0,32.0,55.0,23.0,59.0,51.0,110.0,0.0,0.0,93.0,78.0,0.0,0.0,50.0,22.0,3.0,8.0,45.0,48.0,53.0,0.0,334.0,110.0,1.0,2.0,1.0,2.386212408542633,2.0,173.98475000000002,31.683931350708008,20963.5703125,0.20633482187986374,1.0,MF,75.0
483442,Patrick BERG,43961,Norway,NOR,Midfielder,2.0,3.0,0.0,1.0,1.0,0.0,0.0,0.0,0.0,0.0,2.0,0.0,0.0,0.0,0.0,2.0,0.0,3.0,0.0,11.0,2.0,6.925774971644084,10.0,2.0,10.0,13.0,5.0,168.0,27.0,8.0,0.0,9430.2099609375,1266.379991531372,24622.001098632812,3772.380096435547,20133.050720214844,90.0,104.0,21.0,4.0,2.0,8.0,0.0,0.0,0.0,0.0,0.0,0.0,0.0,0.0,0.0,0.0,0.0,0.0,0.0,0.0,0.0,34.0,0.0,1.0,11.0,8.0,8.0,10.0,23.0,1.0,0.0,0.0,1.0,0.0,22.0,15.0,15.0,21.0,16.0,0.0,0.0,0.0,11.0,6.0,386.0,164.0,18.0,35.0,79.0,64.0,123.0,55.0,178.0,0.0,0.0,174.0,161.0,0.0,0.0,58.0,39.0,1.0,6.0,77.0,97.0,83.0,0.0,797.0,263.0,2.0,0.0,5.0,2.2362926080822945,1.0,519.7920166666667,32.20754623413086,59224.01953125,0.29408639669418335,1.0,MF,0.0
398588,Alexander SORLOTH,43961,Norway,NOR,Forward,0.0,5.0,0.0,1.0,0.0,1.0,0.0,2.0,0.0,0.0,2.0,0.0,0.0,5.0,1.0,2.0,1.0,0.0,0.0,14.0,0.0,5.376063108444214,3.0,0.0,0.0,5.0,1.0,70.0,8.0,0.0,0.0,5619.41015625,1237.3299560546875,15800.85986328125,2258.8699645996094,13873.44970703125,67.0,108.0,9.0,6.0,2.0,0.0,0.0,0.0,0.0,0.0,0.0,0.0,0.0,0.0,0.0,0.0,0.0,0.0,1.0,0.0,0.0,16.0,0.0,1.0,4.0,2.0,1.0,3.0,12.0,5.0,5.0,5.0,5.0,0.0,7.0,5.0,4.0,6.0,15.0,0.0,1.0,0.0,11.0,5.0,276.0,120.0,17.0,56.0,78.0,1.0,49.0,86.0,135.0,2.0,0.0,110.0,88.0,0.0,0.0,54.0,83.0,3.0,16.0,72.0,54.0,88.0,0.0,483.0,187.0,0.0,5.0,2.0,5.15787672996521,1.0,363.11564999999996,33.679176330566406,38789.9208984375,0.5988785326480865,0.0,FW,20.0
419652,Erling HAALAND,43961,Norway,NOR,Forward,0.0,19.0,0.0,2.0,0.0,1.0,10.0,0.0,0.0,4.0,4.0,0.0,0.0,18.0,11.0,5.0,12.0,1.0,1.0,8.0,0.0,4.611642042795817,2.0,0.0,0.0,1.0,0.0,108.0,5.0,0.0,0.0,4526.389892578125,1407.9100036621094,17409.340087890625,1994.5900268554688,24130.6904296875,27.0,60.0,11.0,5.0,3.0,0.0,0.0,0.0,0.0,0.0,0.0,0.0,0.0,0.0,7.0,0.0,6.0,1.0,7.0,0.0,0.0,8.0,0.0,0.0,0.0,0.0,0.0,0.0,2.0,4.0,1.0,1.0,3.0,1.0,4.0,1.0,1.0,3.0,6.0,0.0,0.0,0.0,2.0,5.0,171.0,94.0,28.0,51.0,22.0,0.0,59.0,14.0,73.0,0.0,0.0,47.0,34.0,0.0,0.0,18.0,64.0,8.0,23.0,45.0,20.0,68.0,0.0,375.0,172.0,0.0,1.0,1.0,15.211122035980225,0.0,537.7782333333333,36.52069091796875,49468.919921875,4.623677685856819,0.0,FW,63.1578947368421
400716,Martin ODEGAARD,43961,Norway,NOR,Midfielder,4.0,9.0,0.0,2.0,0.0,0.0,1.0,0.0,0.0,2.0,6.0,0.0,0.0,5.0,2.0,4.0,3.0,4.0,1.0,17.0,0.0,5.863435745239258,14.0,0.0,12.0,16.0,3.0,195.0,18.0,8.0,0.0,10525.9501953125,1432.72998046875,26557.89013671875,3757.260009765625,20655.100830078125,179.0,233.0,18.0,3.0,4.0,8.0,0.0,0.0,0.0,0.0,0.0,0.0,0.0,0.0,0.0,0.0,0.0,0.0,0.0,0.0,0.0,107.0,7.0,6.0,28.0,22.0,14.0,15.0,78.0,18.0,10.0,4.0,6.0,5.0,61.0,46.0,35.0,43.0,65.0,3.0,5.0,3.0,48.0,5.0,789.0,265.0,28.0,29.0,173.0,127.0,212.0,117.0,329.0,0.0,0.0,367.0,322.0,0.0,0.0,161.0,99.0,5.0,6.0,126.0,251.0,132.0,0.0,878.0,302.0,0.0,1.0,3.0,2.0146846771240234,4.0,537.8812333333333,32.4747314453125,62928.9296875,0.7151185617549345,0.0,MF,33.33333333333333
483448,Antonio NUSA,43961,Norway,NOR,Forward,0.0,6.0,0.0,1.0,0.0,0.0,0.0,0.0,0.0,2.0,4.0,0.0,0.0,4.0,2.0,2.0,2.0,2.0,0.0,38.0,1.0,6.082309722900391,13.0,1.0,0.0,7.0,1.0,112.0,16.0,0.0,0.0,4735.9898681640625,971.189998626709,13336.590026855469,2246.47998046875,14389.19970703125,53.0,110.0,7.0,1.0,5.0,0.0,0.0,0.0,0.0,0.0,0.0,0.0,0.0,0.0,1.0,0.0,1.0,0.0,0.0,0.0,0.0,38.0,3.0,3.0,8.0,6.0,1.0,2.0,24.0,6.0,2.0,0.0,3.0,0.0,24.0,16.0,11.0,18.0,34.0,2.0,3.0,0.0,21.0,6.0,234.0,121.0,13.0,27.0,110.0,12.0,39.0,110.0,149.0,2.0,0.0,83.0,62.0,0.0,0.0,55.0,62.0,1.0,10.0,57.0,64.0,67.0,0.0,411.0,176.0,2.0,4.0,10.0,3.1562639698386192,1.0,357.44168333333334,34.32958221435547,35679.449951171875,0.370429091155529,1.0,FW,33.33333333333333
494626,Andreas SCHJELDERUP,43961,Norway,NOR,Midfielder,3.0,3.0,0.0,0.0,0.0,0.0,0.0,0.0,0.0,1.0,2.0,0.0,0.0,3.0,2.0,1.0,2.0,0.0,0.0,15.0,2.0,6.435391982396443,9.0,1.0,0.0,7.0,1.0,68.0,14.0,2.0,0.0,4445.1199951171875,687.1999969482422,12453.410522460938,1898.5500030517578,12136.900390625,68.0,100.0,18.0,2.0,3.0,2.0,0.0,0.0,0.0,0.0,0.0,0.0,0.0,0.0,1.0,0.0,1.0,0.0,0.0,0.0,0.0,30.0,1.0,1.0,4.0,2.0,1.0,2.0,19.0,9.0,5.0,3.0,5.0,3.0,17.0,12.0,10.0,12.0,24.0,1.0,0.0,1.0,13.0,6.0,250.0,111.0,13.0,25.0,69.0,13.0,23.0,84.0,107.0,0.0,0.0,104.0,89.0,0.0,0.0,38.0,70.0,4.0,6.0,52.0,69.0,58.0,0.0,384.0,137.0,4.0,2.0,4.0,4.649367094039917,3.0,297.8012333333333,32.81110382080078,31621.179931640625,0.19517088495194912,0.0,MF,66.66666666666666
477470,Oscar BOBB,43961,Norway,NOR,Midfielder,0.0,4.0,0.0,0.0,1.0,0.0,0.0,0.0,0.0,2.0,1.0,0.0,0.0,4.0,3.0,1.0,3.0,0.0,0.0,11.0,0.0,6.426273663838704,6.0,0.0,0.0,2.0,0.0,113.0,17.0,1.0,0.0,3872.0599975585938,537.5000133514404,12448.269775390625,1651.2200317382812,10698.899658203125,63.0,79.0,12.0,1.0,4.0,1.0,0.0,0.0,0.0,0.0,0.0,0.0,0.0,0.0,0.0,0.0,0.0,0.0,0.0,0.0,0.0,21.0,2.0,0.0,2.0,0.0,0.0,0.0,11.0,5.0,1.0,1.0,2.0,1.0,14.0,10.0,10.0,11.0,9.0,0.0,0.0,0.0,7.0,6.0,264.0,109.0,14.0,31.0,89.0,10.0,54.0,76.0,130.0,0.0,0.0,111.0,102.0,0.0,0.0,46.0,73.0,5.0,12.0,52.0,70.0,64.0,0.0,334.0,136.0,5.0,1.0,6.0,5.163312166929245,4.0,279.70148333333333,34.15095138549805,29207.949584960938,0.6198314428329468,0.0,MF,75.0
411176,Jose Luis RODRIGUEZ,43914,Panama,PAN,Midfielder,0.0,3.0,0.0,0.0,0.0,0.0,0.0,0.0,0.0,1.0,2.0,0.0,0.0,1.0,1.0,2.0,1.0,2.0,0.0,12.0,2.0,6.195457458496094,6.0,1.0,3.0,16.0,2.0,88.0,12.0,2.0,0.0,3566.219970703125,698.6300354003906,10228.189453125,1324.699951171875,10082.03955078125,27.0,58.0,20.0,4.0,2.0,2.0,0.0,0.0,0.0,0.0,0.0,0.0,0.0,0.0,0.0,0.0,0.0,0.0,0.0,0.0,0.0,13.0,0.0,1.0,2.0,2.0,1.0,1.0,9.0,3.0,1.0,1.0,3.0,0.0,8.0,6.0,5.0,7.0,7.0,0.0,1.0,0.0,5.0,3.0,154.0,86.0,5.0,31.0,39.0,6.0,34.0,42.0,76.0,0.0,0.0,48.0,35.0,0.0,0.0,22.0,43.0,9.0,9.0,36.0,33.0,45.0,0.0,305.0,109.0,0.0,2.0,2.0,2.3268503546714783,0.0,251.01396666666665,32.31595993041992,25899.7802734375,0.23655079305171967,0.0,MF,33.33333333333333
463128,Diego GOMEZ,43928,Paraguay,PAR,Midfielder,0.0,6.0,0.0,0.0,2.0,0.0,0.0,0.0,0.0,2.0,2.0,0.0,0.0,2.0,0.0,5.0,0.0,4.0,0.0,7.0,2.0,6.7267372608184814,4.0,2.0,1.0,2.0,0.0,147.0,37.0,8.0,0.0,6084.869873046875,735.5899963378906,14733.009521484375,2521.550048828125,13236.880126953125,50.0,68.0,23.0,5.0,1.0,8.0,0.0,0.0,0.0,0.0,0.0,0.0,0.0,0.0,0.0,0.0,0.0,0.0,0.0,0.0,0.0,37.0,2.0,3.0,9.0,7.0,3.0,4.0,22.0,4.0,1.0,0.0,1.0,1.0,24.0,14.0,10.0,18.0,22.0,1.0,3.0,0.0,15.0,4.0,247.0,116.0,9.0,10.0,43.0,31.0,58.0,26.0,84.0,0.0,0.0,101.0,80.0,0.0,0.0,28.0,21.0,0.0,18.0,45.0,51.0,63.0,0.0,492.0,179.0,0.0,4.0,2.0,0.6378825455904007,0.0,332.37576666666666,32.65098190307617,37311.900390625,0.24976147711277008,2.0,MF,0.0
369761,Miguel ALMIRON,43928,Paraguay,PAR,Midfielder,0.0,4.0,0.0,1.0,1.0,0.0,0.0,0.0,0.0,3.0,0.0,0.0,0.0,1.0,0.0,2.0,0.0,3.0,0.0,18.0,0.0,6.509346842765808,10.0,0.0,2.0,4.0,0.0,123.0,21.0,4.0,1.0,4376.620056152344,751.25,14747.0205078125,1560.3700256347656,11742.220581054688,47.0,78.0,17.0,2.0,7.0,4.0,0.0,0.0,0.0,0.0,0.0,0.0,0.0,0.0,0.0,0.0,0.0,0.0,0.0,0.0,0.0,24.0,2.0,1.0,5.0,2.0,2.0,2.0,11.0,6.0,4.0,4.0,4.0,0.0,13.0,5.0,5.0,10.0,20.0,0.0,0.0,0.0,10.0,4.0,183.0,101.0,11.0,13.0,53.0,16.0,32.0,50.0,82.0,0.0,0.0,67.0,49.0,0.0,0.0,32.0,26.0,2.0,10.0,44.0,40.0,54.0,1.0,357.0,129.0,0.0,3.0,6.0,0.901531882584095,0.0,306.1456166666667,33.26308059692383,33177.4794921875,0.11235334537923336,1.0,MF,0.0
495046,MAURICIO,43928,Paraguay,PAR,Midfielder,0.0,4.0,0.0,0.0,1.0,0.0,0.0,0.0,0.0,0.0,3.0,0.0,0.0,2.0,2.0,1.0,3.0,2.0,1.0,3.0,1.0,5.189029026031494,3.0,1.0,5.0,12.0,2.0,75.0,4.0,4.0,0.0,3930.1301879882812,411.64999771118164,9095.409790039062,1408.510009765625,7445.510009765625,37.0,62.0,10.0,3.0,3.0,4.0,0.0,0.0,0.0,0.0,0.0,0.0,0.0,0.0,1.0,0.0,1.0,0.0,0.0,0.0,0.0,24.0,3.0,1.0,5.0,1.0,1.0,1.0,8.0,4.0,1.0,1.0,1.0,0.0,15.0,6.0,6.0,11.0,18.0,0.0,0.0,0.0,4.0,4.0,173.0,78.0,9.0,16.0,34.0,22.0,43.0,29.0,72.0,0.0,0.0,69.0,54.0,0.0,0.0,21.0,21.0,2.0,6.0,42.0,31.0,48.0,0.0,321.0,110.0,4.0,0.0,1.0,2.803206503391266,1.0,208.43691666666672,32.12030792236328,22291.210693359375,0.32088449969887733,0.0,MF,75.0
441234,Julio ENCISO,43928,Paraguay,PAR,Forward,2.0,8.0,0.0,2.0,4.0,0.0,1.0,1.0,0.0,2.0,1.0,0.0,0.0,6.0,1.0,5.0,1.0,2.0,0.0,33.0,2.0,6.429983711242675,20.0,1.0,2.0,7.0,3.0,209.0,17.0,5.0,0.0,6560.190002441406,1668.1099700927734,19577.45947265625,3032.260040283203,15250.539306640625,53.0,96.0,20.0,3.0,10.0,5.0,0.0,0.0,0.0,0.0,0.0,0.0,0.0,0.0,1.0,0.0,1.0,0.0,1.0,0.0,0.0,13.0,0.0,0.0,0.0,0.0,0.0,0.0,9.0,3.0,1.0,1.0,3.0,0.0,10.0,8.0,8.0,10.0,10.0,0.0,0.0,0.0,7.0,5.0,201.0,128.0,15.0,38.0,41.0,11.0,43.0,47.0,90.0,0.0,0.0,68.0,55.0,0.0,0.0,37.0,50.0,5.0,17.0,64.0,27.0,81.0,0.0,538.0,237.0,0.0,3.0,11.0,3.963813841342926,0.0,431.2478333333334,33.8907356262207,46088.5595703125,0.7353565618395805,0.0,FW,12.5
201200,CRISTIANO RONALDO,43963,Portugal,POR,Forward,0.0,18.0,0.0,3.0,0.0,0.0,5.0,2.0,2.0,2.0,6.0,1.0,1.0,15.0,8.0,4.0,9.0,3.0,1.0,2.0,0.0,5.071200370788574,1.0,0.0,0.0,1.0,0.0,72.0,6.0,3.0,0.0,3577.159912109375,695.4500122070312,15116.43017578125,1801.27001953125,20313.741455078125,53.0,83.0,7.0,2.0,5.0,3.0,0.0,0.0,0.0,0.0,0.0,0.0,0.0,0.0,3.0,0.0,3.0,0.0,0.0,0.0,0.0,17.0,2.0,0.0,2.0,0.0,0.0,0.0,10.0,4.0,1.0,1.0,2.0,0.0,11.0,9.0,9.0,9.0,16.0,0.0,0.0,0.0,9.0,5.0,239.0,110.0,24.0,92.0,81.0,14.0,147.0,40.0,187.0,6.0,0.0,99.0,86.0,1.0,1.0,47.0,65.0,8.0,5.0,64.0,50.0,69.0,0.0,330.0,153.0,0.0,1.0,0.0,14.51279866695404,0.0,490.59275,31.61570930480957,41504.04931640625,2.939562126994133,0.0,FW,50.0
395206,BRUNO FERNANDES,43963,Portugal,POR,Midfielder,1.0,9.0,0.0,1.0,0.0,0.0,2.0,1.0,0.0,2.0,4.0,0.0,1.0,5.0,2.0,5.0,3.0,4.0,1.0,8.0,10.0,6.3960953712463375,5.0,9.0,8.0,22.0,5.0,247.0,20.0,9.0,0.0,6633.500244140625,940.6999893188477,20856.250244140625,2839.5799865722656,18955.070068359375,128.0,176.0,27.0,2.0,8.0,9.0,0.0,0.0,0.0,0.0,0.0,0.0,0.0,0.0,0.0,0.0,0.0,0.0,0.0,0.0,0.0,114.0,10.0,8.0,27.0,24.0,9.0,9.0,89.0,20.0,13.0,1.0,3.0,7.0,67.0,52.0,33.0,42.0,56.0,8.0,7.0,4.0,40.0,5.0,640.0,242.0,28.0,53.0,135.0,63.0,150.0,101.0,251.0,1.0,0.0,278.0,239.0,0.0,0.0,102.0,86.0,5.0,13.0,102.0,194.0,115.0,0.0,572.0,219.0,0.0,1.0,3.0,5.512748837471008,1.0,471.5916666666667,31.995372772216797,50225.099609375,0.947696790099144,0.0,MF,33.33333333333333
418535,JOAO FELIX,43963,Portugal,POR,Forward,0.0,6.0,0.0,1.0,1.0,1.0,0.0,0.0,0.0,1.0,3.0,0.0,0.0,4.0,1.0,4.0,1.0,2.0,0.0,15.0,0.0,3.9368091583251954,6.0,0.0,0.0,4.0,0.0,99.0,14.0,0.0,0.0,3084.2999877929688,612.2299652099609,10207.33984375,1190.27001953125,8690.469970703125,48.0,81.0,23.0,3.0,6.0,0.0,,,0.0,0.0,0.0,0.0,0.0,0.0,0.0,0.0,0.0,0.0,1.0,0.0,0.0,25.0,2.0,1.0,3.0,2.0,0.0,0.0,16.0,9.0,3.0,1.0,6.0,1.0,13.0,11.0,8.0,9.0,25.0,1.0,1.0,1.0,16.0,3.0,162.0,76.0,14.0,56.0,58.0,23.0,95.0,42.0,137.0,0.0,0.0,60.0,47.0,0.0,0.0,34.0,49.0,7.0,7.0,65.0,15.0,72.0,0.0,276.0,94.0,0.0,3.0,5.0,3.613392949104309,2.0,218.97183333333334,32.70502471923828,23784.609375,0.6155073046684265,0.0,FW,16.666666666666664
484141,JOAO NEVES,43963,Portugal,POR,Midfielder,0.0,3.0,0.0,0.0,0.0,1.0,1.0,1.0,0.0,0.0,0.0,0.0,0.0,3.0,1.0,2.0,1.0,0.0,0.0,6.0,3.0,6.803007507324219,4.0,2.0,1.0,2.0,1.0,192.0,28.0,3.0,0.0,7227.459655761719,785.0000305175781,24476.880126953125,2787.659912109375,15859.790893554688,136.0,153.0,19.0,1.0,4.0,3.0,0.0,0.0,0.0,0.0,0.0,0.0,0.0,0.0,1.0,0.0,1.0,0.0,2.0,0.0,0.0,60.0,5.0,2.0,13.0,9.0,6.0,6.0,46.0,9.0,5.0,2.0,2.0,2.0,38.0,32.0,27.0,29.0,30.0,1.0,2.0,2.0,22.0,5.0,558.0,185.0,21.0,52.0,74.0,88.0,158.0,56.0,214.0,0.0,0.0,261.0,247.0,0.0,0.0,76.0,40.0,2.0,11.0,96.0,167.0,107.0,0.0,638.0,197.0,1.0,1.0,3.0,2.706410601735115,1.0,450.59606666666673,30.636749267578125,51136.79052734375,0.2454828880727291,0.0,MF,33.33333333333333
418550,RAFAEL LEAO,43963,Portugal,POR,Forward,1.0,4.0,0.0,0.0,1.0,0.0,0.0,0.0,0.0,2.0,1.0,0.0,0.0,3.0,1.0,3.0,1.0,1.0,0.0,28.0,2.0,5.725968837738037,14.0,1.0,3.0,8.0,4.0,35.0,4.0,0.0,0.0,2097.529983520508,609.8500003814697,5877.839385986328,918.1500091552734,9010.120178222656,62.0,96.0,5.0,1.0,2.0,0.0,0.0,0.0,0.0,0.0,0.0,0.0,0.0,0.0,1.0,0.0,1.0,0.0,0.0,0.0,0.0,28.0,0.0,0.0,2.0,2.0,2.0,2.0,21.0,8.0,5.0,5.0,8.0,0.0,18.0,14.0,14.0,18.0,25.0,0.0,0.0,0.0,18.0,5.0,205.0,97.0,11.0,20.0,48.0,8.0,10.0,66.0,76.0,0.0,0.0,82.0,71.0,0.0,0.0,31.0,43.0,4.0,3.0,60.0,46.0,63.0,0.0,188.0,75.0,4.0,0.0,12.0,2.3172954618930817,1.0,203.5586,34.946739196777344,18513.48974609375,0.3252512011677027,0.0,FW,25.0
441149,VITINHA,43963,Portugal,POR,Midfielder,0.0,4.0,0.0,3.0,0.0,0.0,0.0,0.0,0.0,3.0,1.0,0.0,0.0,0.0,0.0,0.0,0.0,4.0,0.0,15.0,11.0,6.845792388916015,12.0,11.0,0.0,0.0,0.0,124.0,13.0,9.0,0.0,6567.1002197265625,496.73000717163086,22527.40966796875,2341.4100036621094,14323.6904296875,197.0,221.0,19.0,4.0,5.0,11.0,0.0,0.0,0.0,0.0,0.0,0.0,0.0,0.0,0.0,0.0,0.0,0.0,0.0,2.0,0.0,118.0,6.0,9.0,45.0,37.0,28.0,30.0,98.0,7.0,5.0,0.0,0.0,1.0,66.0,56.0,46.0,50.0,51.0,4.0,5.0,1.0,45.0,5.0,838.0,226.0,21.0,7.0,64.0,124.0,139.0,56.0,195.0,0.0,0.0,403.0,379.0,0.0,0.0,89.0,15.0,0.0,2.0,84.0,319.0,86.0,0.0,559.0,174.0,0.0,5.0,2.0,0.5220898166298866,0.0,404.6025666666667,31.37639617919922,46256.3408203125,0.11791140865534544,0.0,MF,0.0
429063,EDMILSON JUNIOR,43834,Qatar,QAT,Forward,1.0,3.0,0.0,0.0,0.0,0.0,1.0,0.0,0.0,2.0,0.0,0.0,0.0,3.0,2.0,1.0,2.0,0.0,0.0,5.0,0.0,6.209683418273926,2.0,0.0,0.0,4.0,1.0,66.0,11.0,1.0,0.0,3693.6797485351562,499.37998962402344,9195.579711914062,1196.4100341796875,9289.4599609375,27.0,44.0,5.0,4.0,2.0,1.0,0.0,0.0,0.0,0.0,0.0,0.0,0.0,0.0,0.0,0.0,0.0,0.0,0.0,0.0,0.0,19.0,1.0,2.0,4.0,2.0,1.0,1.0,9.0,7.0,3.0,3.0,6.0,0.0,8.0,4.0,3.0,5.0,17.0,0.0,1.0,0.0,7.0,3.0,106.0,56.0,7.0,40.0,25.0,3.0,21.0,47.0,68.0,1.0,0.0,41.0,33.0,0.0,0.0,21.0,16.0,8.0,4.0,34.0,17.0,38.0,0.0,290.0,97.0,0.0,3.0,2.0,2.1263636350631714,3.0,228.72783333333334,32.68410110473633,23874.50927734375,0.43354247510433197,0.0,FW,66.66666666666666
339745,SALEM ALDAWSARI,43835,Saudi Arabia,KSA,Forward,0.0,3.0,0.0,1.0,0.0,0.0,1.0,0.0,0.0,1.0,1.0,0.0,0.0,1.0,0.0,1.0,1.0,2.0,1.0,9.0,1.0,6.355222384134929,7.0,1.0,0.0,2.0,0.0,120.0,15.0,1.0,0.0,4483.1798095703125,683.2799835205078,10954.230224609375,1896.169921875,11435.2099609375,46.0,71.0,15.0,3.0,4.0,1.0,0.0,0.0,0.0,0.0,0.0,0.0,0.0,0.0,0.0,0.0,0.0,0.0,0.0,0.0,0.0,26.0,1.0,1.0,4.0,4.0,2.0,2.0,17.0,4.0,3.0,2.0,3.0,0.0,18.0,10.0,8.0,16.0,18.0,1.0,1.0,0.0,12.0,3.0,193.0,86.0,3.0,61.0,33.0,10.0,50.0,54.0,104.0,1.0,0.0,81.0,58.0,0.0,0.0,30.0,50.0,3.0,8.0,56.0,33.0,64.0,0.0,400.0,160.0,0.0,1.0,7.0,1.8434107303619385,2.0,276.45325,33.31848907470703,29452.0703125,0.07671361230313778,1.0,FW,33.33333333333333
407993,MOHAMED KANNO,43835,Saudi Arabia,KSA,Midfielder,0.0,3.0,0.0,1.0,0.0,1.0,0.0,0.0,0.0,1.0,1.0,0.0,0.0,2.0,2.0,0.0,2.0,1.0,0.0,3.0,3.0,5.971347173055013,1.0,3.0,0.0,1.0,0.0,84.0,14.0,0.0,0.0,3269.7999877929688,430.44000244140625,9473.41015625,1120.7600402832031,11202.059814453125,56.0,68.0,10.0,5.0,0.0,1.0,0.0,0.0,0.0,0.0,0.0,0.0,0.0,0.0,0.0,0.0,0.0,0.0,2.0,1.0,0.0,36.0,3.0,1.0,8.0,7.0,4.0,4.0,30.0,6.0,4.0,1.0,2.0,1.0,22.0,19.0,15.0,17.0,23.0,2.0,1.0,1.0,18.0,3.0,244.0,94.0,6.0,4.0,15.0,14.0,29.0,4.0,33.0,0.0,0.0,104.0,97.0,0.0,0.0,18.0,27.0,1.0,7.0,49.0,65.0,56.0,0.0,287.0,88.0,1.0,0.0,1.0,0.9525019004940987,1.0,256.5089833333334,31.82990837097168,25496.4697265625,0.15549735724925995,1.0,MF,66.66666666666666
433787,Scott McTominay,43967,Scotland,SCO,Midfielder,0.0,8.0,0.0,1.0,0.0,0.0,4.0,0.0,0.0,2.0,2.0,0.0,0.0,8.0,3.0,4.0,3.0,0.0,0.0,7.0,2.0,7.1152269045511884,5.0,2.0,0.0,0.0,0.0,103.0,6.0,1.0,0.0,5805.209716796875,373.3299865722656,16989.3896484375,1805.7200317382812,11380.01953125,58.0,75.0,11.0,3.0,0.0,1.0,0.0,0.0,0.0,0.0,0.0,0.0,0.0,0.0,0.0,0.0,0.0,0.0,3.0,0.0,0.0,27.0,1.0,2.0,9.0,8.0,6.0,6.0,23.0,1.0,1.0,0.0,0.0,0.0,17.0,14.0,12.0,14.0,16.0,1.0,1.0,0.0,14.0,3.0,226.0,98.0,10.0,37.0,45.0,35.0,71.0,46.0,117.0,0.0,0.0,96.0,87.0,0.0,0.0,47.0,32.0,0.0,8.0,56.0,55.0,64.0,0.0,483.0,135.0,0.0,0.0,4.0,1.8600172102451324,0.0,306.7999,30.435049057006836,36353.669921875,0.6524675637483597,0.0,MF,37.5
401334,John McGinn,43967,Scotland,SCO,Midfielder,0.0,3.0,0.0,0.0,0.0,0.0,1.0,0.0,0.0,0.0,1.0,0.0,1.0,3.0,1.0,2.0,1.0,0.0,0.0,11.0,1.0,6.153876940409343,5.0,0.0,4.0,9.0,5.0,89.0,3.0,0.0,0.0,3707.949951171875,320.12999153137207,11095.5400390625,1280.260009765625,12073.229736328125,34.0,54.0,5.0,2.0,11.0,0.0,0.0,0.0,0.0,0.0,0.0,0.0,0.0,0.0,1.0,0.0,1.0,0.0,0.0,0.0,0.0,31.0,4.0,3.0,8.0,5.0,1.0,1.0,22.0,7.0,4.0,2.0,3.0,0.0,16.0,13.0,9.0,9.0,18.0,2.0,2.0,0.0,12.0,3.0,161.0,85.0,9.0,11.0,39.0,2.0,25.0,27.0,52.0,0.0,0.0,55.0,47.0,0.0,0.0,17.0,35.0,2.0,13.0,28.0,42.0,41.0,0.0,331.0,98.0,0.0,3.0,1.0,2.1527894735336304,0.0,277.69688333333335,30.89144515991211,28477.1103515625,0.5619398653507233,0.0,MF,33.33333333333333
485131,Ben GANNON-DOAK,43967,Scotland,SCO,Forward,0.0,4.0,0.0,1.0,1.0,0.0,1.0,0.0,0.0,0.0,2.0,0.0,0.0,2.0,0.0,2.0,0.0,2.0,0.0,10.0,0.0,6.185303529103597,4.0,0.0,0.0,7.0,2.0,71.0,6.0,0.0,0.0,2391.739959716797,662.5700073242188,8236.149780273438,1226.3899841308594,8371.85986328125,39.0,59.0,13.0,3.0,1.0,0.0,0.0,0.0,0.0,0.0,0.0,0.0,0.0,0.0,0.0,0.0,0.0,0.0,0.0,0.0,0.0,8.0,0.0,0.0,1.0,0.0,0.0,1.0,4.0,1.0,1.0,1.0,1.0,0.0,6.0,3.0,3.0,6.0,7.0,0.0,0.0,0.0,3.0,3.0,142.0,66.0,8.0,39.0,24.0,11.0,21.0,53.0,74.0,0.0,0.0,52.0,47.0,0.0,0.0,26.0,30.0,5.0,11.0,33.0,33.0,44.0,0.0,200.0,96.0,1.0,2.0,3.0,1.4435504078865051,0.0,204.07465000000002,34.29528045654297,20888.7109375,0.13937246799468994,0.0,FW,0.0
484045,Lawrence SHANKLAND,43967,Scotland,SCO,Forward,0.0,4.0,0.0,1.0,0.0,1.0,2.0,0.0,0.0,0.0,1.0,0.0,0.0,4.0,0.0,2.0,0.0,0.0,0.0,0.0,0.0,4.589297612508138,0.0,0.0,0.0,0.0,0.0,61.0,9.0,0.0,0.0,3047.9500732421875,234.90999603271484,9508.81982421875,927.3400268554688,7332.48095703125,14.0,29.0,4.0,5.0,3.0,0.0,0.0,0.0,0.0,0.0,0.0,0.0,0.0,0.0,0.0,0.0,0.0,0.0,2.0,0.0,0.0,5.0,0.0,0.0,0.0,0.0,0.0,0.0,0.0,2.0,0.0,0.0,2.0,0.0,3.0,0.0,0.0,3.0,3.0,0.0,0.0,0.0,0.0,2.0,83.0,45.0,8.0,46.0,45.0,6.0,80.0,17.0,97.0,1.0,0.0,34.0,20.0,0.0,0.0,20.0,29.0,1.0,11.0,19.0,14.0,30.0,0.0,258.0,70.0,0.0,2.0,0.0,4.619541645050049,0.0,183.83883333333335,29.226072311401367,21051.4990234375,0.35088251531124115,0.0,FW,0.0
332314,Idrissa Gana GUEYE,43879,Senegal,SEN,Midfielder,0.0,5.0,0.0,1.0,0.0,0.0,0.0,0.0,0.0,2.0,2.0,0.0,0.0,0.0,0.0,3.0,1.0,5.0,1.0,5.0,5.0,5.810123562812805,5.0,5.0,0.0,1.0,0.0,91.0,23.0,6.0,0.0,5201.050048828125,433.48998641967773,18430.880859375,1988.6000061035156,13768.13037109375,111.0,132.0,24.0,2.0,2.0,6.0,0.0,0.0,0.0,0.0,0.0,0.0,0.0,0.0,0.0,0.0,0.0,0.0,0.0,0.0,0.0,94.0,4.0,5.0,29.0,23.0,18.0,20.0,74.0,8.0,5.0,0.0,1.0,3.0,57.0,46.0,39.0,45.0,39.0,3.0,2.0,2.0,28.0,4.0,578.0,205.0,25.0,6.0,54.0,82.0,103.0,39.0,142.0,0.0,0.0,270.0,243.0,0.0,0.0,69.0,11.0,2.0,7.0,79.0,190.0,86.0,0.0,449.0,140.0,0.0,2.0,0.0,0.32744961231946945,1.0,411.0321,29.85439109802246,39822.1513671875,0.11827906034886837,0.0,MF,20.0
464842,Lamine CAMARA,43879,Senegal,SEN,Midfielder,1.0,3.0,0.0,0.0,0.0,0.0,0.0,0.0,0.0,1.0,2.0,0.0,0.0,0.0,0.0,3.0,0.0,3.0,0.0,7.0,1.0,6.555678129196167,5.0,1.0,5.0,8.0,4.0,124.0,20.0,2.0,0.0,5155.619873046875,769.849983215332,14361.050048828125,2215.7000427246094,8985.489990234375,89.0,108.0,11.0,5.0,3.0,2.0,0.0,0.0,0.0,0.0,0.0,0.0,0.0,0.0,0.0,0.0,0.0,0.0,0.0,0.0,0.0,21.0,1.0,0.0,2.0,2.0,1.0,1.0,16.0,4.0,2.0,1.0,3.0,0.0,15.0,12.0,11.0,14.0,17.0,1.0,0.0,0.0,13.0,4.0,307.0,119.0,10.0,32.0,63.0,46.0,101.0,40.0,141.0,0.0,0.0,131.0,117.0,0.0,0.0,55.0,25.0,2.0,7.0,91.0,50.0,98.0,0.0,453.0,176.0,1.0,3.0,2.0,1.2427359521389008,0.0,287.46425,32.626304626464844,31487.71044921875,0.1354323225095868,1.0,MF,0.0
353790,Sadio MANE,43879,Senegal,SEN,Forward,1.0,6.0,0.0,1.0,0.0,0.0,1.0,1.0,1.0,0.0,4.0,0.0,0.0,4.0,1.0,2.0,3.0,2.0,2.0,30.0,2.0,6.015022039413452,13.0,2.0,1.0,22.0,6.0,129.0,16.0,2.0,0.0,5056.060302734375,949.0799865722656,16677.349609375,2635.570068359375,16906.75,87.0,147.0,14.0,4.0,10.0,2.0,0.0,0.0,0.0,0.0,0.0,0.0,0.0,0.0,0.0,0.0,0.0,0.0,0.0,0.0,0.0,38.0,1.0,0.0,1.0,1.0,0.0,0.0,32.0,14.0,10.0,9.0,13.0,0.0,23.0,21.0,20.0,22.0,27.0,1.0,0.0,0.0,22.0,4.0,350.0,168.0,23.0,85.0,65.0,14.0,84.0,80.0,164.0,3.0,0.0,129.0,106.0,0.0,0.0,55.0,86.0,18.0,17.0,86.0,80.0,103.0,0.0,435.0,204.0,0.0,1.0,10.0,5.844326555728912,5.0,421.1175833333333,32.28486633300781,42224.8115234375,0.5797702260315418,0.0,FW,50.0
418795,Nicolas JACKSON,43879,Senegal,SEN,Forward,1.0,7.0,0.0,2.0,0.0,0.0,2.0,1.0,0.0,0.0,4.0,0.0,0.0,6.0,2.0,2.0,3.0,1.0,1.0,4.0,0.0,6.11954140663147,2.0,0.0,0.0,1.0,0.0,106.0,13.0,0.0,0.0,3458.0601196289062,1051.3199844360352,11611.7001953125,1704.2400207519531,10308.139892578125,25.0,42.0,10.0,2.0,0.0,0.0,0.0,0.0,0.0,0.0,0.0,0.0,0.0,0.0,0.0,0.0,0.0,0.0,2.0,0.0,0.0,10.0,0.0,0.0,0.0,0.0,0.0,0.0,7.0,4.0,2.0,2.0,4.0,0.0,6.0,5.0,5.0,6.0,9.0,0.0,0.0,0.0,6.0,4.0,114.0,59.0,12.0,73.0,40.0,14.0,96.0,31.0,127.0,5.0,0.0,45.0,36.0,0.0,0.0,24.0,38.0,4.0,8.0,34.0,16.0,42.0,0.0,304.0,154.0,2.0,1.0,2.0,13.628451943397522,1.0,271.6193333333333,33.518367767333984,28133.459716796875,0.5617584511637688,0.0,FW,42.857142857142854
448815,Iliman NDIAYE,43879,Senegal,SEN,Forward,2.0,3.0,0.0,0.0,1.0,0.0,0.0,0.0,0.0,1.0,1.0,0.0,0.0,2.0,1.0,1.0,2.0,1.0,1.0,12.0,0.0,5.1691200733184814,9.0,0.0,0.0,2.0,0.0,41.0,8.0,0.0,0.0,2102.780059814453,431.5899887084961,6373.4500732421875,785.1000213623047,4980.210205078125,50.0,67.0,6.0,2.0,1.0,0.0,0.0,0.0,0.0,0.0,0.0,0.0,0.0,0.0,1.0,0.0,0.0,1.0,0.0,0.0,0.0,16.0,2.0,0.0,3.0,2.0,1.0,1.0,10.0,4.0,2.0,1.0,2.0,0.0,9.0,6.0,5.0,7.0,11.0,1.0,0.0,0.0,5.0,3.0,137.0,55.0,11.0,17.0,36.0,14.0,33.0,34.0,67.0,0.0,0.0,59.0,53.0,0.0,0.0,28.0,38.0,3.0,5.0,44.0,21.0,49.0,0.0,188.0,74.0,2.0,1.0,6.0,3.6341471672058105,0.0,134.1735,32.61249923706055,14673.130615234375,0.2094275951385498,0.0,FW,66.66666666666666
418798,Pape Matar SARR,43879,Senegal,SEN,Midfielder,0.0,4.0,0.0,0.0,0.0,0.0,0.0,1.0,1.0,2.0,1.0,0.0,0.0,0.0,0.0,4.0,0.0,4.0,0.0,1.0,0.0,3.29170298576355,1.0,0.0,0.0,1.0,0.0,25.0,3.0,1.0,0.0,1947.2700805664062,72.13999938964844,4226.52001953125,708.7000122070312,3374.2501220703125,15.0,23.0,3.0,1.0,0.0,1.0,,,0.0,0.0,0.0,0.0,0.0,0.0,0.0,0.0,0.0,0.0,0.0,0.0,0.0,16.0,1.0,2.0,3.0,1.0,0.0,0.0,11.0,2.0,1.0,1.0,1.0,0.0,11.0,9.0,8.0,8.0,8.0,0.0,1.0,0.0,3.0,2.0,106.0,41.0,8.0,6.0,12.0,18.0,24.0,12.0,36.0,0.0,0.0,48.0,43.0,0.0,0.0,13.0,4.0,1.0,1.0,12.0,38.0,13.0,0.0,157.0,44.0,2.0,0.0,0.0,0.7097275108098984,0.0,94.95343333333335,28.93575668334961,10328.8798828125,0.22675161063671112,0.0,MF,0.0
401889,Ismaila SARR,43879,Senegal,SEN,Forward,1.0,17.0,0.0,3.0,1.0,1.0,5.0,0.0,0.0,3.0,6.0,0.0,1.0,15.0,6.0,7.0,6.0,2.0,0.0,13.0,0.0,6.692768216133118,6.0,0.0,0.0,2.0,0.0,157.0,11.0,0.0,0.0,6384.209716796875,1329.0299835205078,19889.739990234375,2967.860076904297,16149.049560546875,54.0,96.0,18.0,1.0,9.0,0.0,0.0,0.0,0.0,0.0,0.0,0.0,0.0,0.0,4.0,0.0,4.0,0.0,2.0,0.0,0.0,16.0,1.0,1.0,2.0,1.0,0.0,0.0,7.0,10.0,5.0,5.0,9.0,0.0,4.0,1.0,0.0,2.0,15.0,0.0,1.0,0.0,6.0,4.0,213.0,112.0,28.0,68.0,51.0,8.0,96.0,31.0,127.0,2.0,0.0,73.0,57.0,0.0,0.0,32.0,73.0,7.0,20.0,82.0,12.0,102.0,0.0,556.0,216.0,0.0,2.0,4.0,10.96894896030426,0.0,419.21034999999995,34.46630859375,46719.890625,3.6803622245788574,0.0,FW,35.294117647058826
496358,Ibrahim MBAYE,43879,Senegal,SEN,Forward,0.0,4.0,0.0,1.0,1.0,0.0,1.0,0.0,0.0,0.0,2.0,0.0,0.0,4.0,1.0,2.0,1.0,0.0,0.0,12.0,0.0,5.554263591766357,4.0,0.0,0.0,8.0,1.0,41.0,6.0,0.0,0.0,2199.219940185547,810.4900283813477,7010.240173339844,1106.6399688720703,7443.6195068359375,57.0,78.0,2.0,0.0,2.0,0.0,0.0,0.0,0.0,0.0,0.0,0.0,0.0,0.0,1.0,0.0,1.0,0.0,0.0,0.0,0.0,16.0,1.0,1.0,2.0,1.0,0.0,0.0,9.0,9.0,4.0,2.0,7.0,1.0,5.0,4.0,2.0,2.0,13.0,1.0,0.0,1.0,6.0,4.0,176.0,75.0,10.0,36.0,38.0,21.0,26.0,69.0,95.0,0.0,0.0,67.0,63.0,0.0,0.0,40.0,41.0,4.0,2.0,56.0,35.0,58.0,0.0,191.0,104.0,3.0,1.0,4.0,3.000629246234894,2.0,203.6836166666667,34.71166229248047,18570.209228515625,0.2918673660606146,0.0,FW,25.0
486130,Habib DIARRA,43879,Senegal,SEN,Midfielder,0.0,3.0,0.0,0.0,0.0,0.0,1.0,0.0,0.0,0.0,1.0,0.0,1.0,2.0,1.0,2.0,1.0,1.0,0.0,3.0,0.0,4.919467210769653,1.0,0.0,0.0,1.0,0.0,73.0,14.0,0.0,0.0,2493.699920654297,528.6500015258789,7791.629638671875,1132.4000244140625,6287.97998046875,26.0,35.0,12.0,2.0,2.0,0.0,0.0,0.0,0.0,0.0,0.0,0.0,0.0,0.0,2.0,0.0,2.0,0.0,0.0,0.0,0.0,14.0,0.0,0.0,1.0,1.0,1.0,1.0,11.0,2.0,1.0,1.0,2.0,0.0,11.0,9.0,9.0,11.0,10.0,0.0,0.0,0.0,7.0,3.0,133.0,53.0,6.0,36.0,19.0,13.0,52.0,16.0,68.0,0.0,0.0,54.0,52.0,0.0,0.0,18.0,15.0,1.0,4.0,29.0,31.0,33.0,0.0,221.0,92.0,1.0,2.0,0.0,2.435047835111618,0.0,168.5992,33.33651351928711,18234.360107421875,0.5435497239232063,0.0,MF,33.33333333333333
431788,Pape GUEYE,43879,Senegal,SEN,Midfielder,1.0,8.0,0.0,2.0,0.0,0.0,0.0,0.0,0.0,2.0,6.0,0.0,0.0,1.0,1.0,3.0,3.0,7.0,2.0,5.0,5.0,6.866334557533264,3.0,5.0,0.0,3.0,1.0,51.0,10.0,1.0,0.0,4337.690124511719,321.5299835205078,13741.400146484375,1685.7699432373047,9324.679931640625,95.0,125.0,7.0,4.0,2.0,1.0,0.0,0.0,0.0,0.0,0.0,0.0,0.0,0.0,2.0,0.0,1.0,1.0,0.0,0.0,0.0,77.0,9.0,4.0,21.0,13.0,7.0,8.0,52.0,13.0,7.0,0.0,1.0,3.0,43.0,32.0,23.0,27.0,54.0,4.0,2.0,3.0,33.0,4.0,369.0,140.0,18.0,13.0,51.0,43.0,79.0,28.0,107.0,0.0,0.0,161.0,138.0,0.0,0.0,49.0,16.0,2.0,5.0,94.0,83.0,99.0,0.0,356.0,114.0,1.0,3.0,1.0,1.0642517879605293,1.0,257.2300333333333,31.457612991333008,29411.07080078125,0.37015940248966217,1.0,MF,37.5
403616,Teboho MOKOENA,43883,South Africa,RSA,Midfielder,0.0,4.0,0.0,1.0,0.0,0.0,0.0,0.0,0.0,0.0,3.0,1.0,0.0,1.0,1.0,1.0,2.0,3.0,1.0,2.0,4.0,6.151861190795898,2.0,4.0,0.0,3.0,0.0,95.0,22.0,8.0,0.0,4800.5198974609375,450.9099884033203,13773.75,1623.6800231933594,10333.659912109375,110.0,125.0,13.0,3.0,6.0,8.0,0.0,0.0,0.0,0.0,0.0,0.0,0.0,0.0,1.0,0.0,1.0,0.0,0.0,0.0,0.0,80.0,4.0,9.0,31.0,23.0,16.0,18.0,58.0,6.0,3.0,0.0,0.0,2.0,43.0,32.0,24.0,28.0,38.0,2.0,5.0,1.0,25.0,3.0,428.0,162.0,14.0,13.0,50.0,81.0,89.0,55.0,144.0,0.0,0.0,196.0,176.0,1.0,1.0,74.0,12.0,1.0,4.0,83.0,121.0,87.0,0.0,423.0,121.0,0.0,0.0,1.0,0.6607336550951004,2.0,301.99760000000003,31.37859344482422,30982.51953125,0.83683667704463,2.0,MF,50.0
494248,Thalente MBATHA,43883,South Africa,RSA,Midfielder,0.0,4.0,0.0,1.0,0.0,0.0,0.0,0.0,0.0,2.0,2.0,0.0,0.0,0.0,0.0,2.0,1.0,4.0,1.0,3.0,1.0,6.405352354049683,3.0,1.0,0.0,4.0,0.0,99.0,14.0,3.0,0.0,5026.6700439453125,588.1799583435059,13305.340209960938,1759.6499938964844,11237.790405273438,51.0,74.0,12.0,4.0,0.0,3.0,0.0,0.0,0.0,0.0,0.0,0.0,0.0,0.0,0.0,0.0,0.0,0.0,0.0,0.0,0.0,39.0,2.0,4.0,10.0,8.0,4.0,4.0,29.0,4.0,2.0,1.0,2.0,0.0,25.0,19.0,15.0,19.0,32.0,1.0,3.0,0.0,24.0,4.0,222.0,96.0,8.0,15.0,38.0,33.0,65.0,21.0,86.0,0.0,0.0,97.0,82.0,0.0,0.0,29.0,12.0,1.0,4.0,34.0,68.0,38.0,0.0,446.0,145.0,2.0,0.0,0.0,1.308404304087162,0.0,293.99396666666667,34.37017059326172,31917.630615234375,0.10925600025802851,1.0,MF,25.0
419223,Oswin APPOLLIS,43883,South Africa,RSA,Forward,0.0,4.0,0.0,0.0,1.0,0.0,0.0,0.0,0.0,1.0,2.0,0.0,0.0,0.0,0.0,3.0,1.0,4.0,1.0,10.0,1.0,6.389164447784424,8.0,1.0,7.0,7.0,1.0,115.0,9.0,3.0,0.0,4585.660003662109,618.9399909973145,13143.499938964844,2131.4500427246094,10234.720031738281,72.0,98.0,12.0,1.0,2.0,3.0,0.0,0.0,0.0,0.0,0.0,0.0,0.0,0.0,0.0,0.0,0.0,0.0,0.0,0.0,0.0,28.0,1.0,1.0,6.0,5.0,3.0,4.0,18.0,3.0,1.0,0.0,1.0,1.0,19.0,12.0,10.0,16.0,22.0,1.0,1.0,0.0,15.0,4.0,231.0,115.0,14.0,85.0,102.0,22.0,102.0,107.0,209.0,0.0,0.0,99.0,82.0,0.0,0.0,56.0,46.0,2.0,3.0,80.0,29.0,83.0,0.0,405.0,182.0,1.0,1.0,5.0,3.57882422208786,2.0,287.5561666666667,32.193450927734375,30714.271484375,0.15160801820456982,0.0,FW,25.0
486161,Relebohile MOFOKENG,43883,South Africa,RSA,Forward,0.0,3.0,0.0,0.0,0.0,0.0,0.0,1.0,0.0,2.0,1.0,0.0,0.0,0.0,0.0,2.0,1.0,3.0,1.0,1.0,2.0,5.726146340370178,1.0,2.0,1.0,2.0,0.0,107.0,13.0,0.0,0.0,3992.7398681640625,423.2300109863281,11738.649169921875,1406.010009765625,5884.2901611328125,27.0,34.0,18.0,3.0,2.0,0.0,,,0.0,0.0,0.0,0.0,0.0,0.0,0.0,0.0,0.0,0.0,0.0,0.0,0.0,26.0,3.0,0.0,3.0,1.0,0.0,0.0,18.0,6.0,3.0,2.0,3.0,0.0,17.0,14.0,13.0,14.0,11.0,1.0,0.0,0.0,9.0,3.0,130.0,63.0,12.0,18.0,34.0,4.0,37.0,19.0,56.0,0.0,0.0,54.0,44.0,0.0,0.0,14.0,34.0,3.0,5.0,17.0,44.0,22.0,0.0,341.0,100.0,1.0,2.0,0.0,2.0541857182979584,0.0,184.20440000000002,32.25748062133789,23444.919921875,0.12335963174700737,0.0,FW,33.33333333333333
463234,Thapelo MASEKO,43883,South Africa,RSA,Forward,0.0,8.0,0.0,4.0,0.0,0.0,0.0,0.0,0.0,1.0,7.0,0.0,0.0,4.0,1.0,3.0,1.0,4.0,0.0,20.0,0.0,4.768882751464844,10.0,0.0,1.0,2.0,0.0,97.0,23.0,0.0,0.0,3414.2900390625,794.0199584960938,11447.91943359375,1767.510009765625,9670.10986328125,34.0,65.0,9.0,4.0,10.0,0.0,,,0.0,0.0,0.0,0.0,0.0,0.0,1.0,0.0,1.0,0.0,0.0,0.0,0.0,12.0,1.0,0.0,1.0,0.0,0.0,0.0,6.0,5.0,2.0,2.0,4.0,0.0,6.0,4.0,4.0,5.0,8.0,0.0,0.0,0.0,2.0,3.0,152.0,82.0,13.0,43.0,37.0,4.0,42.0,42.0,84.0,0.0,0.0,49.0,37.0,0.0,0.0,30.0,40.0,3.0,11.0,38.0,36.0,49.0,0.0,299.0,159.0,0.0,3.0,8.0,3.0167370438575745,1.0,255.94675,35.16545867919922,27093.8505859375,0.47028667479753494,0.0,FW,12.5
430917,Evidence MAKGOPA,43883,South Africa,RSA,Forward,0.0,4.0,0.0,0.0,0.0,0.0,1.0,0.0,0.0,1.0,1.0,0.0,1.0,4.0,3.0,1.0,3.0,0.0,0.0,3.0,0.0,6.212053537368774,0.0,0.0,0.0,0.0,0.0,76.0,9.0,0.0,0.0,3444.2499237060547,387.2900161743164,10133.579833984375,1410.2699890136719,10035.390075683594,13.0,27.0,15.0,1.0,1.0,0.0,0.0,0.0,0.0,0.0,0.0,0.0,0.0,0.0,0.0,0.0,0.0,0.0,2.0,0.0,0.0,4.0,1.0,0.0,1.0,1.0,0.0,0.0,3.0,1.0,1.0,0.0,0.0,0.0,2.0,1.0,0.0,1.0,0.0,1.0,0.0,0.0,0.0,4.0,77.0,42.0,10.0,32.0,10.0,1.0,35.0,8.0,43.0,2.0,0.0,29.0,20.0,0.0,0.0,9.0,30.0,3.0,6.0,22.0,12.0,28.0,0.0,319.0,106.0,2.0,1.0,0.0,10.354050517082214,0.0,241.34380000000004,32.45138931274414,25410.78173828125,0.4228098466992378,0.0,FW,75.0
430733,Mikel MERINO,43969,Spain,ESP,Midfielder,0.0,5.0,0.0,1.0,0.0,0.0,1.0,0.0,0.0,0.0,3.0,0.0,1.0,5.0,3.0,1.0,3.0,0.0,0.0,3.0,2.0,7.662824928760529,2.0,2.0,0.0,1.0,0.0,107.0,10.0,1.0,0.0,6723.059844970703,219.28999543190002,14135.340026855469,1933.1700286865234,9146.909912109375,59.0,76.0,24.0,6.0,8.0,1.0,0.0,0.0,0.0,0.0,0.0,0.0,0.0,0.0,2.0,0.0,2.0,0.0,1.0,0.0,0.0,30.0,3.0,1.0,7.0,6.0,3.0,3.0,27.0,4.0,3.0,1.0,1.0,0.0,19.0,18.0,15.0,15.0,13.0,2.0,1.0,0.0,10.0,8.0,227.0,97.0,15.0,54.0,78.0,18.0,102.0,48.0,150.0,0.0,0.0,101.0,89.0,0.0,0.0,33.0,38.0,5.0,5.0,53.0,60.0,58.0,0.0,568.0,142.0,7.0,1.0,2.0,13.350554198026657,1.0,262.03216666666674,30.46206283569336,32157.770629882812,1.5692767426371574,0.0,MF,60.0
405545,Ferran TORRES,43969,Spain,ESP,Forward,1.0,14.0,0.0,2.0,1.0,2.0,1.0,0.0,0.0,1.0,8.0,0.0,1.0,13.0,4.0,8.0,4.0,1.0,0.0,11.0,0.0,6.3754079937934875,5.0,0.0,0.0,6.0,0.0,94.0,11.0,0.0,0.0,3955.0699768066406,990.7000007629395,12482.540100097656,2110.8400802612305,16436.649536132812,42.0,81.0,8.0,6.0,4.0,0.0,0.0,0.0,0.0,0.0,0.0,0.0,0.0,0.0,1.0,0.0,1.0,0.0,5.0,0.0,0.0,23.0,2.0,0.0,2.0,1.0,0.0,0.0,12.0,12.0,6.0,4.0,8.0,2.0,9.0,5.0,3.0,5.0,11.0,1.0,0.0,1.0,6.0,8.0,251.0,127.0,22.0,118.0,96.0,29.0,204.0,39.0,243.0,3.0,0.0,86.0,63.0,0.0,0.0,50.0,96.0,12.0,19.0,51.0,65.0,70.0,0.0,345.0,197.0,7.0,1.0,2.0,22.364341616630554,1.0,349.2808333333333,33.557193756103516,35975.801025390625,2.7197604179382324,1.0,FW,28.57142857142857
430718,Fabian RUIZ,43969,Spain,ESP,Midfielder,0.0,8.0,0.0,1.0,0.0,0.0,2.0,0.0,0.0,1.0,4.0,0.0,1.0,4.0,2.0,4.0,2.0,4.0,0.0,8.0,3.0,6.999573826789856,8.0,3.0,0.0,7.0,2.0,82.0,10.0,6.0,0.0,6359.869964599609,254.26000499725342,20034.719604492188,1347.5300102233887,14086.609786987305,139.0,168.0,9.0,1.0,3.0,7.0,0.0,0.0,0.0,0.0,0.0,0.0,0.0,0.0,1.0,0.0,1.0,0.0,1.0,1.0,0.0,100.0,6.0,9.0,24.0,19.0,9.0,9.0,77.0,12.0,7.0,0.0,1.0,5.0,64.0,51.0,37.0,44.0,33.0,3.0,7.0,4.0,24.0,8.0,639.0,207.0,23.0,43.0,146.0,128.0,218.0,99.0,317.0,0.0,0.0,297.0,266.0,0.0,0.0,137.0,41.0,2.0,6.0,93.0,210.0,99.0,0.0,518.0,111.0,4.0,4.0,0.0,3.0098319142125547,3.0,366.81455000000005,30.152973175048828,42082.99087524414,1.3332217633724213,0.0,MF,25.0
430750,Dani OLMO,43969,Spain,ESP,Forward,2.0,13.0,0.0,3.0,0.0,1.0,2.0,0.0,0.0,4.0,6.0,0.0,0.0,7.0,1.0,7.0,2.0,6.0,1.0,30.0,3.0,6.5539475083351135,22.0,3.0,0.0,2.0,0.0,305.0,24.0,3.0,0.0,9477.010040283203,819.1100082397461,25761.67041015625,3511.220016479492,18373.64974975586,128.0,163.0,37.0,6.0,10.0,3.0,0.0,0.0,0.0,0.0,0.0,0.0,0.0,0.0,0.0,0.0,0.0,0.0,2.0,0.0,0.0,100.0,4.0,3.0,13.0,12.0,6.0,6.0,83.0,17.0,13.0,9.0,12.0,1.0,70.0,58.0,51.0,62.0,56.0,3.0,3.0,1.0,45.0,8.0,537.0,233.0,33.0,89.0,175.0,50.0,248.0,66.0,314.0,0.0,0.0,229.0,207.0,0.0,0.0,95.0,79.0,4.0,14.0,98.0,162.0,112.0,0.0,849.0,266.0,2.0,6.0,15.0,11.37807297706604,0.0,535.375,32.209922790527344,57942.660400390625,1.1608793940395117,0.0,FW,15.384615384615385
447860,Alex BAENA,43969,Spain,ESP,Midfielder,1.0,12.0,0.0,4.0,1.0,0.0,1.0,2.0,2.0,3.0,4.0,0.0,1.0,4.0,2.0,3.0,5.0,8.0,3.0,14.0,2.0,5.581234574317932,8.0,2.0,28.0,44.0,8.0,152.0,25.0,9.0,0.0,7520.749938964844,1284.6700439453125,21743.4296875,3236.3199462890625,21615.71044921875,122.0,179.0,24.0,13.0,8.0,9.0,,,0.0,0.0,0.0,0.0,0.0,0.0,1.0,0.0,1.0,0.0,0.0,0.0,0.0,75.0,8.0,1.0,10.0,8.0,1.0,1.0,52.0,18.0,12.0,6.0,10.0,0.0,47.0,32.0,25.0,38.0,47.0,6.0,1.0,0.0,32.0,7.0,554.0,263.0,30.0,151.0,138.0,43.0,180.0,152.0,332.0,2.0,0.0,218.0,178.0,0.0,0.0,89.0,141.0,13.0,9.0,93.0,157.0,102.0,0.0,626.0,264.0,0.0,7.0,5.0,8.656756103038788,3.0,522.9011166666667,34.04378890991211,55400.8779296875,0.4973717648535967,1.0,MF,41.66666666666667
411375,RODRI,43969,Spain,ESP,Midfielder,0.0,7.0,0.0,2.0,0.0,1.0,1.0,0.0,0.0,2.0,3.0,0.0,0.0,2.0,0.0,5.0,0.0,5.0,0.0,12.0,11.0,7.0477394461631775,11.0,10.0,0.0,3.0,0.0,112.0,39.0,17.0,0.0,15304.899780273438,1129.3699913024902,44470.26171875,4504.349914550781,30824.828857421875,430.0,481.0,43.0,11.0,9.0,22.0,0.0,0.0,0.0,0.0,0.0,0.0,0.0,0.0,0.0,0.0,0.0,0.0,1.0,5.0,0.0,215.0,5.0,6.0,60.0,58.0,48.0,49.0,197.0,21.0,19.0,3.0,4.0,12.0,134.0,120.0,99.0,111.0,101.0,5.0,5.0,11.0,91.0,8.0,1676.0,545.0,56.0,5.0,122.0,287.0,291.0,123.0,414.0,1.0,0.0,799.0,747.0,0.0,0.0,228.0,41.0,2.0,15.0,243.0,546.0,258.0,0.0,1294.0,318.0,0.0,2.0,2.0,0.8678929470479488,0.0,819.4039833333334,31.50023651123047,96233.7138671875,0.27299049869179726,0.0,MF,0.0
447855,Nico WILLIAMS,43969,Spain,ESP,Forward,1.0,4.0,0.0,1.0,1.0,0.0,0.0,0.0,0.0,0.0,3.0,0.0,0.0,2.0,1.0,1.0,2.0,2.0,1.0,13.0,0.0,5.024745166301727,6.0,0.0,3.0,9.0,2.0,42.0,1.0,0.0,0.0,2108.300033569336,636.8600082397461,6357.910339355469,1222.7200012207031,6317.9599609375,42.0,65.0,11.0,2.0,1.0,0.0,0.0,0.0,0.0,0.0,0.0,0.0,0.0,0.0,0.0,0.0,0.0,0.0,1.0,0.0,0.0,12.0,0.0,1.0,1.0,0.0,0.0,0.0,8.0,6.0,5.0,4.0,5.0,1.0,5.0,3.0,2.0,3.0,11.0,0.0,0.0,1.0,7.0,6.0,139.0,67.0,9.0,63.0,34.0,9.0,44.0,62.0,106.0,1.0,0.0,50.0,45.0,0.0,0.0,31.0,49.0,5.0,9.0,25.0,40.0,34.0,0.0,185.0,116.0,6.0,0.0,4.0,11.570110201835632,1.0,159.79630000000003,33.89324951171875,16643.75048828125,0.5620175413787365,0.0,FW,50.0
484320,Lamine YAMAL,43969,Spain,ESP,Forward,0.0,27.0,0.0,4.0,4.0,0.0,1.0,4.0,4.0,6.0,12.0,0.0,0.0,13.0,5.0,11.0,12.0,14.0,7.0,86.0,3.0,5.60142308473587,44.0,3.0,15.0,40.0,8.0,147.0,27.0,4.0,0.0,6168.25,1540.0100231170654,22384.9794921875,3090.2299880981445,31035.890380859375,208.0,328.0,22.0,14.0,9.0,4.0,0.0,0.0,0.0,0.0,0.0,0.0,0.0,0.0,1.0,0.0,1.0,0.0,0.0,0.0,0.0,96.0,8.0,0.0,8.0,5.0,0.0,0.0,64.0,36.0,26.0,16.0,22.0,6.0,52.0,33.0,23.0,38.0,70.0,5.0,0.0,5.0,51.0,8.0,740.0,352.0,56.0,119.0,164.0,34.0,119.0,198.0,317.0,7.0,0.0,265.0,225.0,0.0,0.0,139.0,224.0,33.0,19.0,169.0,200.0,188.0,0.0,559.0,262.0,1.0,3.0,35.0,7.8012900948524475,1.0,697.6448833333333,32.91780471801758,64219.358642578125,2.4420402124524117,0.0,FW,44.44444444444444
423646,PEDRI,43969,Spain,ESP,Midfielder,0.0,5.0,0.0,1.0,0.0,0.0,0.0,0.0,0.0,2.0,3.0,0.0,0.0,1.0,0.0,2.0,2.0,4.0,2.0,20.0,2.0,7.29542875289917,16.0,2.0,8.0,14.0,5.0,257.0,38.0,4.0,0.0,11462.890045166016,927.2799797058105,31814.310180664062,4115.939910888672,19693.3701171875,283.0,343.0,51.0,4.0,5.0,4.0,0.0,0.0,0.0,0.0,0.0,0.0,0.0,0.0,0.0,0.0,0.0,0.0,0.0,0.0,0.0,152.0,4.0,6.0,14.0,10.0,4.0,4.0,120.0,16.0,12.0,3.0,4.0,8.0,122.0,98.0,85.0,104.0,94.0,2.0,4.0,7.0,71.0,8.0,1024.0,361.0,46.0,45.0,146.0,172.0,277.0,86.0,363.0,1.0,0.0,469.0,420.0,0.0,0.0,151.0,65.0,5.0,15.0,165.0,319.0,180.0,0.0,976.0,291.0,3.0,4.0,2.0,2.819849133491516,0.0,565.1375666666667,30.453874588012695,68013.7880859375,0.4715609550476074,1.0,MF,40.0
430751,Mikel OYARZABAL,43969,Spain,ESP,Forward,1.0,23.0,0.0,1.0,4.0,2.0,4.0,0.0,0.0,2.0,9.0,1.0,1.0,16.0,8.0,9.0,12.0,7.0,4.0,8.0,2.0,5.930540442466736,7.0,1.0,0.0,8.0,1.0,272.0,16.0,1.0,0.0,8665.599914550781,1496.8100357055664,24401.589721679688,4172.75,26814.48095703125,85.0,137.0,58.0,4.0,5.0,1.0,0.0,0.0,0.0,0.0,0.0,0.0,0.0,0.0,5.0,0.0,5.0,0.0,5.0,0.0,0.0,26.0,1.0,0.0,1.0,1.0,0.0,0.0,21.0,4.0,1.0,0.0,3.0,0.0,21.0,19.0,18.0,20.0,25.0,1.0,0.0,0.0,20.0,8.0,392.0,192.0,33.0,148.0,129.0,14.0,236.0,55.0,291.0,1.0,0.0,149.0,124.0,1.0,1.0,79.0,125.0,13.0,24.0,108.0,66.0,132.0,0.0,745.0,319.0,0.0,6.0,2.0,29.943958640098572,1.0,664.9475333333335,32.203094482421875,65551.22998046875,4.334169706329703,0.0,FW,52.17391304347826
430150,Alexander Isak,43970,Sweden,SWE,Forward,3.0,8.0,0.0,1.0,1.0,1.0,0.0,1.0,0.0,1.0,4.0,0.0,0.0,5.0,3.0,1.0,6.0,3.0,3.0,7.0,2.0,5.49805760383606,3.0,1.0,0.0,4.0,0.0,110.0,15.0,0.0,0.0,3733.590087890625,976.3599243164062,13210.239990234375,2039.300048828125,15695.530029296875,42.0,72.0,5.0,4.0,1.0,0.0,0.0,0.0,0.0,0.0,0.0,0.0,0.0,0.0,1.0,0.0,1.0,0.0,1.0,0.0,0.0,25.0,1.0,0.0,2.0,2.0,1.0,1.0,20.0,5.0,3.0,2.0,4.0,0.0,18.0,15.0,14.0,17.0,16.0,1.0,0.0,0.0,12.0,4.0,194.0,101.0,17.0,64.0,66.0,4.0,105.0,29.0,134.0,5.0,0.0,81.0,65.0,0.0,0.0,38.0,57.0,7.0,14.0,55.0,26.0,69.0,0.0,346.0,155.0,0.0,2.0,3.0,6.899537563323975,2.0,389.2267333333333,32.61077880859375,35655.021484375,0.6774495989084244,0.0,FW,75.0
441137,Anthony ELANGA,43970,Sweden,SWE,Forward,0.0,3.0,0.0,0.0,0.0,0.0,0.0,0.0,0.0,0.0,3.0,0.0,0.0,2.0,2.0,0.0,3.0,1.0,1.0,10.0,0.0,5.939934134483337,4.0,0.0,1.0,12.0,0.0,31.0,1.0,2.0,0.0,2361.32999420166,928.0499877929688,8421.189956665039,1237.920051574707,11317.210388183594,41.0,74.0,10.0,0.0,7.0,2.0,,,0.0,0.0,0.0,0.0,0.0,0.0,2.0,0.0,1.0,1.0,0.0,0.0,0.0,30.0,1.0,0.0,1.0,0.0,0.0,0.0,15.0,9.0,3.0,3.0,6.0,2.0,20.0,12.0,12.0,17.0,22.0,0.0,0.0,0.0,13.0,4.0,192.0,87.0,7.0,47.0,56.0,7.0,40.0,70.0,110.0,1.0,0.0,76.0,60.0,0.0,0.0,44.0,39.0,7.0,9.0,50.0,38.0,59.0,0.0,211.0,118.0,2.0,0.0,3.0,7.03828626871109,4.0,247.33688333333333,37.15757751464844,24265.700317382812,0.529973141849041,0.0,FW,100.0
483327,Viktor GYOKERES,43970,Sweden,SWE,Forward,2.0,12.0,0.0,2.0,1.0,0.0,0.0,1.0,1.0,3.0,7.0,0.0,0.0,9.0,5.0,4.0,6.0,3.0,1.0,4.0,1.0,6.414077401161194,1.0,1.0,0.0,1.0,1.0,75.0,4.0,1.0,0.0,4873.890319824219,1040.9700012207031,16676.77099609375,2100.260009765625,18165.41015625,36.0,70.0,14.0,4.0,7.0,1.0,0.0,0.0,0.0,0.0,0.0,0.0,0.0,0.0,1.0,0.0,1.0,0.0,0.0,0.0,0.0,21.0,3.0,0.0,3.0,1.0,0.0,0.0,12.0,8.0,4.0,3.0,5.0,0.0,10.0,7.0,6.0,7.0,17.0,1.0,0.0,0.0,8.0,4.0,197.0,109.0,22.0,68.0,36.0,2.0,65.0,41.0,106.0,1.0,0.0,70.0,48.0,0.0,0.0,26.0,81.0,12.0,37.0,45.0,26.0,82.0,0.0,426.0,177.0,0.0,0.0,1.0,9.474032402038574,0.0,400.9159166666667,34.75028610229492,42857.2998046875,1.3918112218379974,1.0,FW,50.0
489688,Yasin AYARI,43970,Sweden,SWE,Midfielder,0.0,7.0,0.0,1.0,1.0,0.0,0.0,2.0,0.0,1.0,5.0,0.0,0.0,1.0,0.0,3.0,3.0,6.0,3.0,11.0,3.0,6.397312045097351,4.0,2.0,9.0,17.0,5.0,100.0,22.0,8.0,0.0,5438.070068359375,374.0899829864502,17098.81982421875,1607.6699829101562,15089.16015625,62.0,97.0,21.0,4.0,8.0,8.0,0.0,0.0,0.0,0.0,0.0,0.0,0.0,0.0,2.0,0.0,0.0,2.0,0.0,0.0,0.0,46.0,1.0,3.0,9.0,4.0,3.0,5.0,20.0,2.0,0.0,0.0,0.0,1.0,35.0,16.0,15.0,30.0,31.0,0.0,1.0,0.0,14.0,4.0,278.0,142.0,16.0,21.0,59.0,68.0,111.0,37.0,148.0,0.0,0.0,107.0,84.0,0.0,0.0,55.0,28.0,2.0,6.0,79.0,49.0,85.0,0.0,434.0,109.0,0.0,2.0,2.0,1.0648617073893547,0.0,371.23356666666666,30.735292434692383,39607.810546875,0.43547920882701874,1.0,MF,42.857142857142854
401448,Denis ZAKARIA,43971,Switzerland,SUI,Midfielder,0.0,5.0,0.0,1.0,0.0,0.0,0.0,1.0,0.0,1.0,3.0,0.0,0.0,5.0,2.0,1.0,2.0,0.0,0.0,12.0,0.0,4.048896789550781,6.0,0.0,0.0,14.0,2.0,63.0,23.0,4.0,0.0,4293.2301025390625,933.9200134277344,15699.759765625,2160.3699340820312,16450.080078125,74.0,108.0,19.0,4.0,0.0,5.0,0.0,0.0,0.0,0.0,0.0,0.0,0.0,0.0,0.0,0.0,0.0,0.0,1.0,1.0,0.0,52.0,2.0,5.0,16.0,9.0,4.0,9.0,36.0,10.0,7.0,5.0,8.0,0.0,26.0,20.0,15.0,19.0,31.0,2.0,3.0,0.0,23.0,4.0,411.0,179.0,17.0,26.0,20.0,11.0,18.0,39.0,57.0,1.0,0.0,185.0,160.0,0.0,0.0,16.0,56.0,4.0,13.0,55.0,114.0,68.0,0.0,393.0,168.0,0.0,3.0,3.0,0.7659620940685272,30.0,392.03280000000007,33.30582046508789,39537.361328125,0.6094494187273085,2.0,MF,40.0
393480,Breel EMBOLO,43971,Switzerland,SUI,Forward,2.0,10.0,0.0,2.0,0.0,1.0,2.0,0.0,0.0,1.0,4.0,1.0,0.0,8.0,5.0,3.0,5.0,2.0,0.0,5.0,0.0,5.560094912846883,3.0,0.0,0.0,1.0,0.0,177.0,25.0,0.0,0.0,5453.5201416015625,1232.7999725341797,17047.939697265625,2580.909942626953,23169.099609375,44.0,69.0,40.0,9.0,11.0,0.0,0.0,0.0,0.0,0.0,0.0,0.0,0.0,0.0,2.0,0.0,2.0,0.0,2.0,0.0,1.0,19.0,3.0,0.0,3.0,1.0,0.0,0.0,11.0,8.0,5.0,4.0,5.0,0.0,8.0,5.0,4.0,5.0,17.0,1.0,0.0,0.0,10.0,6.0,199.0,115.0,23.0,101.0,51.0,1.0,131.0,22.0,153.0,4.0,0.0,72.0,56.0,1.0,1.0,28.0,83.0,10.0,36.0,52.0,16.0,88.0,1.0,468.0,235.0,0.0,4.0,2.0,22.065067052841187,0.0,531.4961666666667,34.748680114746094,49484.2705078125,2.575165882706642,2.0,FW,50.0
502727,Johan MANZAMBI,43971,Switzerland,SUI,Midfielder,2.0,6.0,0.0,2.0,0.0,0.0,0.0,0.0,0.0,2.0,3.0,0.0,1.0,4.0,3.0,1.0,3.0,2.0,0.0,16.0,0.0,4.400168259938558,10.0,0.0,0.0,7.0,3.0,102.0,13.0,1.0,0.0,3847.970001220703,554.5300025939941,10123.640258789062,1388.3699340820312,8466.000244140625,46.0,75.0,14.0,3.0,3.0,1.0,0.0,0.0,0.0,0.0,0.0,0.0,0.0,0.0,3.0,0.0,3.0,0.0,0.0,0.0,0.0,16.0,1.0,0.0,1.0,0.0,0.0,0.0,8.0,7.0,4.0,4.0,5.0,1.0,8.0,4.0,4.0,6.0,15.0,0.0,0.0,0.0,7.0,4.0,153.0,74.0,10.0,37.0,66.0,12.0,82.0,33.0,115.0,1.0,0.0,54.0,43.0,0.0,0.0,36.0,36.0,5.0,10.0,47.0,26.0,57.0,0.0,345.0,113.0,2.0,2.0,5.0,2.9255502223968506,1.0,220.75888333333333,33.90464401245117,24380.51025390625,0.6340498104691505,0.0,MF,50.0
311558,Granit XHAKA,43971,Switzerland,SUI,Midfielder,0.0,9.0,0.0,0.0,0.0,0.0,0.0,1.0,1.0,1.0,6.0,1.0,0.0,1.0,1.0,7.0,2.0,8.0,1.0,14.0,8.0,6.5065992673238116,8.0,8.0,0.0,4.0,0.0,116.0,18.0,25.0,0.0,13158.419921875,332.69000244140625,31529.18994140625,3041.5599975585938,24713.9599609375,191.0,227.0,28.0,4.0,12.0,26.0,0.0,0.0,0.0,0.0,0.0,0.0,0.0,0.0,1.0,0.0,1.0,0.0,0.0,1.0,0.0,221.0,9.0,31.0,79.0,61.0,35.0,39.0,168.0,15.0,7.0,2.0,2.0,4.0,127.0,100.0,72.0,83.0,96.0,3.0,23.0,2.0,70.0,6.0,997.0,367.0,37.0,5.0,129.0,196.0,231.0,99.0,330.0,0.0,0.0,470.0,427.0,1.0,1.0,157.0,35.0,0.0,16.0,94.0,364.0,110.0,0.0,1062.0,210.0,0.0,0.0,2.0,0.401804905384779,1.0,673.6380666666668,28.856874465942383,72775.818359375,1.1607618033885956,2.0,MF,22.22222222222222
448114,Dan NDOYE,43971,Switzerland,SUI,Forward,0.0,16.0,0.0,2.0,0.0,0.0,3.0,0.0,0.0,1.0,12.0,0.0,0.0,15.0,7.0,5.0,8.0,1.0,1.0,22.0,0.0,6.212402979532878,9.0,0.0,0.0,13.0,2.0,141.0,20.0,1.0,0.0,5613.550079345703,1368.1999969482422,16669.070678710938,3011.010055541992,17585.629516601562,63.0,114.0,32.0,5.0,16.0,1.0,0.0,0.0,0.0,0.0,0.0,0.0,0.0,0.0,2.0,0.0,2.0,0.0,1.0,0.0,0.0,23.0,3.0,1.0,5.0,2.0,1.0,1.0,10.0,10.0,5.0,5.0,7.0,0.0,8.0,3.0,2.0,4.0,16.0,0.0,1.0,0.0,9.0,6.0,281.0,145.0,23.0,85.0,48.0,0.0,63.0,70.0,133.0,4.0,0.0,92.0,73.0,0.0,0.0,32.0,85.0,19.0,16.0,81.0,53.0,97.0,0.0,509.0,248.0,1.0,5.0,8.0,8.524071514606476,6.0,437.41328333333337,33.62895965576172,44247.46044921875,0.8610268197953701,0.0,FW,50.0
448131,Ruben VARGAS,43971,Switzerland,SUI,Forward,1.0,6.0,0.0,1.0,0.0,0.0,1.0,2.0,1.0,0.0,4.0,0.0,0.0,4.0,3.0,1.0,4.0,2.0,1.0,20.0,0.0,6.219075123469035,9.0,0.0,11.0,24.0,6.0,94.0,19.0,6.0,0.0,4276.6900634765625,1002.2300453186035,10601.70980834961,1957.1500396728516,13767.580139160156,48.0,88.0,14.0,6.0,6.0,6.0,0.0,0.0,0.0,0.0,0.0,0.0,0.0,0.0,2.0,0.0,2.0,0.0,0.0,0.0,0.0,33.0,1.0,0.0,1.0,0.0,0.0,0.0,16.0,16.0,7.0,6.0,12.0,3.0,16.0,9.0,8.0,12.0,22.0,0.0,0.0,1.0,9.0,6.0,237.0,125.0,23.0,63.0,26.0,4.0,37.0,56.0,93.0,2.0,0.0,88.0,65.0,0.0,0.0,25.0,75.0,7.0,4.0,40.0,71.0,44.0,0.0,373.0,170.0,3.0,3.0,7.0,6.082720398902893,3.0,314.0156833333333,34.314491271972656,31605.358520507812,1.3090485483407974,0.0,FW,66.66666666666666
448103,Fabian RIEDER,43971,Switzerland,SUI,Midfielder,0.0,7.0,0.0,3.0,1.0,0.0,1.0,1.0,1.0,2.0,2.0,0.0,0.0,4.0,2.0,3.0,2.0,3.0,0.0,8.0,2.0,6.038580099741618,3.0,2.0,8.0,16.0,0.0,210.0,30.0,5.0,0.0,6485.689880371094,692.5599746704102,16995.380126953125,2319.119918823242,12436.550598144531,54.0,80.0,19.0,3.0,6.0,5.0,0.0,0.0,0.0,0.0,0.0,0.0,0.0,0.0,0.0,0.0,0.0,0.0,0.0,0.0,0.0,32.0,3.0,1.0,4.0,2.0,0.0,0.0,14.0,10.0,4.0,2.0,5.0,2.0,18.0,8.0,6.0,12.0,11.0,2.0,0.0,0.0,6.0,5.0,232.0,118.0,15.0,48.0,110.0,14.0,106.0,66.0,172.0,0.0,0.0,87.0,71.0,0.0,0.0,36.0,56.0,7.0,15.0,67.0,33.0,82.0,0.0,566.0,179.0,2.0,3.0,2.0,5.197326183319092,1.0,332.84105000000005,32.820194244384766,38929.30078125,1.0901505053043365,0.0,MF,28.57142857142857
494374,Hazem MASTOURI,43888,Tunisia,TUN,Forward,0.0,3.0,0.0,0.0,0.0,1.0,0.0,0.0,0.0,1.0,1.0,0.0,0.0,1.0,1.0,1.0,2.0,2.0,1.0,1.0,0.0,2.166080951690674,1.0,0.0,0.0,1.0,1.0,38.0,4.0,0.0,0.0,1235.72998046875,235.88999938964844,4211.97998046875,460.80999755859375,3896.7294921875,9.0,15.0,1.0,2.0,2.0,0.0,,,0.0,0.0,0.0,0.0,0.0,0.0,1.0,0.0,1.0,0.0,1.0,0.0,0.0,1.0,0.0,0.0,0.0,0.0,0.0,0.0,0.0,0.0,0.0,0.0,0.0,0.0,1.0,0.0,0.0,1.0,1.0,0.0,0.0,0.0,0.0,1.0,37.0,23.0,6.0,14.0,1.0,0.0,11.0,4.0,15.0,0.0,0.0,10.0,7.0,0.0,0.0,1.0,14.0,1.0,7.0,10.0,2.0,17.0,0.0,106.0,39.0,0.0,1.0,1.0,1.2282838821411133,0.0,92.70866666666667,34.84346008300781,10041.1396484375,0.20833665132522583,0.0,FW,66.66666666666666
433378,Hannibal MEJBRI,43888,Tunisia,TUN,Midfielder,2.0,3.0,0.0,0.0,0.0,0.0,0.0,1.0,1.0,1.0,1.0,0.0,0.0,0.0,0.0,2.0,1.0,3.0,1.0,11.0,7.0,6.271551609039307,6.0,5.0,4.0,9.0,3.0,125.0,17.0,7.0,0.0,4090.2999267578125,486.20997619628906,13658.16064453125,1360.0299987792969,11626.39013671875,68.0,103.0,19.0,4.0,15.0,7.0,0.0,0.0,0.0,0.0,0.0,0.0,0.0,0.0,0.0,0.0,0.0,0.0,0.0,0.0,0.0,74.0,7.0,7.0,19.0,10.0,4.0,5.0,46.0,11.0,6.0,2.0,3.0,1.0,44.0,30.0,23.0,29.0,54.0,3.0,3.0,1.0,34.0,3.0,289.0,129.0,10.0,25.0,93.0,32.0,73.0,77.0,150.0,0.0,0.0,123.0,94.0,0.0,0.0,55.0,30.0,3.0,6.0,69.0,70.0,75.0,0.0,368.0,102.0,0.0,0.0,2.0,0.9784177988767624,3.0,298.7354833333333,31.68494987487793,31221.08984375,0.05578267574310303,0.0,MF,33.33333333333333
464484,Ismael GHARBI,43888,Tunisia,TUN,Midfielder,0.0,3.0,0.0,1.0,1.0,0.0,1.0,0.0,0.0,0.0,0.0,0.0,0.0,2.0,0.0,2.0,0.0,1.0,0.0,5.0,0.0,6.440303484598796,1.0,0.0,1.0,1.0,0.0,62.0,9.0,4.0,0.0,2206.1699829101562,368.63999938964844,7238.550048828125,900.4599914550781,5040.02978515625,20.0,27.0,3.0,0.0,2.0,4.0,0.0,0.0,0.0,0.0,0.0,0.0,0.0,0.0,0.0,0.0,0.0,0.0,0.0,0.0,0.0,3.0,0.0,0.0,0.0,0.0,0.0,0.0,2.0,0.0,0.0,0.0,0.0,0.0,3.0,2.0,2.0,3.0,1.0,0.0,0.0,0.0,1.0,3.0,84.0,48.0,5.0,12.0,36.0,12.0,36.0,24.0,60.0,0.0,0.0,36.0,35.0,0.0,0.0,16.0,14.0,0.0,1.0,20.0,20.0,21.0,0.0,185.0,65.0,2.0,1.0,1.0,0.7408831566572189,3.0,142.11405000000002,31.01346206665039,15753.848754882812,0.26303111854940653,0.0,MF,0.0
433118,Orkun KOKCU,43972,Türkiye,TUR,Midfielder,1.0,3.0,0.0,0.0,0.0,0.0,1.0,0.0,0.0,0.0,2.0,0.0,0.0,2.0,0.0,2.0,0.0,1.0,0.0,5.0,0.0,6.597462336222331,3.0,0.0,2.0,6.0,0.0,37.0,9.0,4.0,0.0,2586.939910888672,317.53000259399414,8746.799682617188,850.8400573730469,6717.910003662109,32.0,59.0,7.0,2.0,4.0,4.0,0.0,0.0,0.0,0.0,0.0,0.0,0.0,0.0,0.0,0.0,0.0,0.0,0.0,0.0,0.0,38.0,1.0,3.0,7.0,3.0,1.0,3.0,21.0,4.0,1.0,1.0,2.0,1.0,27.0,17.0,15.0,22.0,19.0,0.0,2.0,0.0,8.0,3.0,204.0,87.0,13.0,20.0,48.0,37.0,73.0,32.0,105.0,0.0,0.0,85.0,60.0,0.0,0.0,33.0,23.0,2.0,4.0,37.0,57.0,41.0,0.0,207.0,67.0,1.0,2.0,2.0,1.4953924417495728,1.0,172.91901666666666,31.273176193237305,19220.020141601562,0.5604425854980946,0.0,MF,0.0
441188,Kerem AKTURKOGLU,43972,Türkiye,TUR,Forward,0.0,3.0,0.0,1.0,1.0,0.0,0.0,0.0,0.0,1.0,1.0,0.0,0.0,2.0,1.0,0.0,1.0,1.0,0.0,2.0,0.0,4.205668767293294,0.0,0.0,0.0,2.0,1.0,38.0,2.0,0.0,0.0,1597.739990234375,353.5700149536133,5907.190185546875,854.9299621582031,6520.60009765625,6.0,16.0,10.0,0.0,2.0,0.0,0.0,0.0,0.0,0.0,0.0,0.0,0.0,0.0,0.0,0.0,0.0,0.0,0.0,0.0,0.0,1.0,0.0,0.0,0.0,0.0,0.0,0.0,0.0,0.0,0.0,0.0,0.0,0.0,1.0,0.0,0.0,1.0,0.0,0.0,0.0,0.0,0.0,2.0,45.0,27.0,8.0,57.0,12.0,2.0,66.0,5.0,71.0,0.0,0.0,15.0,9.0,0.0,0.0,10.0,18.0,2.0,5.0,15.0,3.0,20.0,0.0,147.0,73.0,0.0,2.0,0.0,11.255696296691895,0.0,143.9643,32.3984260559082,15234.02978515625,0.5902701616287231,0.0,FW,33.33333333333333
484087,Arda GULER,43972,Türkiye,TUR,Forward,0.0,12.0,0.0,2.0,0.0,0.0,1.0,1.0,1.0,2.0,8.0,0.0,0.0,3.0,2.0,6.0,4.0,9.0,2.0,20.0,5.0,6.4250993728637695,11.0,4.0,11.0,14.0,4.0,62.0,7.0,9.0,0.0,4973.6300048828125,336.1999969482422,14306.2900390625,1562.2799682617188,12456.88037109375,115.0,154.0,12.0,3.0,10.0,9.0,0.0,0.0,0.0,0.0,0.0,0.0,0.0,0.0,1.0,0.0,1.0,0.0,0.0,0.0,0.0,97.0,2.0,5.0,12.0,7.0,5.0,5.0,68.0,9.0,6.0,1.0,1.0,6.0,76.0,55.0,49.0,63.0,57.0,1.0,1.0,4.0,42.0,3.0,455.0,203.0,35.0,40.0,122.0,106.0,157.0,111.0,268.0,2.0,0.0,198.0,170.0,0.0,0.0,102.0,46.0,6.0,10.0,79.0,135.0,89.0,0.0,425.0,120.0,0.0,0.0,6.0,2.053125500679016,5.0,313.71548333333334,30.40570640563965,33635.279296875,0.747390478849411,0.0,FW,33.33333333333333
369304,Hakan CALHANOGLU,43972,Türkiye,TUR,Midfielder,0.0,11.0,0.0,5.0,0.0,0.0,0.0,1.0,1.0,4.0,6.0,0.0,0.0,2.0,0.0,4.0,2.0,9.0,2.0,5.0,7.0,4.594814459482829,5.0,6.0,8.0,10.0,1.0,28.0,5.0,6.0,0.0,4010.5802001953125,190.1600112915039,11371.4697265625,931.449951171875,7500.3798828125,85.0,109.0,11.0,2.0,1.0,6.0,0.0,0.0,0.0,0.0,0.0,0.0,0.0,0.0,0.0,0.0,0.0,0.0,0.0,0.0,0.0,61.0,1.0,3.0,11.0,9.0,7.0,7.0,48.0,5.0,3.0,0.0,0.0,4.0,45.0,36.0,32.0,37.0,34.0,1.0,1.0,2.0,24.0,2.0,420.0,156.0,32.0,8.0,27.0,44.0,53.0,26.0,79.0,0.0,0.0,190.0,171.0,0.0,0.0,36.0,9.0,2.0,2.0,52.0,145.0,54.0,0.0,319.0,72.0,0.0,0.0,0.0,0.6422556936740875,0.0,208.81293333333332,30.1351375579834,24004.0400390625,0.4027538001537323,0.0,MF,18.181818181818183
484112,Kenan YILDIZ,43972,Türkiye,TUR,Forward,0.0,14.0,0.0,7.0,2.0,0.0,0.0,0.0,0.0,2.0,10.0,0.0,0.0,11.0,0.0,5.0,1.0,3.0,1.0,19.0,1.0,6.045770645141602,8.0,0.0,0.0,8.0,1.0,32.0,5.0,1.0,0.0,2784.8699340820312,363.73999977111816,10425.0400390625,995.0599975585938,10628.929931640625,101.0,142.0,7.0,2.0,4.0,1.0,0.0,0.0,0.0,0.0,0.0,0.0,0.0,0.0,0.0,0.0,0.0,0.0,0.0,0.0,0.0,27.0,1.0,0.0,2.0,0.0,0.0,1.0,17.0,10.0,7.0,6.0,8.0,1.0,15.0,10.0,9.0,13.0,24.0,0.0,0.0,1.0,16.0,3.0,307.0,144.0,33.0,38.0,28.0,18.0,30.0,54.0,84.0,0.0,0.0,121.0,108.0,0.0,0.0,36.0,92.0,2.0,6.0,122.0,27.0,128.0,0.0,236.0,78.0,1.0,1.0,8.0,3.1807114481925964,6.0,249.02981666666665,31.808443069458008,25197.64013671875,0.379602275788784,0.0,FW,7.142857142857142
484092,Ismail YUKSEK,43972,Türkiye,TUR,Midfielder,0.0,5.0,0.0,0.0,1.0,1.0,0.0,0.0,0.0,1.0,2.0,0.0,0.0,3.0,0.0,5.0,0.0,2.0,0.0,5.0,2.0,4.432943026224772,5.0,2.0,0.0,1.0,0.0,34.0,13.0,1.0,0.0,1884.6900024414062,265.6399917602539,7478.43017578125,604.510009765625,6692.7099609375,43.0,57.0,16.0,2.0,0.0,2.0,0.0,0.0,0.0,0.0,0.0,0.0,0.0,0.0,0.0,0.0,0.0,0.0,1.0,1.0,0.0,27.0,0.0,0.0,12.0,10.0,10.0,12.0,21.0,2.0,1.0,0.0,0.0,2.0,13.0,10.0,9.0,11.0,16.0,0.0,0.0,1.0,12.0,2.0,249.0,103.0,19.0,7.0,11.0,30.0,35.0,13.0,48.0,0.0,0.0,111.0,104.0,0.0,0.0,23.0,4.0,2.0,6.0,27.0,85.0,33.0,0.0,156.0,43.0,0.0,2.0,3.0,0.8870571851730347,1.0,153.4686,32.27121353149414,16925.97998046875,0.3157830536365509,0.0,MF,0.0
441623,Manuel UGARTE,43930,Uruguay,URU,Midfielder,0.0,3.0,0.0,0.0,0.0,0.0,0.0,0.0,0.0,2.0,1.0,0.0,0.0,0.0,0.0,2.0,1.0,3.0,1.0,3.0,1.0,6.398842175801595,3.0,0.0,0.0,0.0,0.0,40.0,17.0,1.0,0.0,2571.0601196289062,211.06999969482422,9541.66015625,941.9199523925781,7841.6800537109375,66.0,83.0,3.0,1.0,0.0,1.0,0.0,0.0,0.0,0.0,0.0,0.0,0.0,0.0,0.0,0.0,0.0,0.0,0.0,0.0,0.0,43.0,2.0,5.0,10.0,6.0,3.0,3.0,28.0,4.0,2.0,1.0,1.0,1.0,29.0,20.0,16.0,21.0,25.0,0.0,3.0,1.0,15.0,3.0,296.0,102.0,13.0,1.0,20.0,72.0,73.0,20.0,93.0,0.0,0.0,136.0,118.0,0.0,0.0,45.0,4.0,0.0,4.0,57.0,81.0,61.0,0.0,239.0,72.0,0.0,3.0,0.0,0.37901151832193136,0.0,197.5157,31.818552017211914,21107.39013671875,0.08611596375703812,0.0,MF,33.33333333333333
386538,Rodrigo BENTANCUR,43930,Uruguay,URU,Midfielder,0.0,4.0,0.0,1.0,0.0,2.0,0.0,1.0,0.0,0.0,1.0,0.0,0.0,3.0,0.0,2.0,0.0,1.0,0.0,9.0,0.0,6.443106969197591,7.0,0.0,0.0,3.0,0.0,82.0,15.0,2.0,0.0,3875.7401123046875,589.0699920654297,12963.150390625,1817.6400146484375,14399.1591796875,92.0,117.0,9.0,7.0,5.0,2.0,0.0,0.0,0.0,0.0,0.0,0.0,0.0,0.0,0.0,0.0,0.0,0.0,3.0,0.0,0.0,48.0,1.0,4.0,13.0,11.0,7.0,8.0,38.0,2.0,1.0,1.0,1.0,0.0,33.0,26.0,22.0,28.0,24.0,0.0,4.0,0.0,18.0,3.0,396.0,161.0,16.0,23.0,57.0,60.0,111.0,29.0,140.0,0.0,0.0,174.0,157.0,0.0,0.0,50.0,24.0,1.0,16.0,66.0,107.0,82.0,0.0,352.0,145.0,0.0,0.0,4.0,1.119505263864994,1.0,313.2592666666667,32.57386779785156,33644.76171875,0.3159387782216072,1.0,MF,0.0
402898,Nicolas DE LA CRUZ,43930,Uruguay,URU,Midfielder,0.0,4.0,0.0,1.0,0.0,0.0,0.0,0.0,0.0,0.0,4.0,0.0,0.0,1.0,1.0,1.0,2.0,3.0,1.0,2.0,4.0,6.3265407880147295,2.0,4.0,4.0,4.0,2.0,36.0,6.0,4.0,0.0,2004.3100891113281,283.58999824523926,4896.0103759765625,934.7700042724609,3995.9299926757812,33.0,44.0,7.0,2.0,3.0,4.0,0.0,0.0,0.0,0.0,0.0,0.0,0.0,0.0,0.0,0.0,0.0,0.0,0.0,0.0,0.0,28.0,6.0,0.0,7.0,4.0,1.0,1.0,17.0,7.0,3.0,0.0,1.0,0.0,14.0,10.0,7.0,8.0,11.0,3.0,0.0,0.0,9.0,3.0,130.0,65.0,10.0,15.0,33.0,21.0,47.0,22.0,69.0,0.0,0.0,55.0,45.0,0.0,0.0,22.0,13.0,1.0,1.0,32.0,28.0,33.0,0.0,174.0,65.0,3.0,0.0,0.0,2.1699806451797485,0.0,115.74356666666668,29.894563674926758,12114.610107421875,0.11277077160775661,1.0,MF,50.0
402884,Federico VALVERDE,43930,Uruguay,URU,Midfielder,0.0,10.0,0.0,0.0,1.0,1.0,0.0,2.0,2.0,1.0,5.0,0.0,0.0,3.0,0.0,8.0,2.0,7.0,2.0,7.0,5.0,5.779733816782634,6.0,5.0,2.0,8.0,0.0,76.0,8.0,3.0,0.0,2620.7000732421875,525.2099914550781,11423.419921875,1149.9400024414062,10197.330322265625,58.0,97.0,19.0,1.0,0.0,3.0,0.0,0.0,0.0,0.0,0.0,0.0,0.0,0.0,0.0,0.0,0.0,0.0,0.0,0.0,0.0,56.0,3.0,2.0,11.0,8.0,5.0,6.0,39.0,12.0,8.0,1.0,2.0,7.0,33.0,23.0,15.0,21.0,42.0,2.0,1.0,5.0,25.0,3.0,281.0,114.0,14.0,24.0,33.0,25.0,37.0,45.0,82.0,0.0,0.0,120.0,98.0,0.0,0.0,26.0,32.0,3.0,0.0,60.0,77.0,60.0,0.0,228.0,99.0,0.0,1.0,2.0,1.7470756769180298,1.0,272.8605166666666,34.8641471862793,25916.59912109375,0.4971671625971794,0.0,MF,20.0
402876,Agustin CANOBBIO,43930,Uruguay,URU,Midfielder,0.0,4.0,0.0,0.0,1.0,0.0,1.0,0.0,0.0,1.0,1.0,0.0,0.0,4.0,1.0,3.0,1.0,0.0,0.0,14.0,0.0,6.442296822865804,7.0,0.0,0.0,9.0,3.0,107.0,16.0,0.0,1.0,4019.4600219726562,1018.889965057373,11913.689453125,2033.260009765625,9201.029907226562,57.0,84.0,16.0,7.0,5.0,0.0,0.0,0.0,0.0,0.0,0.0,0.0,0.0,0.0,1.0,0.0,1.0,0.0,1.0,0.0,0.0,18.0,0.0,0.0,1.0,1.0,1.0,1.0,15.0,5.0,3.0,3.0,5.0,0.0,12.0,11.0,11.0,12.0,18.0,0.0,0.0,0.0,15.0,3.0,185.0,88.0,14.0,76.0,50.0,15.0,42.0,99.0,141.0,1.0,0.0,68.0,61.0,0.0,0.0,38.0,50.0,9.0,4.0,56.0,37.0,60.0,1.0,348.0,162.0,1.0,0.0,2.0,5.450233697891235,2.0,261.5036166666667,33.399749755859375,28186.330078125,0.749991912394762,0.0,MF,25.0
419100,Maxi ARAUJO,43930,Uruguay,URU,Midfielder,1.0,4.0,0.0,1.0,0.0,0.0,1.0,0.0,0.0,1.0,1.0,0.0,1.0,3.0,2.0,1.0,3.0,1.0,1.0,14.0,0.0,5.962893962860107,8.0,0.0,10.0,18.0,8.0,79.0,11.0,6.0,0.0,3534.3099975585938,753.2100372314453,10864.02001953125,1641.8499755859375,10849.440185546875,45.0,63.0,10.0,2.0,7.0,6.0,0.0,0.0,0.0,0.0,0.0,0.0,0.0,0.0,2.0,0.0,2.0,0.0,2.0,0.0,0.0,26.0,2.0,2.0,4.0,3.0,0.0,0.0,19.0,7.0,6.0,4.0,4.0,1.0,15.0,10.0,7.0,10.0,15.0,2.0,1.0,0.0,13.0,3.0,174.0,98.0,16.0,74.0,51.0,10.0,72.0,63.0,135.0,6.0,0.0,57.0,50.0,0.0,0.0,31.0,45.0,7.0,9.0,46.0,32.0,55.0,0.0,308.0,129.0,0.0,2.0,7.0,4.8200600147247314,0.0,278.23105,32.41666030883789,27642.830078125,1.0946233123540878,0.0,MF,75.0
477536,Federico VINAS,43930,Uruguay,URU,Forward,0.0,6.0,0.0,0.0,0.0,2.0,2.0,1.0,0.0,0.0,1.0,0.0,0.0,6.0,3.0,2.0,3.0,0.0,0.0,1.0,0.0,5.734709898630778,0.0,0.0,0.0,0.0,0.0,63.0,6.0,0.0,0.0,2417.9400024414062,453.3600082397461,6581.2802734375,1107.239990234375,9665.889892578125,12.0,25.0,12.0,3.0,3.0,0.0,0.0,0.0,0.0,0.0,0.0,0.0,0.0,0.0,0.0,0.0,0.0,0.0,5.0,0.0,0.0,4.0,0.0,0.0,0.0,0.0,0.0,0.0,1.0,1.0,0.0,0.0,0.0,1.0,3.0,1.0,1.0,2.0,3.0,0.0,0.0,0.0,0.0,3.0,82.0,44.0,8.0,58.0,42.0,6.0,80.0,26.0,106.0,3.0,0.0,29.0,18.0,0.0,0.0,9.0,21.0,4.0,13.0,16.0,15.0,29.0,0.0,195.0,102.0,1.0,2.0,0.0,9.630769729614258,0.0,211.94870000000003,32.15550994873047,20225.7109375,0.3921092599630356,0.0,FW,50.0
419134,Juan Manuel SANABRIA,43930,Uruguay,URU,Midfielder,0.0,3.0,0.0,0.0,0.0,0.0,0.0,0.0,0.0,2.0,1.0,0.0,0.0,2.0,0.0,2.0,0.0,1.0,0.0,1.0,0.0,6.35026741027832,0.0,0.0,0.0,12.0,0.0,51.0,12.0,0.0,0.0,3729.300048828125,640.8299560546875,9752.219970703125,1709.4300537109375,9262.669677734375,48.0,70.0,9.0,1.0,0.0,0.0,0.0,0.0,0.0,0.0,0.0,0.0,0.0,0.0,0.0,0.0,0.0,0.0,0.0,0.0,0.0,33.0,2.0,3.0,7.0,6.0,2.0,2.0,25.0,4.0,3.0,2.0,2.0,0.0,22.0,16.0,12.0,17.0,17.0,1.0,3.0,0.0,12.0,3.0,230.0,109.0,11.0,64.0,29.0,9.0,28.0,74.0,102.0,1.0,0.0,103.0,89.0,0.0,0.0,27.0,30.0,7.0,3.0,50.0,42.0,53.0,0.0,320.0,129.0,1.0,1.0,0.0,0.9803371354937553,24.0,237.24518333333333,32.570796966552734,25094.44970703125,0.09260819852352142,1.0,MF,0.0
390259,Weston McKENNIE,43921,USA,USA,Midfielder,0.0,5.0,0.0,1.0,0.0,2.0,1.0,1.0,0.0,0.0,1.0,0.0,0.0,4.0,0.0,3.0,1.0,1.0,1.0,12.0,4.0,6.857326698303223,8.0,3.0,0.0,11.0,3.0,102.0,21.0,0.0,0.0,9515.77978515625,1277.309959411621,23330.849853515625,3164.2501831054688,20285.4091796875,120.0,165.0,22.0,8.0,2.0,0.0,0.0,0.0,0.0,0.0,0.0,0.0,0.0,0.0,0.0,0.0,0.0,0.0,2.0,0.0,0.0,112.0,17.0,5.0,27.0,19.0,5.0,5.0,77.0,27.0,20.0,6.0,6.0,4.0,58.0,38.0,21.0,32.0,60.0,11.0,3.0,3.0,39.0,5.0,497.0,212.0,18.0,94.0,125.0,41.0,139.0,121.0,260.0,0.0,0.0,220.0,173.0,0.0,0.0,82.0,84.0,14.0,11.0,127.0,111.0,138.0,0.0,771.0,236.0,0.0,3.0,6.0,2.658833771944046,5.0,504.27435,32.35579299926758,57573.6005859375,0.6021285653114319,1.0,MF,20.0
419082,Ricardo PEPI,43921,USA,USA,Forward,0.0,5.0,0.0,2.0,0.0,0.0,3.0,0.0,0.0,0.0,2.0,0.0,0.0,5.0,0.0,2.0,0.0,0.0,0.0,4.0,0.0,7.207826709747314,4.0,0.0,0.0,1.0,0.0,84.0,15.0,0.0,0.0,4676.340057373047,777.3500366210938,11755.569580078125,1897.2799530029297,8764.370239257812,25.0,35.0,18.0,5.0,2.0,0.0,0.0,0.0,0.0,0.0,0.0,0.0,0.0,0.0,0.0,0.0,0.0,0.0,2.0,0.0,0.0,4.0,0.0,0.0,0.0,0.0,0.0,0.0,2.0,1.0,1.0,1.0,1.0,0.0,3.0,1.0,1.0,3.0,4.0,0.0,0.0,0.0,2.0,5.0,103.0,52.0,9.0,69.0,53.0,7.0,104.0,25.0,129.0,2.0,0.0,38.0,33.0,0.0,0.0,18.0,40.0,2.0,12.0,30.0,15.0,42.0,0.0,366.0,148.0,3.0,1.0,4.0,18.04561197757721,0.0,247.66133333333335,33.23985290527344,27870.91015625,0.3820962943136692,0.0,FW,0.0
390267,Christian PULISIC,43921,USA,USA,Forward,1.0,4.0,0.0,0.0,0.0,0.0,0.0,0.0,0.0,1.0,3.0,0.0,0.0,2.0,2.0,2.0,2.0,2.0,0.0,29.0,0.0,5.6218517303466795,17.0,0.0,1.0,6.0,1.0,73.0,9.0,1.0,0.0,4305.899963378906,653.4500045776367,12926.38037109375,1735.7699890136719,9815.340209960938,65.0,102.0,8.0,1.0,6.0,1.0,0.0,0.0,0.0,0.0,0.0,0.0,0.0,0.0,0.0,0.0,0.0,0.0,0.0,0.0,0.0,27.0,1.0,0.0,3.0,3.0,2.0,2.0,20.0,7.0,5.0,4.0,6.0,0.0,17.0,12.0,11.0,16.0,20.0,1.0,0.0,0.0,14.0,4.0,211.0,106.0,8.0,57.0,90.0,30.0,80.0,97.0,177.0,2.0,0.0,81.0,71.0,0.0,0.0,69.0,47.0,4.0,3.0,63.0,50.0,66.0,0.0,380.0,137.0,1.0,3.0,8.0,4.498080134391785,2.0,253.85453333333334,33.68620681762695,29436.84033203125,0.42322737351059914,0.0,FW,50.0
499912,Sebastian BERHALTER,43921,USA,USA,Midfielder,1.0,3.0,0.0,0.0,0.0,0.0,0.0,0.0,0.0,3.0,0.0,0.0,0.0,0.0,0.0,2.0,1.0,3.0,1.0,2.0,3.0,7.358397579193115,1.0,2.0,12.0,9.0,7.0,63.0,17.0,9.0,0.0,5421.199859619141,361.5599937438965,12407.129760742188,1614.4399948120117,8333.249938964844,48.0,64.0,9.0,5.0,7.0,9.0,0.0,0.0,0.0,0.0,0.0,0.0,0.0,0.0,1.0,0.0,0.0,1.0,0.0,0.0,0.0,71.0,6.0,6.0,18.0,13.0,6.0,6.0,53.0,10.0,8.0,1.0,1.0,3.0,43.0,32.0,22.0,28.0,33.0,4.0,3.0,3.0,21.0,5.0,307.0,133.0,16.0,6.0,41.0,67.0,83.0,31.0,114.0,0.0,0.0,136.0,114.0,0.0,0.0,43.0,8.0,0.0,6.0,45.0,83.0,51.0,0.0,443.0,111.0,4.0,0.0,1.0,0.8377232737839222,1.0,231.85036666666667,31.04551124572754,28137.580688476562,0.09858417510986328,1.0,MF,33.33333333333333
448214,Malik TILLMAN,43921,USA,USA,Midfielder,1.0,8.0,0.0,1.0,0.0,0.0,1.0,2.0,2.0,3.0,2.0,0.0,0.0,5.0,2.0,2.0,4.0,3.0,2.0,22.0,2.0,6.447693824768066,11.0,2.0,10.0,15.0,4.0,115.0,25.0,10.0,0.0,7223.469940185547,919.2999839782715,18429.50946044922,2640.6198654174805,15178.749572753906,92.0,140.0,15.0,3.0,14.0,10.0,0.0,0.0,0.0,0.0,0.0,0.0,0.0,0.0,2.0,2.0,0.0,2.0,0.0,0.0,0.0,77.0,10.0,3.0,15.0,8.0,2.0,2.0,47.0,18.0,9.0,3.0,6.0,2.0,44.0,30.0,22.0,29.0,51.0,4.0,2.0,2.0,32.0,5.0,418.0,213.0,18.0,28.0,73.0,35.0,93.0,43.0,136.0,0.0,0.0,163.0,129.0,0.0,0.0,32.0,68.0,7.0,21.0,97.0,84.0,118.0,0.0,607.0,215.0,1.0,1.0,7.0,2.2201395332813263,10.0,415.9863666666667,32.88147735595703,44391.6494140625,0.7275329530239105,1.0,MF,50.0
466624,Folarin BALOGUN,43921,USA,USA,Forward,0.0,14.0,0.0,2.0,1.0,1.0,2.0,1.0,0.0,2.0,7.0,0.0,0.0,14.0,5.0,6.0,5.0,0.0,0.0,9.0,0.0,4.779363346099854,6.0,0.0,0.0,6.0,0.0,106.0,7.0,0.0,1.0,4100.720153808594,1007.8699951171875,14860.509765625,2018.5199890136719,12964.020751953125,27.0,59.0,29.0,3.0,8.0,0.0,0.0,0.0,0.0,0.0,0.0,0.0,0.0,0.0,3.0,0.0,3.0,0.0,2.0,0.0,0.0,12.0,1.0,1.0,2.0,1.0,0.0,0.0,7.0,6.0,4.0,3.0,5.0,0.0,4.0,2.0,1.0,2.0,10.0,1.0,0.0,0.0,6.0,4.0,153.0,86.0,16.0,104.0,69.0,2.0,134.0,41.0,175.0,3.0,0.0,44.0,30.0,0.0,0.0,44.0,55.0,21.0,33.0,31.0,21.0,64.0,1.0,329.0,183.0,0.0,3.0,4.0,16.22389578819275,0.0,348.7864333333333,35.60237121582031,34951.63916015625,2.0170280262827873,1.0,FW,35.714285714285715
385475,Eldor SHOMURODOV,44005,Uzbekistan,UZB,Forward,0.0,4.0,0.0,0.0,0.0,0.0,1.0,0.0,0.0,0.0,3.0,0.0,0.0,4.0,2.0,2.0,2.0,0.0,0.0,9.0,0.0,5.95707368850708,5.0,0.0,0.0,1.0,0.0,96.0,11.0,0.0,0.0,3164.18994140625,855.4200286865234,10044.690185546875,1605.1199951171875,14529.0,38.0,63.0,28.0,8.0,4.0,0.0,0.0,0.0,0.0,0.0,0.0,0.0,0.0,0.0,1.0,0.0,1.0,0.0,0.0,0.0,0.0,15.0,2.0,0.0,2.0,0.0,0.0,0.0,7.0,4.0,1.0,1.0,2.0,0.0,9.0,6.0,6.0,7.0,10.0,0.0,0.0,0.0,4.0,3.0,175.0,96.0,9.0,45.0,45.0,7.0,69.0,28.0,97.0,1.0,0.0,72.0,52.0,0.0,0.0,24.0,68.0,1.0,11.0,47.0,35.0,58.0,0.0,274.0,149.0,0.0,1.0,5.0,3.9398456811904907,0.0,304.27273333333335,33.961524963378906,30198.419921875,0.1726815178990364,0.0,FW,50.0
464933,Abbosbek FAYZULLAEV,44005,Uzbekistan,UZB,Midfielder,0.0,3.0,0.0,0.0,0.0,0.0,0.0,1.0,1.0,0.0,1.0,0.0,1.0,2.0,2.0,1.0,2.0,1.0,0.0,3.0,1.0,6.322368462880452,1.0,1.0,5.0,9.0,2.0,137.0,27.0,4.0,0.0,3901.340087890625,650.6900329589844,10233.430419921875,1679.5501098632812,8836.800048828125,20.0,35.0,17.0,6.0,4.0,4.0,0.0,0.0,0.0,0.0,0.0,0.0,0.0,0.0,1.0,0.0,1.0,0.0,1.0,0.0,0.0,14.0,2.0,1.0,4.0,3.0,1.0,1.0,8.0,2.0,1.0,0.0,0.0,0.0,8.0,4.0,2.0,5.0,12.0,1.0,1.0,0.0,7.0,3.0,102.0,57.0,4.0,45.0,52.0,7.0,64.0,40.0,104.0,0.0,0.0,36.0,24.0,0.0,0.0,22.0,30.0,0.0,3.0,30.0,16.0,33.0,0.0,341.0,141.0,0.0,3.0,1.0,3.109407126903534,0.0,240.24848333333333,33.868465423583984,25301.810546875,1.002145178616047,0.0,MF,66.66666666666666
